/*******************************************************************************
 * Size: 18 px
 * Bpp: 4
 * Generated by app/nyabula/tools/generate_fonts.py.
 ******************************************************************************/

#ifdef LV_LVGL_H_INCLUDE_SIMPLE
#include "lvgl.h"
#else
#include "lvgl/lvgl.h"
#endif

#ifndef NYABULA_FONT_BODY_18
#define NYABULA_FONT_BODY_18 1
#endif

#if NYABULA_FONT_BODY_18

/*-----------------
 *    BITMAPS
 *----------------*/

/*Store the image of the glyphs*/
static LV_ATTRIBUTE_LARGE_CONST const uint8_t glyph_bitmap[] = {
    /* U+0020 " " */

    /* U+0021 "!" */
    0xaf, 0xf2, 0x9f, 0xf2, 0x8f, 0xf1, 0x8f, 0xf0,
    0x7f, 0xf0, 0x7f, 0xf0, 0x6f, 0xe0, 0x5f, 0xe0,
    0x5f, 0xd0, 0x2, 0x10, 0x6b, 0xb1, 0x9f, 0xf2,
    0x9f, 0xf2,

    /* U+0022 "\"" */
    0x3, 0x30, 0x23, 0x12, 0xff, 0x3e, 0xf7, 0xf,
    0xf2, 0xcf, 0x50, 0xff, 0xb, 0xf4, 0xd, 0xe0,
    0x9f, 0x20, 0xbd, 0x8, 0xf1,

    /* U+0023 "#" */
    0x0, 0x0, 0x5f, 0x90, 0xf, 0xf0, 0x0, 0x0,
    0x9, 0xf5, 0x3, 0xfb, 0x0, 0x0, 0x0, 0xdf,
    0x10, 0x7f, 0x70, 0x0, 0xaf, 0xff, 0xff, 0xff,
    0xff, 0xf5, 0x8, 0xcd, 0xfe, 0xcc, 0xff, 0xcc,
    0x40, 0x0, 0x7f, 0x70, 0x2f, 0xd0, 0x0, 0x0,
    0xb, 0xf3, 0x5, 0xf9, 0x0, 0x2, 0xbb, 0xff,
    0xcb, 0xdf, 0xdb, 0x80, 0x4f, 0xff, 0xff, 0xff,
    0xff, 0xfc, 0x0, 0x5, 0xf9, 0x0, 0xff, 0x0,
    0x0, 0x0, 0x8f, 0x60, 0x2f, 0xc0, 0x0, 0x0,
    0xb, 0xf3, 0x5, 0xf9, 0x0, 0x0, 0x0, 0xef,
    0x0, 0x8f, 0x60, 0x0, 0x0,

    /* U+0024 "$" */
    0x0, 0x0, 0x59, 0x70, 0x0, 0x0, 0x0, 0x8,
    0xfc, 0x0, 0x0, 0x0, 0x4c, 0xff, 0xfe, 0x70,
    0x0, 0x6f, 0xff, 0xff, 0xff, 0xa0, 0xf, 0xfb,
    0x9f, 0xba, 0xff, 0x23, 0xff, 0x7, 0xfa, 0x7,
    0x20, 0x2f, 0xf5, 0x7f, 0xa0, 0x0, 0x0, 0xcf,
    0xfe, 0xfa, 0x0, 0x0, 0x1, 0xbf, 0xff, 0xfd,
    0x60, 0x0, 0x0, 0x2b, 0xff, 0xff, 0xa0, 0x0,
    0x0, 0x7f, 0xb9, 0xff, 0x40, 0x12, 0x7, 0xfa,
    0xd, 0xf7, 0x4e, 0xe2, 0x7f, 0xa1, 0xef, 0x62,
    0xff, 0xfd, 0xfe, 0xef, 0xf1, 0x4, 0xef, 0xff,
    0xff, 0xe4, 0x0, 0x0, 0x5c, 0xfe, 0x50, 0x0,
    0x0, 0x0, 0x8f, 0xc0, 0x0, 0x0,

    /* U+0025 "%" */
    0x6, 0xdf, 0xd7, 0x0, 0x0, 0xa, 0xfc, 0x0,
    0x5f, 0xea, 0xdf, 0x70, 0x0, 0x7f, 0xe1, 0x0,
    0xaf, 0x20, 0xf, 0xc0, 0x4, 0xff, 0x30, 0x0,
    0x9f, 0x60, 0x4f, 0xb0, 0x1e, 0xf7, 0x0, 0x0,
    0x2e, 0xff, 0xff, 0x30, 0xcf, 0xa0, 0x0, 0x0,
    0x1, 0x68, 0x71, 0x9, 0xfd, 0x0, 0x0, 0x0,
    0x0, 0x0, 0x0, 0x5f, 0xf2, 0x0, 0x0, 0x0,
    0x0, 0x0, 0x2, 0xff, 0x50, 0x8e, 0xfc, 0x30,
    0x0, 0x0, 0xd, 0xf9, 0x9, 0xfc, 0xaf, 0xf1,
    0x0, 0x0, 0xaf, 0xc0, 0xf, 0xd0, 0x6, 0xf6,
    0x0, 0x7, 0xfe, 0x10, 0xf, 0xd0, 0x5, 0xf6,
    0x0, 0x3f, 0xf4, 0x0, 0x9, 0xfc, 0xaf, 0xf1,
    0x1, 0xef, 0x70, 0x0, 0x0, 0x9e, 0xfc, 0x30,

    /* U+0026 "&" */
    0x0, 0x2, 0xae, 0xfd, 0x70, 0x0, 0x0, 0x0,
    0x1e, 0xff, 0xff, 0xf8, 0x0, 0x0, 0x0, 0x8f,
    0xf4, 0x1b, 0xfe, 0x0, 0x0, 0x0, 0xaf, 0xd0,
    0x8, 0xff, 0x0, 0x0, 0x0, 0x6f, 0xf4, 0x6f,
    0xf9, 0x0, 0x0, 0x0, 0xd, 0xff, 0xff, 0xa0,
    0x0, 0x0, 0x0, 0x9f, 0xff, 0xf7, 0x0, 0x64,
    0x0, 0xa, 0xff, 0x9d, 0xff, 0x41, 0xff, 0x60,
    0x2f, 0xf6, 0x1, 0xcf, 0xfc, 0xfe, 0x0, 0x4f,
    0xf3, 0x0, 0x1c, 0xff, 0xf5, 0x0, 0x1f, 0xfc,
    0x31, 0x3b, 0xff, 0xf4, 0x0, 0x7, 0xff, 0xff,
    0xff, 0xfe, 0xff, 0x20, 0x0, 0x4b, 0xef, 0xd9,
    0x32, 0xef, 0xe1,

    /* U+0027 "'" */
    0x2, 0x20, 0x3f, 0xf2, 0x2f, 0xf0, 0xf, 0xf0,
    0xe, 0xd0, 0xd, 0xb0,

    /* U+0028 "(" */
    0x0, 0x7b, 0x70, 0x1f, 0xf3, 0x8, 0xfc, 0x0,
    0xdf, 0x60, 0x2f, 0xf2, 0x5, 0xfe, 0x0, 0x8f,
    0xc0, 0x9, 0xfa, 0x0, 0x9f, 0xa0, 0x8, 0xfb,
    0x0, 0x6f, 0xd0, 0x3, 0xff, 0x10, 0xf, 0xf5,
    0x0, 0xaf, 0xa0, 0x3, 0xff, 0x10, 0xb, 0xf9,

    /* U+0029 ")" */
    0x3b, 0xb0, 0x0, 0xdf, 0x70, 0x6, 0xfe, 0x0,
    0x1f, 0xf3, 0x0, 0xcf, 0x80, 0x9, 0xfb, 0x0,
    0x6f, 0xe0, 0x5, 0xff, 0x0, 0x4f, 0xf0, 0x6,
    0xfe, 0x0, 0x8f, 0xc0, 0xb, 0xf9, 0x0, 0xff,
    0x50, 0x5f, 0xf0, 0xb, 0xf9, 0x3, 0xff, 0x10,

    /* U+002A "*" */
    0x0, 0xcd, 0x1, 0x9, 0xca, 0xbb, 0xa0, 0x5b,
    0xff, 0xc6, 0x8, 0xef, 0xff, 0x90, 0x79, 0xab,
    0x88, 0x0, 0x9, 0xb0, 0x0,

    /* U+002B "+" */
    0x0, 0x4, 0xa9, 0x0, 0x0, 0x0, 0x7, 0xff,
    0x0, 0x0, 0x0, 0x7, 0xff, 0x0, 0x0, 0x12,
    0x28, 0xff, 0x22, 0x20, 0xbf, 0xff, 0xff, 0xff,
    0xf2, 0xbf, 0xff, 0xff, 0xff, 0xf2, 0x0, 0x7,
    0xff, 0x0, 0x0, 0x0, 0x7, 0xff, 0x0, 0x0,
    0x0, 0x7, 0xff, 0x0, 0x0,

    /* U+002C "," */
    0x7b, 0xb1, 0xaf, 0xf2, 0xaf, 0xf2, 0x3, 0xf0,
    0x9, 0xc0, 0xaf, 0x30, 0x42, 0x0,

    /* U+002D "-" */
    0x2, 0x22, 0x22, 0x22, 0x4f, 0xff, 0xff, 0xfd,
    0x4f, 0xff, 0xff, 0xfd,

    /* U+002E "." */
    0x9b, 0x9d, 0xfe, 0xdf, 0xe0,

    /* U+002F "/" */
    0x0, 0x0, 0x4f, 0xf1, 0x0, 0x0, 0x9f, 0xc0,
    0x0, 0x0, 0xef, 0x70, 0x0, 0x4, 0xff, 0x20,
    0x0, 0x9, 0xfc, 0x0, 0x0, 0xe, 0xf7, 0x0,
    0x0, 0x3f, 0xf2, 0x0, 0x0, 0x9f, 0xd0, 0x0,
    0x0, 0xef, 0x70, 0x0, 0x3, 0xff, 0x20, 0x0,
    0x8, 0xfd, 0x0, 0x0, 0xd, 0xf8, 0x0, 0x0,
    0x3f, 0xf3, 0x0, 0x0,

    /* U+0030 "0" */
    0x0, 0x6, 0xcf, 0xfc, 0x50, 0x0, 0x9, 0xff,
    0xff, 0xff, 0x70, 0x4, 0xff, 0xc4, 0x5d, 0xff,
    0x20, 0xaf, 0xf1, 0x0, 0x2f, 0xf9, 0xe, 0xfa,
    0x0, 0x0, 0xcf, 0xc0, 0xff, 0x80, 0x0, 0xa,
    0xfe, 0xf, 0xf7, 0x0, 0x0, 0x9f, 0xf0, 0xff,
    0x80, 0x0, 0xa, 0xfe, 0xe, 0xfa, 0x0, 0x0,
    0xdf, 0xc0, 0xaf, 0xf1, 0x0, 0x2f, 0xf9, 0x4,
    0xff, 0xc4, 0x5d, 0xff, 0x20, 0x9, 0xff, 0xff,
    0xff, 0x70, 0x0, 0x6, 0xcf, 0xfc, 0x50, 0x0,

    /* U+0031 "1" */
    0x0, 0x2a, 0xff, 0x40, 0xaf, 0xff, 0xf4, 0x2f,
    0xfd, 0xff, 0x42, 0xc4, 0x3f, 0xf4, 0x0, 0x3,
    0xff, 0x40, 0x0, 0x3f, 0xf4, 0x0, 0x3, 0xff,
    0x40, 0x0, 0x3f, 0xf4, 0x0, 0x3, 0xff, 0x40,
    0x0, 0x3f, 0xf4, 0x0, 0x3, 0xff, 0x40, 0x0,
    0x3f, 0xf4, 0x0, 0x3, 0xff, 0x40,

    /* U+0032 "2" */
    0x0, 0x3a, 0xef, 0xd9, 0x10, 0x0, 0x5f, 0xff,
    0xff, 0xfe, 0x10, 0xe, 0xfd, 0x54, 0x9f, 0xf8,
    0x0, 0x3b, 0x10, 0x0, 0xef, 0xb0, 0x0, 0x0,
    0x0, 0xe, 0xfa, 0x0, 0x0, 0x0, 0x6, 0xff,
    0x40, 0x0, 0x0, 0x4, 0xff, 0xa0, 0x0, 0x0,
    0x5, 0xff, 0xb0, 0x0, 0x0, 0x5, 0xff, 0xb0,
    0x0, 0x0, 0x5, 0xff, 0xb0, 0x0, 0x0, 0x6,
    0xff, 0xd4, 0x33, 0x33, 0x2, 0xff, 0xff, 0xff,
    0xff, 0xf0, 0x3f, 0xff, 0xff, 0xff, 0xff, 0x0,

    /* U+0033 "3" */
    0xb, 0xff, 0xff, 0xff, 0xf9, 0x0, 0xbf, 0xff,
    0xff, 0xff, 0x90, 0x2, 0x44, 0x45, 0xff, 0xd2,
    0x0, 0x0, 0x2, 0xef, 0xb0, 0x0, 0x0, 0x3,
    0xef, 0x90, 0x0, 0x0, 0x1, 0xff, 0xff, 0xd6,
    0x0, 0x0, 0x7, 0xfd, 0xff, 0xf8, 0x0, 0x0,
    0x1, 0x1, 0xbf, 0xf1, 0x0, 0x0, 0x0, 0x4,
    0xff, 0x40, 0x2b, 0x10, 0x0, 0x5f, 0xf3, 0xe,
    0xfe, 0x63, 0x6e, 0xfe, 0x0, 0x4f, 0xff, 0xff,
    0xff, 0x40, 0x0, 0x29, 0xef, 0xea, 0x20, 0x0,

    /* U+0034 "4" */
    0x0, 0x0, 0x9, 0xff, 0xf2, 0x0, 0x0, 0x3,
    0xff, 0xff, 0x20, 0x0, 0x0, 0xcf, 0xef, 0xf2,
    0x0, 0x0, 0x6f, 0xf6, 0xff, 0x20, 0x0, 0x1f,
    0xf7, 0x5f, 0xf2, 0x0, 0xa, 0xfd, 0x5, 0xff,
    0x20, 0x3, 0xff, 0x40, 0x5f, 0xf2, 0x0, 0xdf,
    0xa0, 0x5, 0xff, 0x20, 0x6f, 0xff, 0xff, 0xff,
    0xff, 0xe8, 0xff, 0xff, 0xff, 0xff, 0xfe, 0x13,
    0x33, 0x33, 0x7f, 0xf5, 0x30, 0x0, 0x0, 0x5,
    0xff, 0x20, 0x0, 0x0, 0x0, 0x5f, 0xf2, 0x0,

    /* U+0035 "5" */
    0x4, 0xff, 0xff, 0xff, 0xfa, 0x0, 0x6f, 0xff,
    0xff, 0xff, 0xa0, 0x7, 0xff, 0x33, 0x33, 0x31,
    0x0, 0x8f, 0xe0, 0x0, 0x0, 0x0, 0xa, 0xfe,
    0xbf, 0xfb, 0x40, 0x0, 0xbf, 0xff, 0xff, 0xff,
    0x50, 0x8, 0xfe, 0x63, 0x6f, 0xfe, 0x0, 0x1,
    0x20, 0x0, 0x6f, 0xf3, 0x0, 0x0, 0x0, 0x2,
    0xff, 0x50, 0x3d, 0x30, 0x0, 0x6f, 0xf3, 0xe,
    0xfe, 0x63, 0x6e, 0xfd, 0x0, 0x5f, 0xff, 0xff,
    0xff, 0x30, 0x0, 0x2a, 0xef, 0xea, 0x20, 0x0,

    /* U+0036 "6" */
    0x0, 0x0, 0x2f, 0xfc, 0x0, 0x0, 0x0, 0xb,
    0xfe, 0x10, 0x0, 0x0, 0x5, 0xff, 0x50, 0x0,
    0x0, 0x0, 0xef, 0x90, 0x0, 0x0, 0x0, 0x9f,
    0xfd, 0xfd, 0x70, 0x0, 0x2f, 0xff, 0xff, 0xff,
    0xb0, 0xa, 0xff, 0x83, 0x4c, 0xff, 0x50, 0xff,
    0x90, 0x0, 0x1f, 0xfa, 0x2f, 0xf6, 0x0, 0x0,
    0xdf, 0xb0, 0xff, 0xa0, 0x0, 0x1f, 0xf9, 0xb,
    0xff, 0x93, 0x5d, 0xff, 0x30, 0x1e, 0xff, 0xff,
    0xff, 0x80, 0x0, 0x18, 0xdf, 0xeb, 0x40, 0x0,

    /* U+0037 "7" */
    0x8f, 0xff, 0xff, 0xff, 0xf8, 0x8f, 0xff, 0xff,
    0xff, 0xf7, 0x24, 0x44, 0x44, 0xbf, 0xf1, 0x0,
    0x0, 0x1, 0xff, 0x90, 0x0, 0x0, 0x8, 0xff,
    0x20, 0x0, 0x0, 0xe, 0xfa, 0x0, 0x0, 0x0,
    0x7f, 0xf3, 0x0, 0x0, 0x0, 0xef, 0xb0, 0x0,
    0x0, 0x7, 0xff, 0x30, 0x0, 0x0, 0xe, 0xfc,
    0x0, 0x0, 0x0, 0x6f, 0xf4, 0x0, 0x0, 0x0,
    0xdf, 0xd0, 0x0, 0x0, 0x5, 0xff, 0x50, 0x0,
    0x0,

    /* U+0038 "8" */
    0x0, 0x7, 0xdf, 0xfc, 0x70, 0x0, 0xd, 0xff,
    0xff, 0xff, 0xc0, 0x6, 0xff, 0x93, 0x3a, 0xff,
    0x50, 0x7f, 0xf0, 0x0, 0x1f, 0xf6, 0x2, 0xff,
    0x93, 0x3a, 0xff, 0x10, 0x3, 0xdf, 0xff, 0xfd,
    0x30, 0x0, 0x8f, 0xff, 0xff, 0xf6, 0x0, 0x7f,
    0xf6, 0x1, 0x6f, 0xf5, 0xe, 0xf9, 0x0, 0x0,
    0xaf, 0xd0, 0xff, 0xa0, 0x0, 0xb, 0xfe, 0xc,
    0xff, 0x93, 0x49, 0xff, 0xb0, 0x2e, 0xff, 0xff,
    0xff, 0xe2, 0x0, 0x18, 0xdf, 0xfd, 0x81, 0x0,

    /* U+0039 "9" */
    0x0, 0x19, 0xdf, 0xeb, 0x40, 0x0, 0x3f, 0xff,
    0xff, 0xff, 0x70, 0xd, 0xff, 0x73, 0x5c, 0xff,
    0x32, 0xff, 0x70, 0x0, 0x1f, 0xf8, 0x3f, 0xf6,
    0x0, 0x0, 0xff, 0x90, 0xff, 0xe3, 0x2, 0xaf,
    0xf7, 0x7, 0xff, 0xff, 0xff, 0xff, 0x20, 0x6,
    0xef, 0xff, 0xff, 0xa0, 0x0, 0x0, 0x11, 0xef,
    0xf1, 0x0, 0x0, 0x0, 0x8f, 0xf7, 0x0, 0x0,
    0x0, 0x2f, 0xfd, 0x0, 0x0, 0x0, 0xb, 0xff,
    0x30, 0x0, 0x0, 0x5, 0xff, 0x90, 0x0, 0x0,

    /* U+003A ":" */
    0xdf, 0xed, 0xfe, 0x9b, 0x90, 0x0, 0x0, 0x0,
    0x0, 0x0, 0x9, 0xb9, 0xdf, 0xed, 0xfe,

    /* U+003B ";" */
    0xaf, 0xf2, 0xaf, 0xf2, 0x7b, 0xb1, 0x0, 0x0,
    0x0, 0x0, 0x0, 0x0, 0x0, 0x0, 0x7b, 0xb1,
    0xaf, 0xf2, 0xaf, 0xf2, 0x3, 0xf0, 0x9, 0xc0,
    0xaf, 0x30, 0x42, 0x0,

    /* U+003C "<" */
    0x0, 0x0, 0x0, 0x0, 0x0, 0x0, 0x0, 0x0,
    0x2, 0xb2, 0x0, 0x0, 0x2, 0xaf, 0xf2, 0x0,
    0x1, 0x9f, 0xff, 0xc1, 0x1, 0x9f, 0xff, 0xc4,
    0x0, 0x6f, 0xff, 0xc4, 0x0, 0x0, 0xbf, 0xf8,
    0x0, 0x0, 0x0, 0x6f, 0xff, 0xc4, 0x0, 0x0,
    0x1, 0x8f, 0xff, 0xc4, 0x0, 0x0, 0x1, 0x9f,
    0xff, 0xc1, 0x0, 0x0, 0x1, 0x9f, 0xf2, 0x0,
    0x0, 0x0, 0x2, 0xa2,

    /* U+003D "=" */
    0xbf, 0xff, 0xff, 0xff, 0xf2, 0xbf, 0xff, 0xff,
    0xff, 0xf2, 0x12, 0x22, 0x22, 0x22, 0x20, 0x0,
    0x0, 0x0, 0x0, 0x0, 0xbf, 0xff, 0xff, 0xff,
    0xf2, 0xbf, 0xff, 0xff, 0xff, 0xf2, 0x12, 0x22,
    0x22, 0x22, 0x20,

    /* U+003E ">" */
    0x0, 0x0, 0x0, 0x0, 0x0, 0x96, 0x0, 0x0,
    0x0, 0x0, 0xbf, 0xd6, 0x0, 0x0, 0x0, 0x7f,
    0xff, 0xd5, 0x0, 0x0, 0x1, 0x8f, 0xff, 0xc4,
    0x0, 0x0, 0x1, 0x8f, 0xff, 0xc1, 0x0, 0x0,
    0x2, 0xef, 0xf2, 0x0, 0x1, 0x8f, 0xff, 0xb1,
    0x1, 0x9f, 0xff, 0xc4, 0x0, 0x7f, 0xff, 0xc4,
    0x0, 0x0, 0xbf, 0xd5, 0x0, 0x0, 0x0, 0x96,
    0x0, 0x0, 0x0, 0x0,

    /* U+003F "?" */
    0x0, 0x7d, 0xff, 0xb4, 0x0, 0xcf, 0xff, 0xff,
    0xf5, 0x7f, 0xf8, 0x36, 0xff, 0xc0, 0x86, 0x0,
    0xa, 0xfd, 0x0, 0x0, 0x2, 0xef, 0x90, 0x0,
    0x4, 0xff, 0xb0, 0x0, 0x2, 0xff, 0x90, 0x0,
    0x0, 0x6f, 0xe0, 0x0, 0x0, 0x4, 0xdb, 0x0,
    0x0, 0x0, 0x0, 0x0, 0x0, 0x0, 0x7, 0xbb,
    0x10, 0x0, 0x0, 0xaf, 0xf2, 0x0, 0x0, 0xa,
    0xff, 0x20, 0x0,

    /* U+0040 "@" */
    0x0, 0x0, 0x4a, 0xdf, 0xfd, 0x94, 0x0, 0x0,
    0x1, 0xbf, 0xfc, 0xaa, 0xcf, 0xfb, 0x10, 0x1,
    0xdf, 0x91, 0x0, 0x0, 0x1a, 0xfc, 0x0, 0xaf,
    0x70, 0x6d, 0xfb, 0x6f, 0x6a, 0xf6, 0x1f, 0xd0,
    0x6f, 0xfd, 0xef, 0xf6, 0x1f, 0xc4, 0xf8, 0xd,
    0xf8, 0x0, 0xdf, 0x60, 0xde, 0x6f, 0x60, 0xef,
    0x30, 0x9, 0xf6, 0xe, 0xe5, 0xf7, 0xb, 0xfa,
    0x2, 0xef, 0x83, 0xfa, 0x2f, 0xc0, 0x3f, 0xff,
    0xf9, 0xdf, 0xff, 0x20, 0xbf, 0x60, 0x17, 0x85,
    0x1, 0x88, 0x20, 0x1, 0xef, 0x81, 0x0, 0x0,
    0x13, 0x0, 0x0, 0x2, 0xcf, 0xfc, 0xaa, 0xcf,
    0xe0, 0x0, 0x0, 0x0, 0x5a, 0xdf, 0xfd, 0xa4,
    0x0, 0x0,

    /* U+0041 "A" */
    0x0, 0x0, 0xd, 0xff, 0x10, 0x0, 0x0, 0x0,
    0x0, 0x4f, 0xff, 0x70, 0x0, 0x0, 0x0, 0x0,
    0xaf, 0xff, 0xe0, 0x0, 0x0, 0x0, 0x1, 0xff,
    0x5f, 0xf4, 0x0, 0x0, 0x0, 0x7, 0xfe, 0xa,
    0xfa, 0x0, 0x0, 0x0, 0xd, 0xf8, 0x4, 0xff,
    0x10, 0x0, 0x0, 0x3f, 0xf2, 0x0, 0xef, 0x70,
    0x0, 0x0, 0xaf, 0xff, 0xff, 0xff, 0xd0, 0x0,
    0x1, 0xff, 0xff, 0xff, 0xff, 0xf4, 0x0, 0x6,
    0xff, 0x44, 0x44, 0x4d, 0xfa, 0x0, 0xd, 0xfb,
    0x0, 0x0, 0x7, 0xff, 0x10, 0x3f, 0xf5, 0x0,
    0x0, 0x1, 0xff, 0x70, 0x9f, 0xf0, 0x0, 0x0,
    0x0, 0xcf, 0xd0,

    /* U+0042 "B" */
    0xbf, 0xff, 0xff, 0xec, 0x60, 0xb, 0xff, 0xff,
    0xff, 0xff, 0x90, 0xbf, 0xd3, 0x33, 0x5d, 0xff,
    0x1b, 0xfc, 0x0, 0x0, 0x6f, 0xf2, 0xbf, 0xc0,
    0x0, 0x2c, 0xfe, 0xb, 0xff, 0xff, 0xff, 0xfc,
    0x20, 0xbf, 0xff, 0xff, 0xff, 0xf8, 0xb, 0xfd,
    0x33, 0x34, 0xaf, 0xf6, 0xbf, 0xc0, 0x0, 0x0,
    0xcf, 0xcb, 0xfc, 0x0, 0x0, 0xc, 0xfd, 0xbf,
    0xd3, 0x33, 0x4a, 0xff, 0xab, 0xff, 0xff, 0xff,
    0xff, 0xe2, 0xbf, 0xff, 0xff, 0xfd, 0x81, 0x0,

    /* U+0043 "C" */
    0x0, 0x0, 0x6b, 0xef, 0xea, 0x30, 0x0, 0x2,
    0xdf, 0xff, 0xff, 0xff, 0x80, 0x0, 0xdf, 0xfa,
    0x54, 0x6d, 0xff, 0x40, 0x7f, 0xf6, 0x0, 0x0,
    0xa, 0x50, 0xd, 0xfc, 0x0, 0x0, 0x0, 0x0,
    0x0, 0xff, 0x80, 0x0, 0x0, 0x0, 0x0, 0x1f,
    0xf7, 0x0, 0x0, 0x0, 0x0, 0x0, 0xff, 0x80,
    0x0, 0x0, 0x0, 0x0, 0xd, 0xfd, 0x0, 0x0,
    0x0, 0x0, 0x0, 0x7f, 0xf8, 0x0, 0x0, 0xa,
    0x40, 0x0, 0xdf, 0xfb, 0x54, 0x6d, 0xff, 0x40,
    0x1, 0xcf, 0xff, 0xff, 0xff, 0x80, 0x0, 0x0,
    0x6b, 0xef, 0xea, 0x30, 0x0,

    /* U+0044 "D" */
    0xbf, 0xff, 0xff, 0xec, 0x60, 0x0, 0xb, 0xff,
    0xff, 0xff, 0xff, 0xd2, 0x0, 0xbf, 0xd4, 0x44,
    0x6b, 0xff, 0xd0, 0xb, 0xfc, 0x0, 0x0, 0x7,
    0xff, 0x80, 0xbf, 0xc0, 0x0, 0x0, 0xc, 0xfd,
    0xb, 0xfc, 0x0, 0x0, 0x0, 0x8f, 0xf0, 0xbf,
    0xc0, 0x0, 0x0, 0x7, 0xff, 0x1b, 0xfc, 0x0,
    0x0, 0x0, 0x8f, 0xf0, 0xbf, 0xc0, 0x0, 0x0,
    0xd, 0xfd, 0xb, 0xfc, 0x0, 0x0, 0x7, 0xff,
    0x70, 0xbf, 0xd4, 0x44, 0x6b, 0xff, 0xd0, 0xb,
    0xff, 0xff, 0xff, 0xff, 0xc2, 0x0, 0xbf, 0xff,
    0xff, 0xeb, 0x50, 0x0, 0x0,

    /* U+0045 "E" */
    0xbf, 0xff, 0xff, 0xff, 0xf4, 0xbf, 0xff, 0xff,
    0xff, 0xf4, 0xbf, 0xd3, 0x33, 0x33, 0x30, 0xbf,
    0xc0, 0x0, 0x0, 0x0, 0xbf, 0xc0, 0x0, 0x0,
    0x0, 0xbf, 0xff, 0xff, 0xff, 0xe0, 0xbf, 0xff,
    0xff, 0xff, 0xe0, 0xbf, 0xd3, 0x33, 0x33, 0x20,
    0xbf, 0xc0, 0x0, 0x0, 0x0, 0xbf, 0xc0, 0x0,
    0x0, 0x0, 0xbf, 0xd3, 0x33, 0x33, 0x31, 0xbf,
    0xff, 0xff, 0xff, 0xf7, 0xbf, 0xff, 0xff, 0xff,
    0xf7,

    /* U+0046 "F" */
    0xbf, 0xff, 0xff, 0xff, 0xf1, 0xbf, 0xff, 0xff,
    0xff, 0xf1, 0xbf, 0xd4, 0x44, 0x44, 0x40, 0xbf,
    0xc0, 0x0, 0x0, 0x0, 0xbf, 0xc0, 0x0, 0x0,
    0x0, 0xbf, 0xd4, 0x44, 0x44, 0x20, 0xbf, 0xff,
    0xff, 0xff, 0xa0, 0xbf, 0xff, 0xff, 0xff, 0xa0,
    0xbf, 0xc0, 0x0, 0x0, 0x0, 0xbf, 0xc0, 0x0,
    0x0, 0x0, 0xbf, 0xc0, 0x0, 0x0, 0x0, 0xbf,
    0xc0, 0x0, 0x0, 0x0, 0xbf, 0xc0, 0x0, 0x0,
    0x0,

    /* U+0047 "G" */
    0x0, 0x0, 0x6b, 0xef, 0xeb, 0x40, 0x0, 0x2,
    0xdf, 0xff, 0xff, 0xff, 0x90, 0x0, 0xdf, 0xfb,
    0x54, 0x6b, 0xfe, 0x20, 0x7f, 0xf7, 0x0, 0x0,
    0x4, 0x0, 0xd, 0xfc, 0x0, 0x0, 0x0, 0x0,
    0x0, 0xff, 0x80, 0x0, 0x9f, 0xff, 0xfa, 0x1f,
    0xf7, 0x0, 0x9, 0xff, 0xff, 0xa0, 0xff, 0x80,
    0x0, 0x13, 0x3c, 0xfa, 0xd, 0xfc, 0x0, 0x0,
    0x0, 0xbf, 0xa0, 0x8f, 0xf6, 0x0, 0x0, 0xc,
    0xfa, 0x1, 0xdf, 0xfa, 0x54, 0x6d, 0xff, 0x90,
    0x2, 0xdf, 0xff, 0xff, 0xff, 0xb0, 0x0, 0x0,
    0x6c, 0xef, 0xea, 0x40, 0x0,

    /* U+0048 "H" */
    0xbf, 0xc0, 0x0, 0x0, 0xe, 0xf9, 0xbf, 0xc0,
    0x0, 0x0, 0xe, 0xf9, 0xbf, 0xc0, 0x0, 0x0,
    0xe, 0xf9, 0xbf, 0xc0, 0x0, 0x0, 0xe, 0xf9,
    0xbf, 0xc0, 0x0, 0x0, 0xe, 0xf9, 0xbf, 0xff,
    0xff, 0xff, 0xff, 0xf9, 0xbf, 0xff, 0xff, 0xff,
    0xff, 0xf9, 0xbf, 0xd3, 0x33, 0x33, 0x3e, 0xf9,
    0xbf, 0xc0, 0x0, 0x0, 0xe, 0xf9, 0xbf, 0xc0,
    0x0, 0x0, 0xe, 0xf9, 0xbf, 0xc0, 0x0, 0x0,
    0xe, 0xf9, 0xbf, 0xc0, 0x0, 0x0, 0xe, 0xf9,
    0xbf, 0xc0, 0x0, 0x0, 0xe, 0xf9,

    /* U+0049 "I" */
    0xbf, 0xcb, 0xfc, 0xbf, 0xcb, 0xfc, 0xbf, 0xcb,
    0xfc, 0xbf, 0xcb, 0xfc, 0xbf, 0xcb, 0xfc, 0xbf,
    0xcb, 0xfc, 0xbf, 0xc0,

    /* U+004A "J" */
    0x0, 0x0, 0x0, 0xff, 0x70, 0x0, 0x0, 0xf,
    0xf7, 0x0, 0x0, 0x0, 0xff, 0x70, 0x0, 0x0,
    0xf, 0xf7, 0x0, 0x0, 0x0, 0xff, 0x70, 0x0,
    0x0, 0xf, 0xf7, 0x0, 0x0, 0x0, 0xff, 0x70,
    0x0, 0x0, 0xf, 0xf7, 0x0, 0x0, 0x0, 0xff,
    0x70, 0x36, 0x0, 0x1f, 0xf7, 0x5f, 0xf7, 0x4b,
    0xff, 0x41, 0xef, 0xff, 0xff, 0xc0, 0x1, 0x9e,
    0xfd, 0x80, 0x0,

    /* U+004B "K" */
    0xbf, 0xc0, 0x0, 0x2, 0xef, 0xd1, 0xbf, 0xc0,
    0x0, 0x2e, 0xfd, 0x10, 0xbf, 0xc0, 0x2, 0xef,
    0xd1, 0x0, 0xbf, 0xc0, 0x2e, 0xfd, 0x10, 0x0,
    0xbf, 0xc1, 0xef, 0xd1, 0x0, 0x0, 0xbf, 0xdd,
    0xff, 0x80, 0x0, 0x0, 0xbf, 0xff, 0xff, 0xf3,
    0x0, 0x0, 0xbf, 0xfd, 0x4f, 0xfd, 0x0, 0x0,
    0xbf, 0xe1, 0x7, 0xff, 0x90, 0x0, 0xbf, 0xc0,
    0x0, 0xbf, 0xf5, 0x0, 0xbf, 0xc0, 0x0, 0x1f,
    0xfe, 0x10, 0xbf, 0xc0, 0x0, 0x5, 0xff, 0xb0,
    0xbf, 0xc0, 0x0, 0x0, 0xaf, 0xf7,

    /* U+004C "L" */
    0xbf, 0xc0, 0x0, 0x0, 0x0, 0xbf, 0xc0, 0x0,
    0x0, 0x0, 0xbf, 0xc0, 0x0, 0x0, 0x0, 0xbf,
    0xc0, 0x0, 0x0, 0x0, 0xbf, 0xc0, 0x0, 0x0,
    0x0, 0xbf, 0xc0, 0x0, 0x0, 0x0, 0xbf, 0xc0,
    0x0, 0x0, 0x0, 0xbf, 0xc0, 0x0, 0x0, 0x0,
    0xbf, 0xc0, 0x0, 0x0, 0x0, 0xbf, 0xc0, 0x0,
    0x0, 0x0, 0xbf, 0xd3, 0x33, 0x33, 0x31, 0xbf,
    0xff, 0xff, 0xff, 0xf6, 0xbf, 0xff, 0xff, 0xff,
    0xf6,

    /* U+004D "M" */
    0xbf, 0xd0, 0x0, 0x0, 0x0, 0x4, 0xff, 0x6b,
    0xff, 0x90, 0x0, 0x0, 0x0, 0xdf, 0xf6, 0xbf,
    0xff, 0x30, 0x0, 0x0, 0x9f, 0xff, 0x6b, 0xff,
    0xfd, 0x0, 0x0, 0x4f, 0xff, 0xf6, 0xbf, 0xdf,
    0xf9, 0x0, 0xd, 0xfc, 0xff, 0x6b, 0xfb, 0x6f,
    0xf3, 0x9, 0xff, 0x2f, 0xf6, 0xbf, 0xb0, 0xbf,
    0xd4, 0xff, 0x60, 0xff, 0x6b, 0xfb, 0x1, 0xff,
    0xff, 0xb0, 0xf, 0xf6, 0xbf, 0xb0, 0x6, 0xff,
    0xf1, 0x0, 0xff, 0x6b, 0xfb, 0x0, 0xa, 0xc5,
    0x0, 0xf, 0xf6, 0xbf, 0xb0, 0x0, 0x0, 0x0,
    0x0, 0xff, 0x6b, 0xfb, 0x0, 0x0, 0x0, 0x0,
    0xf, 0xf6, 0xbf, 0xb0, 0x0, 0x0, 0x0, 0x0,
    0xff, 0x60,

    /* U+004E "N" */
    0xbf, 0xd0, 0x0, 0x0, 0xe, 0xf7, 0xbf, 0xfa,
    0x0, 0x0, 0xe, 0xf7, 0xbf, 0xff, 0x50, 0x0,
    0xe, 0xf7, 0xbf, 0xff, 0xf2, 0x0, 0xe, 0xf7,
    0xbf, 0xce, 0xfc, 0x0, 0xe, 0xf7, 0xbf, 0xa4,
    0xff, 0x90, 0xe, 0xf7, 0xbf, 0xa0, 0x8f, 0xf4,
    0xe, 0xf7, 0xbf, 0xa0, 0xc, 0xfe, 0x1e, 0xf7,
    0xbf, 0xa0, 0x1, 0xef, 0xcf, 0xf7, 0xbf, 0xa0,
    0x0, 0x4f, 0xff, 0xf7, 0xbf, 0xa0, 0x0, 0x8,
    0xff, 0xf7, 0xbf, 0xa0, 0x0, 0x0, 0xcf, 0xf7,
    0xbf, 0xa0, 0x0, 0x0, 0x1e, 0xf7,

    /* U+004F "O" */
    0x0, 0x1, 0x7c, 0xef, 0xda, 0x40, 0x0, 0x0,
    0x3e, 0xff, 0xff, 0xff, 0xfa, 0x0, 0x1, 0xef,
    0xfa, 0x54, 0x6d, 0xff, 0x80, 0x8, 0xff, 0x60,
    0x0, 0x0, 0xcf, 0xf1, 0xd, 0xfc, 0x0, 0x0,
    0x0, 0x3f, 0xf6, 0xf, 0xf8, 0x0, 0x0, 0x0,
    0xf, 0xf9, 0x1f, 0xf7, 0x0, 0x0, 0x0, 0xe,
    0xfa, 0xf, 0xf8, 0x0, 0x0, 0x0, 0xf, 0xf9,
    0xd, 0xfc, 0x0, 0x0, 0x0, 0x3f, 0xf6, 0x8,
    0xff, 0x60, 0x0, 0x0, 0xcf, 0xf1, 0x1, 0xef,
    0xfa, 0x54, 0x6d, 0xff, 0x80, 0x0, 0x3e, 0xff,
    0xff, 0xff, 0xfa, 0x0, 0x0, 0x1, 0x7c, 0xef,
    0xea, 0x40, 0x0,

    /* U+0050 "P" */
    0xbf, 0xff, 0xff, 0xeb, 0x50, 0xb, 0xff, 0xff,
    0xff, 0xff, 0x80, 0xbf, 0xd3, 0x33, 0x6e, 0xff,
    0x2b, 0xfc, 0x0, 0x0, 0x3f, 0xf6, 0xbf, 0xc0,
    0x0, 0x2, 0xff, 0x6b, 0xfc, 0x0, 0x3, 0xcf,
    0xf3, 0xbf, 0xff, 0xff, 0xff, 0xfb, 0xb, 0xff,
    0xff, 0xff, 0xf9, 0x0, 0xbf, 0xd3, 0x33, 0x20,
    0x0, 0xb, 0xfc, 0x0, 0x0, 0x0, 0x0, 0xbf,
    0xc0, 0x0, 0x0, 0x0, 0xb, 0xfc, 0x0, 0x0,
    0x0, 0x0, 0xbf, 0xc0, 0x0, 0x0, 0x0, 0x0,

    /* U+0051 "Q" */
    0x0, 0x1, 0x7c, 0xef, 0xda, 0x40, 0x0, 0x0,
    0x3e, 0xff, 0xff, 0xff, 0xfa, 0x0, 0x1, 0xef,
    0xfa, 0x54, 0x6d, 0xff, 0x80, 0x8, 0xff, 0x60,
    0x0, 0x0, 0xcf, 0xf1, 0xd, 0xfc, 0x0, 0x0,
    0x0, 0x3f, 0xf7, 0xf, 0xf8, 0x0, 0x0, 0x0,
    0xf, 0xf9, 0x1f, 0xf7, 0x0, 0x0, 0x0, 0xe,
    0xfa, 0xf, 0xf8, 0x0, 0x0, 0x0, 0xf, 0xf9,
    0xd, 0xfc, 0x0, 0x0, 0x8a, 0x4f, 0xf6, 0x8,
    0xff, 0x60, 0x7, 0xff, 0xff, 0xf1, 0x1, 0xef,
    0xfa, 0x54, 0xef, 0xff, 0x70, 0x0, 0x3e, 0xff,
    0xff, 0xff, 0xff, 0x70, 0x0, 0x1, 0x7c, 0xef,
    0xea, 0xdf, 0xf5, 0x0, 0x0, 0x0, 0x0, 0x0,
    0x2e, 0xd2, 0x0, 0x0, 0x0, 0x0, 0x0, 0x2,
    0x10,

    /* U+0052 "R" */
    0xbf, 0xff, 0xff, 0xeb, 0x30, 0xb, 0xff, 0xff,
    0xff, 0xff, 0x60, 0xbf, 0xd3, 0x33, 0x7e, 0xff,
    0xb, 0xfc, 0x0, 0x0, 0x5f, 0xf3, 0xbf, 0xc0,
    0x0, 0x5, 0xff, 0x3b, 0xfd, 0x33, 0x36, 0xef,
    0xf0, 0xbf, 0xff, 0xff, 0xff, 0xf6, 0xb, 0xff,
    0xff, 0xff, 0xe4, 0x0, 0xbf, 0xc0, 0x8, 0xff,
    0x20, 0xb, 0xfc, 0x0, 0xe, 0xfc, 0x0, 0xbf,
    0xc0, 0x0, 0x6f, 0xf6, 0xb, 0xfc, 0x0, 0x0,
    0xcf, 0xe1, 0xbf, 0xc0, 0x0, 0x3, 0xff, 0xa0,

    /* U+0053 "S" */
    0x0, 0x29, 0xdf, 0xec, 0x70, 0x0, 0x4f, 0xff,
    0xff, 0xff, 0xc1, 0xe, 0xff, 0x73, 0x49, 0xff,
    0x92, 0xff, 0x70, 0x0, 0x4, 0x60, 0xf, 0xfa,
    0x0, 0x0, 0x0, 0x0, 0x7f, 0xfe, 0x95, 0x10,
    0x0, 0x0, 0x5c, 0xff, 0xff, 0xb3, 0x0, 0x0,
    0x1, 0x5a, 0xff, 0xf4, 0x0, 0x0, 0x0, 0x1,
    0xdf, 0xc0, 0x6b, 0x0, 0x0, 0xa, 0xfe, 0x4f,
    0xfd, 0x63, 0x49, 0xff, 0xa0, 0x6f, 0xff, 0xff,
    0xff, 0xe2, 0x0, 0x39, 0xdf, 0xfc, 0x81, 0x0,

    /* U+0054 "T" */
    0x8f, 0xff, 0xff, 0xff, 0xff, 0xf1, 0x8f, 0xff,
    0xff, 0xff, 0xff, 0xf1, 0x24, 0x44, 0x9f, 0xf4,
    0x44, 0x40, 0x0, 0x0, 0x7f, 0xf0, 0x0, 0x0,
    0x0, 0x0, 0x7f, 0xf0, 0x0, 0x0, 0x0, 0x0,
    0x7f, 0xf0, 0x0, 0x0, 0x0, 0x0, 0x7f, 0xf0,
    0x0, 0x0, 0x0, 0x0, 0x7f, 0xf0, 0x0, 0x0,
    0x0, 0x0, 0x7f, 0xf0, 0x0, 0x0, 0x0, 0x0,
    0x7f, 0xf0, 0x0, 0x0, 0x0, 0x0, 0x7f, 0xf0,
    0x0, 0x0, 0x0, 0x0, 0x7f, 0xf0, 0x0, 0x0,
    0x0, 0x0, 0x7f, 0xf0, 0x0, 0x0,

    /* U+0055 "U" */
    0xbf, 0xc0, 0x0, 0x0, 0x6f, 0xf1, 0xbf, 0xc0,
    0x0, 0x0, 0x6f, 0xf1, 0xbf, 0xc0, 0x0, 0x0,
    0x6f, 0xf1, 0xbf, 0xc0, 0x0, 0x0, 0x6f, 0xf1,
    0xbf, 0xc0, 0x0, 0x0, 0x6f, 0xf1, 0xbf, 0xc0,
    0x0, 0x0, 0x6f, 0xf1, 0xbf, 0xc0, 0x0, 0x0,
    0x6f, 0xf1, 0xbf, 0xc0, 0x0, 0x0, 0x6f, 0xf1,
    0xaf, 0xe0, 0x0, 0x0, 0x8f, 0xf0, 0x7f, 0xf4,
    0x0, 0x0, 0xdf, 0xd0, 0x1f, 0xff, 0x74, 0x6d,
    0xff, 0x70, 0x5, 0xff, 0xff, 0xff, 0xfb, 0x0,
    0x0, 0x3a, 0xef, 0xeb, 0x50, 0x0,

    /* U+0056 "V" */
    0x9f, 0xf1, 0x0, 0x0, 0x0, 0xbf, 0xe0, 0x3f,
    0xf6, 0x0, 0x0, 0x2, 0xff, 0x80, 0xd, 0xfc,
    0x0, 0x0, 0x8, 0xff, 0x10, 0x6, 0xff, 0x30,
    0x0, 0xe, 0xfb, 0x0, 0x0, 0xff, 0x90, 0x0,
    0x4f, 0xf5, 0x0, 0x0, 0x9f, 0xe0, 0x0, 0xaf,
    0xe0, 0x0, 0x0, 0x3f, 0xf5, 0x1, 0xff, 0x80,
    0x0, 0x0, 0xd, 0xfb, 0x6, 0xff, 0x10, 0x0,
    0x0, 0x6, 0xff, 0x1d, 0xfb, 0x0, 0x0, 0x0,
    0x0, 0xff, 0xbf, 0xf5, 0x0, 0x0, 0x0, 0x0,
    0xaf, 0xff, 0xe0, 0x0, 0x0, 0x0, 0x0, 0x3f,
    0xff, 0x80, 0x0, 0x0, 0x0, 0x0, 0xd, 0xff,
    0x20, 0x0, 0x0,

    /* U+0057 "W" */
    0xaf, 0xe0, 0x0, 0x0, 0xef, 0xf0, 0x0, 0x0,
    0xbf, 0xd0, 0x6f, 0xf2, 0x0, 0x3, 0xff, 0xf5,
    0x0, 0x0, 0xff, 0x90, 0x1f, 0xf6, 0x0, 0x8,
    0xff, 0xfa, 0x0, 0x3, 0xff, 0x40, 0xc, 0xfb,
    0x0, 0xc, 0xfd, 0xfe, 0x0, 0x8, 0xff, 0x0,
    0x8, 0xff, 0x0, 0x1f, 0xf3, 0xff, 0x40, 0xc,
    0xfa, 0x0, 0x3, 0xff, 0x40, 0x6f, 0xd0, 0xbf,
    0x90, 0x1f, 0xf6, 0x0, 0x0, 0xef, 0x80, 0xbf,
    0x80, 0x6f, 0xd0, 0x5f, 0xf1, 0x0, 0x0, 0xaf,
    0xc0, 0xff, 0x30, 0x1f, 0xf2, 0x9f, 0xc0, 0x0,
    0x0, 0x5f, 0xf6, 0xfd, 0x0, 0xc, 0xf7, 0xef,
    0x80, 0x0, 0x0, 0x1f, 0xfe, 0xf8, 0x0, 0x7,
    0xfe, 0xff, 0x30, 0x0, 0x0, 0xc, 0xff, 0xf3,
    0x0, 0x1, 0xff, 0xfe, 0x0, 0x0, 0x0, 0x8,
    0xff, 0xe0, 0x0, 0x0, 0xcf, 0xf9, 0x0, 0x0,
    0x0, 0x3, 0xff, 0x90, 0x0, 0x0, 0x7f, 0xf5,
    0x0, 0x0,

    /* U+0058 "X" */
    0x1e, 0xfe, 0x10, 0x0, 0xc, 0xff, 0x20, 0x4f,
    0xfa, 0x0, 0x7, 0xff, 0x60, 0x0, 0x9f, 0xf5,
    0x3, 0xff, 0xa0, 0x0, 0x0, 0xcf, 0xf2, 0xdf,
    0xe1, 0x0, 0x0, 0x2, 0xff, 0xff, 0xf3, 0x0,
    0x0, 0x0, 0x5, 0xff, 0xf7, 0x0, 0x0, 0x0,
    0x0, 0x2f, 0xff, 0x30, 0x0, 0x0, 0x0, 0xd,
    0xff, 0xfd, 0x0, 0x0, 0x0, 0x8, 0xff, 0x7f,
    0xf9, 0x0, 0x0, 0x3, 0xff, 0x90, 0x9f, 0xf4,
    0x0, 0x0, 0xef, 0xe0, 0x0, 0xdf, 0xe1, 0x0,
    0xaf, 0xf4, 0x0, 0x3, 0xff, 0xb0, 0x5f, 0xfa,
    0x0, 0x0, 0x8, 0xff, 0x70,

    /* U+0059 "Y" */
    0x8f, 0xf6, 0x0, 0x0, 0xa, 0xff, 0x40, 0xdf,
    0xe0, 0x0, 0x3, 0xff, 0xa0, 0x4, 0xff, 0x80,
    0x0, 0xcf, 0xe1, 0x0, 0xa, 0xff, 0x10, 0x4f,
    0xf6, 0x0, 0x0, 0x1e, 0xfa, 0xd, 0xfc, 0x0,
    0x0, 0x0, 0x6f, 0xf9, 0xff, 0x20, 0x0, 0x0,
    0x0, 0xcf, 0xff, 0x80, 0x0, 0x0, 0x0, 0x2,
    0xff, 0xd0, 0x0, 0x0, 0x0, 0x0, 0xd, 0xfa,
    0x0, 0x0, 0x0, 0x0, 0x0, 0xdf, 0xa0, 0x0,
    0x0, 0x0, 0x0, 0xd, 0xfa, 0x0, 0x0, 0x0,
    0x0, 0x0, 0xdf, 0xa0, 0x0, 0x0, 0x0, 0x0,
    0xd, 0xfa, 0x0, 0x0, 0x0,

    /* U+005A "Z" */
    0x3f, 0xff, 0xff, 0xff, 0xff, 0xc0, 0x3f, 0xff,
    0xff, 0xff, 0xff, 0xc0, 0x4, 0x44, 0x44, 0x4d,
    0xff, 0x40, 0x0, 0x0, 0x0, 0x7f, 0xf8, 0x0,
    0x0, 0x0, 0x4, 0xff, 0xb0, 0x0, 0x0, 0x0,
    0x1e, 0xfe, 0x10, 0x0, 0x0, 0x0, 0xcf, 0xf3,
    0x0, 0x0, 0x0, 0x9, 0xff, 0x60, 0x0, 0x0,
    0x0, 0x5f, 0xfa, 0x0, 0x0, 0x0, 0x2, 0xff,
    0xd0, 0x0, 0x0, 0x0, 0xd, 0xff, 0x64, 0x44,
    0x44, 0x40, 0x6f, 0xff, 0xff, 0xff, 0xff, 0xf1,
    0x6f, 0xff, 0xff, 0xff, 0xff, 0xf1,

    /* U+005B "[" */
    0x2f, 0xff, 0xf6, 0x2f, 0xff, 0xf6, 0x2f, 0xf2,
    0x0, 0x2f, 0xf2, 0x0, 0x2f, 0xf2, 0x0, 0x2f,
    0xf2, 0x0, 0x2f, 0xf2, 0x0, 0x2f, 0xf2, 0x0,
    0x2f, 0xf2, 0x0, 0x2f, 0xf2, 0x0, 0x2f, 0xf2,
    0x0, 0x2f, 0xf2, 0x0, 0x2f, 0xf2, 0x0, 0x2f,
    0xf2, 0x0, 0x2f, 0xff, 0xf6, 0x2f, 0xff, 0xf6,

    /* U+005C "\\" */
    0xbf, 0xa0, 0x0, 0x6, 0xff, 0x0, 0x0, 0x1f,
    0xf4, 0x0, 0x0, 0xbf, 0xa0, 0x0, 0x6, 0xfe,
    0x0, 0x0, 0x1f, 0xf4, 0x0, 0x0, 0xcf, 0x90,
    0x0, 0x7, 0xfe, 0x0, 0x0, 0x1f, 0xf4, 0x0,
    0x0, 0xcf, 0x90, 0x0, 0x7, 0xfe, 0x0, 0x0,
    0x2f, 0xf3, 0x0, 0x0, 0xcf, 0x90,

    /* U+005D "]" */
    0xcf, 0xff, 0xcc, 0xff, 0xfc, 0x0, 0x8f, 0xc0,
    0x8, 0xfc, 0x0, 0x8f, 0xc0, 0x8, 0xfc, 0x0,
    0x8f, 0xc0, 0x8, 0xfc, 0x0, 0x8f, 0xc0, 0x8,
    0xfc, 0x0, 0x8f, 0xc0, 0x8, 0xfc, 0x0, 0x8f,
    0xc0, 0x8, 0xfc, 0xcf, 0xff, 0xcc, 0xff, 0xfc,

    /* U+005E "^" */
    0x0, 0x3f, 0xfb, 0x0, 0x0, 0xb, 0xff, 0xf4,
    0x0, 0x4, 0xfd, 0x5f, 0xd0, 0x0, 0xdf, 0x50,
    0xcf, 0x50, 0x5f, 0xc0, 0x3, 0xfe, 0x0,

    /* U+005F "_" */
    0x11, 0x11, 0x11, 0x11, 0xf, 0xff, 0xff, 0xff,
    0xf7, 0xff, 0xff, 0xff, 0xff, 0x70,

    /* U+0060 "`" */
    0x2, 0x50, 0x3, 0xff, 0x10, 0x1c, 0xfc, 0x0,
    0xb, 0xf3, 0x0, 0x2, 0x0,

    /* U+0061 "a" */
    0x0, 0x4b, 0xff, 0xc6, 0x0, 0x6, 0xff, 0xff,
    0xff, 0x90, 0x2, 0xc7, 0x1, 0xaf, 0xf1, 0x0,
    0x0, 0x0, 0x2f, 0xf4, 0x0, 0x5b, 0xef, 0xff,
    0xf5, 0x9, 0xff, 0xff, 0xff, 0xf5, 0x2f, 0xf9,
    0x10, 0x2f, 0xf5, 0x3f, 0xf5, 0x1, 0xaf, 0xf5,
    0xe, 0xff, 0xff, 0xef, 0xf5, 0x2, 0xbe, 0xfa,
    0x3f, 0xf5,

    /* U+0062 "b" */
    0xdf, 0x80, 0x0, 0x0, 0x0, 0xdf, 0x80, 0x0,
    0x0, 0x0, 0xdf, 0x80, 0x0, 0x0, 0x0, 0xdf,
    0x84, 0xcf, 0xd7, 0x0, 0xdf, 0xdf, 0xff, 0xff,
    0xa0, 0xdf, 0xfb, 0x45, 0xdf, 0xf3, 0xdf, 0xd0,
    0x0, 0x2f, 0xf8, 0xdf, 0x80, 0x0, 0xc, 0xfa,
    0xdf, 0x80, 0x0, 0xd, 0xfa, 0xdf, 0xd0, 0x0,
    0x2f, 0xf8, 0xdf, 0xfa, 0x45, 0xdf, 0xf2, 0xdf,
    0xdf, 0xff, 0xff, 0x90, 0xdf, 0x85, 0xdf, 0xd7,
    0x0,

    /* U+0063 "c" */
    0x0, 0x18, 0xdf, 0xe9, 0x10, 0x2, 0xef, 0xff,
    0xff, 0xe1, 0xb, 0xff, 0x73, 0x6f, 0xe4, 0x1f,
    0xf8, 0x0, 0x2, 0x10, 0x3f, 0xf3, 0x0, 0x0,
    0x0, 0x3f, 0xf3, 0x0, 0x0, 0x0, 0x1f, 0xf7,
    0x0, 0x2, 0x0, 0xb, 0xff, 0x73, 0x6e, 0xe4,
    0x2, 0xef, 0xff, 0xff, 0xe1, 0x0, 0x19, 0xdf,
    0xe9, 0x10,

    /* U+0064 "d" */
    0x0, 0x0, 0x0, 0x1, 0xff, 0x40, 0x0, 0x0,
    0x0, 0x1f, 0xf4, 0x0, 0x0, 0x0, 0x1, 0xff,
    0x40, 0x3, 0xbf, 0xe9, 0x2f, 0xf4, 0x3, 0xff,
    0xff, 0xfd, 0xff, 0x40, 0xcf, 0xf8, 0x47, 0xff,
    0xf4, 0x2f, 0xf8, 0x0, 0x6, 0xff, 0x44, 0xff,
    0x30, 0x0, 0x2f, 0xf4, 0x3f, 0xf3, 0x0, 0x2,
    0xff, 0x41, 0xff, 0x80, 0x0, 0x6f, 0xf4, 0xc,
    0xff, 0x84, 0x7f, 0xff, 0x40, 0x2f, 0xff, 0xff,
    0xdf, 0xf4, 0x0, 0x2b, 0xef, 0xa3, 0xff, 0x40,

    /* U+0065 "e" */
    0x0, 0x19, 0xef, 0xe9, 0x10, 0x0, 0x2e, 0xff,
    0xff, 0xfe, 0x10, 0xb, 0xfe, 0x30, 0x3e, 0xf9,
    0x1, 0xff, 0x60, 0x0, 0x8f, 0xe0, 0x3f, 0xff,
    0xff, 0xff, 0xff, 0x4, 0xff, 0xee, 0xee, 0xee,
    0xc0, 0x1f, 0xf6, 0x0, 0x0, 0x0, 0x0, 0xbf,
    0xe4, 0x12, 0xbd, 0x30, 0x2, 0xef, 0xff, 0xff,
    0xf3, 0x0, 0x1, 0x9d, 0xfe, 0xa2, 0x0,

    /* U+0066 "f" */
    0x0, 0x1a, 0xef, 0xb0, 0xc, 0xff, 0xfd, 0x1,
    0xff, 0xa3, 0x40, 0x3f, 0xf3, 0x0, 0xaf, 0xff,
    0xff, 0xca, 0xff, 0xff, 0xfc, 0x25, 0xff, 0x53,
    0x20, 0x3f, 0xf2, 0x0, 0x3, 0xff, 0x20, 0x0,
    0x3f, 0xf2, 0x0, 0x3, 0xff, 0x20, 0x0, 0x3f,
    0xf2, 0x0, 0x3, 0xff, 0x20, 0x0, 0x3f, 0xf2,
    0x0,

    /* U+0067 "g" */
    0x0, 0x3b, 0xfe, 0x92, 0xff, 0x40, 0x3f, 0xff,
    0xff, 0xdf, 0xf4, 0xd, 0xff, 0x84, 0x7f, 0xff,
    0x42, 0xff, 0x80, 0x0, 0x6f, 0xf4, 0x4f, 0xf3,
    0x0, 0x2, 0xff, 0x43, 0xff, 0x30, 0x0, 0x2f,
    0xf4, 0x1f, 0xf8, 0x0, 0x6, 0xff, 0x40, 0xcf,
    0xf7, 0x36, 0xff, 0xf4, 0x3, 0xff, 0xff, 0xfd,
    0xff, 0x40, 0x2, 0xbe, 0xfa, 0x3f, 0xf4, 0x0,
    0x20, 0x0, 0x4, 0xff, 0x20, 0x7f, 0xb3, 0x14,
    0xdf, 0xd0, 0x5, 0xff, 0xff, 0xff, 0xf3, 0x0,
    0x3, 0xae, 0xfe, 0xa2, 0x0,

    /* U+0068 "h" */
    0xdf, 0x80, 0x0, 0x0, 0xd, 0xf8, 0x0, 0x0,
    0x0, 0xdf, 0x80, 0x0, 0x0, 0xd, 0xf8, 0x4c,
    0xfd, 0x60, 0xdf, 0xdf, 0xff, 0xff, 0x6d, 0xff,
    0x93, 0x6f, 0xfc, 0xdf, 0xb0, 0x0, 0x8f, 0xfd,
    0xf8, 0x0, 0x6, 0xff, 0xdf, 0x80, 0x0, 0x6f,
    0xfd, 0xf8, 0x0, 0x6, 0xff, 0xdf, 0x80, 0x0,
    0x6f, 0xfd, 0xf8, 0x0, 0x6, 0xff, 0xdf, 0x80,
    0x0, 0x6f, 0xf0,

    /* U+0069 "i" */
    0x8f, 0x90, 0xef, 0xf0, 0x6c, 0x70, 0x0, 0x0,
    0xaf, 0xc0, 0xaf, 0xc0, 0xaf, 0xc0, 0xaf, 0xc0,
    0xaf, 0xc0, 0xaf, 0xc0, 0xaf, 0xc0, 0xaf, 0xc0,
    0xaf, 0xc0, 0xaf, 0xc0,

    /* U+006A "j" */
    0x0, 0x8, 0xf9, 0x0, 0x0, 0xdf, 0xf0, 0x0,
    0x6, 0xc7, 0x0, 0x0, 0x0, 0x0, 0x0, 0x9,
    0xfc, 0x0, 0x0, 0x9f, 0xc0, 0x0, 0x9, 0xfc,
    0x0, 0x0, 0x9f, 0xc0, 0x0, 0x9, 0xfc, 0x0,
    0x0, 0x9f, 0xc0, 0x0, 0x9, 0xfc, 0x0, 0x0,
    0x9f, 0xc0, 0x0, 0x9, 0xfc, 0x0, 0x0, 0x9f,
    0xc0, 0x0, 0xa, 0xfc, 0x0, 0x45, 0xff, 0xa0,
    0x2f, 0xff, 0xf5, 0x1, 0xdf, 0xd7, 0x0,

    /* U+006B "k" */
    0xdf, 0x80, 0x0, 0x0, 0x0, 0xdf, 0x80, 0x0,
    0x0, 0x0, 0xdf, 0x80, 0x0, 0x0, 0x0, 0xdf,
    0x80, 0x3, 0xff, 0xa0, 0xdf, 0x80, 0x2e, 0xfb,
    0x0, 0xdf, 0x82, 0xef, 0xb0, 0x0, 0xdf, 0xad,
    0xfc, 0x0, 0x0, 0xdf, 0xff, 0xfe, 0x10, 0x0,
    0xdf, 0xfd, 0xff, 0x90, 0x0, 0xdf, 0xd0, 0xaf,
    0xf4, 0x0, 0xdf, 0x80, 0x1f, 0xfd, 0x0, 0xdf,
    0x80, 0x6, 0xff, 0x80, 0xdf, 0x80, 0x0, 0xcf,
    0xf2,

    /* U+006C "l" */
    0xdf, 0x80, 0xdf, 0x80, 0xdf, 0x80, 0xdf, 0x80,
    0xdf, 0x80, 0xdf, 0x80, 0xdf, 0x80, 0xdf, 0x80,
    0xdf, 0x80, 0xdf, 0x80, 0xdf, 0xb2, 0xbf, 0xfb,
    0x3d, 0xfb,

    /* U+006D "m" */
    0xdf, 0x85, 0xdf, 0xc2, 0x8, 0xef, 0xc3, 0xd,
    0xfd, 0xff, 0xff, 0xeb, 0xff, 0xff, 0xe1, 0xdf,
    0xf7, 0x39, 0xff, 0xf7, 0x38, 0xff, 0x6d, 0xfb,
    0x0, 0xf, 0xfb, 0x0, 0xe, 0xf8, 0xdf, 0x80,
    0x0, 0xdf, 0x90, 0x0, 0xdf, 0x8d, 0xf8, 0x0,
    0xd, 0xf9, 0x0, 0xd, 0xf8, 0xdf, 0x80, 0x0,
    0xdf, 0x90, 0x0, 0xdf, 0x8d, 0xf8, 0x0, 0xd,
    0xf9, 0x0, 0xd, 0xf8, 0xdf, 0x80, 0x0, 0xdf,
    0x90, 0x0, 0xdf, 0x8d, 0xf8, 0x0, 0xd, 0xf9,
    0x0, 0xd, 0xf8,

    /* U+006E "n" */
    0xdf, 0x85, 0xcf, 0xd6, 0xd, 0xfd, 0xff, 0xff,
    0xf6, 0xdf, 0xf9, 0x36, 0xff, 0xcd, 0xfb, 0x0,
    0x8, 0xff, 0xdf, 0x80, 0x0, 0x6f, 0xfd, 0xf8,
    0x0, 0x6, 0xff, 0xdf, 0x80, 0x0, 0x6f, 0xfd,
    0xf8, 0x0, 0x6, 0xff, 0xdf, 0x80, 0x0, 0x6f,
    0xfd, 0xf8, 0x0, 0x6, 0xff,

    /* U+006F "o" */
    0x0, 0x19, 0xef, 0xe9, 0x20, 0x0, 0x2e, 0xff,
    0xff, 0xfe, 0x20, 0xb, 0xff, 0x73, 0x7f, 0xfc,
    0x1, 0xff, 0x70, 0x0, 0x6f, 0xf2, 0x3f, 0xf3,
    0x0, 0x2, 0xff, 0x53, 0xff, 0x30, 0x0, 0x2f,
    0xf5, 0x1f, 0xf8, 0x0, 0x6, 0xff, 0x20, 0xbf,
    0xf7, 0x36, 0xff, 0xc0, 0x2, 0xef, 0xff, 0xff,
    0xf3, 0x0, 0x1, 0x9e, 0xfe, 0x92, 0x0,

    /* U+0070 "p" */
    0xdf, 0x85, 0xcf, 0xd7, 0x0, 0xdf, 0xdf, 0xff,
    0xff, 0xa0, 0xdf, 0xfb, 0x45, 0xdf, 0xf3, 0xdf,
    0xd0, 0x0, 0x2f, 0xf8, 0xdf, 0x80, 0x0, 0xc,
    0xfa, 0xdf, 0x80, 0x0, 0xc, 0xfa, 0xdf, 0xd0,
    0x0, 0x2f, 0xf8, 0xdf, 0xfa, 0x45, 0xdf, 0xf2,
    0xdf, 0xdf, 0xff, 0xff, 0x90, 0xdf, 0x85, 0xdf,
    0xd7, 0x0, 0xdf, 0x80, 0x0, 0x0, 0x0, 0xdf,
    0x80, 0x0, 0x0, 0x0, 0xdf, 0x80, 0x0, 0x0,
    0x0, 0xdf, 0x80, 0x0, 0x0, 0x0,

    /* U+0071 "q" */
    0x0, 0x3b, 0xfe, 0x92, 0xff, 0x40, 0x3f, 0xff,
    0xff, 0xdf, 0xf4, 0xc, 0xff, 0x84, 0x7f, 0xff,
    0x41, 0xff, 0x80, 0x0, 0x7f, 0xf4, 0x4f, 0xf3,
    0x0, 0x2, 0xff, 0x43, 0xff, 0x30, 0x0, 0x2f,
    0xf4, 0x1f, 0xf8, 0x0, 0x6, 0xff, 0x40, 0xcf,
    0xf7, 0x36, 0xff, 0xf4, 0x2, 0xff, 0xff, 0xfd,
    0xff, 0x40, 0x2, 0xbe, 0xf9, 0x2f, 0xf4, 0x0,
    0x0, 0x0, 0x1, 0xff, 0x40, 0x0, 0x0, 0x0,
    0x1f, 0xf4, 0x0, 0x0, 0x0, 0x1, 0xff, 0x40,
    0x0, 0x0, 0x0, 0x1f, 0xf4,

    /* U+0072 "r" */
    0xdf, 0x81, 0x9e, 0x8d, 0xf9, 0xdf, 0xf8, 0xdf,
    0xff, 0x96, 0x2d, 0xfe, 0x20, 0x0, 0xdf, 0xa0,
    0x0, 0xd, 0xf8, 0x0, 0x0, 0xdf, 0x80, 0x0,
    0xd, 0xf8, 0x0, 0x0, 0xdf, 0x80, 0x0, 0xd,
    0xf8, 0x0, 0x0,

    /* U+0073 "s" */
    0x1, 0x8d, 0xfe, 0xa2, 0x0, 0xdf, 0xff, 0xff,
    0xf3, 0x3f, 0xf7, 0x1, 0xbd, 0x31, 0xff, 0x91,
    0x0, 0x0, 0x7, 0xff, 0xfc, 0x71, 0x0, 0x2,
    0x9d, 0xff, 0xf3, 0x0, 0x10, 0x2, 0xdf, 0xb3,
    0xde, 0x40, 0xc, 0xfc, 0x1e, 0xff, 0xff, 0xff,
    0x50, 0x18, 0xdf, 0xfb, 0x40,

    /* U+0074 "t" */
    0x1, 0xff, 0x40, 0x0, 0x1, 0xff, 0x40, 0x0,
    0x1, 0xff, 0x40, 0x0, 0xaf, 0xff, 0xff, 0xf1,
    0xaf, 0xff, 0xff, 0xf1, 0x24, 0xff, 0x63, 0x30,
    0x1, 0xff, 0x40, 0x0, 0x1, 0xff, 0x40, 0x0,
    0x1, 0xff, 0x40, 0x0, 0x1, 0xff, 0x50, 0x0,
    0x0, 0xff, 0xc4, 0x40, 0x0, 0xaf, 0xff, 0xd0,
    0x0, 0x1a, 0xef, 0xa0,

    /* U+0075 "u" */
    0xff, 0x70, 0x0, 0x8f, 0xef, 0xf7, 0x0, 0x8,
    0xfe, 0xff, 0x70, 0x0, 0x8f, 0xef, 0xf7, 0x0,
    0x8, 0xfe, 0xff, 0x70, 0x0, 0x8f, 0xef, 0xf7,
    0x0, 0x8, 0xfe, 0xef, 0x90, 0x0, 0xbf, 0xec,
    0xff, 0x63, 0x8f, 0xfe, 0x5f, 0xff, 0xff, 0xdf,
    0xe0, 0x6d, 0xfd, 0x68, 0xfe,

    /* U+0076 "v" */
    0xbf, 0xd0, 0x0, 0x5, 0xff, 0x35, 0xff, 0x30,
    0x0, 0xbf, 0xd0, 0xe, 0xf9, 0x0, 0xf, 0xf7,
    0x0, 0x8f, 0xe0, 0x6, 0xff, 0x10, 0x2, 0xff,
    0x40, 0xbf, 0xa0, 0x0, 0xc, 0xfa, 0x1f, 0xf4,
    0x0, 0x0, 0x6f, 0xf7, 0xfd, 0x0, 0x0, 0x0,
    0xff, 0xff, 0x70, 0x0, 0x0, 0x9, 0xff, 0xf1,
    0x0, 0x0, 0x0, 0x3f, 0xfa, 0x0, 0x0,

    /* U+0077 "w" */
    0xbf, 0xc0, 0x0, 0x7f, 0xf4, 0x0, 0xf, 0xf8,
    0x6f, 0xf1, 0x0, 0xcf, 0xf8, 0x0, 0x4f, 0xf3,
    0x1f, 0xf5, 0x0, 0xff, 0xfd, 0x0, 0x8f, 0xe0,
    0xc, 0xf9, 0x5, 0xfb, 0xef, 0x10, 0xdf, 0x90,
    0x7, 0xfe, 0x9, 0xf6, 0x9f, 0x61, 0xff, 0x30,
    0x1, 0xff, 0x2d, 0xf1, 0x5f, 0xa5, 0xfe, 0x0,
    0x0, 0xcf, 0x9f, 0xd0, 0xf, 0xea, 0xf9, 0x0,
    0x0, 0x7f, 0xff, 0x80, 0xc, 0xff, 0xf4, 0x0,
    0x0, 0x2f, 0xff, 0x40, 0x7, 0xff, 0xe0, 0x0,
    0x0, 0xc, 0xff, 0x0, 0x3, 0xff, 0x90, 0x0,

    /* U+0078 "x" */
    0x3f, 0xf9, 0x0, 0x1e, 0xfb, 0x0, 0x7f, 0xf4,
    0xa, 0xfe, 0x10, 0x0, 0xcf, 0xd4, 0xff, 0x50,
    0x0, 0x1, 0xef, 0xff, 0x90, 0x0, 0x0, 0x5,
    0xff, 0xd0, 0x0, 0x0, 0x0, 0x9f, 0xfe, 0x10,
    0x0, 0x0, 0x4f, 0xfe, 0xfb, 0x0, 0x0, 0x1e,
    0xfa, 0x3f, 0xf7, 0x0, 0xb, 0xfe, 0x10, 0x9f,
    0xf3, 0x7, 0xff, 0x50, 0x0, 0xdf, 0xe1,

    /* U+0079 "y" */
    0xbf, 0xe0, 0x0, 0x3, 0xff, 0x75, 0xff, 0x40,
    0x0, 0x8f, 0xf1, 0xe, 0xfa, 0x0, 0xe, 0xfa,
    0x0, 0x8f, 0xf0, 0x3, 0xff, 0x30, 0x2, 0xff,
    0x50, 0x9f, 0xd0, 0x0, 0xb, 0xfb, 0xe, 0xf7,
    0x0, 0x0, 0x5f, 0xf5, 0xff, 0x10, 0x0, 0x0,
    0xef, 0xff, 0xa0, 0x0, 0x0, 0x8, 0xff, 0xf4,
    0x0, 0x0, 0x0, 0x2f, 0xfd, 0x0, 0x0, 0x0,
    0x1, 0xff, 0x70, 0x0, 0x0, 0x0, 0x7f, 0xf1,
    0x0, 0x0, 0x0, 0xd, 0xfa, 0x0, 0x0, 0x0,
    0x4, 0xff, 0x40, 0x0, 0x0,

    /* U+007A "z" */
    0x6f, 0xff, 0xff, 0xff, 0x76, 0xff, 0xff, 0xff,
    0xf6, 0x12, 0x22, 0x3f, 0xfc, 0x0, 0x0, 0xb,
    0xfe, 0x10, 0x0, 0x8, 0xff, 0x40, 0x0, 0x5,
    0xff, 0x70, 0x0, 0x2, 0xff, 0xa0, 0x0, 0x0,
    0xdf, 0xe3, 0x33, 0x32, 0x7f, 0xff, 0xff, 0xff,
    0xb8, 0xff, 0xff, 0xff, 0xfb,

    /* U+007B "{" */
    0x0, 0x2, 0xae, 0x90, 0x1, 0xef, 0xf9, 0x0,
    0x6f, 0xf4, 0x0, 0x8, 0xfc, 0x0, 0x0, 0x8f,
    0xb0, 0x0, 0x9, 0xfb, 0x0, 0x3, 0xef, 0x80,
    0xb, 0xff, 0xc1, 0x0, 0xbf, 0xfa, 0x0, 0x1,
    0x5e, 0xf7, 0x0, 0x0, 0x9f, 0xa0, 0x0, 0x8,
    0xfb, 0x0, 0x0, 0x8f, 0xc0, 0x0, 0x6, 0xff,
    0x40, 0x0, 0x1f, 0xff, 0x90, 0x0, 0x2b, 0xe9,

    /* U+007C "|" */
    0x9b, 0x4d, 0xf6, 0xdf, 0x6d, 0xf6, 0xdf, 0x6d,
    0xf6, 0xdf, 0x6d, 0xf6, 0xdf, 0x6d, 0xf6, 0xdf,
    0x6d, 0xf6, 0xdf, 0x6d, 0xf6, 0xdf, 0x6d, 0xf6,

    /* U+007D "}" */
    0xae, 0xa2, 0x0, 0xb, 0xff, 0xe0, 0x0, 0x5,
    0xff, 0x50, 0x0, 0xd, 0xf7, 0x0, 0x0, 0xcf,
    0x70, 0x0, 0xc, 0xf8, 0x0, 0x0, 0x9f, 0xd2,
    0x0, 0x1, 0xcf, 0xf9, 0x0, 0x1b, 0xff, 0x90,
    0x9, 0xfe, 0x41, 0x0, 0xcf, 0x80, 0x0, 0xc,
    0xf7, 0x0, 0x0, 0xdf, 0x70, 0x0, 0x5f, 0xf5,
    0x0, 0xbf, 0xfe, 0x0, 0xa, 0xea, 0x20, 0x0,

    /* U+007E "~" */
    0x0, 0x3, 0x10, 0x0, 0x30, 0x0, 0x4e, 0xff,
    0xa5, 0x7f, 0xd0, 0x2f, 0xff, 0xff, 0xff, 0xf9,
    0x1, 0x9a, 0x3, 0xae, 0xe8, 0x0, 0x0, 0x0,
    0x0, 0x0, 0x0, 0x0,

    /* U+00B0 "°" */
    0x0, 0x0, 0x0, 0x0, 0x2b, 0xff, 0x90, 0xd,
    0xe5, 0x7f, 0x82, 0xf5, 0x0, 0xad, 0x3f, 0x40,
    0x9, 0xe0, 0xec, 0x24, 0xf9, 0x3, 0xef, 0xfc,
    0x10, 0x0, 0x32, 0x0,

    /* U+00B7 "·" */
    0x9b, 0x9e, 0xfe, 0xef, 0xe0,

    /* U+3002 "。" */
    0x0, 0x0, 0x0, 0x0, 0x4e, 0xfe, 0x40, 0x1f,
    0x61, 0x6f, 0x13, 0xf0, 0x0, 0xf3, 0x1f, 0x83,
    0x8f, 0x10, 0x4c, 0xfc, 0x40,

    /* U+4E00 "一" */
    0x56, 0x66, 0x66, 0x66, 0x66, 0x66, 0x66, 0x65,
    0xff, 0xff, 0xff, 0xff, 0xff, 0xff, 0xff, 0xff,
    0xee, 0xee, 0xee, 0xee, 0xee, 0xee, 0xee, 0xed,

    /* U+4E09 "三" */
    0xe, 0xff, 0xff, 0xff, 0xff, 0xff, 0xff, 0xd0,
    0xe, 0xff, 0xff, 0xff, 0xff, 0xff, 0xff, 0xe0,
    0x2, 0x22, 0x22, 0x22, 0x22, 0x22, 0x22, 0x20,
    0x0, 0x0, 0x0, 0x0, 0x0, 0x0, 0x0, 0x0,
    0x0, 0x0, 0x0, 0x0, 0x0, 0x0, 0x0, 0x0,
    0x0, 0x22, 0x22, 0x22, 0x22, 0x22, 0x22, 0x0,
    0x1, 0xff, 0xff, 0xff, 0xff, 0xff, 0xff, 0x10,
    0x1, 0xff, 0xff, 0xff, 0xff, 0xff, 0xff, 0x10,
    0x0, 0x0, 0x0, 0x0, 0x0, 0x0, 0x0, 0x0,
    0x0, 0x0, 0x0, 0x0, 0x0, 0x0, 0x0, 0x0,
    0x0, 0x0, 0x0, 0x0, 0x0, 0x0, 0x0, 0x0,
    0x0, 0x0, 0x0, 0x0, 0x0, 0x0, 0x0, 0x0,
    0xef, 0xff, 0xff, 0xff, 0xff, 0xff, 0xff, 0xfe,
    0xef, 0xff, 0xff, 0xff, 0xff, 0xff, 0xff, 0xff,
    0x23, 0x33, 0x33, 0x33, 0x33, 0x33, 0x33, 0x32,

    /* U+4E0A "上" */
    0x0, 0x0, 0x0, 0xbf, 0x90, 0x0, 0x0, 0x0,
    0x0, 0x0, 0x0, 0xbf, 0x90, 0x0, 0x0, 0x0,
    0x0, 0x0, 0x0, 0xbf, 0x90, 0x0, 0x0, 0x0,
    0x0, 0x0, 0x0, 0xbf, 0x90, 0x0, 0x0, 0x0,
    0x0, 0x0, 0x0, 0xbf, 0x91, 0x11, 0x11, 0x10,
    0x0, 0x0, 0x0, 0xbf, 0xff, 0xff, 0xff, 0xf0,
    0x0, 0x0, 0x0, 0xbf, 0xff, 0xff, 0xff, 0xf0,
    0x0, 0x0, 0x0, 0xbf, 0x90, 0x0, 0x0, 0x0,
    0x0, 0x0, 0x0, 0xbf, 0x90, 0x0, 0x0, 0x0,
    0x0, 0x0, 0x0, 0xbf, 0x90, 0x0, 0x0, 0x0,
    0x0, 0x0, 0x0, 0xbf, 0x90, 0x0, 0x0, 0x0,
    0x0, 0x0, 0x0, 0xbf, 0x90, 0x0, 0x0, 0x0,
    0x0, 0x0, 0x0, 0xbf, 0x90, 0x0, 0x0, 0x0,
    0xcd, 0xdd, 0xdd, 0xff, 0xfd, 0xdd, 0xdd, 0xdc,
    0xef, 0xff, 0xff, 0xff, 0xff, 0xff, 0xff, 0xfe,
    0x44, 0x44, 0x44, 0x44, 0x44, 0x44, 0x44, 0x44,

    /* U+4E0B "下" */
    0x1, 0x11, 0x11, 0x11, 0x11, 0x11, 0x11, 0x10,
    0xef, 0xff, 0xff, 0xff, 0xff, 0xff, 0xff, 0xfe,
    0xdf, 0xff, 0xff, 0xff, 0xff, 0xff, 0xff, 0xfe,
    0x0, 0x0, 0x0, 0xaf, 0x90, 0x0, 0x0, 0x0,
    0x0, 0x0, 0x0, 0xaf, 0x90, 0x0, 0x0, 0x0,
    0x0, 0x0, 0x0, 0xaf, 0x98, 0x50, 0x0, 0x0,
    0x0, 0x0, 0x0, 0xaf, 0xdf, 0xfa, 0x0, 0x0,
    0x0, 0x0, 0x0, 0xaf, 0x96, 0xff, 0xd3, 0x0,
    0x0, 0x0, 0x0, 0xaf, 0x90, 0x3e, 0xff, 0x60,
    0x0, 0x0, 0x0, 0xaf, 0x90, 0x1, 0xbf, 0xf1,
    0x0, 0x0, 0x0, 0xaf, 0x90, 0x0, 0x8, 0x50,
    0x0, 0x0, 0x0, 0xaf, 0x90, 0x0, 0x0, 0x0,
    0x0, 0x0, 0x0, 0xaf, 0x90, 0x0, 0x0, 0x0,
    0x0, 0x0, 0x0, 0xaf, 0x90, 0x0, 0x0, 0x0,
    0x0, 0x0, 0x0, 0xaf, 0x90, 0x0, 0x0, 0x0,
    0x0, 0x0, 0x0, 0xaf, 0x90, 0x0, 0x0, 0x0,

    /* U+4E0D "不" */
    0x4f, 0xff, 0xff, 0xff, 0xff, 0xff, 0xff, 0xfc,
    0x4, 0xff, 0xff, 0xff, 0xff, 0xff, 0xff, 0xff,
    0xc0, 0x1, 0x11, 0x11, 0x17, 0xff, 0x21, 0x11,
    0x10, 0x0, 0x0, 0x0, 0x1, 0xff, 0x70, 0x0,
    0x0, 0x0, 0x0, 0x0, 0x0, 0xbf, 0xf5, 0x0,
    0x0, 0x0, 0x0, 0x0, 0x0, 0x9f, 0xff, 0x52,
    0x10, 0x0, 0x0, 0x0, 0x0, 0x7f, 0xff, 0xf6,
    0xee, 0x20, 0x0, 0x0, 0x0, 0x7f, 0xf7, 0xef,
    0x6c, 0xff, 0x40, 0x0, 0x0, 0x8f, 0xf9, 0xe,
    0xf5, 0xb, 0xff, 0x50, 0x1, 0xbf, 0xf9, 0x0,
    0xef, 0x50, 0xb, 0xff, 0x70, 0xaf, 0xf8, 0x0,
    0xe, 0xf5, 0x0, 0xa, 0xff, 0x11, 0xe6, 0x0,
    0x0, 0xef, 0x50, 0x0, 0xb, 0x40, 0x1, 0x0,
    0x0, 0xe, 0xf5, 0x0, 0x0, 0x0, 0x0, 0x0,
    0x0, 0x0, 0xef, 0x50, 0x0, 0x0, 0x0, 0x0,
    0x0, 0x0, 0xe, 0xf5, 0x0, 0x0, 0x0, 0x0,
    0x0, 0x0, 0x0, 0xef, 0x50, 0x0, 0x0, 0x0,

    /* U+4E0E "与" */
    0x0, 0x5, 0xfe, 0x0, 0x0, 0x0, 0x0, 0x0,
    0x0, 0x0, 0x6f, 0xd0, 0x0, 0x0, 0x0, 0x0,
    0x0, 0x0, 0x7, 0xff, 0xff, 0xff, 0xff, 0xff,
    0xff, 0x60, 0x0, 0x8f, 0xff, 0xff, 0xff, 0xff,
    0xff, 0xf5, 0x0, 0xa, 0xf9, 0x0, 0x0, 0x0,
    0x0, 0x0, 0x0, 0x0, 0xbf, 0x80, 0x0, 0x0,
    0x0, 0x0, 0x0, 0x0, 0xc, 0xff, 0xff, 0xff,
    0xff, 0xff, 0xfe, 0x0, 0x0, 0xdf, 0xff, 0xff,
    0xff, 0xff, 0xff, 0xd0, 0x0, 0x1, 0x11, 0x11,
    0x11, 0x11, 0x17, 0xfc, 0x0, 0x0, 0x0, 0x0,
    0x0, 0x0, 0x0, 0x8f, 0xb0, 0x1f, 0xff, 0xff,
    0xff, 0xff, 0xff, 0x79, 0xfa, 0x0, 0xff, 0xff,
    0xff, 0xff, 0xff, 0xf7, 0xaf, 0x90, 0x0, 0x0,
    0x0, 0x0, 0x0, 0x0, 0xb, 0xf8, 0x0, 0x0,
    0x0, 0x0, 0x1, 0x22, 0x24, 0xff, 0x60, 0x0,
    0x0, 0x0, 0x0, 0x7f, 0xff, 0xff, 0xf2, 0x0,
    0x0, 0x0, 0x0, 0x5, 0xff, 0xff, 0xd6, 0x0,

    /* U+4E13 "专" */
    0x0, 0x0, 0x0, 0x97, 0x10, 0x0, 0x0, 0x0,
    0x0, 0x0, 0x4, 0xff, 0x0, 0x0, 0x0, 0x0,
    0x1b, 0xbb, 0xbd, 0xff, 0xbb, 0xbb, 0xbb, 0xb1,
    0x2f, 0xff, 0xff, 0xff, 0xff, 0xff, 0xff, 0xf2,
    0x2, 0x22, 0x5f, 0xf4, 0x22, 0x22, 0x22, 0x20,
    0x0, 0x0, 0x8f, 0xd0, 0x0, 0x0, 0x0, 0x0,
    0xff, 0xff, 0xff, 0xff, 0xff, 0xff, 0xff, 0xff,
    0xee, 0xef, 0xff, 0xee, 0xee, 0xee, 0xee, 0xee,
    0x0, 0xb, 0xfb, 0x0, 0x0, 0x0, 0x0, 0x0,
    0x0, 0x2f, 0xfe, 0xee, 0xee, 0xee, 0xee, 0x50,
    0x0, 0x2f, 0xff, 0xff, 0xff, 0xff, 0xff, 0x60,
    0x0, 0x1, 0x0, 0x0, 0x0, 0x3e, 0xfd, 0x20,
    0x0, 0x6f, 0xb6, 0x10, 0x7, 0xff, 0xa0, 0x0,
    0x0, 0x8f, 0xff, 0xfb, 0xbf, 0xf6, 0x0, 0x0,
    0x0, 0x1, 0x7c, 0xff, 0xff, 0xd6, 0x0, 0x0,
    0x0, 0x0, 0x0, 0x17, 0xcf, 0xff, 0xf3, 0x0,
    0x0, 0x0, 0x0, 0x0, 0x2, 0x8e, 0xe0, 0x0,
    0x0, 0x0, 0x0, 0x0, 0x0, 0x0, 0x20, 0x0,

    /* U+4E24 "两" */
    0xef, 0xff, 0xff, 0xff, 0xff, 0xff, 0xff, 0xfc,
    0xcd, 0xdd, 0xef, 0xfd, 0xdf, 0xfd, 0xdd, 0xda,
    0x0, 0x0, 0x2f, 0xc0, 0xd, 0xf1, 0x0, 0x0,
    0x0, 0x0, 0x2f, 0xc0, 0xd, 0xf1, 0x0, 0x0,
    0x2c, 0xcc, 0xdf, 0xfc, 0xcf, 0xfc, 0xcc, 0xc0,
    0x2f, 0xff, 0xff, 0xff, 0xff, 0xff, 0xff, 0xf0,
    0x2f, 0xc0, 0x5f, 0xa0, 0xf, 0xf0, 0xf, 0xf0,
    0x2f, 0xc0, 0x7f, 0x90, 0x1f, 0xd0, 0xf, 0xf0,
    0x2f, 0xc0, 0xaf, 0xf4, 0x4f, 0xf3, 0xf, 0xf0,
    0x2f, 0xc0, 0xff, 0xff, 0xaf, 0xfe, 0x2f, 0xf0,
    0x2f, 0xc7, 0xfb, 0x68, 0xff, 0x9f, 0xdf, 0xf0,
    0x2f, 0xdf, 0xf3, 0x8, 0xfa, 0xa, 0xdf, 0xf0,
    0x2f, 0xef, 0x90, 0x3f, 0xf2, 0x0, 0x1f, 0xf0,
    0x2f, 0xc2, 0x10, 0x1a, 0x80, 0x0, 0xf, 0xf0,
    0x2f, 0xc0, 0x0, 0x0, 0x0, 0xad, 0xef, 0xe0,
    0x2f, 0xc0, 0x0, 0x0, 0x0, 0x9f, 0xfe, 0x60,
    0x0, 0x0, 0x0, 0x0, 0x0, 0x0, 0x0, 0x0,

    /* U+4E2A "个" */
    0x0, 0x0, 0x0, 0x3, 0xff, 0x30, 0x0, 0x0,
    0x0, 0x0, 0x0, 0x0, 0x1d, 0xff, 0xe1, 0x0,
    0x0, 0x0, 0x0, 0x0, 0x0, 0xcf, 0xdd, 0xfd,
    0x10, 0x0, 0x0, 0x0, 0x0, 0x1c, 0xfe, 0x11,
    0xef, 0xd2, 0x0, 0x0, 0x0, 0x3, 0xdf, 0xe2,
    0x0, 0x2e, 0xff, 0x40, 0x0, 0x0, 0x7f, 0xfd,
    0x21, 0x77, 0x2, 0xdf, 0xf9, 0x10, 0x1d, 0xff,
    0xb1, 0x2, 0xff, 0x10, 0x1b, 0xff, 0xe1, 0xb,
    0xf7, 0x0, 0x2, 0xff, 0x10, 0x0, 0x8f, 0xa0,
    0x2, 0x20, 0x0, 0x2, 0xff, 0x10, 0x0, 0x3,
    0x10, 0x0, 0x0, 0x0, 0x2, 0xff, 0x10, 0x0,
    0x0, 0x0, 0x0, 0x0, 0x0, 0x2, 0xff, 0x10,
    0x0, 0x0, 0x0, 0x0, 0x0, 0x0, 0x2, 0xff,
    0x10, 0x0, 0x0, 0x0, 0x0, 0x0, 0x0, 0x2,
    0xff, 0x10, 0x0, 0x0, 0x0, 0x0, 0x0, 0x0,
    0x2, 0xff, 0x10, 0x0, 0x0, 0x0, 0x0, 0x0,
    0x0, 0x2, 0xff, 0x10, 0x0, 0x0, 0x0, 0x0,
    0x0, 0x0, 0x2, 0xff, 0x10, 0x0, 0x0, 0x0,

    /* U+4E2D "中" */
    0x0, 0x0, 0x0, 0x1f, 0xf1, 0x0, 0x0, 0x0,
    0x0, 0x0, 0x0, 0x1f, 0xf1, 0x0, 0x0, 0x0,
    0x1, 0x11, 0x11, 0x3f, 0xf2, 0x11, 0x11, 0x10,
    0x2f, 0xff, 0xff, 0xff, 0xff, 0xff, 0xff, 0xf2,
    0x2f, 0xff, 0xff, 0xff, 0xff, 0xff, 0xff, 0xf2,
    0x2f, 0xf0, 0x0, 0x1f, 0xf1, 0x0, 0xf, 0xf2,
    0x2f, 0xf0, 0x0, 0x1f, 0xf1, 0x0, 0xf, 0xf2,
    0x2f, 0xf0, 0x0, 0x1f, 0xf1, 0x0, 0xf, 0xf2,
    0x2f, 0xf0, 0x0, 0x1f, 0xf1, 0x0, 0xf, 0xf2,
    0x2f, 0xff, 0xff, 0xff, 0xff, 0xff, 0xff, 0xf2,
    0x2f, 0xff, 0xff, 0xff, 0xff, 0xff, 0xff, 0xf2,
    0x1, 0x11, 0x11, 0x2f, 0xf1, 0x11, 0x11, 0x10,
    0x0, 0x0, 0x0, 0x1f, 0xf1, 0x0, 0x0, 0x0,
    0x0, 0x0, 0x0, 0x1f, 0xf1, 0x0, 0x0, 0x0,
    0x0, 0x0, 0x0, 0x1f, 0xf1, 0x0, 0x0, 0x0,
    0x0, 0x0, 0x0, 0x1f, 0xf1, 0x0, 0x0, 0x0,

    /* U+4E3A "为" */
    0x0, 0x0, 0x0, 0x0, 0x0, 0x0, 0x0, 0x0,
    0x0, 0xa6, 0x0, 0xbf, 0x60, 0x0, 0x0, 0x0,
    0x3, 0xff, 0x50, 0xcf, 0x50, 0x0, 0x0, 0x0,
    0x0, 0x6f, 0xf1, 0xdf, 0x40, 0x0, 0x0, 0x0,
    0x2, 0x2a, 0x72, 0xef, 0x52, 0x22, 0x22, 0x20,
    0x7f, 0xff, 0xff, 0xff, 0xff, 0xff, 0xff, 0xf2,
    0x6e, 0xee, 0xee, 0xff, 0xee, 0xee, 0xef, 0xf1,
    0x0, 0x0, 0x4, 0xfd, 0x0, 0x0, 0xf, 0xf0,
    0x0, 0x0, 0x8, 0xfa, 0x35, 0x0, 0x1f, 0xf0,
    0x0, 0x0, 0xd, 0xf8, 0xff, 0x50, 0x2f, 0xf0,
    0x0, 0x0, 0x4f, 0xf1, 0x7f, 0xf4, 0x3f, 0xe0,
    0x0, 0x0, 0xcf, 0xa0, 0x8, 0xf9, 0x4f, 0xd0,
    0x0, 0x8, 0xff, 0x20, 0x0, 0x50, 0x5f, 0xc0,
    0x0, 0x5f, 0xf7, 0x0, 0x0, 0x0, 0x6f, 0xb0,
    0x6, 0xff, 0xa0, 0x0, 0x22, 0x23, 0xcf, 0xa0,
    0x8f, 0xfb, 0x0, 0x2, 0xff, 0xff, 0xff, 0x60,
    0x4f, 0x90, 0x0, 0x0, 0xef, 0xff, 0xe8, 0x0,
    0x2, 0x0, 0x0, 0x0, 0x0, 0x0, 0x0, 0x0,

    /* U+4E3B "主" */
    0x0, 0x0, 0x0, 0x2, 0x10, 0x0, 0x0, 0x0,
    0x0, 0x0, 0x0, 0xaf, 0xa0, 0x0, 0x0, 0x0,
    0x0, 0x0, 0x0, 0x4f, 0xf1, 0x0, 0x0, 0x0,
    0x1, 0x11, 0x11, 0x1d, 0xa3, 0x11, 0x11, 0x10,
    0x5f, 0xff, 0xff, 0xff, 0xff, 0xff, 0xff, 0xf2,
    0x4f, 0xff, 0xff, 0xff, 0xff, 0xff, 0xff, 0xf1,
    0x0, 0x0, 0x0, 0x3f, 0xf0, 0x0, 0x0, 0x0,
    0x0, 0x0, 0x0, 0x3f, 0xf0, 0x0, 0x0, 0x0,
    0x0, 0x11, 0x11, 0x4f, 0xf1, 0x11, 0x11, 0x0,
    0x9, 0xff, 0xff, 0xff, 0xff, 0xff, 0xff, 0x50,
    0x9, 0xff, 0xff, 0xff, 0xff, 0xff, 0xff, 0x50,
    0x0, 0x0, 0x0, 0x3f, 0xf0, 0x0, 0x0, 0x0,
    0x0, 0x0, 0x0, 0x3f, 0xf0, 0x0, 0x0, 0x0,
    0x0, 0x0, 0x0, 0x3f, 0xf0, 0x0, 0x0, 0x0,
    0x34, 0x44, 0x44, 0x6f, 0xf4, 0x44, 0x44, 0x42,
    0xef, 0xff, 0xff, 0xff, 0xff, 0xff, 0xff, 0xfa,
    0xab, 0xbb, 0xbb, 0xbb, 0xbb, 0xbb, 0xbb, 0xb7,

    /* U+4E45 "久" */
    0x0, 0x0, 0x1, 0x74, 0x0, 0x0, 0x0, 0x0,
    0x0, 0x0, 0x0, 0x7, 0xfe, 0x0, 0x0, 0x0,
    0x0, 0x0, 0x0, 0x0, 0xe, 0xf7, 0x0, 0x0,
    0x0, 0x0, 0x0, 0x0, 0x0, 0x7f, 0xff, 0xff,
    0xff, 0xf0, 0x0, 0x0, 0x0, 0x1, 0xef, 0xff,
    0xff, 0xff, 0xf0, 0x0, 0x0, 0x0, 0xb, 0xfd,
    0x11, 0x11, 0xaf, 0xd0, 0x0, 0x0, 0x0, 0x7f,
    0xf3, 0x0, 0x1, 0xff, 0x60, 0x0, 0x0, 0x4,
    0xff, 0x80, 0x0, 0x9, 0xfe, 0x0, 0x0, 0x0,
    0x0, 0xca, 0x0, 0x0, 0x3f, 0xf6, 0x0, 0x0,
    0x0, 0x0, 0x0, 0x0, 0x0, 0xdf, 0xf2, 0x0,
    0x0, 0x0, 0x0, 0x0, 0x0, 0xb, 0xff, 0xfc,
    0x0, 0x0, 0x0, 0x0, 0x0, 0x0, 0xaf, 0xf6,
    0xef, 0x80, 0x0, 0x0, 0x0, 0x0, 0x1b, 0xff,
    0x70, 0x5f, 0xf7, 0x0, 0x0, 0x0, 0x3, 0xef,
    0xf6, 0x0, 0x8, 0xff, 0xa0, 0x0, 0x1, 0x9f,
    0xfe, 0x40, 0x0, 0x0, 0x9f, 0xfd, 0x40, 0xd,
    0xff, 0xc2, 0x0, 0x0, 0x0, 0x8, 0xff, 0xd0,
    0x5, 0xf7, 0x0, 0x0, 0x0, 0x0, 0x0, 0x5e,
    0x30, 0x0, 0x10, 0x0, 0x0, 0x0, 0x0, 0x0,
    0x0, 0x0,

    /* U+4E49 "义" */
    0x0, 0x0, 0x0, 0x0, 0x20, 0x0, 0x0, 0x0,
    0x0, 0x0, 0x0, 0x0, 0x1c, 0xf1, 0x0, 0x0,
    0x0, 0x0, 0x0, 0x6, 0x90, 0xc, 0xfa, 0x0,
    0x1f, 0xa1, 0x0, 0x0, 0x2f, 0xf1, 0x3, 0xff,
    0x30, 0x6f, 0xf0, 0x0, 0x0, 0xc, 0xf7, 0x0,
    0xaf, 0xc0, 0xaf, 0xa0, 0x0, 0x0, 0x6, 0xfe,
    0x0, 0x1b, 0x21, 0xff, 0x50, 0x0, 0x0, 0x0,
    0xef, 0x60, 0x0, 0x7, 0xfe, 0x0, 0x0, 0x0,
    0x0, 0x7f, 0xe1, 0x0, 0xe, 0xf8, 0x0, 0x0,
    0x0, 0x0, 0xe, 0xfa, 0x0, 0x7f, 0xf1, 0x0,
    0x0, 0x0, 0x0, 0x4, 0xff, 0x63, 0xff, 0x80,
    0x0, 0x0, 0x0, 0x0, 0x0, 0x9f, 0xfe, 0xfd,
    0x0, 0x0, 0x0, 0x0, 0x0, 0x0, 0xc, 0xff,
    0xf2, 0x0, 0x0, 0x0, 0x0, 0x0, 0x0, 0x7f,
    0xff, 0xfa, 0x10, 0x0, 0x0, 0x0, 0x0, 0x4d,
    0xff, 0xda, 0xff, 0xf7, 0x0, 0x0, 0x0, 0x5c,
    0xff, 0xf9, 0x0, 0x5e, 0xff, 0xf8, 0x20, 0xd,
    0xff, 0xfc, 0x30, 0x0, 0x1, 0x9f, 0xff, 0xd0,
    0x7, 0xfc, 0x40, 0x0, 0x0, 0x0, 0x2, 0xaf,
    0x60, 0x0, 0x30, 0x0, 0x0, 0x0, 0x0, 0x0,
    0x1, 0x0,

    /* U+4E50 "乐" */
    0x0, 0x0, 0x0, 0x0, 0x0, 0x0, 0x0, 0x0,
    0x0, 0x0, 0x12, 0x23, 0x46, 0x79, 0xac, 0xef,
    0x0, 0x0, 0x7f, 0xff, 0xff, 0xff, 0xff, 0xff,
    0xf2, 0x0, 0x8, 0xff, 0xed, 0xca, 0x97, 0x64,
    0x20, 0x0, 0x0, 0xaf, 0x70, 0x0, 0x9a, 0x20,
    0x0, 0x0, 0x0, 0xc, 0xf5, 0x0, 0xe, 0xf3,
    0x0, 0x0, 0x0, 0x0, 0xdf, 0x40, 0x0, 0xef,
    0x30, 0x0, 0x0, 0x0, 0xf, 0xf4, 0x22, 0x2e,
    0xf5, 0x22, 0x22, 0x20, 0x1, 0xff, 0xff, 0xff,
    0xff, 0xff, 0xff, 0xff, 0x10, 0x2d, 0xdd, 0xdd,
    0xdf, 0xfd, 0xdd, 0xdd, 0xd1, 0x0, 0x0, 0x40,
    0x0, 0xef, 0x30, 0x32, 0x0, 0x0, 0x0, 0x6f,
    0xc0, 0xe, 0xf3, 0x4f, 0xd1, 0x0, 0x0, 0x2f,
    0xf6, 0x0, 0xef, 0x30, 0xdf, 0xc0, 0x0, 0x1d,
    0xfa, 0x0, 0xe, 0xf3, 0x1, 0xef, 0xa0, 0x1d,
    0xfd, 0x2, 0x34, 0xff, 0x30, 0x3, 0xff, 0x71,
    0xbe, 0x10, 0xaf, 0xff, 0xf2, 0x0, 0x6, 0xf5,
    0x0, 0x10, 0x7, 0xff, 0xf9, 0x0, 0x0, 0x1,
    0x0,

    /* U+4E8E "于" */
    0xa, 0xff, 0xff, 0xff, 0xff, 0xff, 0xff, 0x80,
    0xa, 0xff, 0xff, 0xff, 0xff, 0xff, 0xff, 0x80,
    0x0, 0x0, 0x0, 0xd, 0xf6, 0x0, 0x0, 0x0,
    0x0, 0x0, 0x0, 0xd, 0xf6, 0x0, 0x0, 0x0,
    0x0, 0x0, 0x0, 0xd, 0xf6, 0x0, 0x0, 0x0,
    0x0, 0x0, 0x0, 0xd, 0xf6, 0x0, 0x0, 0x0,
    0xab, 0xbb, 0xbb, 0xbf, 0xfd, 0xbb, 0xbb, 0xb9,
    0xef, 0xff, 0xff, 0xff, 0xff, 0xff, 0xff, 0xfd,
    0x34, 0x44, 0x44, 0x4e, 0xf8, 0x44, 0x44, 0x43,
    0x0, 0x0, 0x0, 0xd, 0xf6, 0x0, 0x0, 0x0,
    0x0, 0x0, 0x0, 0xd, 0xf6, 0x0, 0x0, 0x0,
    0x0, 0x0, 0x0, 0xd, 0xf6, 0x0, 0x0, 0x0,
    0x0, 0x0, 0x0, 0xd, 0xf6, 0x0, 0x0, 0x0,
    0x0, 0x1, 0x22, 0x3f, 0xf5, 0x0, 0x0, 0x0,
    0x0, 0x8, 0xff, 0xff, 0xf3, 0x0, 0x0, 0x0,
    0x0, 0x5, 0xff, 0xfe, 0x80, 0x0, 0x0, 0x0,

    /* U+4E91 "云" */
    0x8, 0xff, 0xff, 0xff, 0xff, 0xff, 0xff, 0x60,
    0x7, 0xff, 0xff, 0xff, 0xff, 0xff, 0xff, 0x60,
    0x0, 0x0, 0x0, 0x0, 0x0, 0x0, 0x0, 0x0,
    0x0, 0x0, 0x0, 0x0, 0x0, 0x0, 0x0, 0x0,
    0x0, 0x0, 0x0, 0x0, 0x0, 0x0, 0x0, 0x0,
    0x22, 0x22, 0x22, 0x22, 0x22, 0x22, 0x22, 0x22,
    0xef, 0xff, 0xff, 0xff, 0xff, 0xff, 0xff, 0xfd,
    0xcd, 0xdd, 0xde, 0xff, 0xdd, 0xdd, 0xdd, 0xdb,
    0x0, 0x0, 0xd, 0xf9, 0x0, 0x0, 0x0, 0x0,
    0x0, 0x0, 0x8f, 0xe0, 0x1, 0xb7, 0x0, 0x0,
    0x0, 0x4, 0xff, 0x40, 0x4, 0xff, 0x20, 0x0,
    0x0, 0x2e, 0xf8, 0x0, 0x0, 0x9f, 0xc0, 0x0,
    0x1, 0xdf, 0xc0, 0x0, 0x0, 0x1e, 0xf8, 0x0,
    0xc, 0xff, 0xaa, 0xcd, 0xef, 0xff, 0xff, 0x30,
    0xb, 0xff, 0xff, 0xff, 0xff, 0xfd, 0xef, 0xd0,
    0x5, 0x98, 0x75, 0x43, 0x10, 0x0, 0x1e, 0xe2,
    0x0, 0x0, 0x0, 0x0, 0x0, 0x0, 0x4, 0x10,

    /* U+4E92 "互" */
    0x6, 0xff, 0xff, 0xff, 0xff, 0xff, 0xff, 0xff,
    0x60, 0x6f, 0xff, 0xff, 0xff, 0xff, 0xff, 0xff,
    0xf6, 0x0, 0x0, 0x8f, 0xa0, 0x0, 0x0, 0x0,
    0x0, 0x0, 0x0, 0xb, 0xf8, 0x0, 0x0, 0x0,
    0x0, 0x0, 0x0, 0x0, 0xdf, 0x71, 0x11, 0x11,
    0x11, 0x0, 0x0, 0x0, 0xf, 0xff, 0xff, 0xff,
    0xff, 0xfa, 0x0, 0x0, 0x2, 0xff, 0xee, 0xee,
    0xee, 0xff, 0x90, 0x0, 0x0, 0x5f, 0xe0, 0x0,
    0x0, 0x9, 0xf7, 0x0, 0x0, 0x8, 0xfa, 0x0,
    0x0, 0x0, 0xbf, 0x60, 0x0, 0x0, 0xaf, 0xec,
    0xcc, 0xcc, 0xcf, 0xf5, 0x0, 0x0, 0xd, 0xff,
    0xff, 0xff, 0xff, 0xff, 0x40, 0x0, 0x0, 0x33,
    0x33, 0x33, 0x33, 0x3f, 0xf3, 0x0, 0x0, 0x0,
    0x0, 0x0, 0x0, 0x0, 0xff, 0x20, 0x0, 0x44,
    0x44, 0x44, 0x44, 0x44, 0x5f, 0xf4, 0x43, 0xf,
    0xff, 0xff, 0xff, 0xff, 0xff, 0xff, 0xff, 0xf0,
    0xbb, 0xbb, 0xbb, 0xbb, 0xbb, 0xbb, 0xbb, 0xbb,

    /* U+4EA4 "交" */
    0x0, 0x0, 0x0, 0x0, 0x11, 0x0, 0x0, 0x0,
    0x0, 0x0, 0x0, 0x0, 0x8f, 0xb0, 0x0, 0x0,
    0x0, 0x0, 0x11, 0x11, 0x14, 0xff, 0x21, 0x11,
    0x11, 0x0, 0xdf, 0xff, 0xff, 0xff, 0xff, 0xff,
    0xff, 0xf6, 0xc, 0xff, 0xff, 0xff, 0xff, 0xff,
    0xff, 0xff, 0x50, 0x0, 0x0, 0x87, 0x0, 0x3,
    0xc2, 0x0, 0x0, 0x0, 0x0, 0x8f, 0xf3, 0x0,
    0xbf, 0xf6, 0x0, 0x0, 0x0, 0xaf, 0xf5, 0x0,
    0x0, 0x9f, 0xf9, 0x0, 0x3, 0xdf, 0xf5, 0x20,
    0x0, 0x2, 0x5f, 0xfd, 0x20, 0x9f, 0xd5, 0xde,
    0x0, 0x7, 0xf8, 0x3e, 0xe1, 0x0, 0x91, 0xc,
    0xf9, 0x2, 0xff, 0x40, 0x14, 0x0, 0x0, 0x0,
    0x2f, 0xf7, 0xdf, 0xa0, 0x0, 0x0, 0x0, 0x0,
    0x0, 0x5f, 0xff, 0xd0, 0x0, 0x0, 0x0, 0x0,
    0x0, 0x6, 0xff, 0xfc, 0x30, 0x0, 0x0, 0x0,
    0x2, 0x8e, 0xff, 0xbe, 0xff, 0xc7, 0x20, 0x1,
    0x9d, 0xff, 0xfd, 0x40, 0x18, 0xff, 0xff, 0xe7,
    0xd, 0xff, 0xa4, 0x0, 0x0, 0x1, 0x6c, 0xff,
    0x50, 0x45, 0x0, 0x0, 0x0, 0x0, 0x0, 0x1,
    0x50,

    /* U+4EA7 "产" */
    0x0, 0x0, 0x0, 0x0, 0x68, 0x30, 0x0, 0x0,
    0x0, 0x0, 0x0, 0x0, 0xc, 0xf9, 0x0, 0x0,
    0x0, 0x5, 0xbb, 0xbb, 0xbb, 0xef, 0xfb, 0xbb,
    0xbb, 0xa0, 0x7f, 0xff, 0xff, 0xff, 0xff, 0xff,
    0xff, 0xfe, 0x2, 0x44, 0x4f, 0xf5, 0x44, 0x4a,
    0xf9, 0x44, 0x30, 0x0, 0x0, 0xdf, 0x40, 0x0,
    0xbf, 0x40, 0x0, 0x0, 0x0, 0x9, 0xf8, 0x0,
    0xf, 0xf1, 0x0, 0x0, 0x4, 0xcc, 0xdf, 0xec,
    0xcc, 0xff, 0xcc, 0xc6, 0x0, 0x6f, 0xff, 0xff,
    0xff, 0xff, 0xff, 0xff, 0x90, 0x6, 0xfb, 0x33,
    0x33, 0x33, 0x33, 0x33, 0x32, 0x0, 0x6f, 0xa0,
    0x0, 0x0, 0x0, 0x0, 0x0, 0x0, 0x7, 0xf9,
    0x0, 0x0, 0x0, 0x0, 0x0, 0x0, 0x0, 0x8f,
    0x80, 0x0, 0x0, 0x0, 0x0, 0x0, 0x0, 0xc,
    0xf5, 0x0, 0x0, 0x0, 0x0, 0x0, 0x0, 0x2,
    0xff, 0x10, 0x0, 0x0, 0x0, 0x0, 0x0, 0x0,
    0xaf, 0xb0, 0x0, 0x0, 0x0, 0x0, 0x0, 0x0,
    0x8, 0xf2, 0x0, 0x0, 0x0, 0x0, 0x0, 0x0,
    0x0, 0x1, 0x0, 0x0, 0x0, 0x0, 0x0, 0x0,
    0x0,

    /* U+4EAE "亮" */
    0x0, 0x0, 0x0, 0x5, 0x70, 0x0, 0x0, 0x0,
    0x0, 0x0, 0x0, 0xf, 0xf5, 0x0, 0x0, 0x0,
    0xaf, 0xff, 0xff, 0xff, 0xff, 0xff, 0xff, 0xfe,
    0x7a, 0xaa, 0xaa, 0xaa, 0xaa, 0xaa, 0xaa, 0xa9,
    0x0, 0x37, 0x77, 0x77, 0x77, 0x77, 0x75, 0x0,
    0x0, 0x8f, 0xff, 0xff, 0xff, 0xff, 0xfc, 0x0,
    0x0, 0x8f, 0x81, 0x11, 0x11, 0x13, 0xfc, 0x0,
    0x0, 0x8f, 0xff, 0xff, 0xff, 0xff, 0xfc, 0x0,
    0x0, 0x24, 0x44, 0x44, 0x44, 0x44, 0x43, 0x0,
    0x6d, 0xdd, 0xdd, 0xdd, 0xdd, 0xdd, 0xdd, 0xd9,
    0x7f, 0xc9, 0x99, 0x99, 0x99, 0x99, 0x9b, 0xfb,
    0x7f, 0x80, 0x78, 0x88, 0x88, 0x85, 0x4, 0xfb,
    0x25, 0x20, 0xef, 0xff, 0xff, 0xfb, 0x1, 0x74,
    0x0, 0x0, 0xff, 0x21, 0x14, 0xfb, 0x0, 0xfd,
    0x0, 0x1a, 0xfe, 0x0, 0x4, 0xfb, 0x0, 0xfd,
    0x5a, 0xff, 0xf4, 0x0, 0x3, 0xff, 0xcd, 0xfb,
    0x7f, 0xfa, 0x20, 0x0, 0x0, 0xbf, 0xff, 0xd3,
    0x16, 0x10, 0x0, 0x0, 0x0, 0x0, 0x0, 0x0,

    /* U+4EBA "人" */
    0x0, 0x0, 0x0, 0x3f, 0xf0, 0x0, 0x0, 0x0,
    0x0, 0x0, 0x0, 0x3f, 0xf0, 0x0, 0x0, 0x0,
    0x0, 0x0, 0x0, 0x4f, 0xf0, 0x0, 0x0, 0x0,
    0x0, 0x0, 0x0, 0x5f, 0xf0, 0x0, 0x0, 0x0,
    0x0, 0x0, 0x0, 0x6f, 0xf1, 0x0, 0x0, 0x0,
    0x0, 0x0, 0x0, 0x8f, 0xf4, 0x0, 0x0, 0x0,
    0x0, 0x0, 0x0, 0xcf, 0xf9, 0x0, 0x0, 0x0,
    0x0, 0x0, 0x1, 0xff, 0xfe, 0x0, 0x0, 0x0,
    0x0, 0x0, 0x7, 0xfe, 0xdf, 0x60, 0x0, 0x0,
    0x0, 0x0, 0x1e, 0xf8, 0x5f, 0xe1, 0x0, 0x0,
    0x0, 0x0, 0xaf, 0xf1, 0xd, 0xfa, 0x0, 0x0,
    0x0, 0x6, 0xff, 0x60, 0x3, 0xff, 0x80, 0x0,
    0x0, 0x6f, 0xfb, 0x0, 0x0, 0x8f, 0xf8, 0x0,
    0x9, 0xff, 0xc0, 0x0, 0x0, 0xa, 0xff, 0xb1,
    0xbf, 0xfc, 0x10, 0x0, 0x0, 0x0, 0xbf, 0xfb,
    0x4f, 0xb0, 0x0, 0x0, 0x0, 0x0, 0xa, 0xf2,
    0x5, 0x0, 0x0, 0x0, 0x0, 0x0, 0x0, 0x30,

    /* U+4EC1 "仁" */
    0x0, 0x0, 0x21, 0x0, 0x0, 0x0, 0x0, 0x0,
    0x0, 0x0, 0xb, 0xf6, 0x0, 0x0, 0x0, 0x0,
    0x0, 0x0, 0x1, 0xff, 0x22, 0x22, 0x22, 0x22,
    0x22, 0x0, 0x0, 0x7f, 0xd0, 0xff, 0xff, 0xff,
    0xff, 0xf5, 0x0, 0xe, 0xf7, 0xf, 0xff, 0xff,
    0xff, 0xff, 0x50, 0x6, 0xff, 0x10, 0x0, 0x0,
    0x0, 0x0, 0x0, 0x0, 0xef, 0xf1, 0x0, 0x0,
    0x0, 0x0, 0x0, 0x0, 0x7f, 0xff, 0x10, 0x0,
    0x0, 0x0, 0x0, 0x0, 0x2f, 0xff, 0xf1, 0x0,
    0x0, 0x0, 0x0, 0x0, 0x1, 0xfd, 0xef, 0x10,
    0x0, 0x0, 0x0, 0x0, 0x0, 0xc, 0x3e, 0xf1,
    0x0, 0x0, 0x0, 0x0, 0x0, 0x0, 0x10, 0xef,
    0x10, 0x0, 0x0, 0x0, 0x0, 0x0, 0x0, 0xe,
    0xf1, 0x0, 0x0, 0x0, 0x0, 0x0, 0x0, 0x0,
    0xef, 0x10, 0x0, 0x0, 0x0, 0x0, 0x0, 0x0,
    0xe, 0xf1, 0xcf, 0xff, 0xff, 0xff, 0xff, 0xe0,
    0x0, 0xef, 0x1c, 0xff, 0xff, 0xff, 0xff, 0xfe,
    0x0, 0xe, 0xf1, 0x0, 0x0, 0x0, 0x0, 0x0,
    0x0,

    /* U+4EC5 "仅" */
    0x0, 0x0, 0x0, 0x0, 0x0, 0x0, 0x0, 0x0,
    0x0, 0x0, 0x0, 0xdb, 0x10, 0x0, 0x0, 0x0,
    0x0, 0x0, 0x0, 0x3, 0xfd, 0x3f, 0xff, 0xff,
    0xff, 0xff, 0x20, 0x0, 0x9, 0xf7, 0x3f, 0xff,
    0xff, 0xff, 0xff, 0x20, 0x0, 0x1f, 0xf1, 0x1f,
    0xf2, 0x0, 0x2, 0xff, 0x0, 0x0, 0x7f, 0xe0,
    0xe, 0xf5, 0x0, 0x5, 0xfc, 0x0, 0x0, 0xef,
    0xe0, 0x9, 0xf9, 0x0, 0x9, 0xf8, 0x0, 0x8,
    0xff, 0xe0, 0x4, 0xfe, 0x0, 0xe, 0xf3, 0x0,
    0x1f, 0xff, 0xe0, 0x0, 0xef, 0x50, 0x6f, 0xd0,
    0x0, 0xf, 0xbf, 0xe0, 0x0, 0x8f, 0xc0, 0xdf,
    0x60, 0x0, 0xb, 0x2f, 0xe0, 0x0, 0x1f, 0xfc,
    0xfe, 0x0, 0x0, 0x1, 0x1f, 0xe0, 0x0, 0x7,
    0xff, 0xf5, 0x0, 0x0, 0x0, 0x1f, 0xe0, 0x0,
    0x4, 0xff, 0xf2, 0x0, 0x0, 0x0, 0x1f, 0xe0,
    0x0, 0x5f, 0xff, 0xfe, 0x30, 0x0, 0x0, 0x1f,
    0xe0, 0x8, 0xff, 0xd4, 0xff, 0xf6, 0x0, 0x0,
    0x1f, 0xe2, 0xcf, 0xfc, 0x10, 0x2e, 0xff, 0xa0,
    0x0, 0x1f, 0xe8, 0xff, 0x90, 0x0, 0x1, 0xcf,
    0xd0, 0x0, 0x1f, 0xe0, 0xc5, 0x0, 0x0, 0x0,
    0x8, 0x40, 0x0, 0x0, 0x0, 0x0, 0x0, 0x0,
    0x0, 0x0, 0x0,

    /* U+4ECA "今" */
    0x0, 0x0, 0x0, 0x3, 0xff, 0x30, 0x0, 0x0,
    0x0, 0x0, 0x0, 0x0, 0x1e, 0xff, 0xe2, 0x0,
    0x0, 0x0, 0x0, 0x0, 0x2, 0xdf, 0xaa, 0xfe,
    0x20, 0x0, 0x0, 0x0, 0x0, 0x3e, 0xfb, 0x0,
    0xcf, 0xe3, 0x0, 0x0, 0x0, 0x7, 0xff, 0xb0,
    0x30, 0xc, 0xff, 0x70, 0x0, 0x3, 0xcf, 0xf9,
    0xb, 0xf3, 0x0, 0xaf, 0xfc, 0x30, 0x1f, 0xff,
    0x50, 0x6, 0xfe, 0x10, 0x6, 0xff, 0xf0, 0x8,
    0xa1, 0x0, 0x0, 0x9f, 0x80, 0x0, 0x2b, 0x80,
    0x0, 0x3, 0x33, 0x33, 0x3a, 0x33, 0x33, 0x20,
    0x0, 0x0, 0x4f, 0xff, 0xff, 0xff, 0xff, 0xff,
    0xe0, 0x0, 0x0, 0x3d, 0xdd, 0xdd, 0xdd, 0xdd,
    0xff, 0xe0, 0x0, 0x0, 0x0, 0x0, 0x0, 0x0,
    0x4, 0xff, 0x50, 0x0, 0x0, 0x0, 0x0, 0x0,
    0x0, 0x2e, 0xf9, 0x0, 0x0, 0x0, 0x0, 0x0,
    0x0, 0x1, 0xdf, 0xc0, 0x0, 0x0, 0x0, 0x0,
    0x0, 0x0, 0xc, 0xfe, 0x10, 0x0, 0x0, 0x0,
    0x0, 0x0, 0x0, 0x9f, 0xf2, 0x0, 0x0, 0x0,
    0x0, 0x0, 0x0, 0x0, 0x6, 0x40, 0x0, 0x0,
    0x0,

    /* U+4ECD "仍" */
    0x0, 0x0, 0x0, 0x0, 0x0, 0x0, 0x0, 0x0,
    0x0, 0x0, 0xd, 0x90, 0x0, 0x0, 0x0, 0x0,
    0x0, 0x0, 0x5, 0xfd, 0xbf, 0xff, 0xff, 0xff,
    0xf4, 0x0, 0x0, 0xaf, 0x8a, 0xff, 0xff, 0xff,
    0xff, 0x30, 0x0, 0xf, 0xf3, 0x2, 0xfd, 0x0,
    0xf, 0xf1, 0x0, 0x4, 0xfe, 0x0, 0x3f, 0xd0,
    0x4, 0xfc, 0x0, 0x0, 0xbf, 0xd0, 0x3, 0xfd,
    0x0, 0x9f, 0x70, 0x0, 0x3f, 0xfd, 0x0, 0x3f,
    0xc0, 0xd, 0xf2, 0x0, 0xc, 0xff, 0xd0, 0x4,
    0xfb, 0x0, 0xff, 0xee, 0x60, 0xff, 0xfd, 0x0,
    0x5f, 0xa0, 0xf, 0xff, 0xf6, 0xd, 0x9f, 0xd0,
    0x6, 0xf9, 0x0, 0x0, 0x9f, 0x60, 0x71, 0xfd,
    0x0, 0x8f, 0x70, 0x0, 0x9, 0xf5, 0x0, 0x1f,
    0xd0, 0xb, 0xf4, 0x0, 0x0, 0xaf, 0x40, 0x1,
    0xfd, 0x1, 0xff, 0x0, 0x0, 0xb, 0xf3, 0x0,
    0x1f, 0xd0, 0x7f, 0xa0, 0x0, 0x0, 0xcf, 0x20,
    0x1, 0xfd, 0x1e, 0xf3, 0x0, 0x0, 0x1e, 0xf1,
    0x0, 0x1f, 0xda, 0xf9, 0x0, 0x3f, 0xff, 0xff,
    0x0, 0x1, 0xfd, 0x7d, 0x0, 0x0, 0xff, 0xfe,
    0x50, 0x0, 0x0, 0x0, 0x0, 0x0, 0x0, 0x0,
    0x0, 0x0,

    /* U+4ECE "从" */
    0x0, 0x0, 0xdf, 0x40, 0x0, 0x5f, 0xc0, 0x0,
    0x0, 0x0, 0x0, 0xef, 0x30, 0x0, 0x5f, 0xc0,
    0x0, 0x0, 0x0, 0x0, 0xef, 0x30, 0x0, 0x5f,
    0xc0, 0x0, 0x0, 0x0, 0x0, 0xff, 0x20, 0x0,
    0x6f, 0xc0, 0x0, 0x0, 0x0, 0x0, 0xff, 0x10,
    0x0, 0x6f, 0xd0, 0x0, 0x0, 0x0, 0x1, 0xff,
    0x70, 0x0, 0x8f, 0xf0, 0x0, 0x0, 0x0, 0x2,
    0xff, 0xf6, 0x0, 0xaf, 0xf2, 0x0, 0x0, 0x0,
    0x5, 0xff, 0xff, 0x50, 0xdf, 0xf6, 0x0, 0x0,
    0x0, 0x8, 0xfa, 0x9f, 0xf4, 0xff, 0xfa, 0x0,
    0x0, 0x0, 0xc, 0xf6, 0xb, 0xb7, 0xfc, 0xff,
    0x0, 0x0, 0x0, 0x2f, 0xf2, 0x0, 0x1e, 0xf5,
    0xbf, 0x70, 0x0, 0x0, 0x8f, 0xd0, 0x0, 0x7f,
    0xe0, 0x4f, 0xe1, 0x0, 0x1, 0xff, 0x60, 0x3,
    0xff, 0x60, 0xd, 0xfa, 0x0, 0x9, 0xfe, 0x0,
    0x1e, 0xfc, 0x0, 0x4, 0xff, 0x60, 0x2f, 0xf7,
    0x0, 0xcf, 0xf2, 0x0, 0x0, 0xaf, 0xf1, 0x6,
    0xd0, 0x0, 0x7f, 0x50, 0x0, 0x0, 0xd, 0x70,
    0x0, 0x0, 0x0, 0x2, 0x0, 0x0, 0x0, 0x1,
    0x0,

    /* U+4EE4 "令" */
    0x0, 0x0, 0x0, 0x4, 0xff, 0x30, 0x0, 0x0,
    0x0, 0x0, 0x0, 0x0, 0x2f, 0xff, 0xe1, 0x0,
    0x0, 0x0, 0x0, 0x0, 0x3, 0xef, 0xab, 0xfd,
    0x20, 0x0, 0x0, 0x0, 0x0, 0x6f, 0xfb, 0x0,
    0xcf, 0xe4, 0x0, 0x0, 0x0, 0x1b, 0xff, 0x92,
    0x90, 0xb, 0xff, 0x91, 0x0, 0x18, 0xff, 0xf6,
    0xb, 0xfb, 0x0, 0x8f, 0xff, 0x70, 0x1e, 0xfb,
    0x20, 0x1, 0xef, 0x80, 0x4, 0xdf, 0xd0, 0x5,
    0x51, 0x11, 0x11, 0x4d, 0x31, 0x11, 0x27, 0x40,
    0x0, 0x6f, 0xff, 0xff, 0xff, 0xff, 0xff, 0xf1,
    0x0, 0x0, 0x6f, 0xff, 0xff, 0xff, 0xff, 0xff,
    0xf1, 0x0, 0x0, 0x0, 0x11, 0x0, 0x0, 0x6,
    0xff, 0x90, 0x0, 0x0, 0x0, 0x9f, 0x81, 0x0,
    0x8f, 0xf8, 0x0, 0x0, 0x0, 0x0, 0xdf, 0xfe,
    0x7b, 0xff, 0x70, 0x0, 0x0, 0x0, 0x0, 0x5,
    0xdf, 0xff, 0xf5, 0x0, 0x0, 0x0, 0x0, 0x0,
    0x0, 0x6, 0xef, 0xfe, 0x60, 0x0, 0x0, 0x0,
    0x0, 0x0, 0x0, 0x7, 0xff, 0xa0, 0x0, 0x0,
    0x0, 0x0, 0x0, 0x0, 0x0, 0x19, 0x10, 0x0,
    0x0,

    /* U+4EE5 "以" */
    0x0, 0x0, 0x0, 0x10, 0x0, 0x0, 0x0, 0x0,
    0x0, 0xff, 0x30, 0xcf, 0x10, 0x0, 0x2f, 0xe0,
    0x0, 0xf, 0xf3, 0x6, 0xfb, 0x0, 0x2, 0xfe,
    0x0, 0x0, 0xff, 0x30, 0xd, 0xf5, 0x0, 0x3f,
    0xe0, 0x0, 0xf, 0xf3, 0x0, 0x4f, 0xe0, 0x3,
    0xfd, 0x0, 0x0, 0xff, 0x30, 0x0, 0xbc, 0x20,
    0x4f, 0xc0, 0x0, 0xf, 0xf3, 0x0, 0x1, 0x0,
    0x6, 0xfb, 0x0, 0x0, 0xff, 0x30, 0x0, 0x0,
    0x0, 0x8f, 0x90, 0x0, 0xf, 0xf3, 0x0, 0x0,
    0x0, 0xb, 0xf7, 0x0, 0x0, 0xff, 0x30, 0xb,
    0x70, 0x0, 0xff, 0x20, 0x0, 0xf, 0xf3, 0x1c,
    0xfc, 0x0, 0x6f, 0xe0, 0x0, 0x0, 0xff, 0x5d,
    0xff, 0x60, 0x1e, 0xff, 0x40, 0x0, 0xf, 0xff,
    0xfe, 0x40, 0xb, 0xff, 0xff, 0x20, 0x0, 0xff,
    0xfd, 0x20, 0x1b, 0xff, 0x4c, 0xfe, 0x10, 0x3f,
    0xfc, 0x10, 0x5e, 0xff, 0x40, 0x1e, 0xfc, 0x0,
    0x9a, 0x0, 0x2f, 0xfe, 0x30, 0x0, 0x3f, 0x80,
    0x0, 0x0, 0x0, 0x79, 0x0, 0x0, 0x0, 0x30,
    0x0, 0x0, 0x0, 0x0, 0x0, 0x0, 0x0, 0x0,
    0x0,

    /* U+4EF2 "仲" */
    0x0, 0x0, 0x0, 0x0, 0x0, 0x0, 0x0, 0x0,
    0x0, 0x2f, 0xa0, 0x0, 0xd, 0xf4, 0x0, 0x0,
    0x0, 0x7f, 0xb0, 0x0, 0xd, 0xf4, 0x0, 0x0,
    0x0, 0xdf, 0x50, 0x0, 0xd, 0xf4, 0x0, 0x0,
    0x3, 0xfe, 0xd, 0xff, 0xff, 0xff, 0xff, 0xfd,
    0xa, 0xfd, 0xd, 0xff, 0xff, 0xff, 0xff, 0xfd,
    0x2f, 0xfd, 0xd, 0xf1, 0xd, 0xf4, 0x3, 0xfd,
    0x9f, 0xfd, 0xd, 0xf1, 0xd, 0xf4, 0x3, 0xfd,
    0xdf, 0xfd, 0xd, 0xf1, 0xd, 0xf4, 0x3, 0xfd,
    0xa9, 0xfd, 0xd, 0xf1, 0xd, 0xf4, 0x3, 0xfd,
    0x51, 0xfd, 0xd, 0xff, 0xff, 0xff, 0xff, 0xfd,
    0x1, 0xfd, 0xd, 0xff, 0xff, 0xff, 0xff, 0xfc,
    0x1, 0xfd, 0x0, 0x0, 0xd, 0xf4, 0x0, 0x0,
    0x1, 0xfd, 0x0, 0x0, 0xd, 0xf4, 0x0, 0x0,
    0x1, 0xfd, 0x0, 0x0, 0xd, 0xf4, 0x0, 0x0,
    0x1, 0xfd, 0x0, 0x0, 0xd, 0xf4, 0x0, 0x0,
    0x1, 0xfd, 0x0, 0x0, 0xc, 0xf4, 0x0, 0x0,

    /* U+4EFB "任" */
    0x0, 0x0, 0x21, 0x0, 0x0, 0x0, 0x0, 0x0,
    0x0, 0x0, 0xd, 0xf3, 0x0, 0x1, 0x35, 0x7a,
    0xd2, 0x0, 0x2, 0xfe, 0x4d, 0xff, 0xff, 0xff,
    0xff, 0x50, 0x0, 0x9f, 0x83, 0xff, 0xff, 0xfd,
    0x86, 0x30, 0x0, 0x1f, 0xf2, 0x3, 0x10, 0x9f,
    0xa0, 0x0, 0x0, 0x8, 0xff, 0x0, 0x0, 0x9,
    0xfa, 0x0, 0x0, 0x1, 0xff, 0xf0, 0x0, 0x0,
    0x9f, 0xa0, 0x0, 0x0, 0xaf, 0xff, 0x1, 0x11,
    0x19, 0xfa, 0x11, 0x11, 0x2f, 0xff, 0xf0, 0xff,
    0xff, 0xff, 0xff, 0xff, 0xf0, 0xf7, 0xff, 0xf,
    0xff, 0xff, 0xff, 0xff, 0xfe, 0x6, 0xf, 0xf0,
    0x0, 0x0, 0x9f, 0xa0, 0x0, 0x0, 0x0, 0xff,
    0x0, 0x0, 0x9, 0xfa, 0x0, 0x0, 0x0, 0xf,
    0xf0, 0x0, 0x0, 0x9f, 0xa0, 0x0, 0x0, 0x0,
    0xff, 0x0, 0x0, 0x9, 0xfa, 0x0, 0x0, 0x0,
    0xf, 0xf0, 0x6c, 0xcc, 0xef, 0xec, 0xcc, 0x60,
    0x0, 0xff, 0x9, 0xff, 0xff, 0xff, 0xff, 0xf8,
    0x0, 0xf, 0xf0, 0x24, 0x44, 0x44, 0x44, 0x44,
    0x20,

    /* U+4EFD "份" */
    0x0, 0x0, 0x0, 0x0, 0x0, 0x0, 0x0, 0x0,
    0x0, 0x0, 0x0, 0xbc, 0x20, 0x27, 0x25, 0xd8,
    0x0, 0x0, 0x0, 0x2, 0xff, 0x0, 0x9f, 0x83,
    0xfd, 0x0, 0x0, 0x0, 0x8, 0xfa, 0x0, 0xef,
    0x20, 0xdf, 0x40, 0x0, 0x0, 0xe, 0xf4, 0x7,
    0xfa, 0x0, 0x6f, 0xc0, 0x0, 0x0, 0x5f, 0xe0,
    0x2f, 0xf2, 0x0, 0xe, 0xf6, 0x0, 0x0, 0xdf,
    0xd0, 0xcf, 0x70, 0x0, 0x4, 0xff, 0x40, 0x6,
    0xff, 0xd9, 0xfd, 0x33, 0x33, 0x33, 0xbf, 0xf1,
    0xf, 0xff, 0xd5, 0xef, 0xff, 0xff, 0xff, 0xfe,
    0xc0, 0xd, 0xcf, 0xd0, 0x2b, 0xef, 0xdc, 0xce,
    0xf5, 0x30, 0x6, 0x2f, 0xd0, 0x0, 0x9f, 0x50,
    0xb, 0xf3, 0x0, 0x0, 0x1f, 0xd0, 0x0, 0xcf,
    0x20, 0xc, 0xf2, 0x0, 0x0, 0x1f, 0xd0, 0x1,
    0xfe, 0x0, 0xe, 0xf1, 0x0, 0x0, 0x1f, 0xd0,
    0x9, 0xf8, 0x0, 0xf, 0xf0, 0x0, 0x0, 0x1f,
    0xd0, 0x6f, 0xf1, 0x22, 0x6f, 0xf0, 0x0, 0x0,
    0x1f, 0xd7, 0xff, 0x50, 0xff, 0xff, 0xb0, 0x0,
    0x0, 0x1f, 0xd1, 0xd5, 0x0, 0xad, 0xc9, 0x10,
    0x0, 0x0, 0x0, 0x0, 0x0, 0x0, 0x0, 0x0,
    0x0, 0x0,

    /* U+4F11 "休" */
    0x0, 0x0, 0xbb, 0x10, 0x0, 0xdf, 0x30, 0x0,
    0x0, 0x0, 0x1, 0xfe, 0x0, 0x0, 0xdf, 0x30,
    0x0, 0x0, 0x0, 0x8, 0xf8, 0x0, 0x0, 0xdf,
    0x30, 0x0, 0x0, 0x0, 0xf, 0xf2, 0xef, 0xff,
    0xff, 0xff, 0xff, 0xa0, 0x0, 0x8f, 0xd0, 0xef,
    0xff, 0xff, 0xff, 0xff, 0xa0, 0x2, 0xff, 0xd0,
    0x22, 0x28, 0xff, 0xc2, 0x22, 0x10, 0xc, 0xff,
    0xd0, 0x0, 0xd, 0xff, 0xf2, 0x0, 0x0, 0x2f,
    0xff, 0xd0, 0x0, 0x5f, 0xff, 0xfb, 0x0, 0x0,
    0xe, 0x6f, 0xd0, 0x0, 0xef, 0xff, 0xdf, 0x40,
    0x0, 0x4, 0x1f, 0xd0, 0xa, 0xf8, 0xdf, 0x5f,
    0xe1, 0x0, 0x0, 0x1f, 0xd0, 0x6f, 0xe1, 0xdf,
    0x38, 0xfc, 0x0, 0x0, 0x1f, 0xd4, 0xff, 0x50,
    0xdf, 0x30, 0xdf, 0xb0, 0x0, 0x1f, 0xdb, 0xfa,
    0x0, 0xdf, 0x30, 0x2f, 0xe1, 0x0, 0x1f, 0xd1,
    0xa0, 0x0, 0xdf, 0x30, 0x4, 0x50, 0x0, 0x1f,
    0xd0, 0x0, 0x0, 0xdf, 0x30, 0x0, 0x0, 0x0,
    0x1e, 0xb0, 0x0, 0x0, 0xdf, 0x30, 0x0, 0x0,

    /* U+4F18 "优" */
    0x0, 0x0, 0x0, 0x0, 0x0, 0x0, 0x0, 0x0,
    0x0, 0x0, 0xb, 0xd3, 0x0, 0xff, 0x2, 0x90,
    0x0, 0x0, 0x1, 0xff, 0x10, 0x1f, 0xe0, 0x9f,
    0xc0, 0x0, 0x0, 0x7f, 0xb0, 0x1, 0xfe, 0x0,
    0xaf, 0x90, 0x0, 0xe, 0xf4, 0x0, 0x2f, 0xe0,
    0x1, 0x91, 0x0, 0x5, 0xfe, 0x3f, 0xff, 0xff,
    0xff, 0xff, 0xfb, 0x0, 0xdf, 0xe2, 0xee, 0xff,
    0xfe, 0xee, 0xee, 0xa0, 0x7f, 0xfe, 0x0, 0x5,
    0xfb, 0x34, 0x0, 0x0, 0x1f, 0xff, 0xe0, 0x0,
    0x6f, 0xac, 0xf2, 0x0, 0x0, 0xf9, 0xfe, 0x0,
    0x9, 0xf7, 0xcf, 0x20, 0x0, 0x7, 0x1f, 0xe0,
    0x0, 0xdf, 0x4c, 0xf2, 0x0, 0x0, 0x1, 0xfe,
    0x0, 0x2f, 0xe0, 0xcf, 0x20, 0x53, 0x0, 0x1f,
    0xe0, 0x9, 0xf9, 0xc, 0xf2, 0xc, 0xf0, 0x1,
    0xfe, 0x2, 0xff, 0x10, 0xcf, 0x20, 0xde, 0x0,
    0x1f, 0xe0, 0xdf, 0x70, 0xc, 0xf3, 0xe, 0xe0,
    0x1, 0xfe, 0xaf, 0xc0, 0x0, 0xaf, 0xff, 0xfc,
    0x0, 0x1f, 0xe6, 0xc1, 0x0, 0x3, 0xdf, 0xfe,
    0x50,

    /* U+4F1A "会" */
    0x0, 0x0, 0x0, 0x1e, 0xf8, 0x0, 0x0, 0x0,
    0x0, 0x0, 0x0, 0x1d, 0xff, 0xf8, 0x0, 0x0,
    0x0, 0x0, 0x0, 0x3e, 0xfb, 0x4f, 0xfa, 0x0,
    0x0, 0x0, 0x0, 0x7f, 0xfa, 0x0, 0x3e, 0xfd,
    0x30, 0x0, 0x4, 0xdf, 0xf7, 0x0, 0x0, 0x1b,
    0xff, 0xa2, 0xb, 0xff, 0xee, 0xcc, 0xcc, 0xcc,
    0xce, 0xff, 0xf4, 0x7e, 0x63, 0xff, 0xff, 0xff,
    0xff, 0xa2, 0xbe, 0x0, 0x10, 0x0, 0x0, 0x0,
    0x0, 0x0, 0x0, 0x10, 0x0, 0x0, 0x0, 0x0,
    0x0, 0x0, 0x0, 0x0, 0x6, 0xff, 0xff, 0xff,
    0xff, 0xff, 0xff, 0xff, 0xd0, 0x5d, 0xdd, 0xdf,
    0xff, 0xdd, 0xde, 0xdd, 0xdb, 0x0, 0x0, 0x6,
    0xff, 0x30, 0x9, 0xd1, 0x0, 0x0, 0x0, 0x4,
    0xff, 0x60, 0x0, 0xdf, 0xb0, 0x0, 0x0, 0x5,
    0xff, 0x81, 0x23, 0x47, 0xff, 0x90, 0x0, 0x0,
    0xff, 0xff, 0xff, 0xff, 0xff, 0xff, 0x60, 0x0,
    0xd, 0xfe, 0xdd, 0xcb, 0xa9, 0x89, 0xfa, 0x0,
    0x0, 0x0, 0x0, 0x0, 0x0, 0x0, 0x5, 0x0,
    0x0,

    /* U+4F34 "伴" */
    0x0, 0x0, 0x0, 0x0, 0x0, 0x0, 0x0, 0x0,
    0x0, 0x0, 0xa, 0xb3, 0x0, 0xd, 0xf3, 0x0,
    0x0, 0x0, 0x1, 0xff, 0xae, 0x10, 0xdf, 0x30,
    0x9d, 0x30, 0x0, 0x7f, 0xb9, 0xf8, 0xd, 0xf3,
    0x1f, 0xf1, 0x0, 0xe, 0xf4, 0x1f, 0xf1, 0xdf,
    0x3a, 0xf8, 0x0, 0x6, 0xfe, 0x0, 0x8f, 0x7d,
    0xf5, 0xfe, 0x0, 0x1, 0xef, 0xe0, 0x1, 0x30,
    0xdf, 0x31, 0x30, 0x0, 0xaf, 0xfe, 0xb, 0xdd,
    0xdf, 0xfd, 0xdd, 0xd4, 0x2f, 0xff, 0xe0, 0xdf,
    0xff, 0xff, 0xff, 0xff, 0x50, 0xe7, 0xfe, 0x0,
    0x0, 0xd, 0xf4, 0x0, 0x0, 0x6, 0x1f, 0xe0,
    0x0, 0x0, 0xdf, 0x30, 0x0, 0x0, 0x1, 0xfe,
    0x5e, 0xee, 0xef, 0xfe, 0xee, 0xeb, 0x0, 0x1f,
    0xe6, 0xff, 0xff, 0xff, 0xff, 0xff, 0xc0, 0x1,
    0xfe, 0x0, 0x0, 0xd, 0xf4, 0x0, 0x0, 0x0,
    0x1f, 0xe0, 0x0, 0x0, 0xdf, 0x30, 0x0, 0x0,
    0x1, 0xfe, 0x0, 0x0, 0xd, 0xf3, 0x0, 0x0,
    0x0, 0x1f, 0xe0, 0x0, 0x0, 0xdf, 0x30, 0x0,
    0x0, 0x0, 0x0, 0x0, 0x0, 0x0, 0x0, 0x0,
    0x0,

    /* U+4F4D "位" */
    0x0, 0x0, 0x64, 0x0, 0x1, 0x57, 0x0, 0x0,
    0x0, 0x0, 0x1, 0xff, 0x10, 0x2, 0xff, 0x20,
    0x0, 0x0, 0x0, 0x6, 0xfc, 0x0, 0x0, 0xdf,
    0x70, 0x0, 0x0, 0x0, 0xc, 0xf6, 0xbb, 0xbb,
    0xef, 0xeb, 0xbb, 0x80, 0x0, 0x3f, 0xf0, 0xff,
    0xff, 0xff, 0xff, 0xff, 0xb0, 0x0, 0xaf, 0xd0,
    0x33, 0x33, 0x33, 0x34, 0x33, 0x20, 0x3, 0xff,
    0xd0, 0x1a, 0xc0, 0x0, 0x5, 0xe6, 0x0, 0xc,
    0xff, 0xd0, 0xe, 0xf1, 0x0, 0x9, 0xf7, 0x0,
    0x2f, 0xff, 0xd0, 0xa, 0xf6, 0x0, 0xd, 0xf3,
    0x0, 0xe, 0x6f, 0xd0, 0x6, 0xfa, 0x0, 0x1f,
    0xe0, 0x0, 0x4, 0x1f, 0xd0, 0x1, 0xfe, 0x0,
    0x6f, 0xa0, 0x0, 0x0, 0x1f, 0xd0, 0x0, 0xdf,
    0x30, 0xaf, 0x50, 0x0, 0x0, 0x1f, 0xd0, 0x0,
    0x9f, 0x70, 0xef, 0x10, 0x0, 0x0, 0x1f, 0xd0,
    0x0, 0x4a, 0x43, 0xfc, 0x0, 0x0, 0x0, 0x1f,
    0xd0, 0x11, 0x11, 0x19, 0xf8, 0x11, 0x10, 0x0,
    0x1f, 0xd4, 0xff, 0xff, 0xff, 0xff, 0xff, 0xf1,
    0x0, 0x1f, 0xd3, 0xdd, 0xdd, 0xdd, 0xdd, 0xdd,
    0xd1,

    /* U+4F4E "低" */
    0x0, 0x0, 0x31, 0x0, 0x0, 0x0, 0x0, 0x0,
    0x0, 0x0, 0x0, 0xff, 0x10, 0x0, 0x13, 0x58,
    0xac, 0x0, 0x0, 0x5, 0xfb, 0x9d, 0xef, 0xff,
    0xff, 0xff, 0x20, 0x0, 0xb, 0xf6, 0xcf, 0xff,
    0xff, 0xfa, 0x63, 0x0, 0x0, 0x1f, 0xf0, 0xcf,
    0x40, 0xb, 0xf3, 0x0, 0x0, 0x0, 0x9f, 0xd0,
    0xcf, 0x20, 0xa, 0xf4, 0x0, 0x0, 0x1, 0xff,
    0xd0, 0xcf, 0x20, 0x9, 0xf5, 0x0, 0x0, 0xa,
    0xff, 0xd0, 0xcf, 0xee, 0xef, 0xff, 0xee, 0xa0,
    0x1f, 0xff, 0xd0, 0xcf, 0xff, 0xff, 0xff, 0xff,
    0xb0, 0xe, 0x6f, 0xd0, 0xcf, 0x20, 0x5, 0xf9,
    0x0, 0x0, 0x4, 0x1f, 0xd0, 0xcf, 0x20, 0x3,
    0xfb, 0x0, 0x0, 0x0, 0x1f, 0xd0, 0xcf, 0x20,
    0x0, 0xfe, 0x0, 0x0, 0x0, 0x1f, 0xd0, 0xcf,
    0x20, 0x0, 0xdf, 0x17, 0x90, 0x0, 0x1f, 0xd0,
    0xcf, 0x85, 0x78, 0x9f, 0x6a, 0xf0, 0x0, 0x1f,
    0xd0, 0xdf, 0xfa, 0x9f, 0x5f, 0xef, 0xc0, 0x0,
    0x1f, 0xd1, 0xff, 0xb3, 0x2f, 0x8b, 0xff, 0x70,
    0x0, 0x1f, 0xd0, 0x73, 0x0, 0x9, 0x81, 0xba,
    0x0,

    /* U+4F4F "住" */
    0x0, 0x0, 0x0, 0x0, 0x0, 0x3, 0x0, 0x0,
    0x0, 0x0, 0xd, 0x90, 0x0, 0x1e, 0xe0, 0x0,
    0x0, 0x0, 0x5, 0xfe, 0x0, 0x0, 0xcf, 0x80,
    0x0, 0x0, 0x0, 0xbf, 0x81, 0x11, 0x15, 0xf7,
    0x11, 0x10, 0x0, 0x1f, 0xf2, 0xef, 0xff, 0xff,
    0xff, 0xff, 0x90, 0x8, 0xfe, 0xc, 0xee, 0xef,
    0xfe, 0xee, 0xe8, 0x1, 0xff, 0xe0, 0x0, 0x0,
    0xaf, 0x60, 0x0, 0x0, 0x9f, 0xfe, 0x0, 0x0,
    0xa, 0xf6, 0x0, 0x0, 0x1f, 0xff, 0xe0, 0x0,
    0x0, 0xaf, 0x70, 0x0, 0x0, 0xf9, 0xfe, 0x7,
    0xff, 0xff, 0xff, 0xff, 0xf0, 0x8, 0x1f, 0xe0,
    0x7e, 0xee, 0xff, 0xfe, 0xee, 0x0, 0x1, 0xfe,
    0x0, 0x0, 0xa, 0xf6, 0x0, 0x0, 0x0, 0x1f,
    0xe0, 0x0, 0x0, 0xaf, 0x60, 0x0, 0x0, 0x1,
    0xfe, 0x0, 0x0, 0xa, 0xf6, 0x0, 0x0, 0x0,
    0x1f, 0xe0, 0x11, 0x11, 0xbf, 0x71, 0x11, 0x10,
    0x1, 0xfe, 0x4f, 0xff, 0xff, 0xff, 0xff, 0xff,
    0x0, 0x1f, 0xe3, 0xdd, 0xdd, 0xdd, 0xdd, 0xdd,
    0xd0,

    /* U+4F53 "体" */
    0x0, 0x0, 0xcb, 0x10, 0x0, 0xff, 0x0, 0x0,
    0x0, 0x0, 0x3, 0xfd, 0x0, 0x0, 0xff, 0x0,
    0x0, 0x0, 0x0, 0x9, 0xf8, 0x11, 0x11, 0xff,
    0x11, 0x11, 0x0, 0x0, 0xe, 0xf3, 0xff, 0xff,
    0xff, 0xff, 0xff, 0x80, 0x0, 0x6f, 0xd0, 0xee,
    0xef, 0xff, 0xfe, 0xee, 0x70, 0x0, 0xdf, 0xc0,
    0x0, 0x1f, 0xff, 0xf1, 0x0, 0x0, 0x6, 0xff,
    0xc0, 0x0, 0x8f, 0xff, 0xf9, 0x0, 0x0, 0xe,
    0xff, 0xc0, 0x1, 0xfd, 0xff, 0xdf, 0x20, 0x0,
    0xf, 0xcf, 0xc0, 0xa, 0xf5, 0xff, 0x5f, 0xc0,
    0x0, 0x9, 0x2f, 0xc0, 0x6f, 0xd0, 0xff, 0xc,
    0xf8, 0x0, 0x0, 0x1f, 0xc4, 0xff, 0x30, 0xff,
    0x3, 0xff, 0x60, 0x0, 0x1f, 0xef, 0xf9, 0x22,
    0xff, 0x22, 0x9f, 0xf2, 0x0, 0x1f, 0xcc, 0xb7,
    0xff, 0xff, 0xff, 0x7b, 0xd0, 0x0, 0x1f, 0xc2,
    0x5, 0xbb, 0xff, 0xbb, 0x41, 0x30, 0x0, 0x1f,
    0xc0, 0x0, 0x0, 0xff, 0x0, 0x0, 0x0, 0x0,
    0x1f, 0xc0, 0x0, 0x0, 0xff, 0x0, 0x0, 0x0,

    /* U+4F59 "余" */
    0x0, 0x0, 0x0, 0x2e, 0xf8, 0x0, 0x0, 0x0,
    0x0, 0x0, 0x0, 0x2e, 0xff, 0xf7, 0x0, 0x0,
    0x0, 0x0, 0x0, 0x3e, 0xfa, 0x4f, 0xf9, 0x0,
    0x0, 0x0, 0x0, 0x8f, 0xfa, 0x0, 0x4e, 0xfc,
    0x30, 0x0, 0x6, 0xef, 0xf7, 0x0, 0x0, 0x2c,
    0xff, 0xa2, 0xb, 0xff, 0xcf, 0xff, 0xff, 0xff,
    0xfd, 0xff, 0xf3, 0x5d, 0x40, 0xee, 0xef, 0xff,
    0xee, 0x81, 0x9b, 0x0, 0x0, 0x0, 0x0, 0x8f,
    0x80, 0x0, 0x0, 0x0, 0x1d, 0xdd, 0xdd, 0xde,
    0xfe, 0xdd, 0xdd, 0xd7, 0x2, 0xff, 0xff, 0xff,
    0xff, 0xff, 0xff, 0xff, 0x90, 0x3, 0x34, 0x63,
    0x39, 0xfa, 0x36, 0x63, 0x31, 0x0, 0x1, 0xdf,
    0x40, 0x8f, 0x81, 0xef, 0x60, 0x0, 0x1, 0xcf,
    0xc0, 0x8, 0xf8, 0x7, 0xff, 0x90, 0x2, 0xdf,
    0xc1, 0x11, 0xbf, 0x80, 0x5, 0xff, 0xb0, 0x8f,
    0xb0, 0x4f, 0xff, 0xf7, 0x0, 0x3, 0xec, 0x0,
    0x60, 0x1, 0xff, 0xfc, 0x10, 0x0, 0x2, 0x10,

    /* U+4F5C "作" */
    0x0, 0x0, 0x20, 0x0, 0x13, 0x0, 0x0, 0x0,
    0x0, 0x0, 0x0, 0xef, 0x30, 0x7f, 0xb0, 0x0,
    0x0, 0x0, 0x0, 0x4, 0xfe, 0x0, 0xef, 0x50,
    0x0, 0x0, 0x0, 0x0, 0xb, 0xf8, 0x6, 0xff,
    0xff, 0xff, 0xff, 0xf2, 0x0, 0x2f, 0xf1, 0xd,
    0xff, 0xff, 0xff, 0xff, 0xf2, 0x0, 0xbf, 0xf0,
    0x7f, 0xe2, 0xfe, 0x11, 0x11, 0x10, 0x3, 0xff,
    0xf2, 0xff, 0x51, 0xfe, 0x0, 0x0, 0x0, 0xc,
    0xff, 0xf8, 0xfa, 0x1, 0xff, 0xcc, 0xcc, 0x30,
    0x4f, 0xef, 0xf0, 0x91, 0x1, 0xff, 0xff, 0xff,
    0x40, 0xf, 0x6f, 0xf0, 0x0, 0x1, 0xff, 0x33,
    0x33, 0x10, 0x4, 0x1f, 0xf0, 0x0, 0x1, 0xfe,
    0x0, 0x0, 0x0, 0x0, 0x1f, 0xf0, 0x0, 0x1,
    0xfe, 0x11, 0x11, 0x0, 0x0, 0x1f, 0xf0, 0x0,
    0x1, 0xff, 0xff, 0xff, 0x80, 0x0, 0x1f, 0xf0,
    0x0, 0x1, 0xff, 0xff, 0xff, 0x70, 0x0, 0x1f,
    0xf0, 0x0, 0x1, 0xfe, 0x0, 0x0, 0x0, 0x0,
    0x1f, 0xf0, 0x0, 0x1, 0xfe, 0x0, 0x0, 0x0,
    0x0, 0x1f, 0xe0, 0x0, 0x1, 0xfe, 0x0, 0x0,
    0x0,

    /* U+4F60 "你" */
    0x0, 0x0, 0x10, 0x0, 0x11, 0x0, 0x0, 0x0,
    0x0, 0x0, 0x0, 0xfd, 0x10, 0x9f, 0x90, 0x0,
    0x0, 0x0, 0x0, 0x4, 0xfc, 0x0, 0xef, 0x40,
    0x0, 0x0, 0x0, 0x0, 0xa, 0xf7, 0x6, 0xff,
    0xff, 0xff, 0xff, 0xf3, 0x0, 0x1f, 0xf1, 0xe,
    0xfe, 0xdd, 0xdd, 0xdf, 0xf3, 0x0, 0x8f, 0xe0,
    0x8f, 0xc0, 0x2, 0x20, 0x3f, 0xe0, 0x1, 0xff,
    0xe1, 0xff, 0x30, 0x3f, 0xd0, 0xaf, 0x70, 0xa,
    0xff, 0xe0, 0x37, 0x0, 0x3f, 0xd0, 0x2, 0x10,
    0xf, 0xff, 0xe0, 0x4, 0xa4, 0x3f, 0xd3, 0xb6,
    0x0, 0xb, 0x7f, 0xe0, 0xa, 0xf5, 0x3f, 0xd4,
    0xfc, 0x0, 0x3, 0x1f, 0xe0, 0x1f, 0xf0, 0x3f,
    0xd0, 0xef, 0x20, 0x0, 0x1f, 0xe0, 0x7f, 0xa0,
    0x3f, 0xd0, 0x8f, 0x80, 0x0, 0x1f, 0xe0, 0xef,
    0x40, 0x3f, 0xd0, 0x2f, 0xe0, 0x0, 0x1f, 0xe6,
    0xfd, 0x0, 0x3f, 0xd0, 0xd, 0xf4, 0x0, 0x1f,
    0xe1, 0x85, 0x0, 0x5f, 0xc0, 0x7, 0xa2, 0x0,
    0x1f, 0xe0, 0x0, 0xbf, 0xff, 0xb0, 0x0, 0x0,
    0x0, 0x1f, 0xe0, 0x0, 0x8f, 0xec, 0x30, 0x0,
    0x0,

    /* U+4F7F "使" */
    0x0, 0x0, 0x0, 0x0, 0x0, 0x0, 0x0, 0x0,
    0x0, 0x2, 0xfa, 0x0, 0x0, 0xcf, 0x20, 0x0,
    0x0, 0x0, 0x7f, 0xba, 0xaa, 0xae, 0xfb, 0xaa,
    0xaa, 0x20, 0xd, 0xf7, 0xff, 0xff, 0xff, 0xff,
    0xff, 0xf3, 0x2, 0xfe, 0x2, 0x22, 0x2d, 0xf4,
    0x22, 0x22, 0x0, 0x8f, 0xc0, 0x0, 0x0, 0xcf,
    0x20, 0x0, 0x0, 0xe, 0xfc, 0xc, 0xff, 0xff,
    0xff, 0xff, 0xfc, 0x7, 0xff, 0xc0, 0xcf, 0xaa,
    0xef, 0xba, 0xbf, 0xc0, 0xef, 0xfc, 0xc, 0xf0,
    0xc, 0xf2, 0x1, 0xfc, 0xb, 0x9f, 0xc0, 0xcf,
    0xcc, 0xff, 0xcc, 0xcf, 0xc0, 0x52, 0xfc, 0xc,
    0xff, 0xff, 0xff, 0xff, 0xfc, 0x0, 0x2f, 0xc0,
    0xa, 0x40, 0xdf, 0x10, 0x0, 0x0, 0x2, 0xfc,
    0x2, 0xff, 0x6f, 0xe0, 0x0, 0x0, 0x0, 0x2f,
    0xc0, 0x3, 0xef, 0xfa, 0x0, 0x0, 0x0, 0x2,
    0xfc, 0x0, 0x6d, 0xff, 0xfe, 0xa7, 0x43, 0x0,
    0x2f, 0xc7, 0xff, 0xfb, 0x5b, 0xff, 0xff, 0xf3,
    0x2, 0xfc, 0x3f, 0xa3, 0x0, 0x0, 0x48, 0xbd,
    0x0, 0x0, 0x0, 0x0, 0x0, 0x0, 0x0, 0x0,
    0x0,

    /* U+4F8B "例" */
    0x0, 0x0, 0x0, 0x0, 0x0, 0x0, 0x0, 0x0,
    0x0, 0x0, 0xcf, 0xdf, 0xff, 0xff, 0x10, 0xa,
    0xf1, 0x0, 0x1f, 0xc9, 0xef, 0xed, 0xd3, 0x71,
    0xaf, 0x10, 0x6, 0xf7, 0x8, 0xf4, 0x0, 0x5f,
    0x4a, 0xf1, 0x0, 0xcf, 0x10, 0xcf, 0x10, 0x5,
    0xf4, 0xaf, 0x10, 0x2f, 0xf1, 0xf, 0xff, 0xfc,
    0x5f, 0x4a, 0xf1, 0x9, 0xff, 0x14, 0xff, 0xff,
    0xc5, 0xf4, 0xaf, 0x12, 0xff, 0xf1, 0x9f, 0x50,
    0xfa, 0x5f, 0x4a, 0xf1, 0x5f, 0xff, 0x1e, 0xf6,
    0x3f, 0x75, 0xf4, 0xaf, 0x12, 0xda, 0xf6, 0xff,
    0xfc, 0xf4, 0x5f, 0x4a, 0xf1, 0x3, 0xaf, 0x6f,
    0x7f, 0xff, 0x5, 0xf4, 0xaf, 0x10, 0xa, 0xf1,
    0x70, 0x5f, 0xb0, 0x5f, 0x4a, 0xf1, 0x0, 0xaf,
    0x10, 0xa, 0xf4, 0x5, 0xf4, 0xaf, 0x10, 0xa,
    0xf1, 0x4, 0xfc, 0x0, 0x0, 0xa, 0xf1, 0x0,
    0xaf, 0x12, 0xef, 0x30, 0x1, 0x33, 0xdf, 0x10,
    0xa, 0xf1, 0xef, 0x70, 0x0, 0x6f, 0xff, 0xf0,
    0x0, 0xaf, 0x17, 0x90, 0x0, 0x3, 0xdd, 0xc5,
    0x0, 0x0, 0x0, 0x0, 0x0, 0x0, 0x0, 0x0,
    0x0,

    /* U+4FBF "便" */
    0x0, 0x1, 0x84, 0x0, 0x0, 0x0, 0x0, 0x0,
    0x0, 0x0, 0x5, 0xfb, 0xdf, 0xff, 0xff, 0xff,
    0xff, 0xf1, 0x0, 0xa, 0xf7, 0x8a, 0xaa, 0xdf,
    0xca, 0xaa, 0xa0, 0x0, 0xf, 0xf2, 0x0, 0x0,
    0x8f, 0x50, 0x0, 0x0, 0x0, 0x5f, 0xe0, 0x69,
    0x99, 0xcf, 0xb9, 0x99, 0x30, 0x0, 0xbf, 0xb0,
    0xbf, 0xff, 0xff, 0xff, 0xff, 0x60, 0x2, 0xff,
    0xb0, 0xbf, 0x30, 0x9f, 0x50, 0x8f, 0x60, 0xa,
    0xff, 0xb0, 0xbf, 0x97, 0xcf, 0xa7, 0xbf, 0x60,
    0xf, 0xff, 0xb0, 0xbf, 0xff, 0xff, 0xff, 0xff,
    0x60, 0xb, 0xcf, 0xb0, 0xbf, 0x20, 0x8f, 0x50,
    0x7f, 0x60, 0x5, 0x3f, 0xb0, 0xbf, 0xff, 0xff,
    0xff, 0xff, 0x60, 0x0, 0x2f, 0xb0, 0x7e, 0xbb,
    0xef, 0xcb, 0xbb, 0x40, 0x0, 0x2f, 0xb0, 0x6f,
    0xa1, 0xef, 0x10, 0x0, 0x0, 0x0, 0x2f, 0xb0,
    0xc, 0xff, 0xfc, 0x0, 0x0, 0x0, 0x0, 0x2f,
    0xb0, 0x6, 0xff, 0xff, 0xb7, 0x53, 0x10, 0x0,
    0x2f, 0xba, 0xff, 0xfb, 0x9e, 0xff, 0xff, 0xf1,
    0x0, 0x2f, 0xb6, 0xe9, 0x30, 0x0, 0x37, 0x9c,
    0xc0, 0x0, 0x0, 0x0, 0x0, 0x0, 0x0, 0x0,
    0x0, 0x0,

    /* U+4FDD "保" */
    0x0, 0x0, 0x61, 0x0, 0x0, 0x0, 0x0, 0x0,
    0x0, 0x0, 0x4, 0xfe, 0x2f, 0xff, 0xff, 0xff,
    0xff, 0x0, 0x0, 0x9, 0xf9, 0x2f, 0xfe, 0xee,
    0xee, 0xff, 0x0, 0x0, 0xe, 0xf5, 0x2f, 0xc0,
    0x0, 0x0, 0xff, 0x0, 0x0, 0x5f, 0xf0, 0x2f,
    0xc0, 0x0, 0x0, 0xff, 0x0, 0x0, 0xbf, 0xc0,
    0x2f, 0xc0, 0x0, 0x0, 0xff, 0x0, 0x3, 0xff,
    0xc0, 0x2f, 0xff, 0xff, 0xff, 0xff, 0x0, 0xb,
    0xff, 0xc0, 0x2d, 0xdd, 0xff, 0xdd, 0xdd, 0x0,
    0x3f, 0xff, 0xc0, 0x0, 0x0, 0xef, 0x10, 0x0,
    0x0, 0xf, 0x8f, 0xc3, 0xcc, 0xcc, 0xff, 0xdc,
    0xcc, 0xc0, 0x6, 0x1f, 0xc4, 0xff, 0xff, 0xff,
    0xff, 0xff, 0xf0, 0x0, 0x1f, 0xc0, 0x0, 0x2e,
    0xff, 0xf6, 0x0, 0x0, 0x0, 0x1f, 0xc0, 0x2,
    0xee, 0xff, 0xef, 0x60, 0x0, 0x0, 0x1f, 0xc0,
    0x4e, 0xf3, 0xef, 0x3e, 0xfa, 0x10, 0x0, 0x1f,
    0xca, 0xff, 0x40, 0xef, 0x12, 0xdf, 0xf2, 0x0,
    0x1f, 0xc7, 0xd2, 0x0, 0xef, 0x10, 0xa, 0xb0,
    0x0, 0x1f, 0xc0, 0x0, 0x0, 0xef, 0x10, 0x0,
    0x0, 0x0, 0x0, 0x0, 0x0, 0x0, 0x1, 0x0,
    0x0, 0x0,

    /* U+4FE1 "信" */
    0x0, 0x0, 0x63, 0x0, 0x0, 0x47, 0x0, 0x0,
    0x0, 0x0, 0x1, 0xfe, 0x0, 0x0, 0xdf, 0x40,
    0x0, 0x0, 0x0, 0x6, 0xfd, 0xbb, 0xbb, 0xef,
    0xdb, 0xbb, 0xb1, 0x0, 0xc, 0xf8, 0xff, 0xff,
    0xff, 0xff, 0xff, 0xf2, 0x0, 0x2f, 0xe0, 0x22,
    0x22, 0x22, 0x22, 0x22, 0x20, 0x0, 0xaf, 0xd0,
    0x6b, 0xbb, 0xbb, 0xbb, 0xbb, 0x0, 0x1, 0xff,
    0xd0, 0x8f, 0xff, 0xff, 0xff, 0xff, 0x0, 0xa,
    0xff, 0xd0, 0x0, 0x0, 0x0, 0x0, 0x0, 0x0,
    0xf, 0xff, 0xd0, 0x8f, 0xff, 0xff, 0xff, 0xff,
    0x0, 0xd, 0x7f, 0xd0, 0x6b, 0xbb, 0xbb, 0xbb,
    0xbb, 0x0, 0x6, 0x1f, 0xd0, 0x0, 0x0, 0x0,
    0x0, 0x0, 0x0, 0x0, 0x1f, 0xd0, 0x8f, 0xff,
    0xff, 0xff, 0xff, 0x10, 0x0, 0x1f, 0xd0, 0x8f,
    0xdb, 0xbb, 0xbb, 0xff, 0x10, 0x0, 0x1f, 0xd0,
    0x8f, 0x60, 0x0, 0x0, 0xdf, 0x10, 0x0, 0x1f,
    0xd0, 0x8f, 0xca, 0xaa, 0xaa, 0xff, 0x10, 0x0,
    0x1f, 0xd0, 0x8f, 0xff, 0xff, 0xff, 0xff, 0x10,
    0x0, 0x1f, 0xd0, 0x8f, 0x72, 0x22, 0x22, 0xdf,
    0x10,

    /* U+5012 "倒" */
    0x0, 0x3, 0x0, 0x0, 0x0, 0x0, 0x0, 0x0,
    0x0, 0x0, 0xfe, 0x23, 0x33, 0x33, 0x0, 0xa,
    0xf1, 0x0, 0x4f, 0xad, 0xff, 0xff, 0xf3, 0x0,
    0xaf, 0x10, 0x9, 0xf6, 0x9d, 0xfc, 0xbb, 0x6f,
    0x4a, 0xf1, 0x0, 0xdf, 0x20, 0xce, 0x27, 0x3,
    0xf4, 0xaf, 0x10, 0x3f, 0xf1, 0x4f, 0x74, 0xf5,
    0x3f, 0x4a, 0xf1, 0xa, 0xff, 0x1d, 0xf5, 0x5e,
    0xd3, 0xf4, 0xaf, 0x12, 0xff, 0xf2, 0xff, 0xff,
    0xff, 0x8f, 0x4a, 0xf1, 0x3f, 0xff, 0x16, 0x5f,
    0xe1, 0xb7, 0xf4, 0xaf, 0x10, 0xda, 0xf1, 0x0,
    0xee, 0x0, 0x3f, 0x4a, 0xf1, 0x2, 0xaf, 0x1d,
    0xef, 0xfe, 0xd3, 0xf4, 0xaf, 0x10, 0xa, 0xf1,
    0xff, 0xff, 0xff, 0x3f, 0x4a, 0xf1, 0x0, 0xaf,
    0x10, 0xe, 0xe0, 0x3, 0xf4, 0xaf, 0x10, 0xa,
    0xf1, 0x0, 0xee, 0x13, 0x13, 0xa, 0xf1, 0x0,
    0xaf, 0x6c, 0xdf, 0xff, 0xf3, 0x0, 0xcf, 0x10,
    0xa, 0xf7, 0xff, 0xfe, 0xdc, 0x3e, 0xff, 0xf0,
    0x0, 0xaf, 0x22, 0x10, 0x0, 0x0, 0x9d, 0xc6,
    0x0,

    /* U+5026 "倦" */
    0x0, 0x0, 0x0, 0x0, 0x0, 0x0, 0x0, 0x0,
    0x0, 0x0, 0x0, 0xda, 0x7, 0x20, 0x8f, 0x40,
    0x63, 0x0, 0x0, 0x4, 0xfb, 0x4f, 0xd1, 0xbf,
    0x25, 0xfc, 0x0, 0x0, 0xa, 0xf5, 0x8, 0xd2,
    0xdf, 0x9, 0xe1, 0x0, 0x0, 0x1f, 0xe0, 0xff,
    0xff, 0xff, 0xff, 0xff, 0xa0, 0x0, 0x7f, 0xc0,
    0x99, 0x9b, 0xfd, 0x99, 0x99, 0x50, 0x0, 0xef,
    0xc0, 0x0, 0x9, 0xf6, 0x0, 0x0, 0x0, 0x8,
    0xff, 0xc7, 0xff, 0xff, 0xff, 0xff, 0xff, 0xf3,
    0xf, 0xff, 0xc4, 0x99, 0xff, 0xb9, 0xdf, 0xc9,
    0x91, 0xc, 0x8f, 0xc0, 0x9, 0xfc, 0x0, 0x3f,
    0xf5, 0x0, 0x4, 0x1f, 0xc1, 0xbf, 0xff, 0xff,
    0xff, 0xff, 0xa1, 0x0, 0x1f, 0xde, 0xff, 0xf9,
    0x88, 0xbf, 0x8c, 0xf3, 0x0, 0x1f, 0xc8, 0x69,
    0xf2, 0x47, 0xcf, 0x50, 0x40, 0x0, 0x1f, 0xc0,
    0x9, 0xf2, 0x8f, 0xfc, 0x8f, 0x40, 0x0, 0x1f,
    0xc0, 0x9, 0xf3, 0x0, 0x0, 0x8f, 0x40, 0x0,
    0x1f, 0xc0, 0x8, 0xfe, 0xbb, 0xbc, 0xff, 0x20,
    0x0, 0x1f, 0xc0, 0x1, 0xcf, 0xff, 0xff, 0xf9,
    0x0, 0x0, 0x2, 0x20, 0x0, 0x0, 0x0, 0x0,
    0x0, 0x0,

    /* U+503C "值" */
    0x0, 0x0, 0x0, 0x0, 0x0, 0x0, 0x0, 0x0,
    0x0, 0x0, 0x4, 0xe9, 0x0, 0x0, 0xaf, 0x40,
    0x0, 0x0, 0x0, 0x8, 0xf8, 0xff, 0xff, 0xff,
    0xff, 0xff, 0xf0, 0x0, 0xd, 0xf2, 0xab, 0xbb,
    0xef, 0xcb, 0xbb, 0xa0, 0x0, 0x3f, 0xd0, 0x0,
    0x0, 0xaf, 0x50, 0x0, 0x0, 0x0, 0x9f, 0xa0,
    0x5f, 0xff, 0xff, 0xff, 0xff, 0x0, 0x1, 0xff,
    0xa0, 0x5f, 0xd9, 0x99, 0x99, 0xff, 0x0, 0x9,
    0xff, 0xa0, 0x5f, 0xc6, 0x66, 0x66, 0xff, 0x0,
    0xf, 0xff, 0xa0, 0x5f, 0xff, 0xff, 0xff, 0xff,
    0x0, 0xc, 0x9f, 0xa0, 0x5f, 0x90, 0x0, 0x0,
    0xef, 0x0, 0x5, 0x3f, 0xa0, 0x5f, 0xff, 0xff,
    0xff, 0xff, 0x0, 0x0, 0x3f, 0xa0, 0x5f, 0xc7,
    0x77, 0x77, 0xff, 0x0, 0x0, 0x3f, 0xa0, 0x5f,
    0xc7, 0x77, 0x77, 0xff, 0x0, 0x0, 0x3f, 0xa0,
    0x5f, 0xff, 0xff, 0xff, 0xff, 0x0, 0x0, 0x3f,
    0xa0, 0x5f, 0x90, 0x0, 0x0, 0xef, 0x0, 0x0,
    0x3f, 0xa7, 0xcf, 0xeb, 0xbb, 0xbb, 0xff, 0xb2,
    0x0, 0x3f, 0xaa, 0xff, 0xff, 0xff, 0xff, 0xff,
    0xf4,

    /* U+503E "倾" */
    0x0, 0x6, 0x50, 0x0, 0x0, 0x0, 0x0, 0x0,
    0x0, 0x0, 0xf, 0xeb, 0xf1, 0xc, 0xcc, 0xcc,
    0xcc, 0x80, 0x0, 0x4f, 0xab, 0xf1, 0x1e, 0xee,
    0xff, 0xee, 0xa0, 0x0, 0x9f, 0x5b, 0xf1, 0x0,
    0x2, 0xfa, 0x0, 0x0, 0x0, 0xef, 0x1b, 0xf1,
    0x2, 0x37, 0xf8, 0x33, 0x0, 0x4, 0xff, 0x1b,
    0xfd, 0x6b, 0xff, 0xff, 0xff, 0x30, 0xa, 0xff,
    0x1b, 0xff, 0x8b, 0xf7, 0x77, 0xbf, 0x30, 0x2f,
    0xff, 0x1b, 0xf1, 0xb, 0xe0, 0xb6, 0x6f, 0x30,
    0x6f, 0xff, 0x1b, 0xf1, 0xb, 0xe0, 0xf8, 0x6f,
    0x30, 0x1e, 0xbf, 0x1b, 0xf1, 0xb, 0xe0, 0xf8,
    0x6f, 0x30, 0x4, 0xaf, 0x1b, 0xf1, 0xb, 0xe1,
    0xf8, 0x6f, 0x30, 0x0, 0xaf, 0x1b, 0xf1, 0x4b,
    0xe2, 0xf7, 0x6f, 0x30, 0x0, 0xaf, 0x1b, 0xfe,
    0xdb, 0xe6, 0xfa, 0x6f, 0x30, 0x0, 0xaf, 0x1d,
    0xff, 0xa1, 0x4e, 0xff, 0xc3, 0x0, 0x0, 0xaf,
    0x1e, 0xe5, 0x4, 0xef, 0x8b, 0xfb, 0x0, 0x0,
    0xaf, 0x14, 0x10, 0xbf, 0xf8, 0x0, 0xbf, 0xb0,
    0x0, 0xaf, 0x10, 0x0, 0x8e, 0x50, 0x0, 0xc,
    0x50, 0x0, 0x0, 0x0, 0x0, 0x0, 0x0, 0x0,
    0x0, 0x0,

    /* U+504F "偏" */
    0x0, 0x1, 0x0, 0x0, 0x0, 0x23, 0x0, 0x0,
    0x0, 0x0, 0xbd, 0x0, 0x0, 0x5f, 0xf0, 0x0,
    0x0, 0x0, 0xf, 0xd6, 0xbb, 0xbb, 0xff, 0xbb,
    0xba, 0x0, 0x5, 0xf9, 0xaf, 0xff, 0xff, 0xff,
    0xff, 0xe0, 0x0, 0xaf, 0x4a, 0xf2, 0x0, 0x0,
    0x0, 0xee, 0x0, 0x1f, 0xf1, 0xaf, 0xcb, 0xbb,
    0xbb, 0xbf, 0xe0, 0x8, 0xff, 0x1a, 0xff, 0xff,
    0xff, 0xff, 0xfe, 0x1, 0xff, 0xf1, 0xaf, 0x20,
    0x0, 0x0, 0x0, 0x0, 0x5f, 0xff, 0x1a, 0xff,
    0xff, 0xff, 0xff, 0xff, 0x11, 0xec, 0xf1, 0xbf,
    0xfd, 0xdf, 0xbf, 0xdd, 0xf1, 0x3, 0xbf, 0x1d,
    0xff, 0x66, 0xf0, 0xe7, 0x9f, 0x10, 0xb, 0xf1,
    0xff, 0xf7, 0x6f, 0xe, 0x79, 0xf1, 0x0, 0xbf,
    0x4f, 0xcf, 0xff, 0xff, 0xff, 0xff, 0x10, 0xb,
    0xf8, 0xf8, 0xfb, 0xbf, 0x9f, 0xcd, 0xf1, 0x0,
    0xbf, 0xee, 0x4f, 0x66, 0xf0, 0xe7, 0x9f, 0x10,
    0xb, 0xfd, 0x84, 0xf6, 0x6f, 0xe, 0xce, 0xf0,
    0x0, 0xbf, 0x41, 0x4f, 0x61, 0x40, 0x38, 0xf9,
    0x0, 0x1, 0x20, 0x0, 0x20, 0x0, 0x0, 0x0,
    0x0,

    /* U+505C "停" */
    0x0, 0x4, 0x10, 0x0, 0x3, 0x51, 0x0, 0x0,
    0x0, 0x4, 0xfc, 0x0, 0x0, 0xaf, 0x80, 0x0,
    0x0, 0x0, 0x9f, 0x8f, 0xff, 0xff, 0xff, 0xff,
    0xff, 0x20, 0xe, 0xf3, 0xaa, 0xaa, 0xaa, 0xaa,
    0xaa, 0xa1, 0x4, 0xfd, 0x1, 0x77, 0x77, 0x77,
    0x77, 0x60, 0x0, 0xbf, 0xb0, 0x3f, 0xfe, 0xee,
    0xee, 0xfe, 0x0, 0x2f, 0xfb, 0x3, 0xfb, 0x11,
    0x11, 0x1f, 0xe0, 0xa, 0xff, 0xb0, 0x3f, 0xff,
    0xff, 0xff, 0xfe, 0x0, 0xef, 0xfb, 0x1, 0x33,
    0x33, 0x33, 0x33, 0x30, 0xa, 0x9f, 0xb7, 0xff,
    0xff, 0xff, 0xff, 0xff, 0xf3, 0x32, 0xfb, 0x7f,
    0xa7, 0x77, 0x77, 0x77, 0xcf, 0x30, 0x2f, 0xb7,
    0xfa, 0x88, 0x88, 0x88, 0x8d, 0xf3, 0x2, 0xfb,
    0x1, 0xff, 0xff, 0xff, 0xff, 0xc1, 0x0, 0x2f,
    0xb0, 0x0, 0x0, 0x5f, 0x90, 0x0, 0x0, 0x2,
    0xfb, 0x0, 0x0, 0x5, 0xf9, 0x0, 0x0, 0x0,
    0x2f, 0xb0, 0x0, 0xdd, 0xff, 0x80, 0x0, 0x0,
    0x2, 0xfb, 0x0, 0xc, 0xee, 0xb2, 0x0, 0x0,
    0x0,

    /* U+5076 "偶" */
    0x0, 0x0, 0x85, 0x0, 0x0, 0x0, 0x0, 0x0,
    0x0, 0x0, 0x3f, 0xd7, 0xff, 0xff, 0xff, 0xff,
    0xf1, 0x0, 0x8, 0xf8, 0x7f, 0xb8, 0xdf, 0x98,
    0xef, 0x10, 0x0, 0xef, 0x27, 0xf6, 0xa, 0xf3,
    0xc, 0xf1, 0x0, 0x4f, 0xd0, 0x7f, 0xff, 0xff,
    0xff, 0xff, 0x10, 0xc, 0xfb, 0x7, 0xfa, 0x7c,
    0xf8, 0x7e, 0xf1, 0x3, 0xff, 0xb0, 0x7f, 0x84,
    0xbf, 0x64, 0xdf, 0x10, 0xcf, 0xfb, 0x7, 0xff,
    0xff, 0xff, 0xff, 0xf1, 0xf, 0xff, 0xb0, 0x24,
    0x44, 0xbf, 0x64, 0x44, 0x0, 0xc6, 0xfb, 0x9,
    0x99, 0x9d, 0xfa, 0x99, 0x96, 0x2, 0x2f, 0xb0,
    0xff, 0xff, 0xff, 0xff, 0xff, 0xa0, 0x2, 0xfb,
    0xf, 0xc0, 0xa, 0xf2, 0x63, 0xfa, 0x0, 0x2f,
    0xb0, 0xfc, 0x1, 0xaf, 0x7f, 0x3f, 0xa0, 0x2,
    0xfb, 0xf, 0xca, 0xff, 0xff, 0xf7, 0xfa, 0x0,
    0x2f, 0xb0, 0xfc, 0x47, 0x54, 0x38, 0x8f, 0xa0,
    0x2, 0xfb, 0xf, 0xc0, 0x0, 0x3, 0xad, 0xf9,
    0x0, 0x2f, 0xb0, 0xfb, 0x0, 0x0, 0x2f, 0xec,
    0x20,

    /* U+50CF "像" */
    0x0, 0x0, 0x0, 0x0, 0x2, 0x0, 0x0, 0x0,
    0x0, 0x0, 0x0, 0xd8, 0x0, 0x7f, 0x90, 0x0,
    0x0, 0x0, 0x0, 0x5, 0xfc, 0x2, 0xff, 0xff,
    0xff, 0xf0, 0x0, 0x0, 0xa, 0xf8, 0xc, 0xf9,
    0x88, 0xbf, 0xe0, 0x0, 0x0, 0xf, 0xf4, 0xaf,
    0xa0, 0x0, 0xdf, 0x60, 0x0, 0x0, 0x5f, 0xeb,
    0xff, 0x97, 0x7a, 0xfe, 0x77, 0x40, 0x0, 0xbf,
    0xbc, 0xff, 0xff, 0xff, 0xff, 0xff, 0xa0, 0x2,
    0xff, 0xb2, 0xbf, 0x10, 0x6f, 0x40, 0x1f, 0xa0,
    0xb, 0xff, 0xb0, 0xaf, 0xff, 0xff, 0xff, 0xff,
    0xa0, 0xf, 0xff, 0xb0, 0x47, 0x8f, 0xf9, 0x77,
    0x7d, 0x50, 0xb, 0x9f, 0xb0, 0x49, 0xff, 0xf9,
    0x3, 0xcf, 0x70, 0x4, 0x2f, 0xb9, 0xfe, 0x86,
    0xff, 0xcf, 0xf8, 0x0, 0x0, 0x2f, 0xb2, 0x43,
    0xbf, 0x8f, 0xfd, 0xf3, 0x0, 0x0, 0x2f, 0xb4,
    0xbf, 0xd4, 0xbf, 0xf2, 0xfa, 0x0, 0x0, 0x2f,
    0xb8, 0xd5, 0x5e, 0xdc, 0xf1, 0xbf, 0x40, 0x0,
    0x2f, 0xb0, 0x5d, 0xfa, 0x1b, 0xf1, 0x2f, 0xe2,
    0x0, 0x2f, 0xbc, 0xfd, 0x79, 0xaf, 0xe0, 0x6,
    0xf2, 0x0, 0x2f, 0xb4, 0x40, 0x2f, 0xfd, 0x50,
    0x0, 0x20, 0x0, 0x2, 0x10, 0x0, 0x0, 0x0,
    0x0, 0x0, 0x0,

    /* U+5143 "元" */
    0x0, 0x8f, 0xff, 0xff, 0xff, 0xff, 0xff, 0xf5,
    0x0, 0x8, 0xff, 0xff, 0xff, 0xff, 0xff, 0xff,
    0x50, 0x0, 0x0, 0x0, 0x0, 0x0, 0x0, 0x0,
    0x0, 0x0, 0x0, 0x0, 0x0, 0x0, 0x0, 0x0,
    0x0, 0x0, 0x0, 0x0, 0x0, 0x0, 0x0, 0x0,
    0x0, 0x0, 0x0, 0xbc, 0xcc, 0xcc, 0xcc, 0xcc,
    0xcc, 0xcc, 0xc8, 0xe, 0xff, 0xff, 0xff, 0xff,
    0xff, 0xff, 0xff, 0xa0, 0x33, 0x33, 0xff, 0x43,
    0x7f, 0xd3, 0x33, 0x32, 0x0, 0x0, 0xf, 0xf1,
    0x4, 0xfc, 0x0, 0x0, 0x0, 0x0, 0x1, 0xff,
    0x0, 0x4f, 0xc0, 0x0, 0x0, 0x0, 0x0, 0x4f,
    0xe0, 0x4, 0xfc, 0x0, 0x16, 0x20, 0x0, 0xa,
    0xfa, 0x0, 0x4f, 0xc0, 0x3, 0xfc, 0x0, 0x4,
    0xff, 0x40, 0x4, 0xfc, 0x0, 0x4f, 0xc0, 0x6,
    0xff, 0xb0, 0x0, 0x4f, 0xe1, 0x7, 0xfb, 0xb,
    0xff, 0xc1, 0x0, 0x1, 0xff, 0xff, 0xff, 0x80,
    0x6f, 0xb0, 0x0, 0x0, 0x7, 0xef, 0xff, 0xb1,
    0x0, 0x40, 0x0, 0x0, 0x0, 0x0, 0x0, 0x0,
    0x0,

    /* U+5145 "充" */
    0x0, 0x0, 0x0, 0x0, 0x12, 0x0, 0x0, 0x0,
    0x0, 0x0, 0x0, 0x0, 0x6f, 0xf0, 0x0, 0x0,
    0x0, 0x1, 0x22, 0x22, 0x24, 0xff, 0x62, 0x22,
    0x22, 0x10, 0xef, 0xff, 0xff, 0xff, 0xff, 0xff,
    0xff, 0xf8, 0xb, 0xdd, 0xdd, 0xff, 0xed, 0xdd,
    0xdd, 0xdd, 0x60, 0x0, 0x0, 0x9f, 0xe2, 0x0,
    0x83, 0x0, 0x0, 0x0, 0x0, 0x9f, 0xe2, 0x0,
    0x4f, 0xf4, 0x0, 0x0, 0x1, 0xbf, 0xd2, 0x0,
    0x1, 0x8f, 0xf5, 0x0, 0x0, 0xbf, 0xfe, 0xef,
    0xff, 0xff, 0xff, 0xf5, 0x0, 0x9, 0xff, 0xff,
    0xff, 0xff, 0xfc, 0xbf, 0xf1, 0x0, 0x13, 0x2b,
    0xf6, 0x5, 0xfb, 0x0, 0x83, 0x0, 0x0, 0x0,
    0xdf, 0x40, 0x5f, 0xb0, 0x0, 0x0, 0x0, 0x0,
    0x2f, 0xf1, 0x5, 0xfb, 0x0, 0x2c, 0x70, 0x0,
    0xb, 0xfc, 0x0, 0x5f, 0xb0, 0x3, 0xfb, 0x0,
    0x1b, 0xff, 0x30, 0x4, 0xfc, 0x0, 0x5f, 0xa0,
    0x8f, 0xff, 0x50, 0x0, 0x3f, 0xff, 0xff, 0xf8,
    0x9, 0xfc, 0x30, 0x0, 0x0, 0xaf, 0xff, 0xfb,
    0x10, 0x14, 0x0, 0x0, 0x0, 0x0, 0x0, 0x0,
    0x0,

    /* U+5148 "先" */
    0x0, 0xa, 0x80, 0xc, 0xf6, 0x0, 0x0, 0x0,
    0x0, 0x3f, 0xc0, 0xc, 0xf6, 0x0, 0x0, 0x0,
    0x0, 0xaf, 0xec, 0xcf, 0xfd, 0xcc, 0xcc, 0xa0,
    0x2, 0xff, 0xff, 0xff, 0xff, 0xff, 0xff, 0xe0,
    0xb, 0xf8, 0x22, 0x2c, 0xf7, 0x22, 0x22, 0x20,
    0x2f, 0xe0, 0x0, 0xc, 0xf6, 0x0, 0x0, 0x0,
    0x1, 0x40, 0x0, 0xc, 0xf6, 0x0, 0x0, 0x0,
    0xbe, 0xee, 0xee, 0xef, 0xfe, 0xee, 0xee, 0xec,
    0xdf, 0xff, 0xff, 0xff, 0xff, 0xff, 0xff, 0xfe,
    0x0, 0x0, 0xaf, 0x60, 0xf, 0xf1, 0x0, 0x0,
    0x0, 0x0, 0xcf, 0x40, 0xf, 0xf0, 0x0, 0x0,
    0x0, 0x1, 0xff, 0x10, 0xf, 0xf0, 0x0, 0xdb,
    0x0, 0xb, 0xfb, 0x0, 0xf, 0xf0, 0x0, 0xfe,
    0x2, 0xcf, 0xf2, 0x0, 0xf, 0xf2, 0x2, 0xfd,
    0x8f, 0xff, 0x50, 0x0, 0xe, 0xff, 0xff, 0xfb,
    0x5f, 0xd3, 0x0, 0x0, 0x6, 0xef, 0xff, 0xd3,
    0x5, 0x0, 0x0, 0x0, 0x0, 0x0, 0x0, 0x0,

    /* U+5149 "光" */
    0x0, 0x0, 0x0, 0x3, 0xfe, 0x0, 0x0, 0x0,
    0x0, 0x7, 0xc1, 0x0, 0x3f, 0xe0, 0x0, 0x6e,
    0x40, 0x0, 0xbf, 0xc0, 0x3, 0xfe, 0x0, 0x4f,
    0xf4, 0x0, 0x0, 0xdf, 0xb0, 0x3f, 0xe0, 0x3f,
    0xf6, 0x0, 0x0, 0x1, 0xef, 0x33, 0xfe, 0x9,
    0xf8, 0x0, 0x0, 0x0, 0x3, 0x30, 0x3f, 0xe0,
    0x4, 0x0, 0x0, 0xc, 0xdd, 0xdd, 0xdd, 0xff,
    0xdd, 0xdd, 0xdd, 0x70, 0xef, 0xff, 0xff, 0xff,
    0xff, 0xff, 0xff, 0xf8, 0x2, 0x22, 0x2e, 0xf5,
    0x27, 0xfc, 0x22, 0x22, 0x10, 0x0, 0x0, 0xff,
    0x10, 0x5f, 0xb0, 0x0, 0x0, 0x0, 0x0, 0x3f,
    0xf0, 0x5, 0xfb, 0x0, 0x13, 0x0, 0x0, 0x8,
    0xfb, 0x0, 0x5f, 0xb0, 0x3, 0xfb, 0x0, 0x3,
    0xff, 0x50, 0x5, 0xfb, 0x0, 0x3f, 0xa0, 0x6,
    0xff, 0xc0, 0x0, 0x5f, 0xd2, 0x27, 0xfa, 0x1c,
    0xff, 0xd1, 0x0, 0x3, 0xff, 0xff, 0xff, 0x70,
    0xaf, 0x90, 0x0, 0x0, 0xa, 0xff, 0xff, 0xc1,
    0x0, 0x30, 0x0, 0x0, 0x0, 0x0, 0x0, 0x0,
    0x0,

    /* U+514B "克" */
    0x0, 0x0, 0x0, 0x5, 0xfc, 0x0, 0x0, 0x0,
    0x0, 0xbd, 0xdd, 0xdd, 0xdf, 0xfd, 0xdd, 0xdd,
    0xd5, 0xe, 0xff, 0xff, 0xff, 0xff, 0xff, 0xff,
    0xff, 0x60, 0x0, 0x0, 0x0, 0x5f, 0xc0, 0x0,
    0x0, 0x0, 0x0, 0x0, 0x0, 0x5, 0xfc, 0x0,
    0x0, 0x0, 0x0, 0x7, 0xff, 0xff, 0xff, 0xff,
    0xff, 0xff, 0x0, 0x0, 0x7f, 0xdc, 0xcc, 0xcc,
    0xcc, 0xcf, 0xf0, 0x0, 0x7, 0xf7, 0x0, 0x0,
    0x0, 0x0, 0xef, 0x0, 0x0, 0x7f, 0x70, 0x0,
    0x0, 0x0, 0xe, 0xf0, 0x0, 0x7, 0xff, 0xff,
    0xff, 0xff, 0xff, 0xff, 0x0, 0x0, 0x5c, 0xce,
    0xfe, 0xce, 0xfe, 0xcc, 0xb0, 0x0, 0x0, 0x0,
    0xbf, 0x50, 0x7f, 0x80, 0x3, 0x83, 0x0, 0x0,
    0x3f, 0xf1, 0x7, 0xf8, 0x0, 0x4f, 0x80, 0x0,
    0x6e, 0xf9, 0x0, 0x7f, 0x80, 0x6, 0xf7, 0x8,
    0xef, 0xfa, 0x0, 0x6, 0xff, 0xdd, 0xff, 0x50,
    0xcf, 0xd5, 0x0, 0x0, 0x1c, 0xff, 0xff, 0xb0,
    0x3, 0x40, 0x0, 0x0, 0x0, 0x0, 0x0, 0x0,
    0x0,

    /* U+514D "免" */
    0x0, 0x0, 0x6, 0x20, 0x0, 0x0, 0x0, 0x0,
    0x0, 0x0, 0x7, 0xfd, 0x0, 0x0, 0x0, 0x0,
    0x0, 0x0, 0x5, 0xff, 0xff, 0xff, 0xff, 0xe0,
    0x0, 0x0, 0x6, 0xff, 0xdd, 0xdd, 0xdf, 0xfe,
    0x0, 0x0, 0x8, 0xff, 0x50, 0x0, 0x7, 0xfd,
    0x20, 0x0, 0xb, 0xff, 0xeb, 0xbb, 0xbc, 0xff,
    0xcb, 0xb8, 0x0, 0x7e, 0xff, 0xff, 0xff, 0xff,
    0xff, 0xff, 0xc0, 0x0, 0x3f, 0xb1, 0x11, 0xcf,
    0x41, 0x12, 0xfc, 0x0, 0x2, 0xfb, 0x0, 0xd,
    0xf1, 0x0, 0x1f, 0xc0, 0x0, 0x2f, 0xb0, 0x0,
    0xff, 0x0, 0x1, 0xfc, 0x0, 0x2, 0xff, 0xff,
    0xff, 0xff, 0xff, 0xff, 0xc0, 0x0, 0x1b, 0xbb,
    0xbe, 0xff, 0xfb, 0xbb, 0xb9, 0x0, 0x0, 0x0,
    0x3, 0xff, 0xff, 0x0, 0x0, 0x65, 0x0, 0x0,
    0x5, 0xff, 0x7e, 0xf0, 0x0, 0xd, 0xf0, 0x0,
    0x3b, 0xff, 0x90, 0xef, 0x0, 0x0, 0xef, 0x5,
    0xdf, 0xff, 0x60, 0xd, 0xfe, 0xee, 0xef, 0xe0,
    0x4f, 0xf9, 0x10, 0x0, 0x6e, 0xff, 0xff, 0xe6,
    0x0, 0x51, 0x0, 0x0, 0x0, 0x0, 0x0, 0x0,
    0x0,

    /* U+5165 "入" */
    0x0, 0x0, 0xaf, 0xff, 0xd3, 0x0, 0x0, 0x0,
    0x0, 0x0, 0x0, 0xaf, 0xff, 0xfd, 0x0, 0x0,
    0x0, 0x0, 0x0, 0x0, 0x13, 0x35, 0xff, 0x0,
    0x0, 0x0, 0x0, 0x0, 0x0, 0x0, 0x2, 0xff,
    0x20, 0x0, 0x0, 0x0, 0x0, 0x0, 0x0, 0x5,
    0xff, 0x60, 0x0, 0x0, 0x0, 0x0, 0x0, 0x0,
    0xa, 0xff, 0xa0, 0x0, 0x0, 0x0, 0x0, 0x0,
    0x0, 0x1f, 0xff, 0xf0, 0x0, 0x0, 0x0, 0x0,
    0x0, 0x0, 0x8f, 0xcc, 0xf6, 0x0, 0x0, 0x0,
    0x0, 0x0, 0x1, 0xff, 0x46, 0xfd, 0x0, 0x0,
    0x0, 0x0, 0x0, 0xb, 0xfc, 0x0, 0xef, 0x70,
    0x0, 0x0, 0x0, 0x0, 0x7f, 0xf3, 0x0, 0x6f,
    0xf3, 0x0, 0x0, 0x0, 0x5, 0xff, 0x80, 0x0,
    0xc, 0xfe, 0x20, 0x0, 0x0, 0x5f, 0xfb, 0x0,
    0x0, 0x2, 0xef, 0xe3, 0x0, 0x7, 0xff, 0xc0,
    0x0, 0x0, 0x0, 0x3f, 0xff, 0x60, 0xd, 0xfc,
    0x10, 0x0, 0x0, 0x0, 0x3, 0xef, 0xd0, 0x2,
    0xb0, 0x0, 0x0, 0x0, 0x0, 0x0, 0x2c, 0x10,
    0x0, 0x0, 0x0, 0x0, 0x0, 0x0, 0x0, 0x0,
    0x0,

    /* U+5168 "全" */
    0x0, 0x0, 0x0, 0x1e, 0xf7, 0x0, 0x0, 0x0,
    0x0, 0x0, 0x0, 0x1d, 0xff, 0xf5, 0x0, 0x0,
    0x0, 0x0, 0x0, 0x2d, 0xfb, 0x5f, 0xf7, 0x0,
    0x0, 0x0, 0x0, 0x7f, 0xfa, 0x0, 0x4f, 0xfb,
    0x20, 0x0, 0x5, 0xdf, 0xf7, 0x0, 0x0, 0x2c,
    0xff, 0x81, 0xb, 0xff, 0xfe, 0xcc, 0xcc, 0xcc,
    0xcf, 0xff, 0xf3, 0x6f, 0x7a, 0xff, 0xff, 0xff,
    0xff, 0xf4, 0xbc, 0x0, 0x20, 0x13, 0x33, 0xef,
    0x63, 0x33, 0x0, 0x10, 0x0, 0x0, 0x0, 0xe,
    0xf4, 0x0, 0x0, 0x0, 0x0, 0x8, 0xcc, 0xcc,
    0xff, 0xdc, 0xcc, 0xc1, 0x0, 0x0, 0xaf, 0xff,
    0xff, 0xff, 0xff, 0xff, 0x20, 0x0, 0x1, 0x22,
    0x22, 0xef, 0x62, 0x22, 0x20, 0x0, 0x0, 0x0,
    0x0, 0xe, 0xf4, 0x0, 0x0, 0x0, 0x0, 0x11,
    0x11, 0x11, 0xef, 0x51, 0x11, 0x11, 0x10, 0x7f,
    0xff, 0xff, 0xff, 0xff, 0xff, 0xff, 0xfe, 0x5,
    0xcc, 0xcc, 0xcc, 0xcc, 0xcc, 0xcc, 0xcc, 0xb0,

    /* U+516B "八" */
    0x0, 0x0, 0x3f, 0xd0, 0xd, 0xf4, 0x0, 0x0,
    0x0, 0x0, 0x4, 0xfc, 0x0, 0xcf, 0x40, 0x0,
    0x0, 0x0, 0x0, 0x5f, 0xb0, 0xb, 0xf5, 0x0,
    0x0, 0x0, 0x0, 0x7, 0xf9, 0x0, 0xaf, 0x70,
    0x0, 0x0, 0x0, 0x0, 0x9f, 0x80, 0x8, 0xf9,
    0x0, 0x0, 0x0, 0x0, 0xb, 0xf6, 0x0, 0x6f,
    0xb0, 0x0, 0x0, 0x0, 0x0, 0xef, 0x30, 0x3,
    0xfe, 0x0, 0x0, 0x0, 0x0, 0x2f, 0xf0, 0x0,
    0xf, 0xf3, 0x0, 0x0, 0x0, 0x7, 0xfb, 0x0,
    0x0, 0xbf, 0x80, 0x0, 0x0, 0x0, 0xef, 0x60,
    0x0, 0x6, 0xff, 0x0, 0x0, 0x0, 0x6f, 0xf0,
    0x0, 0x0, 0xe, 0xf8, 0x0, 0x0, 0x1f, 0xf8,
    0x0, 0x0, 0x0, 0x7f, 0xf3, 0x0, 0xb, 0xfe,
    0x0, 0x0, 0x0, 0x0, 0xdf, 0xe2, 0x8, 0xff,
    0x40, 0x0, 0x0, 0x0, 0x3, 0xff, 0xe1, 0x8f,
    0x80, 0x0, 0x0, 0x0, 0x0, 0x6, 0xfb, 0x0,
    0x60, 0x0, 0x0, 0x0, 0x0, 0x0, 0x7, 0x0,

    /* U+5171 "共" */
    0x0, 0x0, 0x6f, 0xc0, 0x0, 0xf, 0xf2, 0x0,
    0x0, 0x0, 0x6, 0xfc, 0x0, 0x0, 0xff, 0x20,
    0x0, 0x0, 0x0, 0x6f, 0xc0, 0x0, 0xf, 0xf3,
    0x0, 0x0, 0x9f, 0xff, 0xff, 0xff, 0xff, 0xff,
    0xff, 0xf7, 0x9, 0xff, 0xff, 0xff, 0xff, 0xff,
    0xff, 0xff, 0x60, 0x0, 0x6, 0xfc, 0x0, 0x0,
    0xff, 0x20, 0x0, 0x0, 0x0, 0x6f, 0xc0, 0x0,
    0xf, 0xf2, 0x0, 0x0, 0x0, 0x6, 0xfc, 0x0,
    0x0, 0xff, 0x20, 0x0, 0x2, 0x22, 0x7f, 0xd2,
    0x22, 0x2f, 0xf4, 0x22, 0x22, 0xff, 0xff, 0xff,
    0xff, 0xff, 0xff, 0xff, 0xff, 0x1e, 0xee, 0xee,
    0xee, 0xee, 0xee, 0xee, 0xee, 0xd0, 0x0, 0x0,
    0x3b, 0x0, 0x1, 0xb3, 0x0, 0x0, 0x0, 0x0,
    0x7f, 0xf8, 0x0, 0xaf, 0xf8, 0x0, 0x0, 0x2,
    0xbf, 0xf9, 0x0, 0x0, 0x9f, 0xfd, 0x30, 0x7,
    0xff, 0xe5, 0x0, 0x0, 0x0, 0x4e, 0xff, 0x60,
    0x8f, 0xa1, 0x0, 0x0, 0x0, 0x0, 0x1b, 0xf3,
    0x0, 0x40, 0x0, 0x0, 0x0, 0x0, 0x0, 0x3,
    0x0,

    /* U+5173 "关" */
    0x0, 0x0, 0x13, 0x0, 0x0, 0x0, 0x50, 0x0,
    0x0, 0x0, 0x3f, 0xe2, 0x0, 0x0, 0x9f, 0xc0,
    0x0, 0x0, 0x0, 0xbf, 0xc0, 0x0, 0x5f, 0xf4,
    0x0, 0x0, 0x0, 0x1, 0xee, 0x30, 0x2f, 0xf8,
    0x0, 0x0, 0x2, 0xee, 0xef, 0xfe, 0xef, 0xff,
    0xee, 0xe9, 0x0, 0x2f, 0xff, 0xff, 0xff, 0xff,
    0xff, 0xff, 0xa0, 0x0, 0x0, 0x0, 0x5, 0xfc,
    0x0, 0x0, 0x0, 0x0, 0x0, 0x0, 0x0, 0x5f,
    0xc0, 0x0, 0x0, 0x0, 0x2, 0x22, 0x22, 0x27,
    0xfd, 0x22, 0x22, 0x22, 0x10, 0xef, 0xff, 0xff,
    0xff, 0xff, 0xff, 0xff, 0xf6, 0xc, 0xdd, 0xdd,
    0xdf, 0xff, 0xdd, 0xdd, 0xdd, 0x50, 0x0, 0x0,
    0x0, 0xef, 0xf7, 0x0, 0x0, 0x0, 0x0, 0x0,
    0x0, 0xaf, 0xef, 0xf4, 0x0, 0x0, 0x0, 0x0,
    0x1, 0xbf, 0xf3, 0x8f, 0xf6, 0x0, 0x0, 0x0,
    0x18, 0xff, 0xf4, 0x0, 0xaf, 0xfc, 0x50, 0x0,
    0xaf, 0xff, 0xc2, 0x0, 0x0, 0x7f, 0xff, 0xf7,
    0xb, 0xfd, 0x60, 0x0, 0x0, 0x0, 0x2a, 0xff,
    0x40, 0x24, 0x0, 0x0, 0x0, 0x0, 0x0, 0x1,
    0x50,

    /* U+5177 "具" */
    0x0, 0xcf, 0xff, 0xff, 0xff, 0xff, 0xfc, 0x0,
    0x0, 0xcf, 0xba, 0xaa, 0xaa, 0xab, 0xfc, 0x0,
    0x0, 0xcf, 0x20, 0x0, 0x0, 0x3, 0xfc, 0x0,
    0x0, 0xcf, 0xff, 0xff, 0xff, 0xff, 0xfc, 0x0,
    0x0, 0xcf, 0x98, 0x88, 0x88, 0x89, 0xfc, 0x0,
    0x0, 0xcf, 0x86, 0x66, 0x66, 0x68, 0xfc, 0x0,
    0x0, 0xcf, 0xff, 0xff, 0xff, 0xff, 0xfc, 0x0,
    0x0, 0xcf, 0x20, 0x0, 0x0, 0x3, 0xfc, 0x0,
    0x0, 0xcf, 0xff, 0xff, 0xff, 0xff, 0xfc, 0x0,
    0x0, 0xcf, 0x98, 0x88, 0x88, 0x89, 0xfc, 0x0,
    0x0, 0xcf, 0x30, 0x0, 0x0, 0x3, 0xfc, 0x0,
    0xef, 0xff, 0xff, 0xff, 0xff, 0xff, 0xff, 0xfe,
    0x9a, 0xaa, 0xbf, 0xba, 0xac, 0xea, 0xaa, 0xa9,
    0x0, 0x7, 0xef, 0x70, 0x8, 0xfe, 0x82, 0x0,
    0x4a, 0xff, 0xfb, 0x30, 0x4, 0xaf, 0xff, 0xc5,
    0xaf, 0xe8, 0x20, 0x0, 0x0, 0x1, 0x7d, 0xf6,
    0x24, 0x0, 0x0, 0x0, 0x0, 0x0, 0x0, 0x40,

    /* U+5185 "内" */
    0x0, 0x0, 0x0, 0xff, 0x10, 0x0, 0x0, 0x0,
    0x0, 0x0, 0xff, 0x10, 0x0, 0x0, 0xee, 0xee,
    0xee, 0xff, 0xee, 0xee, 0xec, 0xff, 0xff, 0xff,
    0xff, 0xff, 0xff, 0xfe, 0xff, 0x20, 0x1, 0xff,
    0x10, 0x2, 0xfe, 0xff, 0x10, 0x3, 0xfe, 0x0,
    0x2, 0xfe, 0xff, 0x10, 0x7, 0xff, 0x20, 0x2,
    0xfe, 0xff, 0x10, 0x1e, 0xff, 0xe2, 0x2, 0xfe,
    0xff, 0x10, 0xaf, 0xdb, 0xfe, 0x32, 0xfe, 0xff,
    0x1a, 0xff, 0x30, 0xbf, 0xe5, 0xfe, 0xff, 0xbf,
    0xf5, 0x0, 0xc, 0xfb, 0xfe, 0xff, 0x3e, 0x50,
    0x0, 0x0, 0x92, 0xfe, 0xff, 0x10, 0x0, 0x0,
    0x0, 0x2, 0xfe, 0xff, 0x10, 0x0, 0x0, 0x0,
    0x4, 0xfe, 0xff, 0x10, 0x0, 0x0, 0x3f, 0xff,
    0xfc, 0xff, 0x10, 0x0, 0x0, 0xf, 0xff, 0xe5,
    0x11, 0x0, 0x0, 0x0, 0x0, 0x0, 0x0,

    /* U+518D "再" */
    0x9f, 0xff, 0xff, 0xff, 0xff, 0xff, 0xff, 0xfa,
    0x7c, 0xcc, 0xcc, 0xcf, 0xfc, 0xcc, 0xcc, 0xc7,
    0x0, 0x0, 0x0, 0xf, 0xf0, 0x0, 0x0, 0x0,
    0x0, 0x0, 0x0, 0xf, 0xf0, 0x0, 0x0, 0x0,
    0x3, 0xff, 0xff, 0xff, 0xff, 0xff, 0xff, 0x40,
    0x3, 0xfe, 0xbb, 0xbf, 0xfb, 0xbb, 0xef, 0x40,
    0x3, 0xfc, 0x0, 0xf, 0xf0, 0x0, 0xbf, 0x40,
    0x3, 0xff, 0xcc, 0xcf, 0xfc, 0xcc, 0xef, 0x40,
    0x3, 0xff, 0xff, 0xff, 0xff, 0xff, 0xff, 0x40,
    0x3, 0xfc, 0x0, 0xf, 0xf0, 0x0, 0xbf, 0x40,
    0xac, 0xfe, 0xbb, 0xbf, 0xfb, 0xbb, 0xef, 0xca,
    0xff, 0xff, 0xff, 0xff, 0xff, 0xff, 0xff, 0xff,
    0x25, 0xfc, 0x22, 0x22, 0x22, 0x22, 0xcf, 0x52,
    0x3, 0xfc, 0x0, 0x0, 0x0, 0x0, 0xdf, 0x30,
    0x3, 0xfc, 0x0, 0x0, 0xb, 0xff, 0xff, 0x20,
    0x3, 0xfc, 0x0, 0x0, 0x9, 0xff, 0xe9, 0x0,
    0x0, 0x0, 0x0, 0x0, 0x0, 0x0, 0x0, 0x0,

    /* U+51B3 "决" */
    0x0, 0x20, 0x0, 0x0, 0x3f, 0xd0, 0x0, 0x0,
    0x0, 0xaf, 0x30, 0x0, 0x3, 0xfd, 0x0, 0x0,
    0x0, 0x6, 0xfc, 0x2, 0xee, 0xef, 0xfe, 0xee,
    0xe3, 0x0, 0xe, 0xf4, 0x3f, 0xff, 0xff, 0xff,
    0xff, 0x40, 0x0, 0x8f, 0xc0, 0x0, 0x3f, 0xd0,
    0xa, 0xf4, 0x0, 0x1, 0xd6, 0x0, 0x3, 0xfd,
    0x0, 0x9f, 0x40, 0x0, 0x0, 0x0, 0x0, 0x3f,
    0xd0, 0x9, 0xf4, 0x0, 0x0, 0x20, 0x0, 0x4,
    0xfd, 0x0, 0xaf, 0x40, 0x0, 0x2f, 0xde, 0xff,
    0xff, 0xff, 0xff, 0xff, 0xb0, 0x7, 0xfa, 0xce,
    0xef, 0xff, 0xee, 0xee, 0xea, 0x0, 0xbf, 0x50,
    0x0, 0xcf, 0xfb, 0x0, 0x0, 0x0, 0xf, 0xf0,
    0x0, 0x4f, 0xfe, 0xf5, 0x0, 0x0, 0x5, 0xfb,
    0x0, 0x3e, 0xf7, 0x5f, 0xf5, 0x0, 0x0, 0xbf,
    0x60, 0x6f, 0xfb, 0x0, 0x8f, 0xfa, 0x20, 0x1f,
    0xf3, 0xcf, 0xfb, 0x0, 0x0, 0x8f, 0xff, 0x60,
    0x36, 0xd, 0xf8, 0x0, 0x0, 0x0, 0x4d, 0xf2,
    0x0, 0x0, 0x23, 0x0, 0x0, 0x0, 0x0, 0x3,
    0x0,

    /* U+51C6 "准" */
    0x0, 0x0, 0x0, 0x6, 0x40, 0x3, 0x40, 0x0,
    0x0, 0x4b, 0x0, 0x1, 0xff, 0x10, 0xff, 0x0,
    0x0, 0xc, 0xf7, 0x0, 0x5f, 0xc0, 0xa, 0xf5,
    0x0, 0x0, 0x4f, 0xe0, 0xb, 0xfe, 0xcc, 0xef,
    0xec, 0xc9, 0x0, 0xcf, 0x72, 0xff, 0xff, 0xff,
    0xff, 0xff, 0xc0, 0x4, 0xfc, 0xaf, 0xf1, 0x0,
    0xdf, 0x10, 0x0, 0x0, 0x5, 0x4f, 0xff, 0x10,
    0xd, 0xf1, 0x0, 0x0, 0x0, 0xe, 0xff, 0xff,
    0xff, 0xff, 0xff, 0xf7, 0x0, 0x0, 0xac, 0xef,
    0xcb, 0xbf, 0xfc, 0xbb, 0x50, 0x5, 0xb6, 0x1e,
    0xf1, 0x0, 0xdf, 0x10, 0x0, 0x0, 0xaf, 0x70,
    0xef, 0xaa, 0xaf, 0xfa, 0xaa, 0x40, 0xf, 0xf3,
    0xe, 0xff, 0xff, 0xff, 0xff, 0xf7, 0x4, 0xfe,
    0x0, 0xef, 0x21, 0x1d, 0xf2, 0x11, 0x0, 0x8f,
    0xa0, 0xe, 0xf1, 0x0, 0xdf, 0x10, 0x0, 0xd,
    0xf6, 0x0, 0xef, 0xcc, 0xcf, 0xfc, 0xcc, 0x91,
    0xdf, 0x10, 0xe, 0xff, 0xff, 0xff, 0xff, 0xfd,
    0x0, 0x10, 0x0, 0xef, 0x10, 0x0, 0x0, 0x0,
    0x0,

    /* U+51CF "减" */
    0x0, 0x0, 0x0, 0x0, 0x0, 0x0, 0x0, 0x0,
    0x0, 0x0, 0x30, 0x0, 0x0, 0x0, 0xb, 0xf3,
    0xe5, 0x0, 0xc, 0xf2, 0x0, 0x0, 0x0, 0xa,
    0xf2, 0x9f, 0x20, 0x6, 0xf8, 0x1e, 0xee, 0xee,
    0xef, 0xfe, 0xef, 0xd0, 0x1, 0xfe, 0x1f, 0xff,
    0xff, 0xff, 0xff, 0xff, 0xf0, 0x0, 0xbf, 0x5f,
    0xa0, 0x0, 0x7, 0xf4, 0x0, 0x0, 0x0, 0x5b,
    0x5f, 0xa6, 0xaa, 0xa7, 0xf5, 0x2b, 0x40, 0x0,
    0x0, 0x1f, 0xaa, 0xff, 0xf7, 0xf6, 0x7f, 0x50,
    0x0, 0x46, 0x2f, 0xa0, 0x0, 0x3, 0xf8, 0xbf,
    0x10, 0x0, 0xbf, 0x4f, 0xaa, 0xff, 0xf3, 0xfb,
    0xfb, 0x0, 0x0, 0xfe, 0x1f, 0xaa, 0xed, 0xf2,
    0xff, 0xf5, 0x0, 0x4, 0xfa, 0x2f, 0x9a, 0xa3,
    0xf2, 0xdf, 0xe0, 0x0, 0x8, 0xf6, 0x3f, 0x8a,
    0xa3, 0xf2, 0xcf, 0x63, 0xe2, 0xd, 0xf2, 0x6f,
    0x6a, 0xff, 0xf8, 0xff, 0x64, 0xf2, 0x2f, 0xe0,
    0xbf, 0x28, 0xcc, 0xef, 0xef, 0xc7, 0xf0, 0x4,
    0x52, 0xfe, 0x0, 0x4, 0xff, 0x39, 0xff, 0xc0,
    0x0, 0x6, 0xf8, 0x0, 0x1, 0xc4, 0x1, 0xcf,
    0x50, 0x0, 0x0, 0x11, 0x0, 0x0, 0x0, 0x0,
    0x0, 0x0,

    /* U+51F6 "凶" */
    0x0, 0x0, 0x10, 0x0, 0x0, 0x14, 0x0, 0x0,
    0x0, 0xa, 0xd1, 0x0, 0x0, 0x9f, 0x80, 0x0,
    0x0, 0xb, 0xfb, 0x0, 0x2, 0xff, 0x30, 0x0,
    0x17, 0x61, 0xef, 0x80, 0xc, 0xf9, 0x8, 0x91,
    0x2f, 0xe0, 0x3f, 0xf4, 0x7f, 0xe1, 0xe, 0xf2,
    0x2f, 0xe0, 0x7, 0xff, 0xff, 0x50, 0xe, 0xf2,
    0x2f, 0xe0, 0x0, 0xbf, 0xfa, 0x0, 0xe, 0xf2,
    0x2f, 0xe0, 0x0, 0x9f, 0xfa, 0x0, 0xe, 0xf2,
    0x2f, 0xe0, 0x6, 0xff, 0xff, 0x60, 0xe, 0xf2,
    0x2f, 0xe0, 0x4f, 0xf6, 0x7f, 0xf3, 0xe, 0xf2,
    0x2f, 0xe3, 0xff, 0x90, 0xb, 0xfd, 0xe, 0xf2,
    0x2f, 0xfe, 0xfb, 0x0, 0x1, 0xef, 0x9e, 0xf2,
    0x2f, 0xe4, 0xc0, 0x0, 0x0, 0x4c, 0x2e, 0xf2,
    0x2f, 0xe0, 0x0, 0x0, 0x0, 0x0, 0xe, 0xf2,
    0x2f, 0xfd, 0xdd, 0xdd, 0xdd, 0xdd, 0xdf, 0xf2,
    0x2f, 0xff, 0xff, 0xff, 0xff, 0xff, 0xff, 0xf2,
    0x2, 0x22, 0x22, 0x22, 0x22, 0x22, 0x2e, 0xf2,

    /* U+51FA "出" */
    0x0, 0x0, 0x0, 0x1f, 0xf1, 0x0, 0x0, 0x0,
    0x6, 0xa4, 0x0, 0x1f, 0xf1, 0x0, 0x1a, 0x80,
    0x9, 0xf6, 0x0, 0x1f, 0xf1, 0x0, 0x2f, 0xd0,
    0x9, 0xf6, 0x0, 0x1f, 0xf1, 0x0, 0x2f, 0xd0,
    0x9, 0xf6, 0x0, 0x1f, 0xf1, 0x0, 0x2f, 0xd0,
    0x9, 0xf7, 0x22, 0x2f, 0xf3, 0x22, 0x4f, 0xd0,
    0x9, 0xff, 0xff, 0xff, 0xff, 0xff, 0xff, 0xd0,
    0x8, 0xee, 0xee, 0xef, 0xfe, 0xee, 0xee, 0xb0,
    0x6, 0x50, 0x0, 0x1f, 0xf1, 0x0, 0x4, 0x62,
    0x1f, 0xf0, 0x0, 0x1f, 0xf1, 0x0, 0xa, 0xf6,
    0x1f, 0xf0, 0x0, 0x1f, 0xf1, 0x0, 0xa, 0xf6,
    0x1f, 0xf0, 0x0, 0x1f, 0xf1, 0x0, 0xa, 0xf6,
    0x1f, 0xf0, 0x0, 0x1f, 0xf1, 0x0, 0xa, 0xf6,
    0x1f, 0xff, 0xff, 0xff, 0xff, 0xff, 0xff, 0xf6,
    0x1f, 0xff, 0xff, 0xff, 0xff, 0xff, 0xff, 0xf6,
    0x0, 0x0, 0x0, 0x0, 0x0, 0x0, 0xa, 0xf6,

    /* U+51FB "击" */
    0x0, 0x0, 0x0, 0xf, 0xf0, 0x0, 0x0, 0x0,
    0x0, 0x0, 0x0, 0xf, 0xf0, 0x0, 0x0, 0x0,
    0xc, 0xee, 0xee, 0xef, 0xfe, 0xee, 0xee, 0xc0,
    0xd, 0xff, 0xff, 0xff, 0xff, 0xff, 0xff, 0xd0,
    0x0, 0x0, 0x0, 0x1f, 0xf1, 0x0, 0x0, 0x0,
    0x0, 0x0, 0x0, 0xf, 0xf0, 0x0, 0x0, 0x0,
    0x33, 0x33, 0x33, 0x4f, 0xf4, 0x33, 0x33, 0x33,
    0xff, 0xff, 0xff, 0xff, 0xff, 0xff, 0xff, 0xff,
    0xab, 0xbb, 0xbb, 0xbf, 0xfb, 0xbb, 0xbb, 0xbb,
    0x7, 0xc5, 0x0, 0xf, 0xf0, 0x0, 0x5c, 0x70,
    0xa, 0xf7, 0x0, 0xf, 0xf0, 0x0, 0x6f, 0xa0,
    0xa, 0xf7, 0x0, 0xf, 0xf0, 0x0, 0x6f, 0xa0,
    0xa, 0xf7, 0x0, 0xf, 0xf0, 0x0, 0x6f, 0xa0,
    0xa, 0xfe, 0xcc, 0xcf, 0xfc, 0xcc, 0xdf, 0xa0,
    0xa, 0xff, 0xff, 0xff, 0xff, 0xff, 0xff, 0xa0,
    0x1, 0x22, 0x22, 0x22, 0x22, 0x22, 0x8f, 0xa0,

    /* U+5206 "分" */
    0x0, 0x0, 0x0, 0x30, 0x0, 0x56, 0x0, 0x0,
    0x0, 0x0, 0x0, 0x6f, 0xb0, 0x2f, 0xf1, 0x0,
    0x0, 0x0, 0x0, 0xe, 0xf5, 0x0, 0xbf, 0x80,
    0x0, 0x0, 0x0, 0xa, 0xfd, 0x0, 0x3, 0xff,
    0x30, 0x0, 0x0, 0x6, 0xff, 0x30, 0x0, 0x9,
    0xfd, 0x10, 0x0, 0x5, 0xff, 0x70, 0x0, 0x0,
    0xd, 0xfd, 0x10, 0x7, 0xff, 0xa0, 0x0, 0x0,
    0x0, 0x2e, 0xfe, 0x42, 0xff, 0xfb, 0xbb, 0xbb,
    0xbb, 0xbb, 0xdf, 0xfc, 0x9, 0x8a, 0xff, 0xff,
    0xff, 0xff, 0xff, 0x3b, 0x40, 0x0, 0x23, 0x9f,
    0xa3, 0x33, 0x3f, 0xf1, 0x0, 0x0, 0x0, 0x9,
    0xf7, 0x0, 0x0, 0xff, 0x0, 0x0, 0x0, 0x0,
    0xcf, 0x50, 0x0, 0x1f, 0xf0, 0x0, 0x0, 0x0,
    0x2f, 0xf1, 0x0, 0x3, 0xfe, 0x0, 0x0, 0x0,
    0xc, 0xfb, 0x0, 0x0, 0x4f, 0xc0, 0x0, 0x0,
    0x1c, 0xff, 0x20, 0x0, 0x9, 0xfb, 0x0, 0x0,
    0x7f, 0xff, 0x40, 0x4f, 0xff, 0xff, 0x70, 0x0,
    0x6, 0xfd, 0x30, 0x1, 0xff, 0xfe, 0x90, 0x0,
    0x0, 0x6, 0x0, 0x0, 0x0, 0x0, 0x0, 0x0,
    0x0,

    /* U+5207 "切" */
    0x2, 0xfd, 0x0, 0xef, 0xff, 0xff, 0xff, 0xf7,
    0x2, 0xfd, 0x0, 0xef, 0xff, 0xff, 0xff, 0xf6,
    0x2, 0xfd, 0x0, 0x11, 0xbf, 0x61, 0x1b, 0xf6,
    0x2, 0xfe, 0x7a, 0x60, 0xbf, 0x50, 0xb, 0xf5,
    0xdf, 0xff, 0xff, 0x80, 0xcf, 0x40, 0xb, 0xf5,
    0xcf, 0xff, 0xc9, 0x40, 0xcf, 0x30, 0xc, 0xf4,
    0x34, 0xfd, 0x0, 0x0, 0xdf, 0x30, 0xc, 0xf4,
    0x2, 0xfd, 0x0, 0x0, 0xff, 0x10, 0xd, 0xf3,
    0x2, 0xfd, 0x0, 0x0, 0xff, 0x0, 0xd, 0xf3,
    0x2, 0xfd, 0x0, 0x13, 0xfd, 0x0, 0xe, 0xf2,
    0x2, 0xfd, 0x3d, 0x67, 0xfa, 0x0, 0xf, 0xf1,
    0x2, 0xff, 0xff, 0x9c, 0xf5, 0x0, 0xf, 0xf1,
    0x5, 0xff, 0xfa, 0x6f, 0xe0, 0x0, 0xf, 0xf0,
    0x6, 0xff, 0x52, 0xff, 0x70, 0x11, 0x6f, 0xf0,
    0x0, 0xa2, 0x1d, 0xfc, 0x6, 0xff, 0xff, 0xc0,
    0x0, 0x0, 0x1c, 0xe1, 0x2, 0xff, 0xfc, 0x20,
    0x0, 0x0, 0x0, 0x20, 0x0, 0x0, 0x0, 0x0,

    /* U+5219 "则" */
    0x1, 0xff, 0xff, 0xff, 0xfb, 0x0, 0x0, 0xdf,
    0x10, 0x1f, 0xff, 0xff, 0xff, 0xb0, 0x66, 0xd,
    0xf1, 0x1, 0xfa, 0x3, 0x20, 0xfb, 0xf, 0xf0,
    0xdf, 0x10, 0x1f, 0xa1, 0xfc, 0xf, 0xb0, 0xff,
    0xd, 0xf1, 0x1, 0xfa, 0x1f, 0xc0, 0xfb, 0xf,
    0xf0, 0xdf, 0x10, 0x1f, 0xa1, 0xfc, 0xf, 0xb0,
    0xff, 0xd, 0xf1, 0x1, 0xfa, 0x1f, 0xc0, 0xfb,
    0xf, 0xf0, 0xdf, 0x10, 0x1f, 0xa1, 0xfc, 0xf,
    0xb0, 0xff, 0xd, 0xf1, 0x1, 0xfa, 0x2f, 0xc0,
    0xfb, 0xf, 0xf0, 0xdf, 0x10, 0x1f, 0xa3, 0xfa,
    0xf, 0xb0, 0xff, 0xd, 0xf1, 0x1, 0xfa, 0x6f,
    0xa0, 0xfa, 0xf, 0xf0, 0xdf, 0x10, 0x0, 0xd,
    0xff, 0x80, 0x0, 0xee, 0xd, 0xf1, 0x0, 0x7,
    0xfe, 0xff, 0x90, 0x0, 0x0, 0xdf, 0x10, 0x7,
    0xff, 0x45, 0xff, 0x90, 0x0, 0xe, 0xf1, 0xa,
    0xff, 0x60, 0x4, 0xff, 0x28, 0xff, 0xff, 0x0,
    0x7f, 0x50, 0x0, 0x4, 0x40, 0x5f, 0xfe, 0x60,
    0x0, 0x10, 0x0, 0x0, 0x0, 0x0, 0x0, 0x0,
    0x0,

    /* U+522B "别" */
    0x1, 0xff, 0xff, 0xff, 0xfa, 0x0, 0x0, 0xdf,
    0x20, 0x1f, 0xfc, 0xcc, 0xdf, 0xa0, 0x54, 0xd,
    0xf2, 0x1, 0xfc, 0x0, 0x4, 0xfa, 0xf, 0xe0,
    0xdf, 0x20, 0x1f, 0xc0, 0x0, 0x4f, 0xa0, 0xfe,
    0xd, 0xf2, 0x1, 0xff, 0xcc, 0xcd, 0xfa, 0xf,
    0xe0, 0xdf, 0x20, 0x1f, 0xff, 0xff, 0xff, 0xa0,
    0xfe, 0xd, 0xf2, 0x0, 0x36, 0xfb, 0x33, 0x31,
    0xf, 0xe0, 0xdf, 0x20, 0x0, 0x5f, 0x90, 0x0,
    0x0, 0xfe, 0xd, 0xf2, 0x9, 0xff, 0xff, 0xff,
    0xfd, 0xf, 0xe0, 0xdf, 0x20, 0xaf, 0xff, 0xff,
    0xff, 0xd0, 0xfe, 0xd, 0xf2, 0x0, 0x8, 0xf6,
    0x0, 0xfc, 0xf, 0xe0, 0xdf, 0x20, 0x0, 0xcf,
    0x40, 0x1f, 0xc0, 0xfd, 0xd, 0xf2, 0x0, 0x2f,
    0xf0, 0x2, 0xfb, 0x0, 0x0, 0xdf, 0x20, 0xc,
    0xf8, 0x0, 0x7f, 0xa0, 0x0, 0x1e, 0xf2, 0x9,
    0xfd, 0x2f, 0xff, 0xf6, 0xd, 0xff, 0xff, 0x0,
    0x7e, 0x20, 0xbc, 0xb6, 0x0, 0xaf, 0xfe, 0x60,
    0x0, 0x10, 0x0, 0x0, 0x0, 0x0, 0x0, 0x0,
    0x0,

    /* U+5230 "到" */
    0xd, 0xff, 0xff, 0xff, 0xff, 0x10, 0x0, 0xef,
    0x10, 0xce, 0xff, 0xfe, 0xee, 0xe1, 0x96, 0xe,
    0xf1, 0x0, 0x9, 0xf8, 0x3, 0x0, 0x1f, 0xa0,
    0xef, 0x10, 0x3, 0xfd, 0x4, 0xf8, 0x1, 0xfa,
    0xe, 0xf1, 0x0, 0xdf, 0x40, 0x1e, 0xf2, 0x1f,
    0xa0, 0xef, 0x10, 0x9f, 0xfa, 0xbc, 0xef, 0xb1,
    0xfa, 0xe, 0xf1, 0x8, 0xff, 0xff, 0xff, 0xff,
    0x5f, 0xa0, 0xef, 0x10, 0x38, 0x79, 0xfa, 0x25,
    0xc3, 0xfa, 0xe, 0xf1, 0x0, 0x0, 0x5f, 0x90,
    0x0, 0x1f, 0xa0, 0xef, 0x10, 0x8e, 0xef, 0xff,
    0xee, 0xb1, 0xfa, 0xe, 0xf1, 0x8, 0xee, 0xff,
    0xfe, 0xeb, 0x1f, 0xa0, 0xef, 0x10, 0x0, 0x5,
    0xf9, 0x0, 0x1, 0xfa, 0xe, 0xf1, 0x0, 0x0,
    0x5f, 0x91, 0x34, 0x0, 0x0, 0xef, 0x10, 0x8a,
    0xbd, 0xff, 0xff, 0xf0, 0x0, 0x1f, 0xf1, 0xf,
    0xff, 0xff, 0xfd, 0xcb, 0xb, 0xff, 0xff, 0x0,
    0x65, 0x42, 0x0, 0x0, 0x0, 0x8f, 0xfe, 0x60,

    /* U+5236 "制" */
    0x0, 0x78, 0xc, 0xe0, 0x0, 0x0, 0x0, 0xaf,
    0x30, 0xe, 0xe2, 0xef, 0x22, 0x20, 0x5a, 0x1a,
    0xf3, 0x4, 0xff, 0xff, 0xff, 0xff, 0x49, 0xf1,
    0xaf, 0x30, 0xaf, 0xaa, 0xff, 0xaa, 0xa2, 0x9f,
    0x1a, 0xf3, 0x9, 0xc0, 0xd, 0xf0, 0x0, 0x9,
    0xf1, 0xaf, 0x30, 0x9a, 0xaa, 0xff, 0xaa, 0xa7,
    0x9f, 0x1a, 0xf3, 0xe, 0xff, 0xff, 0xff, 0xff,
    0xa9, 0xf1, 0xaf, 0x30, 0x22, 0x22, 0xef, 0x22,
    0x21, 0x9f, 0x1a, 0xf3, 0x1, 0x66, 0x6e, 0xf6,
    0x66, 0x29, 0xf1, 0xaf, 0x30, 0x3f, 0xff, 0xff,
    0xff, 0xf6, 0x9f, 0x1a, 0xf3, 0x3, 0xfb, 0x6e,
    0xf6, 0x9f, 0x69, 0xf1, 0xaf, 0x30, 0x3f, 0x90,
    0xdf, 0x5, 0xf6, 0x9f, 0x1a, 0xf3, 0x3, 0xf9,
    0xd, 0xf0, 0x5f, 0x60, 0x10, 0xaf, 0x30, 0x3f,
    0x90, 0xdf, 0x6c, 0xf6, 0x0, 0xc, 0xf3, 0x3,
    0xf9, 0xd, 0xf8, 0xfe, 0x26, 0xee, 0xff, 0x10,
    0x3, 0x20, 0xdf, 0x2, 0x0, 0x4f, 0xff, 0x90,

    /* U+5237 "刷" */
    0x0, 0xef, 0xff, 0xff, 0xff, 0xe0, 0x0, 0xaf,
    0x20, 0xe, 0xfb, 0xbb, 0xbb, 0xfe, 0x19, 0x2a,
    0xf2, 0x0, 0xec, 0x0, 0x0, 0xe, 0xe3, 0xf5,
    0xaf, 0x20, 0xe, 0xe8, 0x88, 0x88, 0xfe, 0x3f,
    0x5a, 0xf2, 0x0, 0xef, 0xff, 0xff, 0xff, 0xe3,
    0xf5, 0xaf, 0x20, 0xe, 0xd3, 0x36, 0x83, 0x32,
    0x3f, 0x5a, 0xf2, 0x0, 0xec, 0x0, 0x9f, 0x10,
    0x3, 0xf5, 0xaf, 0x20, 0xf, 0xce, 0xef, 0xfe,
    0xed, 0x3f, 0x5a, 0xf2, 0x0, 0xfc, 0xfe, 0xff,
    0xdf, 0xe3, 0xf5, 0xaf, 0x20, 0x1f, 0xaf, 0x79,
    0xf1, 0x9e, 0x3f, 0x5a, 0xf2, 0x2, 0xf9, 0xf7,
    0x9f, 0x19, 0xe3, 0xf5, 0xaf, 0x20, 0x5f, 0x7f,
    0x79, 0xf1, 0x9e, 0x3f, 0x5a, 0xf2, 0x8, 0xf3,
    0xf7, 0x9f, 0x19, 0xe0, 0x0, 0xaf, 0x20, 0xcf,
    0xf, 0x79, 0xfa, 0xfd, 0x0, 0xa, 0xf2, 0x1f,
    0xb0, 0xc5, 0x9f, 0x6b, 0x50, 0xdd, 0xff, 0x10,
    0x65, 0x0, 0x9, 0xf1, 0x0, 0xe, 0xff, 0x80,

    /* U+524D "前" */
    0x0, 0x4, 0x83, 0x0, 0x0, 0x48, 0x40, 0x0,
    0x0, 0x8, 0xfd, 0x0, 0x0, 0xef, 0x70, 0x0,
    0x9a, 0xab, 0xff, 0xba, 0xac, 0xff, 0xaa, 0xaa,
    0xff, 0xff, 0xff, 0xff, 0xff, 0xff, 0xff, 0xff,
    0x23, 0x33, 0x33, 0x33, 0x33, 0x33, 0x33, 0x32,
    0x5, 0x55, 0x55, 0x55, 0x0, 0x0, 0x1c, 0xa0,
    0xe, 0xff, 0xff, 0xff, 0x25, 0xe5, 0x1f, 0xd0,
    0xe, 0xf9, 0x99, 0xef, 0x26, 0xf6, 0x1f, 0xd0,
    0xe, 0xf1, 0x11, 0xbf, 0x26, 0xf6, 0x1f, 0xd0,
    0xe, 0xff, 0xff, 0xff, 0x26, 0xf6, 0x1f, 0xd0,
    0xe, 0xf9, 0x99, 0xef, 0x26, 0xf6, 0x1f, 0xd0,
    0xe, 0xf1, 0x11, 0xbf, 0x26, 0xf6, 0x1f, 0xd0,
    0xe, 0xff, 0xff, 0xff, 0x26, 0xf6, 0x1f, 0xd0,
    0xe, 0xf9, 0x99, 0xef, 0x26, 0xf5, 0x1f, 0xd0,
    0xe, 0xf0, 0x0, 0xbf, 0x20, 0x0, 0x2f, 0xc0,
    0xe, 0xf0, 0xbc, 0xff, 0x10, 0xee, 0xff, 0xb0,
    0xe, 0xf0, 0xbf, 0xfa, 0x0, 0xdf, 0xfd, 0x40,
    0x1, 0x10, 0x0, 0x0, 0x0, 0x0, 0x0, 0x0,

    /* U+5269 "剩" */
    0x0, 0x0, 0x0, 0x1, 0x10, 0x0, 0x0, 0x0,
    0x0, 0x2d, 0xef, 0xff, 0xff, 0xf4, 0x0, 0x9,
    0xf1, 0x2, 0xdc, 0xbe, 0xf8, 0x77, 0x21, 0xb4,
    0x9f, 0x10, 0x22, 0x22, 0xde, 0x22, 0x22, 0x2f,
    0x69, 0xf1, 0xe, 0xff, 0xff, 0xff, 0xff, 0xf3,
    0xf6, 0x9f, 0x10, 0x78, 0x88, 0xef, 0x88, 0x88,
    0x2f, 0x69, 0xf1, 0x0, 0x2e, 0x4c, 0xe3, 0xe3,
    0x42, 0xf6, 0x9f, 0x10, 0xff, 0xf4, 0xce, 0x4f,
    0xef, 0x3f, 0x69, 0xf1, 0x7, 0x8f, 0x4c, 0xe4,
    0xfb, 0x32, 0xf6, 0x9f, 0x10, 0x38, 0xf4, 0xce,
    0x4f, 0x3c, 0x5f, 0x69, 0xf1, 0x1f, 0xff, 0x5e,
    0xe3, 0xfd, 0xf4, 0xf6, 0x9f, 0x10, 0x62, 0xac,
    0xff, 0x68, 0xa7, 0x2f, 0x69, 0xf1, 0x0, 0x7,
    0xff, 0xff, 0xa0, 0x2, 0xf6, 0x9f, 0x10, 0x8,
    0xfc, 0xde, 0xcf, 0xd2, 0x0, 0x9, 0xf1, 0x1c,
    0xfd, 0x1c, 0xe0, 0xaf, 0xc0, 0x0, 0xbf, 0x10,
    0xdd, 0x10, 0xce, 0x0, 0x74, 0x3f, 0xff, 0xf0,
    0x3, 0x0, 0xc, 0xe0, 0x0, 0x0, 0xff, 0xf8,
    0x0, 0x0, 0x0, 0x23, 0x0, 0x0, 0x0, 0x0,
    0x0,

    /* U+526A "剪" */
    0x0, 0x0, 0x1, 0x0, 0x0, 0x11, 0x0, 0x0,
    0x0, 0x4, 0xfe, 0x0, 0x0, 0xcf, 0x70, 0x0,
    0x89, 0x99, 0xff, 0xb9, 0x9b, 0xff, 0xa9, 0x98,
    0xef, 0xff, 0xff, 0xff, 0xff, 0xff, 0xff, 0xfe,
    0x2, 0x44, 0x44, 0x44, 0x10, 0x0, 0x5, 0x40,
    0xb, 0xff, 0xff, 0xff, 0x43, 0xf7, 0xf, 0xd0,
    0xb, 0xf7, 0x66, 0xbf, 0x43, 0xf7, 0xf, 0xd0,
    0xb, 0xf8, 0x77, 0xcf, 0x43, 0xf7, 0xf, 0xd0,
    0xb, 0xff, 0xff, 0xff, 0x42, 0xd6, 0xf, 0xd0,
    0xb, 0xf3, 0x34, 0xcf, 0x40, 0x56, 0x9f, 0xd0,
    0xb, 0xf2, 0x9f, 0xfe, 0x10, 0xbf, 0xff, 0x70,
    0x1, 0x20, 0x13, 0x20, 0x0, 0x12, 0x21, 0x0,
    0x9f, 0xff, 0xff, 0xff, 0xff, 0xff, 0xff, 0xf0,
    0x48, 0x88, 0x8f, 0xfa, 0x88, 0x88, 0x9f, 0xe0,
    0x0, 0x1, 0xaf, 0xd0, 0x0, 0x0, 0x4f, 0xc0,
    0x59, 0xcf, 0xfe, 0x20, 0x4b, 0xbb, 0xef, 0x90,
    0x7f, 0xfc, 0x60, 0x0, 0x3f, 0xff, 0xfc, 0x20,
    0x4, 0x0, 0x0, 0x0, 0x0, 0x0, 0x0, 0x0,

    /* U+529B "力" */
    0x0, 0x0, 0x0, 0x7f, 0xa0, 0x0, 0x0, 0x0,
    0x0, 0x0, 0x0, 0x8, 0xfa, 0x0, 0x0, 0x0,
    0x0, 0x0, 0x0, 0x0, 0x8f, 0x90, 0x0, 0x0,
    0x0, 0x0, 0x4f, 0xff, 0xff, 0xff, 0xff, 0xff,
    0xff, 0xf1, 0x4, 0xff, 0xff, 0xff, 0xff, 0xff,
    0xff, 0xff, 0x0, 0x2, 0x22, 0x2c, 0xf8, 0x22,
    0x22, 0x3f, 0xf0, 0x0, 0x0, 0x0, 0xcf, 0x60,
    0x0, 0x2, 0xff, 0x0, 0x0, 0x0, 0xe, 0xf4,
    0x0, 0x0, 0x2f, 0xf0, 0x0, 0x0, 0x2, 0xff,
    0x20, 0x0, 0x3, 0xfe, 0x0, 0x0, 0x0, 0x6f,
    0xe0, 0x0, 0x0, 0x4f, 0xd0, 0x0, 0x0, 0xd,
    0xf9, 0x0, 0x0, 0x4, 0xfd, 0x0, 0x0, 0x8,
    0xff, 0x20, 0x0, 0x0, 0x5f, 0xc0, 0x0, 0x5,
    0xff, 0x80, 0x0, 0x0, 0x6, 0xfb, 0x0, 0x7,
    0xff, 0xc0, 0x0, 0x33, 0x34, 0xdf, 0x90, 0xa,
    0xff, 0xc1, 0x0, 0x2f, 0xff, 0xff, 0xf5, 0x0,
    0x7f, 0xa0, 0x0, 0x0, 0xef, 0xff, 0xd7, 0x0,
    0x0, 0x40, 0x0, 0x0, 0x0, 0x0, 0x0, 0x0,
    0x0,

    /* U+52A1 "务" */
    0x0, 0x0, 0x2, 0x62, 0x0, 0x0, 0x0, 0x0,
    0x0, 0x0, 0x0, 0x1d, 0xf8, 0x0, 0x0, 0x0,
    0x0, 0x0, 0x0, 0x1, 0xcf, 0xff, 0xff, 0xff,
    0xff, 0xf5, 0x0, 0x0, 0x2d, 0xff, 0xca, 0xaa,
    0xaa, 0xef, 0xf4, 0x0, 0x5, 0xef, 0xcf, 0xe4,
    0x0, 0x2a, 0xfe, 0x40, 0x0, 0x4, 0xf7, 0x4,
    0xef, 0xb9, 0xff, 0xa1, 0x0, 0x0, 0x0, 0x10,
    0x3, 0x9f, 0xff, 0xfb, 0x30, 0x0, 0x0, 0x3,
    0x7a, 0xef, 0xff, 0x98, 0xef, 0xff, 0xc8, 0x60,
    0xd, 0xff, 0xfa, 0x56, 0x50, 0x4, 0x9d, 0xff,
    0xe0, 0x6, 0x73, 0x0, 0x2f, 0xe0, 0x0, 0x0,
    0x14, 0x40, 0x0, 0xbb, 0xbb, 0xcf, 0xfb, 0xbb,
    0xbb, 0xb5, 0x0, 0x1, 0xff, 0xff, 0xff, 0xff,
    0xff, 0xff, 0xf6, 0x0, 0x0, 0x11, 0x12, 0xef,
    0x41, 0x11, 0x1b, 0xf5, 0x0, 0x0, 0x0, 0xb,
    0xfc, 0x0, 0x0, 0xc, 0xf3, 0x0, 0x0, 0x5,
    0xdf, 0xd1, 0x0, 0x0, 0x1f, 0xf2, 0x0, 0x6,
    0xef, 0xfb, 0x10, 0x3d, 0xdd, 0xff, 0xe0, 0x0,
    0x4, 0xfc, 0x40, 0x0, 0x1f, 0xff, 0xfc, 0x40,
    0x0, 0x0, 0x20, 0x0, 0x0, 0x0, 0x0, 0x0,
    0x0, 0x0,

    /* U+52A8 "动" */
    0x3, 0xff, 0xff, 0xff, 0x30, 0x7f, 0x50, 0x0,
    0x0, 0x3f, 0xff, 0xff, 0xf3, 0x7, 0xf5, 0x0,
    0x0, 0x0, 0x0, 0x0, 0x0, 0x4b, 0xdf, 0xdb,
    0xbb, 0x20, 0x0, 0x0, 0x0, 0x6, 0xff, 0xff,
    0xff, 0xf3, 0x0, 0x0, 0x0, 0x0, 0x4c, 0xef,
    0xdc, 0xef, 0x30, 0xee, 0xee, 0xee, 0xe9, 0x9,
    0xf4, 0x9, 0xf2, 0xf, 0xff, 0xff, 0xff, 0xa0,
    0x9f, 0x30, 0xaf, 0x20, 0x0, 0xbf, 0x50, 0x0,
    0xa, 0xf2, 0xa, 0xf1, 0x0, 0x1f, 0xf2, 0x72,
    0x0, 0xbf, 0x10, 0xbf, 0x10, 0x7, 0xfa, 0x6f,
    0x80, 0xd, 0xf0, 0xb, 0xf1, 0x0, 0xdf, 0x40,
    0xfd, 0x0, 0xfe, 0x0, 0xcf, 0x0, 0x4f, 0xe0,
    0xa, 0xf3, 0x4f, 0xb0, 0xd, 0xf0, 0xc, 0xfd,
    0xbd, 0xff, 0x8a, 0xf7, 0x0, 0xdf, 0x0, 0xbf,
    0xff, 0xff, 0xfe, 0xff, 0x10, 0x2f, 0xe0, 0x5,
    0x86, 0x42, 0x5, 0xdf, 0x98, 0xff, 0xfc, 0x0,
    0x0, 0x0, 0x0, 0x2f, 0xe1, 0x5f, 0xfd, 0x40,
    0x0, 0x0, 0x0, 0x0, 0x23, 0x0, 0x0, 0x0,
    0x0,

    /* U+52A9 "助" */
    0x0, 0xff, 0xff, 0xff, 0x10, 0x8f, 0x60, 0x0,
    0x0, 0xf, 0xff, 0xff, 0xf1, 0x8, 0xf6, 0x0,
    0x0, 0x0, 0xfd, 0x0, 0xcf, 0x27, 0xbf, 0xa7,
    0x77, 0x20, 0xf, 0xd0, 0xc, 0xf4, 0xff, 0xff,
    0xff, 0xf4, 0x0, 0xfe, 0xaa, 0xef, 0x3a, 0xdf,
    0xba, 0xef, 0x30, 0xf, 0xff, 0xff, 0xf1, 0x9,
    0xf4, 0xb, 0xf2, 0x0, 0xfd, 0x22, 0xcf, 0x10,
    0xaf, 0x30, 0xbf, 0x20, 0xf, 0xd0, 0xc, 0xf1,
    0xa, 0xf2, 0xc, 0xf1, 0x0, 0xff, 0xcc, 0xff,
    0x10, 0xcf, 0x10, 0xcf, 0x10, 0xf, 0xff, 0xff,
    0xf1, 0xe, 0xf0, 0xd, 0xf0, 0x0, 0xfd, 0x0,
    0xcf, 0x11, 0xfd, 0x0, 0xef, 0x0, 0xf, 0xd0,
    0xc, 0xf1, 0x5f, 0x90, 0xe, 0xf0, 0x0, 0xfd,
    0x57, 0xef, 0xbc, 0xf5, 0x0, 0xff, 0x0, 0xff,
    0xff, 0xff, 0xff, 0xfe, 0x0, 0x2f, 0xe0, 0xe,
    0xfe, 0xca, 0x88, 0xff, 0x69, 0xef, 0xfc, 0x0,
    0x10, 0x0, 0x0, 0x1e, 0xc0, 0x7f, 0xfd, 0x40,
    0x0, 0x0, 0x0, 0x0, 0x21, 0x0, 0x0, 0x0,
    0x0,

    /* U+52BF "势" */
    0x0, 0x8, 0xf5, 0x0, 0x8, 0xf4, 0x0, 0x0,
    0x0, 0x89, 0xcf, 0xb9, 0x4c, 0xef, 0xdc, 0xc8,
    0x0, 0xd, 0xff, 0xff, 0xf6, 0xff, 0xff, 0xff,
    0xb0, 0x0, 0x0, 0x8f, 0x62, 0x0, 0x9f, 0x30,
    0xfb, 0x0, 0x6, 0x8d, 0xff, 0xf6, 0xcd, 0xf2,
    0xf, 0xb0, 0x0, 0xff, 0xff, 0xc8, 0x8f, 0xff,
    0x50, 0xfc, 0x4c, 0x4, 0x28, 0xf5, 0x1, 0xcf,
    0xff, 0x7d, 0xe7, 0xc0, 0x47, 0xcf, 0x53, 0xef,
    0xa3, 0xb2, 0xaf, 0xf8, 0x6, 0xff, 0xe1, 0xa,
    0x90, 0x0, 0x2, 0xee, 0x20, 0x1, 0x10, 0x6,
    0xf9, 0x0, 0x0, 0x0, 0x0, 0x3, 0xff, 0xff,
    0xff, 0xff, 0xff, 0xff, 0xf5, 0x0, 0x2b, 0xbb,
    0xbf, 0xfc, 0xbb, 0xbb, 0xef, 0x40, 0x0, 0x0,
    0x4, 0xff, 0x10, 0x0, 0xc, 0xf3, 0x0, 0x0,
    0x28, 0xff, 0x80, 0x0, 0x1, 0xff, 0x10, 0x9,
    0xdf, 0xff, 0x70, 0xd, 0xee, 0xff, 0xe0, 0x0,
    0x9f, 0xd8, 0x10, 0x0, 0xef, 0xff, 0xd4, 0x0,
    0x1, 0x10, 0x0, 0x0, 0x0, 0x0, 0x0, 0x0,
    0x0,

    /* U+5305 "包" */
    0x0, 0x0, 0x48, 0x40, 0x0, 0x0, 0x0, 0x0,
    0x0, 0x0, 0xc, 0xf9, 0x0, 0x0, 0x0, 0x0,
    0x0, 0x0, 0x4, 0xff, 0xed, 0xdd, 0xdd, 0xdd,
    0xd3, 0x0, 0x0, 0xdf, 0xff, 0xff, 0xff, 0xff,
    0xff, 0x40, 0x0, 0x8f, 0xe1, 0x11, 0x11, 0x11,
    0x1b, 0xf4, 0x0, 0x4f, 0xf7, 0x0, 0x0, 0x0,
    0x0, 0xbf, 0x30, 0xe, 0xff, 0xff, 0xff, 0xff,
    0xf0, 0xb, 0xf3, 0x0, 0x9d, 0xff, 0xee, 0xee,
    0xff, 0x0, 0xbf, 0x30, 0x2, 0x2f, 0xd0, 0x0,
    0xd, 0xf0, 0xc, 0xf2, 0x0, 0x1, 0xfd, 0x11,
    0x11, 0xdf, 0x0, 0xcf, 0x20, 0x0, 0x1f, 0xff,
    0xff, 0xff, 0xf0, 0xe, 0xf2, 0x0, 0x1, 0xff,
    0xbb, 0xbb, 0xbf, 0xbd, 0xff, 0x0, 0x0, 0x1f,
    0xd0, 0x0, 0x0, 0xdf, 0xff, 0xbc, 0x70, 0x1,
    0xfd, 0x0, 0x0, 0x2, 0x32, 0x5, 0xfa, 0x0,
    0x1f, 0xe0, 0x0, 0x0, 0x0, 0x0, 0x8f, 0x90,
    0x0, 0xef, 0xff, 0xff, 0xff, 0xff, 0xff, 0xf6,
    0x0, 0x5, 0xef, 0xff, 0xff, 0xff, 0xff, 0xfb,
    0x0,

    /* U+5316 "化" */
    0x0, 0x0, 0x0, 0x0, 0x0, 0x0, 0x0, 0x0,
    0x0, 0x0, 0x5, 0xf8, 0x3, 0xfe, 0x0, 0x0,
    0x0, 0x0, 0x0, 0xbf, 0x70, 0x3f, 0xe0, 0x0,
    0x0, 0x0, 0x0, 0x2f, 0xf1, 0x3, 0xfe, 0x0,
    0x3, 0x80, 0x0, 0xa, 0xf9, 0x0, 0x3f, 0xe0,
    0x3, 0xef, 0x60, 0x2, 0xff, 0x30, 0x3, 0xfe,
    0x3, 0xef, 0xc0, 0x0, 0xbf, 0xf2, 0x0, 0x3f,
    0xe4, 0xff, 0xc0, 0x0, 0x5f, 0xff, 0x20, 0x3,
    0xff, 0xff, 0xc0, 0x0, 0x1e, 0xff, 0xf2, 0x0,
    0x3f, 0xff, 0xa0, 0x0, 0x4, 0xfc, 0xef, 0x20,
    0x3d, 0xff, 0x80, 0x0, 0x0, 0xe, 0x2e, 0xf3,
    0x9f, 0xff, 0xe0, 0x0, 0x0, 0x0, 0x10, 0xef,
    0x8f, 0xfd, 0xfe, 0x0, 0x1, 0xa6, 0x0, 0xe,
    0xf2, 0xb5, 0x3f, 0xe0, 0x0, 0x2f, 0xd0, 0x0,
    0xef, 0x20, 0x3, 0xfe, 0x0, 0x2, 0xfc, 0x0,
    0xe, 0xf2, 0x0, 0x3f, 0xf2, 0x0, 0x6f, 0xb0,
    0x0, 0xef, 0x20, 0x1, 0xff, 0xff, 0xff, 0xf9,
    0x0, 0xe, 0xf2, 0x0, 0x8, 0xef, 0xff, 0xfc,
    0x10,

    /* U+533A "区" */
    0xef, 0xff, 0xff, 0xff, 0xff, 0xff, 0xff, 0x6e,
    0xff, 0xff, 0xff, 0xff, 0xff, 0xff, 0xf6, 0xef,
    0x30, 0x40, 0x0, 0x0, 0x19, 0x0, 0xe, 0xf2,
    0x4f, 0xa0, 0x0, 0xb, 0xfa, 0x0, 0xef, 0x25,
    0xff, 0x90, 0x7, 0xff, 0x30, 0xe, 0xf2, 0x6,
    0xff, 0x94, 0xff, 0x70, 0x0, 0xef, 0x20, 0x7,
    0xff, 0xff, 0xa0, 0x0, 0xe, 0xf2, 0x0, 0x9,
    0xff, 0xe0, 0x0, 0x0, 0xef, 0x20, 0x2, 0xef,
    0xff, 0x60, 0x0, 0xe, 0xf2, 0x2, 0xef, 0xeb,
    0xff, 0x50, 0x0, 0xef, 0x23, 0xef, 0xe2, 0xc,
    0xff, 0x40, 0xe, 0xf3, 0xff, 0xe3, 0x0, 0x1d,
    0xff, 0x20, 0xef, 0x27, 0xd2, 0x0, 0x0, 0x1e,
    0xb0, 0xe, 0xf4, 0x23, 0x22, 0x22, 0x22, 0x42,
    0x21, 0xef, 0xff, 0xff, 0xff, 0xff, 0xff, 0xff,
    0xbc, 0xdd, 0xdd, 0xdd, 0xdd, 0xdd, 0xdd, 0xd9,

    /* U+533B "医" */
    0xff, 0xff, 0xff, 0xff, 0xff, 0xff, 0xff, 0xaf,
    0xfd, 0xdd, 0xdd, 0xdd, 0xdd, 0xdd, 0xd9, 0xff,
    0x10, 0xe, 0x90, 0x0, 0x0, 0x0, 0xf, 0xf1,
    0x7, 0xfc, 0x0, 0x0, 0x0, 0x0, 0xff, 0x11,
    0xff, 0xff, 0xff, 0xff, 0xfa, 0xf, 0xf1, 0xbf,
    0xda, 0xbf, 0xfa, 0xaa, 0x70, 0xff, 0x1a, 0xd1,
    0x0, 0xfe, 0x0, 0x0, 0xf, 0xf2, 0xab, 0xaa,
    0xaf, 0xfa, 0xaa, 0xa3, 0xff, 0x3f, 0xff, 0xff,
    0xff, 0xff, 0xff, 0x5f, 0xf1, 0x0, 0x0, 0xbf,
    0xd2, 0x0, 0x0, 0xff, 0x10, 0x0, 0x9f, 0xff,
    0xe6, 0x0, 0xf, 0xf1, 0x17, 0xef, 0xf6, 0x9f,
    0xfc, 0x30, 0xff, 0x1c, 0xff, 0xd3, 0x0, 0x3d,
    0xfd, 0xf, 0xf1, 0x4c, 0x60, 0x0, 0x0, 0x18,
    0x50, 0xff, 0xff, 0xff, 0xff, 0xff, 0xff, 0xff,
    0xed, 0xdd, 0xdd, 0xdd, 0xdd, 0xdd, 0xdd, 0xdb,

    /* U+5348 "午" */
    0x0, 0x1, 0x52, 0x0, 0x0, 0x0, 0x0, 0x0,
    0x0, 0x7, 0xfe, 0x0, 0x0, 0x0, 0x0, 0x0,
    0x0, 0xd, 0xf9, 0x11, 0x11, 0x11, 0x11, 0x10,
    0x0, 0x6f, 0xff, 0xff, 0xff, 0xff, 0xff, 0xf0,
    0x0, 0xef, 0xff, 0xff, 0xff, 0xff, 0xff, 0xe0,
    0x9, 0xff, 0x10, 0xb, 0xf8, 0x0, 0x0, 0x0,
    0x2f, 0xf7, 0x0, 0xb, 0xf8, 0x0, 0x0, 0x0,
    0x6, 0xc0, 0x0, 0xb, 0xf8, 0x0, 0x0, 0x0,
    0x11, 0x11, 0x11, 0x1b, 0xf8, 0x11, 0x11, 0x11,
    0xff, 0xff, 0xff, 0xff, 0xff, 0xff, 0xff, 0xff,
    0xff, 0xff, 0xff, 0xff, 0xff, 0xff, 0xff, 0xff,
    0x0, 0x0, 0x0, 0xb, 0xf8, 0x0, 0x0, 0x0,
    0x0, 0x0, 0x0, 0xb, 0xf8, 0x0, 0x0, 0x0,
    0x0, 0x0, 0x0, 0xb, 0xf8, 0x0, 0x0, 0x0,
    0x0, 0x0, 0x0, 0xb, 0xf8, 0x0, 0x0, 0x0,
    0x0, 0x0, 0x0, 0xb, 0xf8, 0x0, 0x0, 0x0,
    0x0, 0x0, 0x0, 0xb, 0xf8, 0x0, 0x0, 0x0,

    /* U+534A "半" */
    0x0, 0x1, 0x0, 0x1, 0xff, 0x10, 0x0, 0x0,
    0x0, 0x0, 0x4f, 0x50, 0x1, 0xff, 0x10, 0x5,
    0xe3, 0x0, 0x0, 0x6f, 0xf4, 0x1, 0xff, 0x10,
    0x4f, 0xf5, 0x0, 0x0, 0x8, 0xff, 0x31, 0xff,
    0x13, 0xff, 0x70, 0x0, 0x0, 0x0, 0xaf, 0x91,
    0xff, 0x18, 0xf8, 0x0, 0x0, 0x0, 0x0, 0x6,
    0x1, 0xff, 0x10, 0x40, 0x0, 0x0, 0x3, 0xff,
    0xff, 0xff, 0xff, 0xff, 0xff, 0xff, 0x40, 0x3,
    0xff, 0xff, 0xff, 0xff, 0xff, 0xff, 0xff, 0x40,
    0x0, 0x0, 0x0, 0x1, 0xff, 0x10, 0x0, 0x0,
    0x0, 0x0, 0x0, 0x0, 0x1, 0xff, 0x10, 0x0,
    0x0, 0x0, 0xf, 0xff, 0xff, 0xff, 0xff, 0xff,
    0xff, 0xff, 0xf0, 0xf, 0xff, 0xff, 0xff, 0xff,
    0xff, 0xff, 0xff, 0xf0, 0x1, 0x11, 0x11, 0x12,
    0xff, 0x21, 0x11, 0x11, 0x10, 0x0, 0x0, 0x0,
    0x1, 0xff, 0x10, 0x0, 0x0, 0x0, 0x0, 0x0,
    0x0, 0x1, 0xff, 0x10, 0x0, 0x0, 0x0, 0x0,
    0x0, 0x0, 0x1, 0xff, 0x10, 0x0, 0x0, 0x0,

    /* U+534F "协" */
    0x0, 0xdf, 0x10, 0x0, 0xc, 0xc0, 0x0, 0x0,
    0x0, 0x0, 0xdf, 0x10, 0x0, 0xe, 0xe0, 0x0,
    0x0, 0x0, 0x0, 0xdf, 0x10, 0x12, 0x2f, 0xe2,
    0x22, 0x20, 0x0, 0x0, 0xdf, 0x10, 0xbf, 0xff,
    0xff, 0xff, 0xf2, 0x0, 0x4f, 0xff, 0xf6, 0x8c,
    0xcf, 0xfc, 0xcf, 0xf1, 0x0, 0x4f, 0xff, 0xf6,
    0x0, 0x2f, 0xc0, 0xd, 0xf0, 0x0, 0x0, 0xdf,
    0x10, 0xaa, 0x4f, 0xb0, 0xe, 0xf9, 0x20, 0x0,
    0xdf, 0x11, 0xfd, 0x5f, 0xa0, 0xf, 0xff, 0x80,
    0x0, 0xdf, 0x17, 0xf7, 0x8f, 0x80, 0xf, 0xee,
    0xd0, 0x0, 0xdf, 0x2e, 0xf1, 0xbf, 0x50, 0x1f,
    0xd9, 0xf3, 0x0, 0xdf, 0x6f, 0xb0, 0xff, 0x10,
    0x2f, 0xc3, 0xd4, 0x0, 0xdf, 0x11, 0x26, 0xfc,
    0x0, 0x3f, 0xb0, 0x0, 0x0, 0xdf, 0x10, 0x1e,
    0xf5, 0x0, 0x4f, 0xa0, 0x0, 0x0, 0xdf, 0x10,
    0xaf, 0xc0, 0x0, 0x9f, 0x90, 0x0, 0x0, 0xdf,
    0x18, 0xff, 0x26, 0xff, 0xff, 0x60, 0x0, 0x0,
    0xdf, 0x17, 0xf4, 0x2, 0xff, 0xfa, 0x0, 0x0,
    0x0, 0x0, 0x0, 0x10, 0x0, 0x0, 0x0, 0x0,
    0x0,

    /* U+5355 "单" */
    0x0, 0x0, 0x61, 0x0, 0x0, 0x16, 0x0, 0x0,
    0x0, 0x8, 0xfc, 0x0, 0x0, 0xbf, 0x90, 0x0,
    0x0, 0x0, 0xcf, 0x60, 0x8, 0xfd, 0x0, 0x0,
    0x7, 0xff, 0xff, 0xff, 0xff, 0xff, 0xff, 0x70,
    0x7, 0xfe, 0xdd, 0xdf, 0xfd, 0xdd, 0xef, 0x80,
    0x7, 0xf8, 0x0, 0xf, 0xf1, 0x0, 0x8f, 0x80,
    0x7, 0xfd, 0xaa, 0xaf, 0xfa, 0xaa, 0xdf, 0x80,
    0x7, 0xff, 0xff, 0xff, 0xff, 0xff, 0xff, 0x80,
    0x7, 0xf8, 0x0, 0xf, 0xf1, 0x0, 0x8f, 0x80,
    0x7, 0xfd, 0xbb, 0xbf, 0xfb, 0xbb, 0xdf, 0x80,
    0x7, 0xff, 0xff, 0xff, 0xff, 0xff, 0xff, 0x80,
    0x0, 0x0, 0x0, 0x1f, 0xf1, 0x0, 0x0, 0x0,
    0x0, 0x0, 0x0, 0x1f, 0xf1, 0x0, 0x0, 0x0,
    0xff, 0xff, 0xff, 0xff, 0xff, 0xff, 0xff, 0xff,
    0xcd, 0xdd, 0xdd, 0xdf, 0xfd, 0xdd, 0xdd, 0xdc,
    0x0, 0x0, 0x0, 0xf, 0xf1, 0x0, 0x0, 0x0,
    0x0, 0x0, 0x0, 0xf, 0xf1, 0x0, 0x0, 0x0,

    /* U+5373 "即" */
    0x1f, 0xff, 0xff, 0xfe, 0xd, 0xff, 0xff, 0xf2,
    0x1f, 0xfc, 0xcc, 0xfe, 0xd, 0xff, 0xff, 0xf2,
    0x1f, 0xc0, 0x0, 0xee, 0xd, 0xf1, 0xb, 0xf2,
    0x1f, 0xc0, 0x0, 0xee, 0xd, 0xf1, 0xb, 0xf2,
    0x1f, 0xff, 0xff, 0xfe, 0xd, 0xf1, 0xb, 0xf2,
    0x1f, 0xeb, 0xbb, 0xfe, 0xd, 0xf1, 0xb, 0xf2,
    0x1f, 0xc0, 0x0, 0xee, 0xd, 0xf1, 0xb, 0xf2,
    0x1f, 0xeb, 0xbb, 0xfe, 0xd, 0xf1, 0xb, 0xf2,
    0x1f, 0xff, 0xff, 0xfe, 0xd, 0xf1, 0xb, 0xf2,
    0x1f, 0xc1, 0x12, 0x20, 0xd, 0xf1, 0xb, 0xf2,
    0x1f, 0xc0, 0x3f, 0x90, 0xd, 0xf1, 0xb, 0xf2,
    0x1f, 0xc0, 0xe, 0xf2, 0xd, 0xf2, 0x1d, 0xf2,
    0x1f, 0xc3, 0xaf, 0xfa, 0xd, 0xfa, 0xff, 0xf0,
    0x3f, 0xff, 0xfe, 0xef, 0x3d, 0xf7, 0xed, 0x60,
    0x5f, 0xfa, 0x40, 0x5f, 0x6d, 0xf1, 0x0, 0x0,
    0x4, 0x0, 0x0, 0x1, 0xd, 0xf1, 0x0, 0x0,

    /* U+5386 "历" */
    0x3, 0xff, 0xff, 0xff, 0xff, 0xff, 0xff, 0xff,
    0x10, 0x3f, 0xff, 0xff, 0xff, 0xff, 0xff, 0xff,
    0xf1, 0x3, 0xfd, 0x0, 0x0, 0x0, 0x0, 0x0,
    0x0, 0x0, 0x3f, 0xd0, 0x0, 0x8, 0x70, 0x0,
    0x0, 0x0, 0x3, 0xfd, 0x0, 0x0, 0xfe, 0x0,
    0x0, 0x0, 0x0, 0x3f, 0xd1, 0x22, 0x3f, 0xe2,
    0x22, 0x22, 0x0, 0x3, 0xfd, 0x7f, 0xff, 0xff,
    0xff, 0xff, 0xf4, 0x0, 0x3f, 0xd5, 0xcc, 0xdf,
    0xfc, 0xcc, 0xff, 0x30, 0x3, 0xfc, 0x0, 0x4,
    0xfb, 0x0, 0xe, 0xf2, 0x0, 0x5f, 0xb0, 0x0,
    0x7f, 0x90, 0x0, 0xff, 0x10, 0x6, 0xfa, 0x0,
    0xb, 0xf6, 0x0, 0xf, 0xf0, 0x0, 0xaf, 0x80,
    0x3, 0xff, 0x10, 0x0, 0xff, 0x0, 0xd, 0xf5,
    0x0, 0xdf, 0xa0, 0x0, 0x2f, 0xf0, 0x3, 0xff,
    0x11, 0xcf, 0xe1, 0x0, 0x5, 0xfd, 0x0, 0xbf,
    0xa2, 0xef, 0xf3, 0x9, 0xff, 0xff, 0xb0, 0x5,
    0xf3, 0x1c, 0xe3, 0x0, 0x6f, 0xff, 0xc2, 0x0,
    0x1, 0x0, 0x1, 0x0, 0x0, 0x0, 0x0, 0x0,
    0x0,

    /* U+538B "压" */
    0x4, 0xff, 0xff, 0xff, 0xff, 0xff, 0xff, 0xff,
    0x30, 0x4f, 0xff, 0xff, 0xff, 0xff, 0xff, 0xff,
    0xf3, 0x4, 0xfd, 0x0, 0x0, 0x0, 0x0, 0x0,
    0x0, 0x0, 0x4f, 0xd0, 0x0, 0x2, 0xec, 0x0,
    0x0, 0x0, 0x4, 0xfd, 0x0, 0x0, 0x2f, 0xe0,
    0x0, 0x0, 0x0, 0x4f, 0xc0, 0x0, 0x2, 0xfe,
    0x0, 0x0, 0x0, 0x4, 0xfc, 0x13, 0x33, 0x5f,
    0xf3, 0x33, 0x31, 0x0, 0x4f, 0xc5, 0xff, 0xff,
    0xff, 0xff, 0xff, 0x90, 0x5, 0xfb, 0x4c, 0xcc,
    0xdf, 0xfc, 0xcc, 0xc7, 0x0, 0x6f, 0xa0, 0x0,
    0x2, 0xfe, 0x2, 0x60, 0x0, 0x7, 0xf9, 0x0,
    0x0, 0x2f, 0xe0, 0xef, 0x60, 0x0, 0xaf, 0x70,
    0x0, 0x2, 0xfe, 0x4, 0xff, 0x60, 0xe, 0xf3,
    0x0, 0x0, 0x2f, 0xe0, 0x4, 0xd2, 0x4, 0xff,
    0x5b, 0xbb, 0xbc, 0xff, 0xbb, 0xbb, 0xb3, 0xbf,
    0x96, 0xff, 0xff, 0xff, 0xff, 0xff, 0xff, 0x53,
    0xe2, 0x14, 0x44, 0x44, 0x44, 0x44, 0x44, 0x41,
    0x0, 0x0, 0x0, 0x0, 0x0, 0x0, 0x0, 0x0,
    0x0,

    /* U+539F "原" */
    0x4, 0xff, 0xff, 0xff, 0xff, 0xff, 0xff, 0xff,
    0x20, 0x4f, 0xfe, 0xee, 0xef, 0xff, 0xee, 0xee,
    0xe1, 0x4, 0xfb, 0x0, 0x0, 0xcf, 0x50, 0x0,
    0x0, 0x0, 0x4f, 0xb0, 0xaa, 0xaf, 0xfb, 0xaa,
    0xaa, 0x0, 0x4, 0xfb, 0xf, 0xff, 0xff, 0xff,
    0xff, 0xf1, 0x0, 0x4f, 0xb0, 0xfe, 0x0, 0x0,
    0x0, 0xcf, 0x10, 0x4, 0xfb, 0xf, 0xf7, 0x77,
    0x77, 0x7d, 0xf1, 0x0, 0x4f, 0xb0, 0xff, 0xff,
    0xff, 0xff, 0xff, 0x10, 0x5, 0xfa, 0xf, 0xe0,
    0x0, 0x0, 0xc, 0xf1, 0x0, 0x6f, 0x90, 0xff,
    0xff, 0xff, 0xff, 0xff, 0x10, 0x8, 0xf8, 0xb,
    0xbb, 0xbf, 0xfb, 0xbb, 0xb0, 0x0, 0xbf, 0x60,
    0x3c, 0x20, 0xef, 0x17, 0xa0, 0x0, 0xe, 0xf3,
    0x2e, 0xf6, 0xe, 0xf2, 0xcf, 0xb0, 0x5, 0xfe,
    0x3e, 0xf8, 0x0, 0xff, 0x10, 0xbf, 0xb0, 0xcf,
    0x8b, 0xf8, 0x5d, 0xef, 0xf0, 0x0, 0xbf, 0x34,
    0xe1, 0x16, 0x3, 0xff, 0xf8, 0x0, 0x0, 0x20,
    0x0, 0x0, 0x0, 0x0, 0x0, 0x0, 0x0, 0x0,
    0x0,

    /* U+53C2 "参" */
    0x0, 0x0, 0x0, 0x9, 0x60, 0x0, 0x0, 0x0,
    0x0, 0x0, 0x0, 0x3, 0xdf, 0xa0, 0x2c, 0x40,
    0x0, 0x0, 0x0, 0x0, 0x8f, 0xf6, 0x0, 0x4e,
    0xf8, 0x0, 0x0, 0x0, 0x4e, 0xff, 0xa8, 0x99,
    0xac, 0xff, 0xc2, 0x0, 0x0, 0x4f, 0xff, 0xff,
    0xff, 0xed, 0xdd, 0xfd, 0x0, 0x0, 0x1, 0x10,
    0x2f, 0xf2, 0x0, 0x0, 0x64, 0x0, 0x7, 0xcc,
    0xcc, 0xdf, 0xfc, 0xcc, 0xcc, 0xcc, 0xb0, 0x9,
    0xff, 0xff, 0xff, 0xff, 0xff, 0xff, 0xff, 0xe0,
    0x0, 0x0, 0x9f, 0xf3, 0x0, 0x4c, 0xfa, 0x10,
    0x0, 0x0, 0x3c, 0xfe, 0x44, 0x9f, 0xf2, 0xcf,
    0xe5, 0x0, 0xb, 0xff, 0xfe, 0xff, 0xf9, 0x32,
    0x6a, 0xff, 0xe2, 0xa, 0xe6, 0x6d, 0x94, 0x16,
    0xbf, 0xf1, 0x4c, 0xd0, 0x1, 0x0, 0x14, 0x7b,
    0xff, 0xe8, 0x12, 0x70, 0x10, 0x0, 0xd, 0xff,
    0xfd, 0x94, 0x4, 0xaf, 0xf4, 0x0, 0x0, 0x6,
    0x74, 0x11, 0x59, 0xef, 0xfc, 0x50, 0x0, 0x0,
    0x36, 0x8b, 0xef, 0xff, 0xd8, 0x30, 0x0, 0x0,
    0x0, 0xcf, 0xff, 0xda, 0x62, 0x0, 0x0, 0x0,
    0x0, 0x0, 0x35, 0x30, 0x0, 0x0, 0x0, 0x0,
    0x0, 0x0,

    /* U+53CC "双" */
    0xc, 0xff, 0xff, 0xff, 0x6f, 0xff, 0xff, 0xff,
    0x20, 0xc, 0xff, 0xff, 0xff, 0x6f, 0xff, 0xff,
    0xff, 0x20, 0x0, 0x10, 0x0, 0xff, 0x4f, 0xc0,
    0x0, 0xef, 0x10, 0x4, 0xe4, 0x2, 0xfd, 0xf,
    0xf0, 0x2, 0xfe, 0x0, 0x5, 0xfd, 0x6, 0xfa,
    0xd, 0xf2, 0x5, 0xfa, 0x0, 0x0, 0xbf, 0x8b,
    0xf6, 0x9, 0xf6, 0xa, 0xf6, 0x0, 0x0, 0x2f,
    0xff, 0xf1, 0x5, 0xfb, 0xf, 0xf2, 0x0, 0x0,
    0x8, 0xff, 0xb0, 0x0, 0xff, 0x7f, 0xc0, 0x0,
    0x0, 0x1, 0xff, 0x80, 0x0, 0x9f, 0xff, 0x50,
    0x0, 0x0, 0x7, 0xff, 0xe1, 0x0, 0x2f, 0xfd,
    0x0, 0x0, 0x0, 0x2f, 0xfe, 0xf9, 0x0, 0x4f,
    0xfc, 0x0, 0x0, 0x0, 0xcf, 0xb2, 0xff, 0x14,
    0xff, 0xff, 0x90, 0x0, 0x9, 0xff, 0x10, 0x62,
    0x6f, 0xfb, 0x3f, 0xfa, 0x0, 0x5f, 0xf5, 0x0,
    0x1a, 0xff, 0xb0, 0x5, 0xff, 0xd0, 0xc, 0x80,
    0x0, 0xd, 0xf8, 0x0, 0x0, 0x5f, 0x90, 0x0,
    0x0, 0x0, 0x3, 0x50, 0x0, 0x0, 0x3, 0x0,

    /* U+53CD "反" */
    0x0, 0x0, 0x1, 0x23, 0x45, 0x67, 0x9a, 0xcd,
    0x0, 0x0, 0xf, 0xff, 0xff, 0xff, 0xff, 0xff,
    0xff, 0x20, 0x0, 0xf, 0xff, 0xed, 0xcb, 0xa8,
    0x76, 0x43, 0x0, 0x0, 0xf, 0xf0, 0x0, 0x0,
    0x0, 0x0, 0x0, 0x0, 0x0, 0xf, 0xf1, 0x11,
    0x11, 0x11, 0x11, 0x11, 0x0, 0x0, 0xf, 0xff,
    0xff, 0xff, 0xff, 0xff, 0xfa, 0x0, 0x0, 0xf,
    0xff, 0xff, 0xff, 0xff, 0xff, 0xfa, 0x0, 0x0,
    0xf, 0xf6, 0xfd, 0x0, 0x0, 0xe, 0xf6, 0x0,
    0x0, 0x1f, 0xf0, 0xdf, 0x80, 0x0, 0x8f, 0xe0,
    0x0, 0x0, 0x2f, 0xe0, 0x4f, 0xf3, 0x3, 0xff,
    0x50, 0x0, 0x0, 0x4f, 0xd0, 0xa, 0xfe, 0x4e,
    0xfa, 0x0, 0x0, 0x0, 0x7f, 0xa0, 0x0, 0xcf,
    0xff, 0xd0, 0x0, 0x0, 0x0, 0xcf, 0x70, 0x1,
    0x9f, 0xff, 0xa1, 0x0, 0x0, 0x4, 0xff, 0x12,
    0x8f, 0xff, 0xdf, 0xff, 0x93, 0x0, 0xd, 0xfb,
    0xcf, 0xff, 0xe5, 0x5, 0xdf, 0xff, 0xd0, 0x9,
    0xf2, 0xbf, 0xd6, 0x0, 0x0, 0x5, 0xcf, 0x90,
    0x0, 0x30, 0x24, 0x0, 0x0, 0x0, 0x0, 0x3,
    0x10,

    /* U+53D1 "发" */
    0x0, 0x0, 0x0, 0x4, 0x30, 0x0, 0x40, 0x0,
    0x0, 0x8, 0xb5, 0x3, 0xfd, 0x0, 0x7f, 0xb2,
    0x0, 0x0, 0xdf, 0x50, 0x6f, 0xb0, 0x5, 0xef,
    0xf1, 0x0, 0x1f, 0xf1, 0x8, 0xf8, 0x0, 0x1,
    0x98, 0x0, 0x5, 0xff, 0xee, 0xff, 0xee, 0xee,
    0xee, 0xee, 0xd0, 0x5f, 0xff, 0xff, 0xff, 0xff,
    0xff, 0xff, 0xfe, 0x0, 0x0, 0x4, 0xfe, 0x0,
    0x0, 0x0, 0x0, 0x0, 0x0, 0x0, 0xaf, 0xb3,
    0x33, 0x33, 0x33, 0x0, 0x0, 0x0, 0xf, 0xff,
    0xff, 0xff, 0xff, 0xf4, 0x0, 0x0, 0x7, 0xff,
    0xfc, 0xbb, 0xbc, 0xff, 0x30, 0x0, 0x0, 0xef,
    0xff, 0xa0, 0x0, 0xaf, 0xb0, 0x0, 0x0, 0x9f,
    0xe2, 0xff, 0x70, 0x7f, 0xf1, 0x0, 0x0, 0x4f,
    0xf5, 0x5, 0xff, 0xcf, 0xf4, 0x0, 0x0, 0x2e,
    0xfa, 0x0, 0xa, 0xff, 0xf8, 0x0, 0x0, 0xd,
    0xfd, 0x10, 0x5c, 0xff, 0xff, 0xfc, 0x50, 0x0,
    0xbe, 0x59, 0xff, 0xfe, 0x72, 0xbf, 0xff, 0xf9,
    0x3, 0x34, 0xff, 0xd6, 0x0, 0x0, 0x3a, 0xff,
    0x80, 0x0, 0x7, 0x30, 0x0, 0x0, 0x0, 0x1,
    0x51,

    /* U+53D8 "变" */
    0x0, 0x0, 0x0, 0x1, 0x79, 0x20, 0x0, 0x0,
    0x0, 0x0, 0x0, 0x0, 0x0, 0xff, 0x70, 0x0,
    0x0, 0x0, 0x5, 0xcc, 0xcc, 0xcc, 0xff, 0xec,
    0xcc, 0xcc, 0xb0, 0x6, 0xff, 0xff, 0xff, 0xff,
    0xff, 0xff, 0xff, 0xe0, 0x0, 0x0, 0x20, 0xaf,
    0x50, 0xcf, 0x22, 0x10, 0x0, 0x0, 0x4, 0xf5,
    0xaf, 0x40, 0xcf, 0x2d, 0xc2, 0x0, 0x0, 0x6f,
    0xf5, 0xaf, 0x40, 0xcf, 0x2c, 0xfe, 0x40, 0xa,
    0xff, 0x60, 0xaf, 0x40, 0xcf, 0x10, 0xaf, 0xf3,
    0x9, 0xf5, 0x0, 0x24, 0x10, 0x34, 0x0, 0x8,
    0xc0, 0x0, 0x34, 0xcc, 0xcc, 0xcc, 0xcc, 0xcc,
    0x80, 0x10, 0x0, 0x6, 0xff, 0xff, 0xff, 0xff,
    0xff, 0xa0, 0x0, 0x0, 0x1, 0xdf, 0xa0, 0x0,
    0x6, 0xff, 0x30, 0x0, 0x0, 0x0, 0x1d, 0xfc,
    0x20, 0x7f, 0xf5, 0x0, 0x0, 0x0, 0x0, 0x1,
    0xbf, 0xfd, 0xfe, 0x30, 0x0, 0x0, 0x0, 0x0,
    0x14, 0x9f, 0xff, 0xfd, 0x74, 0x10, 0x0, 0x6,
    0xad, 0xff, 0xff, 0x97, 0xdf, 0xff, 0xfe, 0xb0,
    0x7, 0xff, 0xd9, 0x40, 0x0, 0x3, 0x7b, 0xff,
    0xc0, 0x1, 0x41, 0x0, 0x0, 0x0, 0x0, 0x0,
    0x2, 0x20,

    /* U+53E0 "叠" */
    0x7, 0xff, 0xff, 0xff, 0xff, 0xff, 0xff, 0x0,
    0x1, 0xbd, 0xa8, 0x63, 0x58, 0xdf, 0xd7, 0x0,
    0x1, 0x59, 0xef, 0xff, 0xff, 0xf9, 0x52, 0x0,
    0xb, 0xec, 0xa8, 0x52, 0x14, 0x7a, 0xdf, 0x10,
    0x4f, 0xff, 0xff, 0xfa, 0xaf, 0xff, 0xff, 0xf3,
    0xa, 0xb7, 0x5d, 0xe4, 0x6e, 0x95, 0xaf, 0xa1,
    0x6, 0xef, 0xff, 0x71, 0x3b, 0xff, 0xfc, 0x40,
    0x6f, 0xb6, 0x27, 0xc7, 0x9b, 0x61, 0x38, 0xe7,
    0xaf, 0xff, 0xff, 0xff, 0xff, 0xff, 0xff, 0xfa,
    0xae, 0x56, 0x66, 0x66, 0x66, 0x66, 0x65, 0xfa,
    0x9c, 0x9f, 0xff, 0xff, 0xff, 0xff, 0xf8, 0xd9,
    0x0, 0x9f, 0x86, 0x66, 0x66, 0x68, 0xf8, 0x0,
    0x0, 0x9f, 0x97, 0x77, 0x77, 0x79, 0xf8, 0x0,
    0x0, 0x9f, 0xee, 0xee, 0xee, 0xee, 0xf8, 0x0,
    0x44, 0xaf, 0x74, 0x44, 0x44, 0x47, 0xfa, 0x44,
    0xff, 0xff, 0xff, 0xff, 0xff, 0xff, 0xff, 0xff,

    /* U+53E3 "口" */
    0xef, 0xff, 0xff, 0xff, 0xff, 0xff, 0xfc, 0xef,
    0xff, 0xff, 0xff, 0xff, 0xff, 0xfd, 0xef, 0x63,
    0x33, 0x33, 0x33, 0x37, 0xfd, 0xef, 0x30, 0x0,
    0x0, 0x0, 0x4, 0xfd, 0xef, 0x30, 0x0, 0x0,
    0x0, 0x4, 0xfd, 0xef, 0x30, 0x0, 0x0, 0x0,
    0x4, 0xfd, 0xef, 0x30, 0x0, 0x0, 0x0, 0x4,
    0xfd, 0xef, 0x30, 0x0, 0x0, 0x0, 0x4, 0xfd,
    0xef, 0x30, 0x0, 0x0, 0x0, 0x4, 0xfd, 0xef,
    0x30, 0x0, 0x0, 0x0, 0x4, 0xfd, 0xef, 0x30,
    0x0, 0x0, 0x0, 0x4, 0xfd, 0xef, 0xed, 0xdd,
    0xdd, 0xdd, 0xde, 0xfd, 0xef, 0xff, 0xff, 0xff,
    0xff, 0xff, 0xfd, 0xef, 0x74, 0x44, 0x44, 0x44,
    0x48, 0xfd, 0xef, 0x30, 0x0, 0x0, 0x0, 0x4,
    0xfd, 0x11, 0x0, 0x0, 0x0, 0x0, 0x0, 0x0,

    /* U+53EA "只" */
    0x0, 0x1f, 0xff, 0xff, 0xff, 0xff, 0xff, 0xf3,
    0x0, 0x0, 0x1f, 0xff, 0xff, 0xff, 0xff, 0xff,
    0xf3, 0x0, 0x0, 0x1f, 0xe0, 0x0, 0x0, 0x0,
    0xd, 0xf3, 0x0, 0x0, 0x1f, 0xe0, 0x0, 0x0,
    0x0, 0xd, 0xf3, 0x0, 0x0, 0x1f, 0xe0, 0x0,
    0x0, 0x0, 0xd, 0xf3, 0x0, 0x0, 0x1f, 0xe0,
    0x0, 0x0, 0x0, 0xd, 0xf3, 0x0, 0x0, 0x1f,
    0xe0, 0x0, 0x0, 0x0, 0xd, 0xf3, 0x0, 0x0,
    0x1f, 0xe1, 0x11, 0x11, 0x11, 0x1d, 0xf3, 0x0,
    0x0, 0x1f, 0xff, 0xff, 0xff, 0xff, 0xff, 0xf3,
    0x0, 0x0, 0x1e, 0xee, 0xee, 0xee, 0xee, 0xee,
    0xe2, 0x0, 0x0, 0x0, 0x2, 0x40, 0x0, 0x2,
    0x40, 0x0, 0x0, 0x0, 0x0, 0x2e, 0xf3, 0x0,
    0x1d, 0xf5, 0x0, 0x0, 0x0, 0x3, 0xef, 0xe1,
    0x0, 0x1c, 0xff, 0x70, 0x0, 0x0, 0x5f, 0xfe,
    0x20, 0x0, 0x0, 0xaf, 0xf9, 0x0, 0x9, 0xff,
    0xd2, 0x0, 0x0, 0x0, 0x9, 0xff, 0xa0, 0x9,
    0xfc, 0x10, 0x0, 0x0, 0x0, 0x0, 0x9f, 0x60,
    0x0, 0x60, 0x0, 0x0, 0x0, 0x0, 0x0, 0x5,
    0x0,

    /* U+53EF "可" */
    0xf, 0xff, 0xff, 0xff, 0xff, 0xff, 0xff, 0xff,
    0xf0, 0xf, 0xff, 0xff, 0xff, 0xff, 0xff, 0xff,
    0xff, 0xf0, 0x0, 0x0, 0x0, 0x0, 0x0, 0x0,
    0xf, 0xf1, 0x0, 0x0, 0x0, 0x0, 0x0, 0x0,
    0x0, 0xf, 0xf1, 0x0, 0x0, 0x1, 0x11, 0x11,
    0x11, 0x0, 0xf, 0xf1, 0x0, 0x0, 0x4f, 0xff,
    0xff, 0xff, 0x80, 0xf, 0xf1, 0x0, 0x0, 0x4f,
    0xec, 0xcc, 0xef, 0x80, 0xf, 0xf1, 0x0, 0x0,
    0x4f, 0xa0, 0x0, 0x7f, 0x80, 0xf, 0xf1, 0x0,
    0x0, 0x4f, 0xa0, 0x0, 0x7f, 0x80, 0xf, 0xf1,
    0x0, 0x0, 0x4f, 0xa0, 0x0, 0x7f, 0x80, 0xf,
    0xf1, 0x0, 0x0, 0x4f, 0xfd, 0xdd, 0xef, 0x80,
    0xf, 0xf1, 0x0, 0x0, 0x4f, 0xff, 0xff, 0xff,
    0x80, 0xf, 0xf1, 0x0, 0x0, 0x0, 0x0, 0x0,
    0x0, 0x0, 0xf, 0xf1, 0x0, 0x0, 0x0, 0x0,
    0x0, 0x1, 0x11, 0x4f, 0xf0, 0x0, 0x0, 0x0,
    0x0, 0x0, 0xb, 0xff, 0xff, 0xe0, 0x0, 0x0,
    0x0, 0x0, 0x0, 0x8, 0xff, 0xfd, 0x50, 0x0,

    /* U+53F0 "台" */
    0x0, 0x0, 0x0, 0x10, 0x0, 0x0, 0x0, 0x0,
    0x0, 0x0, 0x3, 0xfc, 0x20, 0x0, 0x0, 0x0,
    0x0, 0x0, 0x3f, 0xfa, 0x0, 0x31, 0x0, 0x0,
    0x0, 0x3, 0xef, 0xb0, 0x3, 0xfd, 0x10, 0x0,
    0x0, 0x4f, 0xfb, 0x0, 0x0, 0xbf, 0xd1, 0x0,
    0x6, 0xff, 0xa0, 0x1, 0x23, 0x5e, 0xfc, 0x0,
    0x3f, 0xff, 0xef, 0xff, 0xff, 0xff, 0xff, 0xb0,
    0xf, 0xff, 0xff, 0xfe, 0xdc, 0xba, 0x9d, 0xf7,
    0x3, 0x32, 0x10, 0x0, 0x0, 0x0, 0x1, 0x60,
    0x1, 0xcc, 0xcc, 0xcc, 0xcc, 0xcc, 0xcc, 0x10,
    0x1, 0xff, 0xff, 0xff, 0xff, 0xff, 0xff, 0x10,
    0x1, 0xfe, 0x22, 0x22, 0x22, 0x22, 0xef, 0x10,
    0x1, 0xfe, 0x0, 0x0, 0x0, 0x0, 0xef, 0x10,
    0x1, 0xfe, 0x0, 0x0, 0x0, 0x0, 0xef, 0x10,
    0x1, 0xff, 0xee, 0xee, 0xee, 0xee, 0xff, 0x10,
    0x1, 0xff, 0xff, 0xff, 0xff, 0xff, 0xff, 0x10,
    0x1, 0xfe, 0x0, 0x0, 0x0, 0x0, 0xef, 0x10,

    /* U+53F3 "右" */
    0x0, 0x0, 0x0, 0x0, 0x53, 0x0, 0x0, 0x0,
    0x0, 0x0, 0x0, 0x0, 0x6f, 0xf0, 0x0, 0x0,
    0x0, 0x0, 0x0, 0x0, 0xb, 0xfa, 0x0, 0x0,
    0x0, 0x0, 0x8f, 0xff, 0xff, 0xff, 0xff, 0xff,
    0xff, 0xfe, 0x8, 0xff, 0xff, 0xff, 0xff, 0xff,
    0xff, 0xff, 0xe0, 0x0, 0x0, 0x2f, 0xf5, 0x0,
    0x0, 0x0, 0x0, 0x0, 0x0, 0xb, 0xfb, 0x0,
    0x0, 0x0, 0x0, 0x0, 0x0, 0x6, 0xff, 0x20,
    0x0, 0x0, 0x0, 0x0, 0x0, 0x3, 0xff, 0xff,
    0xff, 0xff, 0xff, 0xf9, 0x0, 0x3, 0xef, 0xff,
    0xff, 0xff, 0xff, 0xff, 0x90, 0x4, 0xff, 0xff,
    0x61, 0x11, 0x11, 0x18, 0xf9, 0x0, 0xff, 0xdc,
    0xf5, 0x0, 0x0, 0x0, 0x7f, 0x90, 0x9, 0xc1,
    0xaf, 0x50, 0x0, 0x0, 0x7, 0xf9, 0x0, 0x10,
    0xa, 0xf5, 0x0, 0x0, 0x0, 0x7f, 0x90, 0x0,
    0x0, 0xaf, 0xfe, 0xee, 0xee, 0xef, 0xf9, 0x0,
    0x0, 0xa, 0xff, 0xff, 0xff, 0xff, 0xff, 0x90,
    0x0, 0x0, 0xaf, 0x50, 0x0, 0x0, 0x7, 0xf9,
    0x0,

    /* U+53F7 "号" */
    0x0, 0xf, 0xff, 0xff, 0xff, 0xff, 0xff, 0xf0,
    0x0, 0x0, 0xf, 0xfc, 0xcc, 0xcc, 0xcc, 0xcf,
    0xf0, 0x0, 0x0, 0xf, 0xf2, 0x0, 0x0, 0x0,
    0x2f, 0xf0, 0x0, 0x0, 0xf, 0xf2, 0x0, 0x0,
    0x0, 0x3f, 0xf0, 0x0, 0x0, 0xf, 0xff, 0xff,
    0xff, 0xff, 0xff, 0xf0, 0x0, 0x0, 0xa, 0xbb,
    0xbb, 0xbb, 0xbb, 0xbb, 0xa0, 0x0, 0x0, 0x0,
    0x0, 0x0, 0x0, 0x0, 0x0, 0x0, 0x0, 0xf,
    0xff, 0xff, 0xff, 0xff, 0xff, 0xff, 0xff, 0xf1,
    0xb, 0xbc, 0xff, 0xbb, 0xbb, 0xbb, 0xbb, 0xbb,
    0xb0, 0x0, 0x5, 0xfe, 0x0, 0x0, 0x0, 0x0,
    0x0, 0x0, 0x0, 0x8, 0xff, 0xff, 0xff, 0xff,
    0xff, 0xe0, 0x0, 0x0, 0x9, 0xcc, 0xcc, 0xcc,
    0xcc, 0xef, 0xd0, 0x0, 0x0, 0x0, 0x0, 0x0,
    0x0, 0x0, 0x8f, 0xc0, 0x0, 0x0, 0x0, 0x0,
    0x0, 0x0, 0x0, 0xcf, 0xa0, 0x0, 0x0, 0x0,
    0x0, 0x3f, 0xff, 0xff, 0xff, 0x60, 0x0, 0x0,
    0x0, 0x0, 0xf, 0xff, 0xff, 0xe9, 0x0, 0x0,

    /* U+5403 "吃" */
    0x0, 0x0, 0x0, 0x0, 0x1, 0x0, 0x0, 0x0,
    0x0, 0x0, 0x0, 0x0, 0x5, 0xfc, 0x0, 0x0,
    0x0, 0x19, 0x99, 0x99, 0x0, 0xcf, 0x81, 0x11,
    0x11, 0x2, 0xff, 0xff, 0xf0, 0x5f, 0xff, 0xff,
    0xff, 0xf3, 0x2f, 0xc5, 0xdf, 0x1e, 0xfe, 0xee,
    0xee, 0xee, 0x22, 0xfa, 0xb, 0xfb, 0xfe, 0x0,
    0x0, 0x0, 0x0, 0x2f, 0xa0, 0xbf, 0xff, 0x73,
    0x33, 0x33, 0x20, 0x2, 0xfa, 0xb, 0xf6, 0x9f,
    0xff, 0xff, 0xfc, 0x0, 0x2f, 0xa0, 0xbf, 0x0,
    0xcc, 0xcc, 0xff, 0xb0, 0x2, 0xfa, 0xb, 0xf0,
    0x0, 0x1, 0xcf, 0xd1, 0x0, 0x2f, 0xa0, 0xbf,
    0x0, 0x1, 0xdf, 0xd1, 0x0, 0x2, 0xfa, 0xb,
    0xf0, 0x1, 0xdf, 0xc1, 0x4, 0x30, 0x2f, 0xfe,
    0xff, 0x0, 0xcf, 0xc1, 0x0, 0xbf, 0x42, 0xff,
    0xff, 0xf0, 0x8f, 0xe1, 0x0, 0xb, 0xf3, 0x2f,
    0xb1, 0x11, 0xf, 0xf5, 0x0, 0x0, 0xcf, 0x21,
    0xd9, 0x0, 0x0, 0xff, 0xfe, 0xee, 0xef, 0xf0,
    0x0, 0x0, 0x0, 0x7, 0xef, 0xff, 0xff, 0xe7,
    0x0,

    /* U+5404 "各" */
    0x0, 0x0, 0x2, 0x74, 0x0, 0x0, 0x0, 0x0,
    0x0, 0x0, 0x0, 0xc, 0xfa, 0x0, 0x0, 0x0,
    0x0, 0x0, 0x0, 0x0, 0xaf, 0xff, 0xff, 0xff,
    0xff, 0xf5, 0x0, 0x0, 0xa, 0xff, 0xdd, 0xdd,
    0xdd, 0xef, 0xf5, 0x0, 0x0, 0xaf, 0xff, 0xc1,
    0x0, 0x4, 0xef, 0x90, 0x0, 0x9, 0xfd, 0x4c,
    0xfd, 0x31, 0x9f, 0xf8, 0x0, 0x0, 0x1, 0xa1,
    0x0, 0xaf, 0xff, 0xfd, 0x30, 0x0, 0x0, 0x0,
    0x0, 0x38, 0xdf, 0xff, 0xfd, 0x95, 0x20, 0x0,
    0x9, 0xcf, 0xff, 0xfd, 0x76, 0xcf, 0xff, 0xff,
    0xd0, 0xd, 0xff, 0xc8, 0x30, 0x0, 0x2, 0x6a,
    0xef, 0xb0, 0x4, 0x4b, 0xbb, 0xbb, 0xbb, 0xbb,
    0xbb, 0xa1, 0x10, 0x0, 0xe, 0xff, 0xff, 0xff,
    0xff, 0xff, 0xe0, 0x0, 0x0, 0xe, 0xf1, 0x0,
    0x0, 0x0, 0x1f, 0xe0, 0x0, 0x0, 0xe, 0xf1,
    0x0, 0x0, 0x0, 0x1f, 0xe0, 0x0, 0x0, 0xe,
    0xfb, 0xbb, 0xbb, 0xbb, 0xbf, 0xe0, 0x0, 0x0,
    0xe, 0xff, 0xff, 0xff, 0xff, 0xff, 0xe0, 0x0,
    0x0, 0xe, 0xf2, 0x11, 0x11, 0x11, 0x2f, 0xe0,
    0x0,

    /* U+5408 "合" */
    0x0, 0x0, 0x0, 0x3, 0xff, 0x30, 0x0, 0x0,
    0x0, 0x0, 0x0, 0x0, 0x2e, 0xff, 0xe2, 0x0,
    0x0, 0x0, 0x0, 0x0, 0x4, 0xef, 0x98, 0xfe,
    0x30, 0x0, 0x0, 0x0, 0x0, 0x7f, 0xf9, 0x0,
    0x9f, 0xf7, 0x0, 0x0, 0x0, 0x3c, 0xff, 0x60,
    0x0, 0x6, 0xff, 0xc4, 0x0, 0xb, 0xff, 0xff,
    0xee, 0xee, 0xee, 0xff, 0xff, 0xc0, 0xc, 0xf8,
    0x7f, 0xff, 0xff, 0xff, 0xf6, 0x7f, 0xb0, 0x3,
    0x30, 0x0, 0x0, 0x0, 0x0, 0x0, 0x1, 0x20,
    0x0, 0x0, 0x0, 0x0, 0x0, 0x0, 0x0, 0x0,
    0x0, 0x0, 0xf, 0xff, 0xff, 0xff, 0xff, 0xff,
    0xf0, 0x0, 0x0, 0xf, 0xfd, 0xdd, 0xdd, 0xdd,
    0xdf, 0xf0, 0x0, 0x0, 0xf, 0xf0, 0x0, 0x0,
    0x0, 0x1f, 0xf0, 0x0, 0x0, 0xf, 0xf0, 0x0,
    0x0, 0x0, 0x1f, 0xf0, 0x0, 0x0, 0xf, 0xfc,
    0xcc, 0xcc, 0xcc, 0xcf, 0xf0, 0x0, 0x0, 0xf,
    0xff, 0xff, 0xff, 0xff, 0xff, 0xf0, 0x0, 0x0,
    0xf, 0xf2, 0x11, 0x11, 0x11, 0x2f, 0xf0, 0x0,
    0x0, 0x0, 0x0, 0x0, 0x0, 0x0, 0x0, 0x0,
    0x0,

    /* U+540C "同" */
    0x2f, 0xff, 0xff, 0xff, 0xff, 0xff, 0xff, 0xf2,
    0x2f, 0xfe, 0xee, 0xee, 0xee, 0xee, 0xef, 0xf2,
    0x2f, 0xe0, 0x0, 0x0, 0x0, 0x0, 0xe, 0xf2,
    0x2f, 0xe0, 0x0, 0x0, 0x0, 0x0, 0xe, 0xf2,
    0x2f, 0xe6, 0xff, 0xff, 0xff, 0xff, 0x7e, 0xf2,
    0x2f, 0xe4, 0xbb, 0xbb, 0xbb, 0xbb, 0x5e, 0xf2,
    0x2f, 0xe0, 0x0, 0x0, 0x0, 0x0, 0xe, 0xf2,
    0x2f, 0xe0, 0xaf, 0xff, 0xff, 0xfc, 0xe, 0xf2,
    0x2f, 0xe0, 0xbf, 0xcc, 0xcc, 0xfc, 0xe, 0xf2,
    0x2f, 0xe0, 0xbf, 0x20, 0x1, 0xfc, 0xe, 0xf2,
    0x2f, 0xe0, 0xbf, 0x20, 0x1, 0xfc, 0xe, 0xf2,
    0x2f, 0xe0, 0xbf, 0xbb, 0xbb, 0xfc, 0xe, 0xf2,
    0x2f, 0xe0, 0xbf, 0xff, 0xff, 0xfc, 0xe, 0xf2,
    0x2f, 0xe0, 0x0, 0x0, 0x0, 0x0, 0xf, 0xf2,
    0x2f, 0xe0, 0x0, 0x0, 0x0, 0x6d, 0xef, 0xf1,
    0x2f, 0xe0, 0x0, 0x0, 0x0, 0x5f, 0xfe, 0x80,
    0x2, 0x20, 0x0, 0x0, 0x0, 0x0, 0x0, 0x0,

    /* U+540D "名" */
    0x0, 0x0, 0x0, 0x8, 0x71, 0x0, 0x0, 0x0,
    0x0, 0x0, 0x0, 0x8f, 0xe1, 0x0, 0x0, 0x0,
    0x0, 0x0, 0x7, 0xff, 0xec, 0xcc, 0xcc, 0xca,
    0x0, 0x0, 0x7f, 0xff, 0xff, 0xff, 0xff, 0xfd,
    0x0, 0x9, 0xff, 0x71, 0x11, 0x11, 0x7f, 0xf7,
    0x2, 0xcf, 0xff, 0xe3, 0x0, 0x7, 0xff, 0x80,
    0x4, 0xff, 0x5b, 0xff, 0x21, 0xaf, 0xf7, 0x0,
    0x0, 0x72, 0x0, 0xa9, 0x6e, 0xff, 0x50, 0x0,
    0x0, 0x0, 0x0, 0x4d, 0xff, 0xc2, 0x0, 0x0,
    0x0, 0x1, 0x7d, 0xff, 0xf9, 0x22, 0x22, 0x22,
    0x7, 0xcf, 0xff, 0xff, 0xff, 0xff, 0xff, 0xfe,
    0xd, 0xfe, 0xff, 0xaa, 0xaa, 0xaa, 0xab, 0xfe,
    0x3, 0x20, 0xff, 0x0, 0x0, 0x0, 0x1, 0xfe,
    0x0, 0x0, 0xff, 0x0, 0x0, 0x0, 0x1, 0xfe,
    0x0, 0x0, 0xff, 0xbb, 0xbb, 0xbb, 0xbb, 0xfe,
    0x0, 0x0, 0xff, 0xff, 0xff, 0xff, 0xff, 0xfe,
    0x0, 0x0, 0xff, 0x11, 0x11, 0x11, 0x12, 0xfe,

    /* U+540E "后" */
    0x0, 0x0, 0x0, 0x12, 0x34, 0x57, 0x8a, 0xcd,
    0x0, 0x0, 0x1f, 0xff, 0xff, 0xff, 0xff, 0xff,
    0xff, 0x20, 0x0, 0x1f, 0xff, 0xed, 0xcb, 0x98,
    0x75, 0x42, 0x0, 0x0, 0x1f, 0xe0, 0x0, 0x0,
    0x0, 0x0, 0x0, 0x0, 0x0, 0x1f, 0xe1, 0x11,
    0x11, 0x11, 0x11, 0x11, 0x10, 0x0, 0x1f, 0xff,
    0xff, 0xff, 0xff, 0xff, 0xff, 0xf0, 0x0, 0x1f,
    0xfc, 0xcc, 0xcc, 0xcc, 0xcc, 0xcc, 0xc0, 0x0,
    0x1f, 0xe0, 0x0, 0x0, 0x0, 0x0, 0x0, 0x0,
    0x0, 0x2f, 0xd2, 0xaa, 0xaa, 0xaa, 0xaa, 0xa8,
    0x0, 0x0, 0x4f, 0xc3, 0xff, 0xff, 0xff, 0xff,
    0xfd, 0x0, 0x0, 0x6f, 0xa3, 0xfc, 0x33, 0x33,
    0x34, 0xfd, 0x0, 0x0, 0x9f, 0x73, 0xfc, 0x0,
    0x0, 0x1, 0xfd, 0x0, 0x0, 0xef, 0x33, 0xfc,
    0x0, 0x0, 0x1, 0xfd, 0x0, 0x5, 0xfd, 0x3,
    0xff, 0xcc, 0xcc, 0xcc, 0xfd, 0x0, 0xd, 0xf6,
    0x3, 0xff, 0xff, 0xff, 0xff, 0xfd, 0x0, 0x3,
    0xb0, 0x3, 0xfc, 0x0, 0x0, 0x1, 0xfd, 0x0,

    /* U+5411 "向" */
    0x0, 0x0, 0x0, 0x13, 0x10, 0x0, 0x0, 0x0,
    0x0, 0x0, 0x0, 0x9f, 0xe0, 0x0, 0x0, 0x0,
    0x0, 0x0, 0x1, 0xff, 0x80, 0x0, 0x0, 0x0,
    0x1f, 0xff, 0xff, 0xff, 0xff, 0xff, 0xff, 0xf1,
    0x1f, 0xfe, 0xee, 0xee, 0xee, 0xee, 0xef, 0xf1,
    0x1f, 0xe0, 0x0, 0x0, 0x0, 0x0, 0xe, 0xf1,
    0x1f, 0xe0, 0x2, 0x22, 0x22, 0x22, 0xe, 0xf1,
    0x1f, 0xe0, 0x2f, 0xff, 0xff, 0xfd, 0xe, 0xf1,
    0x1f, 0xe0, 0x2f, 0xfc, 0xcc, 0xfd, 0xe, 0xf1,
    0x1f, 0xe0, 0x2f, 0xd0, 0x1, 0xfd, 0xe, 0xf1,
    0x1f, 0xe0, 0x2f, 0xd0, 0x1, 0xfd, 0xe, 0xf1,
    0x1f, 0xe0, 0x2f, 0xd0, 0x2, 0xfd, 0xe, 0xf1,
    0x1f, 0xe0, 0x2f, 0xff, 0xff, 0xfd, 0xe, 0xf1,
    0x1f, 0xe0, 0x2e, 0xee, 0xee, 0xeb, 0xe, 0xf1,
    0x1f, 0xe0, 0x0, 0x0, 0x0, 0x0, 0xf, 0xf1,
    0x1f, 0xe0, 0x0, 0x0, 0x0, 0x7f, 0xff, 0xf0,
    0x1f, 0xe0, 0x0, 0x0, 0x0, 0x5f, 0xff, 0x90,
    0x0, 0x0, 0x0, 0x0, 0x0, 0x0, 0x0, 0x0,

    /* U+5426 "否" */
    0x2f, 0xff, 0xff, 0xff, 0xff, 0xff, 0xff, 0xf9,
    0x2, 0xee, 0xee, 0xee, 0xff, 0xfe, 0xee, 0xee,
    0x80, 0x0, 0x0, 0x0, 0x6f, 0xf8, 0x0, 0x0,
    0x0, 0x0, 0x0, 0x1, 0xaf, 0xff, 0x3a, 0x81,
    0x0, 0x0, 0x0, 0x7, 0xef, 0xee, 0xf5, 0xff,
    0xe7, 0x0, 0x2, 0x8e, 0xff, 0xc2, 0xcf, 0x31,
    0xaf, 0xfe, 0x60, 0xaf, 0xfe, 0x60, 0xc, 0xf3,
    0x0, 0x3c, 0xff, 0x13, 0xf8, 0x10, 0x0, 0x8b,
    0x20, 0x0, 0x6, 0x80, 0x0, 0x0, 0x0, 0x0,
    0x0, 0x0, 0x0, 0x0, 0x0, 0xe, 0xff, 0xff,
    0xff, 0xff, 0xff, 0xf6, 0x0, 0x0, 0xef, 0xdd,
    0xdd, 0xdd, 0xdd, 0xef, 0x60, 0x0, 0xe, 0xf2,
    0x0, 0x0, 0x0, 0xa, 0xf6, 0x0, 0x0, 0xef,
    0x20, 0x0, 0x0, 0x0, 0xaf, 0x60, 0x0, 0xe,
    0xfc, 0xcc, 0xcc, 0xcc, 0xce, 0xf6, 0x0, 0x0,
    0xef, 0xff, 0xff, 0xff, 0xff, 0xff, 0x60, 0x0,
    0xe, 0xf2, 0x0, 0x0, 0x0, 0xa, 0xf6, 0x0,

    /* U+542B "含" */
    0x0, 0x0, 0x0, 0x4, 0xff, 0x50, 0x0, 0x0,
    0x0, 0x0, 0x0, 0x0, 0x6f, 0xff, 0xf7, 0x0,
    0x0, 0x0, 0x0, 0x0, 0x1a, 0xff, 0x54, 0xff,
    0xb2, 0x0, 0x0, 0x0, 0x17, 0xff, 0xd4, 0xa2,
    0x2c, 0xff, 0x91, 0x0, 0x9, 0xff, 0xf8, 0x5,
    0xfe, 0x20, 0x7e, 0xff, 0xa0, 0xb, 0xfa, 0x20,
    0x0, 0x7f, 0x50, 0x1, 0x8e, 0xa0, 0x2, 0x15,
    0xff, 0xff, 0xff, 0xff, 0xff, 0x40, 0x10, 0x0,
    0x3, 0xbb, 0xbb, 0xbb, 0xbd, 0xff, 0x30, 0x0,
    0x0, 0x0, 0x0, 0x0, 0x0, 0x3e, 0xf7, 0x0,
    0x0, 0x0, 0x2, 0x22, 0x22, 0x24, 0xff, 0xa2,
    0x20, 0x0, 0x0, 0xf, 0xff, 0xff, 0xff, 0xff,
    0xff, 0xf1, 0x0, 0x0, 0xf, 0xfa, 0xaa, 0xaa,
    0xaa, 0xaf, 0xf1, 0x0, 0x0, 0xf, 0xf0, 0x0,
    0x0, 0x0, 0xe, 0xf1, 0x0, 0x0, 0xf, 0xf1,
    0x11, 0x11, 0x11, 0x1e, 0xf1, 0x0, 0x0, 0xf,
    0xff, 0xff, 0xff, 0xff, 0xff, 0xf1, 0x0, 0x0,
    0xf, 0xfa, 0xaa, 0xaa, 0xaa, 0xaf, 0xf1, 0x0,

    /* U+542C "听" */
    0x0, 0x0, 0x0, 0x0, 0x0, 0x0, 0x0, 0x0,
    0x0, 0x0, 0x0, 0x0, 0x0, 0x1, 0x36, 0x9d,
    0x80, 0x1e, 0xee, 0xee, 0x11, 0xdf, 0xff, 0xff,
    0xfc, 0x2, 0xff, 0xff, 0xf1, 0x2f, 0xff, 0xdb,
    0x85, 0x10, 0x2f, 0xb0, 0xcf, 0x12, 0xfd, 0x0,
    0x0, 0x0, 0x2, 0xfb, 0xc, 0xf1, 0x2f, 0xd0,
    0x0, 0x0, 0x0, 0x2f, 0xb0, 0xcf, 0x12, 0xfd,
    0x0, 0x0, 0x0, 0x2, 0xfb, 0xc, 0xf1, 0x2f,
    0xff, 0xff, 0xff, 0xf8, 0x2f, 0xb0, 0xcf, 0x12,
    0xff, 0xff, 0xff, 0xff, 0x72, 0xfb, 0xc, 0xf1,
    0x2f, 0xc0, 0xe, 0xf0, 0x0, 0x2f, 0xb0, 0xcf,
    0x13, 0xfc, 0x0, 0xef, 0x0, 0x2, 0xfb, 0xc,
    0xf1, 0x4f, 0xa0, 0xe, 0xf0, 0x0, 0x2f, 0xfe,
    0xff, 0x17, 0xf8, 0x0, 0xef, 0x0, 0x2, 0xff,
    0xff, 0xf1, 0xcf, 0x50, 0xe, 0xf0, 0x0, 0x2f,
    0xb0, 0x0, 0x4f, 0xf1, 0x0, 0xef, 0x0, 0x0,
    0x64, 0x0, 0x1e, 0xf9, 0x0, 0xe, 0xf0, 0x0,
    0x0, 0x0, 0x0, 0x7e, 0x10, 0x0, 0xef, 0x0,
    0x0, 0x0, 0x0, 0x0, 0x0, 0x0, 0x0, 0x0,
    0x0,

    /* U+542F "启" */
    0x0, 0x0, 0x0, 0x0, 0x6a, 0x60, 0x0, 0x0,
    0x0, 0x0, 0x0, 0x0, 0x8, 0xfd, 0x0, 0x0,
    0x0, 0x0, 0x1c, 0xcc, 0xcc, 0xdf, 0xfc, 0xcc,
    0xcc, 0x50, 0x2, 0xff, 0xff, 0xff, 0xff, 0xff,
    0xff, 0xf7, 0x0, 0x2f, 0xe0, 0x0, 0x0, 0x0,
    0x0, 0x9f, 0x70, 0x2, 0xfe, 0x0, 0x0, 0x0,
    0x0, 0x9, 0xf7, 0x0, 0x2f, 0xfc, 0xcc, 0xcc,
    0xcc, 0xcc, 0xef, 0x70, 0x2, 0xff, 0xff, 0xff,
    0xff, 0xff, 0xff, 0xf7, 0x0, 0x3f, 0xd0, 0x0,
    0x0, 0x0, 0x0, 0x0, 0x0, 0x4, 0xfc, 0x0,
    0x0, 0x0, 0x0, 0x0, 0x0, 0x0, 0x5f, 0xbe,
    0xff, 0xff, 0xff, 0xff, 0xff, 0x20, 0x8, 0xf8,
    0xef, 0xdc, 0xcc, 0xcc, 0xcf, 0xf2, 0x0, 0xcf,
    0x5e, 0xf2, 0x0, 0x0, 0x0, 0xef, 0x20, 0x2f,
    0xf0, 0xef, 0x20, 0x0, 0x0, 0xe, 0xf2, 0x8,
    0xfa, 0xe, 0xfa, 0x99, 0x99, 0x99, 0xff, 0x20,
    0xdf, 0x30, 0xef, 0xff, 0xff, 0xff, 0xff, 0xf2,
    0x1, 0x70, 0xe, 0xf5, 0x22, 0x22, 0x22, 0xef,
    0x20,

    /* U+5438 "吸" */
    0x0, 0x0, 0x1, 0xff, 0xff, 0xff, 0xff, 0x10,
    0x8f, 0xff, 0xf2, 0xdf, 0xfd, 0xdd, 0xff, 0x10,
    0x9f, 0xef, 0xf1, 0xf, 0xc0, 0x1, 0xfd, 0x0,
    0x9f, 0x29, 0xf1, 0xf, 0xb0, 0x7, 0xf7, 0x0,
    0x9f, 0x29, 0xf1, 0x1f, 0xc0, 0xd, 0xf1, 0x0,
    0x9f, 0x29, 0xf1, 0x2f, 0xf1, 0x2f, 0xfd, 0xd1,
    0x9f, 0x29, 0xf1, 0x3f, 0xf6, 0x2f, 0xff, 0xf1,
    0x9f, 0x29, 0xf1, 0x5f, 0xfc, 0x0, 0xf, 0xd0,
    0x9f, 0x29, 0xf1, 0x7f, 0xff, 0x40, 0x6f, 0x70,
    0x9f, 0x29, 0xf1, 0xbf, 0x6f, 0xc1, 0xef, 0x0,
    0x9f, 0x29, 0xf2, 0xff, 0xa, 0xfe, 0xf7, 0x0,
    0x9f, 0xde, 0xf8, 0xfa, 0x1, 0xff, 0xd0, 0x0,
    0x9f, 0xff, 0xff, 0xf4, 0x7, 0xff, 0xf7, 0x0,
    0x9f, 0x20, 0x9f, 0xb0, 0x8f, 0xf8, 0xff, 0x90,
    0x35, 0x4, 0xff, 0x4d, 0xff, 0x30, 0x5f, 0xfb,
    0x0, 0x1, 0xd6, 0xd, 0xc2, 0x0, 0x3, 0xd4,
    0x0, 0x0, 0x0, 0x1, 0x0, 0x0, 0x0, 0x0,

    /* U+5446 "呆" */
    0x0, 0x5f, 0xff, 0xff, 0xff, 0xff, 0xff, 0xf0,
    0x0, 0x5, 0xff, 0xee, 0xee, 0xee, 0xee, 0xff,
    0x0, 0x0, 0x5f, 0xa0, 0x0, 0x0, 0x0, 0x1f,
    0xf0, 0x0, 0x5, 0xfa, 0x0, 0x0, 0x0, 0x1,
    0xff, 0x0, 0x0, 0x5f, 0xa0, 0x0, 0x0, 0x0,
    0x1f, 0xf0, 0x0, 0x5, 0xff, 0xff, 0xff, 0xff,
    0xff, 0xff, 0x0, 0x0, 0x4d, 0xdd, 0xde, 0xff,
    0xdd, 0xdd, 0xc0, 0x0, 0x0, 0x0, 0x0, 0x4f,
    0xd0, 0x0, 0x0, 0x0, 0xc, 0xee, 0xee, 0xee,
    0xff, 0xee, 0xee, 0xee, 0x70, 0xef, 0xff, 0xff,
    0xff, 0xff, 0xff, 0xff, 0xf8, 0x0, 0x0, 0x1,
    0xbf, 0xff, 0xf8, 0x0, 0x0, 0x0, 0x0, 0x3,
    0xdf, 0xef, 0xee, 0xfb, 0x10, 0x0, 0x0, 0x2a,
    0xff, 0xb4, 0xfd, 0x1b, 0xff, 0x81, 0x1, 0xbf,
    0xff, 0x60, 0x4f, 0xd0, 0x8, 0xff, 0xf8, 0xd,
    0xf9, 0x10, 0x4, 0xfd, 0x0, 0x1, 0xaf, 0x50,
    0x21, 0x0, 0x0, 0x4f, 0xd0, 0x0, 0x0, 0x20,

    /* U+5468 "周" */
    0x0, 0xcf, 0xff, 0xff, 0xff, 0xff, 0xff, 0xfe,
    0x0, 0xcf, 0xdd, 0xdd, 0xdd, 0xdd, 0xdd, 0xfe,
    0x0, 0xcf, 0x30, 0x0, 0x57, 0x0, 0x0, 0xfe,
    0x0, 0xcf, 0x36, 0x88, 0xef, 0x98, 0x80, 0xfe,
    0x0, 0xcf, 0x3b, 0xff, 0xff, 0xff, 0xe0, 0xfe,
    0x0, 0xcf, 0x30, 0x11, 0xdf, 0x21, 0x0, 0xfe,
    0x0, 0xcf, 0x59, 0x99, 0xef, 0x99, 0x94, 0xfe,
    0x0, 0xcf, 0x6f, 0xff, 0xff, 0xff, 0xf8, 0xfe,
    0x0, 0xcf, 0x20, 0x0, 0x0, 0x0, 0x1, 0xfe,
    0x0, 0xdf, 0x26, 0xff, 0xff, 0xff, 0x81, 0xfe,
    0x0, 0xef, 0x16, 0xfc, 0x99, 0xaf, 0x91, 0xfe,
    0x1, 0xff, 0x6, 0xf6, 0x0, 0x3f, 0x91, 0xfe,
    0x5, 0xfc, 0x6, 0xfc, 0x99, 0xbf, 0x91, 0xfe,
    0xb, 0xf8, 0x6, 0xff, 0xff, 0xff, 0x81, 0xfe,
    0x3f, 0xf2, 0x0, 0x0, 0x0, 0x9, 0xac, 0xfc,
    0xa, 0xa0, 0x0, 0x0, 0x0, 0xb, 0xff, 0xe5,
    0x0, 0x0, 0x0, 0x0, 0x0, 0x0, 0x0, 0x0,

    /* U+547C "呼" */
    0x0, 0x0, 0x0, 0x1, 0x23, 0x46, 0x8a, 0xc4,
    0x8d, 0xdd, 0xd1, 0xcf, 0xff, 0xff, 0xff, 0xf7,
    0xaf, 0xff, 0xf2, 0x9c, 0xba, 0xff, 0x53, 0x10,
    0xaf, 0x19, 0xf2, 0x17, 0x0, 0xff, 0x2, 0x92,
    0xaf, 0x19, 0xf2, 0xbf, 0x40, 0xff, 0x9, 0xf6,
    0xaf, 0x19, 0xf2, 0x3f, 0xc0, 0xff, 0x2f, 0xe0,
    0xaf, 0x19, 0xf2, 0xb, 0xf2, 0xff, 0x9f, 0x60,
    0xaf, 0x19, 0xf2, 0x3, 0x30, 0xff, 0x6, 0x0,
    0xaf, 0x19, 0xf2, 0xdd, 0xdd, 0xff, 0xdd, 0xda,
    0xaf, 0x19, 0xf2, 0xff, 0xff, 0xff, 0xff, 0xfc,
    0xaf, 0x19, 0xf2, 0x0, 0x0, 0xff, 0x0, 0x0,
    0xaf, 0xbd, 0xf2, 0x0, 0x0, 0xff, 0x0, 0x0,
    0xaf, 0xff, 0xf2, 0x0, 0x0, 0xff, 0x0, 0x0,
    0xaf, 0x43, 0x30, 0x0, 0x0, 0xff, 0x0, 0x0,
    0x8c, 0x0, 0x0, 0xc, 0xef, 0xfd, 0x0, 0x0,
    0x0, 0x0, 0x0, 0xb, 0xff, 0xd4, 0x0, 0x0,

    /* U+547D "命" */
    0x0, 0x0, 0x0, 0x7, 0xff, 0x50, 0x0, 0x0,
    0x0, 0x0, 0x0, 0x1, 0xaf, 0xff, 0xf8, 0x0,
    0x0, 0x0, 0x0, 0x0, 0x5e, 0xfd, 0x23, 0xef,
    0xd4, 0x0, 0x0, 0x0, 0x4c, 0xff, 0x80, 0x0,
    0x9, 0xff, 0xc4, 0x0, 0xd, 0xff, 0xef, 0xdd,
    0xdd, 0xdd, 0xfd, 0xff, 0xd0, 0xb, 0xd5, 0x4f,
    0xff, 0xff, 0xff, 0xf2, 0x6e, 0xb0, 0x1, 0x0,
    0x0, 0x0, 0x0, 0x0, 0x0, 0x0, 0x10, 0x0,
    0x9a, 0xaa, 0xaa, 0x9, 0xcc, 0xcc, 0xca, 0x0,
    0x0, 0xdf, 0xff, 0xff, 0xc, 0xff, 0xff, 0xfe,
    0x0, 0x0, 0xdf, 0x22, 0xef, 0xc, 0xf1, 0x0,
    0xfe, 0x0, 0x0, 0xdf, 0x0, 0xef, 0xc, 0xf1,
    0x0, 0xfe, 0x0, 0x0, 0xdf, 0x0, 0xef, 0xc,
    0xf1, 0x0, 0xfe, 0x0, 0x0, 0xdf, 0x55, 0xef,
    0xc, 0xf1, 0x13, 0xfe, 0x0, 0x0, 0xdf, 0xff,
    0xff, 0xc, 0xf5, 0xff, 0xfc, 0x0, 0x0, 0x68,
    0x88, 0x87, 0xc, 0xf2, 0xcc, 0xa2, 0x0, 0x0,
    0x0, 0x0, 0x0, 0xc, 0xf1, 0x0, 0x0, 0x0,

    /* U+548C "和" */
    0x0, 0x0, 0x0, 0x1, 0x0, 0x0, 0x0, 0x0,
    0x0, 0x13, 0x68, 0xbe, 0xf1, 0x0, 0x0, 0x0,
    0x0, 0xa, 0xff, 0xff, 0xfd, 0x2c, 0xff, 0xff,
    0xff, 0x10, 0x6a, 0x9f, 0xd0, 0x0, 0xdf, 0xff,
    0xff, 0xf1, 0x0, 0x1, 0xfd, 0x0, 0xd, 0xf3,
    0x22, 0xdf, 0x10, 0x9b, 0xbf, 0xfb, 0xb5, 0xdf,
    0x10, 0xd, 0xf1, 0xd, 0xff, 0xff, 0xff, 0x8d,
    0xf1, 0x0, 0xdf, 0x10, 0x34, 0x9f, 0xd4, 0x42,
    0xdf, 0x10, 0xd, 0xf1, 0x0, 0xe, 0xfe, 0x0,
    0xd, 0xf1, 0x0, 0xdf, 0x10, 0x7, 0xff, 0xfd,
    0x20, 0xdf, 0x10, 0xd, 0xf1, 0x2, 0xff, 0xff,
    0xff, 0x4d, 0xf1, 0x0, 0xdf, 0x10, 0xcf, 0x7f,
    0xd6, 0xf6, 0xdf, 0x10, 0xd, 0xf1, 0x2f, 0xd1,
    0xfd, 0x4, 0xd, 0xf1, 0x0, 0xdf, 0x10, 0xc2,
    0x1f, 0xd0, 0x0, 0xdf, 0xff, 0xff, 0xf1, 0x1,
    0x1, 0xfd, 0x0, 0xd, 0xff, 0xff, 0xff, 0x10,
    0x0, 0x1f, 0xd0, 0x0, 0xdf, 0x32, 0x2d, 0xf1,
    0x0, 0x1, 0xfd, 0x0, 0x9, 0xb0, 0x0, 0x8a,
    0x0,

    /* U+54C0 "哀" */
    0x0, 0x0, 0x0, 0x1, 0x45, 0x0, 0x0, 0x0,
    0x0, 0x0, 0x0, 0x0, 0x3, 0xff, 0x20, 0x0,
    0x0, 0x0, 0xb, 0xdd, 0xdd, 0xdd, 0xff, 0xed,
    0xdd, 0xdd, 0x90, 0xe, 0xff, 0xff, 0xff, 0xff,
    0xff, 0xff, 0xff, 0xb0, 0x0, 0x0, 0x0, 0x0,
    0x0, 0x0, 0x0, 0x0, 0x0, 0x0, 0x1b, 0xbb,
    0xbb, 0xbb, 0xbb, 0xbb, 0xb0, 0x0, 0x0, 0x2f,
    0xff, 0xff, 0xff, 0xff, 0xff, 0xf0, 0x0, 0x0,
    0x2f, 0xb0, 0x0, 0x0, 0x0, 0xe, 0xf0, 0x0,
    0x0, 0x2f, 0xe9, 0x99, 0x99, 0x99, 0x9f, 0xf0,
    0x0, 0x0, 0x2f, 0xff, 0xff, 0xff, 0xff, 0xff,
    0xf0, 0x0, 0x0, 0x1, 0x12, 0xcf, 0xff, 0x71,
    0x12, 0xba, 0x0, 0x0, 0x0, 0x7e, 0xfc, 0x4f,
    0xf3, 0x7f, 0xfe, 0x10, 0x1, 0x7e, 0xff, 0xb0,
    0x5, 0xff, 0xff, 0x80, 0x0, 0x2f, 0xff, 0xdf,
    0x90, 0x0, 0x7f, 0xfb, 0x20, 0x0, 0xc, 0xa3,
    0x5f, 0xb6, 0xbf, 0x35, 0xff, 0xfb, 0x50, 0x0,
    0x0, 0xaf, 0xff, 0xfe, 0x20, 0x1a, 0xff, 0xd0,
    0x0, 0x0, 0x9f, 0xc7, 0x30, 0x0, 0x0, 0x28,
    0x50, 0x0, 0x0, 0x10, 0x0, 0x0, 0x0, 0x0,
    0x0, 0x0,

    /* U+54C1 "品" */
    0x0, 0x9f, 0xff, 0xff, 0xff, 0xff, 0xff, 0x0,
    0x0, 0x9f, 0xed, 0xdd, 0xdd, 0xdd, 0xff, 0x0,
    0x0, 0x9f, 0x80, 0x0, 0x0, 0x0, 0xff, 0x0,
    0x0, 0x9f, 0x80, 0x0, 0x0, 0x0, 0xff, 0x0,
    0x0, 0x9f, 0x80, 0x0, 0x0, 0x0, 0xff, 0x0,
    0x0, 0x9f, 0xff, 0xff, 0xff, 0xff, 0xff, 0x0,
    0x0, 0x7c, 0xcc, 0xcc, 0xcc, 0xcc, 0xcc, 0x0,
    0x0, 0x0, 0x0, 0x0, 0x0, 0x0, 0x0, 0x0,
    0x1c, 0xcc, 0xcc, 0xc8, 0xc, 0xcc, 0xcc, 0xc6,
    0x1f, 0xff, 0xff, 0xfa, 0xf, 0xff, 0xff, 0xf8,
    0x1f, 0xc0, 0x2, 0xfa, 0xf, 0xc0, 0x4, 0xf8,
    0x1f, 0xc0, 0x2, 0xfa, 0xf, 0xc0, 0x4, 0xf8,
    0x1f, 0xc0, 0x2, 0xfa, 0xf, 0xc0, 0x4, 0xf8,
    0x1f, 0xfc, 0xcc, 0xfa, 0xf, 0xfc, 0xcd, 0xf8,
    0x1f, 0xff, 0xff, 0xfa, 0xf, 0xff, 0xff, 0xf8,
    0x1f, 0xc0, 0x2, 0xfa, 0xf, 0xc0, 0x4, 0xf8,

    /* U+54CD "响" */
    0x0, 0x0, 0x0, 0x0, 0x1, 0x10, 0x0, 0x0,
    0x0, 0x0, 0x0, 0x0, 0xc, 0xf3, 0x0, 0x0,
    0x59, 0x99, 0x80, 0x11, 0x2f, 0xf1, 0x11, 0x10,
    0xaf, 0xff, 0xe1, 0xff, 0xff, 0xff, 0xff, 0xf1,
    0xaf, 0x5c, 0xe1, 0xfe, 0xbb, 0xbb, 0xbe, 0xf1,
    0xaf, 0x1b, 0xe1, 0xfa, 0x0, 0x0, 0xa, 0xf1,
    0xaf, 0x1b, 0xe1, 0xfa, 0x5c, 0xcc, 0x6a, 0xf1,
    0xaf, 0x1b, 0xe1, 0xfa, 0x6f, 0xff, 0x8a, 0xf1,
    0xaf, 0x1b, 0xe1, 0xfa, 0x6f, 0xe, 0x8a, 0xf1,
    0xaf, 0x1b, 0xe1, 0xfa, 0x6f, 0xe, 0x8a, 0xf1,
    0xaf, 0x1b, 0xe1, 0xfa, 0x6f, 0xe, 0x8a, 0xf1,
    0xaf, 0x1b, 0xe1, 0xfa, 0x6f, 0xe, 0x8a, 0xf1,
    0xaf, 0x4c, 0xe1, 0xfa, 0x6f, 0xcf, 0x8a, 0xf1,
    0xaf, 0xff, 0xe1, 0xfa, 0x6f, 0xff, 0x7a, 0xf1,
    0xaf, 0xaa, 0x91, 0xfa, 0x0, 0x0, 0xb, 0xf1,
    0x8d, 0x10, 0x1, 0xfa, 0x0, 0x1d, 0xdf, 0xf0,
    0x0, 0x0, 0x1, 0xfa, 0x0, 0xe, 0xff, 0x90,
    0x0, 0x0, 0x0, 0x21, 0x0, 0x0, 0x0, 0x0,

    /* U+5566 "啦" */
    0x0, 0x0, 0x0, 0x0, 0x0, 0x0, 0x0, 0x0,
    0x0, 0x0, 0x0, 0x8f, 0x30, 0xa, 0xf3, 0x0,
    0x7c, 0xcc, 0xb0, 0x8f, 0x30, 0x8, 0xf7, 0x0,
    0x9f, 0xff, 0xe0, 0x8f, 0x33, 0x8a, 0xfd, 0x85,
    0x9f, 0x1a, 0xea, 0xff, 0xf9, 0xff, 0xff, 0xfb,
    0x9f, 0x1a, 0xe8, 0xef, 0xd4, 0x55, 0x55, 0x53,
    0x9f, 0x1a, 0xe0, 0x8f, 0x32, 0x82, 0x3, 0xa3,
    0x9f, 0x1a, 0xe0, 0x8f, 0x34, 0xf5, 0x6, 0xf4,
    0x9f, 0x1a, 0xe0, 0x8f, 0xe5, 0xf8, 0x9, 0xf1,
    0x9f, 0x1a, 0xe9, 0xff, 0xf5, 0xeb, 0xc, 0xe0,
    0x9f, 0x1a, 0xec, 0xff, 0x40, 0xbe, 0xe, 0xb0,
    0x9f, 0x1a, 0xe3, 0x8f, 0x30, 0x8f, 0x3f, 0x80,
    0x9f, 0x8d, 0xe0, 0x8f, 0x30, 0x6f, 0x8f, 0x50,
    0x9f, 0xff, 0xe0, 0x8f, 0x30, 0x29, 0xbf, 0x10,
    0x9f, 0x66, 0x50, 0x8f, 0x30, 0x0, 0xce, 0x0,
    0x6a, 0x0, 0x3c, 0xff, 0x3f, 0xff, 0xff, 0xfe,
    0x0, 0x0, 0x1f, 0xfb, 0xb, 0xbb, 0xbb, 0xba,

    /* U+559C "喜" */
    0x1, 0x22, 0x22, 0x22, 0xff, 0x22, 0x22, 0x22,
    0x10, 0xc, 0xff, 0xff, 0xff, 0xff, 0xff, 0xff,
    0xff, 0xb0, 0x3, 0x44, 0x44, 0x44, 0xff, 0x44,
    0x44, 0x44, 0x30, 0x0, 0xde, 0xee, 0xee, 0xff,
    0xee, 0xee, 0xec, 0x0, 0x0, 0x45, 0x55, 0x55,
    0x55, 0x55, 0x55, 0x54, 0x0, 0x0, 0x1f, 0xff,
    0xff, 0xff, 0xff, 0xff, 0xf0, 0x0, 0x0, 0x1f,
    0xe5, 0x55, 0x55, 0x55, 0x5e, 0xf1, 0x0, 0x0,
    0x1f, 0xe6, 0x66, 0x66, 0x66, 0x6e, 0xf1, 0x0,
    0x0, 0x1d, 0xdf, 0xfd, 0xdd, 0xdf, 0xfd, 0xd0,
    0x0, 0x0, 0x0, 0xe, 0xf2, 0x0, 0x2f, 0xc0,
    0x0, 0x0, 0x2f, 0xff, 0xff, 0xff, 0xff, 0xff,
    0xff, 0xff, 0xf1, 0x5, 0x55, 0x55, 0x55, 0x55,
    0x55, 0x55, 0x55, 0x50, 0x0, 0x2f, 0xff, 0xff,
    0xff, 0xff, 0xff, 0xf1, 0x0, 0x0, 0x2f, 0xd5,
    0x55, 0x55, 0x55, 0x5d, 0xf2, 0x0, 0x0, 0x2f,
    0xd5, 0x55, 0x55, 0x55, 0x5d, 0xf2, 0x0, 0x0,
    0x2f, 0xff, 0xff, 0xff, 0xff, 0xff, 0xf2, 0x0,

    /* U+559D "喝" */
    0x1, 0x11, 0x0, 0xdf, 0xff, 0xff, 0xff, 0xb0,
    0x8f, 0xff, 0xf0, 0xdf, 0x88, 0x88, 0x9f, 0xb0,
    0x8f, 0xff, 0xf0, 0xdf, 0x11, 0x11, 0x2f, 0xb0,
    0x8f, 0x2a, 0xf0, 0xdf, 0xff, 0xff, 0xff, 0xb0,
    0x8f, 0x19, 0xf0, 0xdf, 0x33, 0x33, 0x4f, 0xb0,
    0x8f, 0x19, 0xf0, 0xdf, 0x88, 0x88, 0x8f, 0xb0,
    0x8f, 0x19, 0xf0, 0xcf, 0xff, 0xff, 0xff, 0xa0,
    0x8f, 0x19, 0xf0, 0x4f, 0xc0, 0x0, 0x0, 0x0,
    0x8f, 0x19, 0xf2, 0xef, 0xff, 0xff, 0xff, 0xf6,
    0x8f, 0x19, 0xfe, 0xf9, 0x79, 0xf9, 0x7a, 0xf6,
    0x8f, 0x19, 0xfb, 0xf7, 0x1c, 0xfa, 0x15, 0xf5,
    0x8f, 0x8c, 0xf0, 0xfb, 0xee, 0x6e, 0xe7, 0xf5,
    0x8f, 0xff, 0xf0, 0xf9, 0x61, 0x2, 0x77, 0xf4,
    0x8f, 0x76, 0x60, 0xff, 0xff, 0xff, 0x89, 0xf3,
    0x6b, 0x0, 0x0, 0x88, 0x88, 0x8f, 0xef, 0xf2,
    0x0, 0x0, 0x0, 0x0, 0x0, 0xe, 0xff, 0x90,

    /* U+5668 "器" */
    0x4, 0xff, 0xff, 0xff, 0x2a, 0xff, 0xff, 0xfc,
    0x0, 0x4f, 0xc9, 0x9d, 0xf2, 0xaf, 0x99, 0x9f,
    0xc0, 0x4, 0xf7, 0x0, 0x9f, 0x2a, 0xf0, 0x0,
    0xfc, 0x0, 0x4f, 0xc8, 0x8c, 0xf2, 0xaf, 0x88,
    0x8f, 0xc0, 0x4, 0xff, 0xff, 0xff, 0x2a, 0xff,
    0xff, 0xfc, 0x0, 0x0, 0x0, 0x0, 0x5b, 0x80,
    0x3b, 0x90, 0x0, 0x8, 0xaa, 0xaa, 0xad, 0xfd,
    0xaa, 0xff, 0xaa, 0x30, 0xcf, 0xff, 0xff, 0xff,
    0xff, 0xff, 0xff, 0xf5, 0x0, 0x0, 0x2a, 0xff,
    0x5a, 0xfe, 0x71, 0x0, 0x1, 0x58, 0xcf, 0xfe,
    0x40, 0x6, 0xff, 0xfb, 0x73, 0x3f, 0xff, 0xd7,
    0x10, 0x0, 0x2, 0x9f, 0xff, 0xa0, 0xbf, 0xff,
    0xff, 0xf2, 0xbf, 0xff, 0xff, 0xd4, 0x1, 0xfc,
    0x88, 0xcf, 0x2b, 0xf8, 0x88, 0xfa, 0x0, 0x1f,
    0x90, 0x9, 0xf2, 0xbf, 0x0, 0x1f, 0xa0, 0x1,
    0xff, 0xff, 0xff, 0x2b, 0xff, 0xff, 0xfa, 0x0,
    0x1f, 0xd9, 0x9d, 0xf2, 0xbf, 0x99, 0x9f, 0xa0,

    /* U+56DE "回" */
    0x2f, 0xff, 0xff, 0xff, 0xff, 0xff, 0xff, 0xf2,
    0x2f, 0xff, 0xff, 0xff, 0xff, 0xff, 0xff, 0xf2,
    0x2f, 0xe1, 0x11, 0x11, 0x11, 0x11, 0x1d, 0xf2,
    0x2f, 0xe0, 0x0, 0x0, 0x0, 0x0, 0xd, 0xf2,
    0x2f, 0xe0, 0xc, 0xcc, 0xcc, 0xc8, 0xd, 0xf2,
    0x2f, 0xe0, 0x1f, 0xff, 0xff, 0xfb, 0xd, 0xf2,
    0x2f, 0xe0, 0x1f, 0xb0, 0x1, 0xfb, 0xd, 0xf2,
    0x2f, 0xe0, 0x1f, 0xb0, 0x1, 0xfb, 0xd, 0xf2,
    0x2f, 0xe0, 0x1f, 0xb0, 0x1, 0xfb, 0xd, 0xf2,
    0x2f, 0xe0, 0x1f, 0xeb, 0xbb, 0xfb, 0xd, 0xf2,
    0x2f, 0xe0, 0x1f, 0xff, 0xff, 0xfb, 0xd, 0xf2,
    0x2f, 0xe0, 0x2, 0x22, 0x22, 0x21, 0xd, 0xf2,
    0x2f, 0xe0, 0x0, 0x0, 0x0, 0x0, 0xd, 0xf2,
    0x2f, 0xff, 0xff, 0xff, 0xff, 0xff, 0xff, 0xf2,
    0x2f, 0xff, 0xff, 0xff, 0xff, 0xff, 0xff, 0xf2,
    0x2f, 0xe1, 0x11, 0x11, 0x11, 0x11, 0x1d, 0xf2,

    /* U+56F0 "困" */
    0x1f, 0xff, 0xff, 0xff, 0xff, 0xff, 0xff, 0xf2,
    0x1f, 0xfe, 0xee, 0xee, 0xee, 0xee, 0xef, 0xf2,
    0x1f, 0xe0, 0x0, 0x5, 0x70, 0x0, 0xe, 0xf2,
    0x1f, 0xe0, 0x0, 0xd, 0xf1, 0x0, 0xe, 0xf2,
    0x1f, 0xe0, 0x33, 0x3d, 0xf4, 0x33, 0xe, 0xf2,
    0x1f, 0xe4, 0xff, 0xff, 0xff, 0xff, 0x5e, 0xf2,
    0x1f, 0xe2, 0xbb, 0xcf, 0xfb, 0xbb, 0x3e, 0xf2,
    0x1f, 0xe0, 0x0, 0xbf, 0xf2, 0x0, 0xe, 0xf2,
    0x1f, 0xe0, 0x9, 0xff, 0xfe, 0x50, 0xe, 0xf2,
    0x1f, 0xe0, 0x9f, 0xcd, 0xfe, 0xfa, 0x1e, 0xf2,
    0x1f, 0xeb, 0xfd, 0x1d, 0xf2, 0xcf, 0xae, 0xf2,
    0x1f, 0xe7, 0xd1, 0xd, 0xf1, 0x9, 0x3e, 0xf2,
    0x1f, 0xe0, 0x10, 0xd, 0xf1, 0x0, 0xe, 0xf2,
    0x1f, 0xe2, 0x22, 0x26, 0x73, 0x22, 0x2e, 0xf2,
    0x1f, 0xff, 0xff, 0xff, 0xff, 0xff, 0xff, 0xf2,
    0x1f, 0xfb, 0xbb, 0xbb, 0xbb, 0xbb, 0xbf, 0xf2,

    /* U+56FE "图" */
    0x1f, 0xff, 0xff, 0xff, 0xff, 0xff, 0xff, 0xfc,
    0x1f, 0xfc, 0xcc, 0xcc, 0xcc, 0xcc, 0xcc, 0xfc,
    0x1f, 0xd0, 0x3, 0xa3, 0x0, 0x0, 0x3, 0xfc,
    0x1f, 0xd0, 0x1e, 0xf8, 0x66, 0x66, 0x23, 0xfc,
    0x1f, 0xd0, 0xcf, 0xfe, 0xee, 0xff, 0x73, 0xfc,
    0x1f, 0xda, 0xfe, 0xe4, 0x8, 0xfb, 0x3, 0xfc,
    0x1f, 0xd3, 0x51, 0xcf, 0xef, 0x80, 0x3, 0xfc,
    0x1f, 0xd1, 0x5a, 0xff, 0xff, 0xc8, 0x54, 0xfc,
    0x1f, 0xdc, 0xff, 0xc4, 0x17, 0xcf, 0xf6, 0xfc,
    0x1f, 0xd4, 0x56, 0xff, 0xc9, 0x61, 0x43, 0xfc,
    0x1f, 0xd0, 0x11, 0x47, 0xad, 0xf0, 0x3, 0xfc,
    0x1f, 0xd0, 0xbf, 0xc9, 0x63, 0x10, 0x3, 0xfc,
    0x1f, 0xd0, 0x59, 0xcf, 0xff, 0xfc, 0x3, 0xfc,
    0x1f, 0xd0, 0x0, 0x0, 0x36, 0x9a, 0x3, 0xfc,
    0x1f, 0xff, 0xff, 0xff, 0xff, 0xff, 0xff, 0xfc,
    0x1f, 0xfa, 0xaa, 0xaa, 0xaa, 0xaa, 0xab, 0xfc,

    /* U+5706 "圆" */
    0x1f, 0xff, 0xff, 0xff, 0xff, 0xff, 0xff, 0xfc,
    0x1f, 0xea, 0xaa, 0xaa, 0xaa, 0xaa, 0xab, 0xfc,
    0x1f, 0xc0, 0x12, 0x22, 0x22, 0x22, 0x2, 0xfc,
    0x1f, 0xc0, 0xaf, 0xff, 0xff, 0xff, 0x2, 0xfc,
    0x1f, 0xc0, 0xaf, 0x11, 0x11, 0xbf, 0x2, 0xfc,
    0x1f, 0xc0, 0xaf, 0xff, 0xff, 0xff, 0x2, 0xfc,
    0x1f, 0xc0, 0x23, 0x33, 0x33, 0x33, 0x2, 0xfc,
    0x1f, 0xc0, 0xff, 0xff, 0xff, 0xff, 0x72, 0xfc,
    0x1f, 0xc0, 0xfc, 0x55, 0x55, 0x8f, 0x72, 0xfc,
    0x1f, 0xc0, 0xfb, 0xd, 0xf0, 0x4f, 0x72, 0xfc,
    0x1f, 0xc0, 0xd9, 0x2f, 0xe5, 0x4c, 0x62, 0xfc,
    0x1f, 0xc0, 0x38, 0xef, 0xff, 0xe9, 0x32, 0xfc,
    0x1f, 0xca, 0xff, 0xc3, 0x5, 0xbf, 0xf3, 0xfc,
    0x1f, 0xc4, 0x83, 0x0, 0x0, 0x3, 0x62, 0xfc,
    0x1f, 0xff, 0xff, 0xff, 0xff, 0xff, 0xff, 0xfc,
    0x1f, 0xe9, 0x99, 0x99, 0x99, 0x99, 0x9a, 0xfc,

    /* U+5708 "圈" */
    0x2f, 0xff, 0xff, 0xff, 0xff, 0xff, 0xff, 0xfc,
    0x2f, 0xe9, 0x9a, 0x99, 0x99, 0x9a, 0x99, 0xfc,
    0x2f, 0xc0, 0x8d, 0x16, 0xc1, 0x4f, 0x41, 0xfc,
    0x2f, 0xc0, 0x3f, 0x7a, 0xe0, 0xec, 0x11, 0xfc,
    0x2f, 0xc6, 0xff, 0xff, 0xff, 0xff, 0xf2, 0xfc,
    0x2f, 0xc2, 0x44, 0x9f, 0x74, 0x44, 0x41, 0xfc,
    0x2f, 0xcb, 0xff, 0xff, 0xff, 0xff, 0xf7, 0xfc,
    0x2f, 0xc4, 0x7f, 0xf6, 0x59, 0xfc, 0x53, 0xfc,
    0x2f, 0xc7, 0xef, 0xec, 0xcc, 0xff, 0xc5, 0xfc,
    0x2f, 0xef, 0xdf, 0xb6, 0x6b, 0xf5, 0xde, 0xfc,
    0x2f, 0xc3, 0x1f, 0x86, 0xdf, 0xdb, 0x63, 0xfc,
    0x2f, 0xc0, 0x1f, 0xa1, 0x33, 0x4f, 0xa1, 0xfc,
    0x2f, 0xc0, 0xe, 0xff, 0xff, 0xff, 0x71, 0xfc,
    0x2f, 0xc0, 0x1, 0x45, 0x55, 0x54, 0x1, 0xfc,
    0x2f, 0xff, 0xff, 0xff, 0xff, 0xff, 0xff, 0xfc,
    0x2f, 0xeb, 0xbb, 0xbb, 0xbb, 0xbb, 0xbb, 0xfc,

    /* U+5728 "在" */
    0x0, 0x0, 0x0, 0x2, 0x0, 0x0, 0x0, 0x0,
    0x0, 0x0, 0x0, 0x0, 0x3f, 0xd0, 0x0, 0x0,
    0x0, 0x0, 0x1, 0x22, 0x22, 0xaf, 0x92, 0x22,
    0x22, 0x22, 0x20, 0xa, 0xff, 0xff, 0xff, 0xff,
    0xff, 0xff, 0xff, 0xe0, 0x7, 0xcc, 0xcf, 0xfe,
    0xcc, 0xcc, 0xcc, 0xcc, 0xb0, 0x0, 0x0, 0x2f,
    0xf3, 0x0, 0x39, 0x50, 0x0, 0x0, 0x0, 0x0,
    0xdf, 0x90, 0x0, 0x6f, 0xa0, 0x0, 0x0, 0x0,
    0x8, 0xfd, 0x0, 0x0, 0x6f, 0xa0, 0x0, 0x0,
    0x0, 0x6f, 0xf6, 0x1b, 0xbb, 0xdf, 0xeb, 0xbb,
    0x50, 0x7, 0xff, 0xf6, 0x2f, 0xff, 0xff, 0xff,
    0xff, 0x70, 0xd, 0xfe, 0xf6, 0x3, 0x33, 0x8f,
    0xb3, 0x33, 0x10, 0x7, 0x88, 0xf6, 0x0, 0x0,
    0x6f, 0xa0, 0x0, 0x0, 0x0, 0x8, 0xf6, 0x0,
    0x0, 0x6f, 0xa0, 0x0, 0x0, 0x0, 0x8, 0xf6,
    0x0, 0x0, 0x6f, 0xa0, 0x0, 0x0, 0x0, 0x8,
    0xf6, 0x9c, 0xcc, 0xdf, 0xec, 0xcc, 0xc0, 0x0,
    0x8, 0xf6, 0xdf, 0xff, 0xff, 0xff, 0xff, 0xf1,
    0x0, 0x8, 0xf6, 0x22, 0x22, 0x22, 0x22, 0x22,
    0x20,

    /* U+5730 "地" */
    0x1, 0xfc, 0x0, 0x0, 0x1, 0xfc, 0x0, 0x0,
    0x0, 0x1f, 0xc0, 0x9, 0x90, 0x1f, 0xc0, 0x0,
    0x0, 0x1, 0xfc, 0x0, 0xef, 0x1, 0xfc, 0x0,
    0x31, 0x0, 0x1f, 0xc0, 0xe, 0xf0, 0x1f, 0xd9,
    0xef, 0x20, 0x9d, 0xff, 0xd2, 0xef, 0x6b, 0xff,
    0xff, 0xf2, 0xa, 0xff, 0xff, 0x9f, 0xff, 0xff,
    0xe6, 0xcf, 0x10, 0x2, 0xfc, 0x6f, 0xff, 0xa7,
    0xfc, 0xb, 0xf1, 0x0, 0x1f, 0xc1, 0x8f, 0xf0,
    0x1f, 0xc0, 0xcf, 0x0, 0x1, 0xfc, 0x0, 0xef,
    0x1, 0xfc, 0xd, 0xf0, 0x0, 0x1f, 0xc0, 0xe,
    0xf0, 0x1f, 0xcb, 0xff, 0x0, 0x1, 0xfc, 0x0,
    0xef, 0x1, 0xfc, 0xdf, 0x90, 0x0, 0x1f, 0xd6,
    0x4e, 0xf0, 0x1f, 0xc1, 0x1c, 0xa0, 0x17, 0xff,
    0xf7, 0xef, 0x1, 0xfc, 0x0, 0xdf, 0xd, 0xff,
    0xea, 0x3e, 0xf1, 0x0, 0x0, 0xf, 0xf0, 0x66,
    0x20, 0x0, 0xcf, 0xfe, 0xee, 0xef, 0xfe, 0x0,
    0x0, 0x0, 0x3, 0xdf, 0xff, 0xff, 0xfe, 0x60,

    /* U+573A "场" */
    0x0, 0x5f, 0xa0, 0x1f, 0xff, 0xff, 0xff, 0xf3,
    0x0, 0x5, 0xfa, 0x1, 0xee, 0xee, 0xef, 0xff,
    0x30, 0x0, 0x5f, 0xa0, 0x0, 0x0, 0x2d, 0xff,
    0x80, 0x0, 0x59, 0xfc, 0x61, 0x0, 0x5f, 0xfe,
    0x40, 0x0, 0xe, 0xff, 0xff, 0x30, 0x8f, 0xfc,
    0x10, 0x0, 0x0, 0xef, 0xff, 0xf5, 0xcf, 0xfb,
    0x22, 0x22, 0x20, 0x0, 0x5f, 0xa0, 0x8f, 0xff,
    0xff, 0xff, 0xff, 0x40, 0x5, 0xfa, 0x5, 0xbe,
    0xfb, 0xdf, 0xbe, 0xf3, 0x0, 0x5f, 0xa0, 0x0,
    0xee, 0xa, 0xf1, 0xaf, 0x20, 0x5, 0xfa, 0x0,
    0x5f, 0x80, 0xed, 0xb, 0xf1, 0x0, 0x5f, 0xca,
    0xd, 0xf1, 0x4f, 0x90, 0xcf, 0x1, 0x7c, 0xff,
    0xf9, 0xf8, 0xb, 0xf4, 0xd, 0xf0, 0x2f, 0xfe,
    0x9c, 0xfc, 0x4, 0xfd, 0x0, 0xee, 0x0, 0x93,
    0x2, 0xfe, 0x21, 0xef, 0x40, 0x2f, 0xd0, 0x0,
    0x0, 0x4, 0x11, 0xdf, 0x9d, 0xef, 0xfb, 0x0,
    0x0, 0x0, 0x0, 0x5f, 0xa0, 0xbf, 0xfc, 0x20,
    0x0, 0x0, 0x0, 0x0, 0x40, 0x0, 0x0, 0x0,
    0x0,

    /* U+5747 "均" */
    0x0, 0x0, 0x0, 0x0, 0x2, 0x0, 0x0, 0x0,
    0x0, 0x0, 0xff, 0x10, 0x3, 0xfd, 0x0, 0x0,
    0x0, 0x0, 0xf, 0xf1, 0x0, 0xaf, 0x80, 0x0,
    0x0, 0x0, 0x0, 0xff, 0x10, 0x2f, 0xff, 0xff,
    0xff, 0xf5, 0x0, 0xf, 0xf1, 0xb, 0xff, 0xee,
    0xee, 0xff, 0x40, 0xaf, 0xff, 0xfe, 0xfe, 0x0,
    0x0, 0xc, 0xf4, 0xa, 0xff, 0xff, 0xaa, 0x6a,
    0x0, 0x0, 0xcf, 0x30, 0x12, 0xff, 0x31, 0x8,
    0xfc, 0x10, 0xc, 0xf3, 0x0, 0xf, 0xf1, 0x0,
    0xa, 0xfa, 0x0, 0xdf, 0x20, 0x0, 0xff, 0x10,
    0x0, 0x9, 0x27, 0x6d, 0xf2, 0x0, 0xf, 0xf1,
    0x0, 0x0, 0x7e, 0xf9, 0xef, 0x10, 0x0, 0xff,
    0x10, 0x7, 0xef, 0xfb, 0x3e, 0xf1, 0x0, 0xf,
    0xfc, 0xcb, 0xff, 0xb3, 0x0, 0xff, 0x0, 0xae,
    0xff, 0xfd, 0x6c, 0x30, 0x0, 0xf, 0xf0, 0xf,
    0xfe, 0xa5, 0x10, 0x0, 0x0, 0x4, 0xff, 0x0,
    0x63, 0x0, 0x0, 0x0, 0xd, 0xff, 0xff, 0xd0,
    0x0, 0x0, 0x0, 0x0, 0x0, 0x9f, 0xff, 0xd4,
    0x0,

    /* U+5782 "垂" */
    0x0, 0x0, 0x0, 0x0, 0x1, 0x23, 0x46, 0x72,
    0x0, 0x9, 0xcc, 0xde, 0xff, 0xff, 0xff, 0xff,
    0x60, 0x0, 0xbe, 0xed, 0xcc, 0xff, 0x98, 0x76,
    0x41, 0x0, 0x0, 0x0, 0x0, 0xf, 0xf0, 0x0,
    0x0, 0x0, 0x0, 0x0, 0x0, 0x1, 0xff, 0x0,
    0x0, 0x0, 0x0, 0x7f, 0xff, 0xff, 0xff, 0xff,
    0xff, 0xff, 0xf6, 0x4, 0xbb, 0xfe, 0xbb, 0xff,
    0xbb, 0xef, 0xbb, 0x40, 0x0, 0x2f, 0xc0, 0xf,
    0xf0, 0xc, 0xf2, 0x0, 0xd, 0xdd, 0xff, 0xdd,
    0xff, 0xdd, 0xff, 0xdd, 0xd0, 0xff, 0xff, 0xff,
    0xff, 0xff, 0xff, 0xff, 0xff, 0x0, 0x2, 0xfc,
    0x0, 0xff, 0x0, 0xcf, 0x20, 0x0, 0x1, 0x3f,
    0xc1, 0x1f, 0xf1, 0x1c, 0xf3, 0x10, 0x7, 0xff,
    0xff, 0xff, 0xff, 0xff, 0xff, 0xff, 0x60, 0x4a,
    0xaa, 0xaa, 0xaf, 0xfa, 0xaa, 0xaa, 0xa4, 0x0,
    0x0, 0x0, 0x0, 0xff, 0x0, 0x0, 0x0, 0x0,
    0xd, 0xff, 0xff, 0xff, 0xff, 0xff, 0xff, 0xc0,
    0x0, 0x9b, 0xbb, 0xbb, 0xbb, 0xbb, 0xbb, 0xb9,
    0x0,

    /* U+57DF "域" */
    0x0, 0x0, 0x0, 0x0, 0x0, 0x0, 0x0, 0x0,
    0x0, 0x6, 0xf7, 0x0, 0x0, 0x0, 0xbf, 0x8,
    0x50, 0x0, 0x6f, 0x70, 0x0, 0x0, 0xb, 0xf1,
    0xbc, 0x0, 0x6, 0xf7, 0xb, 0xcc, 0xcc, 0xef,
    0xce, 0xfb, 0x0, 0x6f, 0x70, 0xff, 0xff, 0xff,
    0xff, 0xff, 0xf0, 0xef, 0xff, 0xc0, 0x0, 0x0,
    0x9f, 0x20, 0x0, 0xb, 0xdf, 0xe9, 0x7a, 0xaa,
    0x68, 0xf2, 0x1d, 0x50, 0x6, 0xf7, 0xc, 0xff,
    0xf9, 0x7f, 0x37, 0xf5, 0x0, 0x6f, 0x70, 0xcc,
    0x1e, 0x96, 0xf4, 0xcf, 0x0, 0x6, 0xf7, 0xc,
    0xb0, 0xe9, 0x4f, 0x8f, 0xa0, 0x0, 0x6f, 0x70,
    0xce, 0xaf, 0x92, 0xff, 0xf3, 0x0, 0x6, 0xf7,
    0xc, 0xff, 0xf9, 0xf, 0xfb, 0x0, 0x0, 0x8f,
    0xed, 0x0, 0x0, 0x0, 0xff, 0x37, 0x82, 0xff,
    0xff, 0xe5, 0x8b, 0xde, 0xbf, 0xf2, 0xad, 0xe,
    0xa6, 0x1a, 0xff, 0xfe, 0xff, 0xef, 0xae, 0xb0,
    0x0, 0x0, 0x57, 0x41, 0xaf, 0xd1, 0xef, 0xf8,
    0x0, 0x0, 0x0, 0x0, 0x1, 0xc1, 0x4, 0xed,
    0x10, 0x0, 0x0, 0x0, 0x0, 0x0, 0x0, 0x0,
    0x0,

    /* U+57FA "基" */
    0x0, 0x3, 0xfb, 0x0, 0x0, 0x0, 0xff, 0x0,
    0x0, 0x5, 0xff, 0xff, 0xff, 0xff, 0xff, 0xff,
    0xff, 0x20, 0x3, 0x9a, 0xfe, 0x99, 0x99, 0x99,
    0xff, 0x99, 0x10, 0x0, 0x3, 0xfd, 0x55, 0x55,
    0x55, 0xff, 0x0, 0x0, 0x0, 0x3, 0xff, 0xff,
    0xff, 0xff, 0xff, 0x0, 0x0, 0x0, 0x3, 0xfc,
    0x22, 0x22, 0x22, 0xff, 0x0, 0x0, 0x0, 0x3,
    0xff, 0xff, 0xff, 0xff, 0xff, 0x0, 0x0, 0x0,
    0x3, 0xfc, 0x11, 0x11, 0x11, 0xff, 0x0, 0x0,
    0xe, 0xff, 0xff, 0xff, 0xff, 0xff, 0xff, 0xff,
    0xc0, 0x8, 0x88, 0xcf, 0xe8, 0x88, 0x9f, 0xfb,
    0x88, 0x60, 0x0, 0x6, 0xff, 0x30, 0xb9, 0x5,
    0xff, 0x50, 0x0, 0x3, 0xcf, 0xfa, 0x77, 0xff,
    0x77, 0xcf, 0xfb, 0x30, 0x1f, 0xfc, 0x6f, 0xff,
    0xff, 0xff, 0xf3, 0xcf, 0xd0, 0x8, 0x60, 0x0,
    0x1, 0xfe, 0x0, 0x0, 0x5, 0x50, 0x0, 0x9a,
    0xaa, 0xaa, 0xff, 0xaa, 0xaa, 0xa7, 0x0, 0x0,
    0xff, 0xff, 0xff, 0xff, 0xff, 0xff, 0xfb, 0x0,

    /* U+585E "塞" */
    0x0, 0x0, 0x0, 0x0, 0x0, 0x0, 0x0, 0x0,
    0x0, 0x0, 0x0, 0x0, 0x4, 0xff, 0x30, 0x0,
    0x0, 0x0, 0x9, 0xff, 0xff, 0xff, 0xff, 0xff,
    0xff, 0xff, 0x60, 0x9, 0xfa, 0x88, 0x88, 0x88,
    0x88, 0x88, 0xcf, 0x60, 0x5, 0xb4, 0x18, 0xf6,
    0x11, 0x9f, 0x61, 0x6a, 0x40, 0x0, 0x9f, 0xff,
    0xff, 0xff, 0xff, 0xff, 0xf6, 0x0, 0x0, 0x24,
    0x4a, 0xf8, 0x44, 0xaf, 0x84, 0x41, 0x0, 0x0,
    0x6e, 0xef, 0xfe, 0xee, 0xff, 0xee, 0xe3, 0x0,
    0x0, 0x37, 0x7c, 0xfa, 0x77, 0xcf, 0xa7, 0x72,
    0x0, 0x9, 0xaa, 0xad, 0xfc, 0xaa, 0xdf, 0xca,
    0xaa, 0x70, 0xe, 0xff, 0xff, 0xff, 0xff, 0xff,
    0xff, 0xff, 0xb0, 0x0, 0x3, 0xdf, 0x80, 0x65,
    0xb, 0xfa, 0x10, 0x0, 0x2, 0x9f, 0xfc, 0x55,
    0xfe, 0x55, 0xdf, 0xf8, 0x20, 0x1f, 0xfd, 0x4f,
    0xff, 0xff, 0xff, 0xd4, 0xdf, 0xd0, 0x9, 0x60,
    0x1, 0x22, 0xfe, 0x22, 0x10, 0x6, 0x50, 0x0,
    0x69, 0x99, 0x99, 0xff, 0x99, 0x99, 0x95, 0x0,
    0x0, 0xbf, 0xff, 0xff, 0xff, 0xff, 0xff, 0xf9,
    0x0,

    /* U+5883 "境" */
    0x0, 0x0, 0x0, 0x0, 0x0, 0x23, 0x0, 0x0,
    0x0, 0x0, 0x8f, 0x40, 0x0, 0x1, 0xff, 0x70,
    0x0, 0x0, 0x0, 0x8f, 0x40, 0xef, 0xff, 0xff,
    0xff, 0xff, 0x50, 0x0, 0x8f, 0x40, 0x68, 0xfd,
    0x77, 0x8f, 0xb7, 0x20, 0x0, 0x8f, 0x40, 0x1,
    0xff, 0x0, 0x6f, 0x60, 0x0, 0xd, 0xff, 0xfb,
    0xff, 0xff, 0xff, 0xff, 0xff, 0xe0, 0xe, 0xff,
    0xf9, 0x77, 0x77, 0x77, 0x77, 0x77, 0x60, 0x4,
    0xaf, 0x72, 0x57, 0x77, 0x77, 0x77, 0x75, 0x0,
    0x0, 0x8f, 0x40, 0xbf, 0xff, 0xff, 0xff, 0xfb,
    0x0, 0x0, 0x8f, 0x40, 0xbf, 0x43, 0x33, 0x33,
    0xeb, 0x0, 0x0, 0x8f, 0x40, 0xbf, 0xff, 0xff,
    0xff, 0xfb, 0x0, 0x0, 0x8f, 0x40, 0xbf, 0x43,
    0x33, 0x33, 0xeb, 0x0, 0x0, 0x8f, 0xb8, 0xbf,
    0xff, 0xff, 0xff, 0xfb, 0x0, 0x1b, 0xff, 0xfb,
    0x24, 0xdf, 0x85, 0xfb, 0x48, 0xa0, 0xf, 0xfc,
    0x72, 0x6, 0xff, 0x12, 0xf9, 0x8, 0xf1, 0x5,
    0x10, 0x16, 0xcf, 0xf6, 0x1, 0xfd, 0x8d, 0xf0,
    0x0, 0x0, 0x1f, 0xfb, 0x30, 0x0, 0xbf, 0xff,
    0x90, 0x0, 0x0, 0x4, 0x20, 0x0, 0x0, 0x0,
    0x0, 0x0,

    /* U+589E "增" */
    0x0, 0x0, 0x0, 0x0, 0x20, 0x0, 0x3, 0x0,
    0x0, 0x8, 0xf4, 0x0, 0x6f, 0x90, 0x5, 0xfc,
    0x0, 0x0, 0x8f, 0x40, 0xaa, 0xff, 0xaa, 0xff,
    0xba, 0x40, 0x8, 0xf4, 0x1f, 0xff, 0xff, 0xff,
    0xff, 0xf7, 0x0, 0x8f, 0x41, 0xfa, 0x81, 0xaf,
    0x6, 0x7f, 0x70, 0xef, 0xff, 0x9f, 0xac, 0x8a,
    0xf2, 0xf7, 0xf7, 0xe, 0xff, 0xf9, 0xfa, 0x3c,
    0xaf, 0x69, 0x4f, 0x70, 0x8, 0xf4, 0x1f, 0xeb,
    0xbe, 0xfb, 0xbc, 0xf7, 0x0, 0x8f, 0x40, 0xff,
    0xff, 0xff, 0xff, 0xff, 0x60, 0x8, 0xf4, 0x0,
    0x0, 0x0, 0x0, 0x0, 0x0, 0x0, 0x8f, 0x40,
    0x5f, 0xff, 0xff, 0xff, 0xfc, 0x0, 0x8, 0xf4,
    0x5, 0xfb, 0x77, 0x77, 0x8f, 0xc0, 0x0, 0x8f,
    0xa9, 0x5f, 0xb7, 0x77, 0x77, 0xfc, 0x1, 0x8e,
    0xff, 0xc5, 0xff, 0xff, 0xff, 0xff, 0xc0, 0xf,
    0xfe, 0x94, 0x5f, 0x80, 0x0, 0x1, 0xfc, 0x0,
    0x73, 0x0, 0x5, 0xff, 0xff, 0xff, 0xff, 0xc0,
    0x0, 0x0, 0x0, 0x5f, 0xc9, 0x99, 0x99, 0xfc,
    0x0,

    /* U+58F0 "声" */
    0x0, 0x0, 0x0, 0x1, 0xff, 0x0, 0x0, 0x0,
    0x0, 0xcd, 0xdd, 0xdd, 0xdf, 0xfd, 0xdd, 0xdd,
    0xd9, 0xe, 0xff, 0xff, 0xff, 0xff, 0xff, 0xff,
    0xff, 0xb0, 0x0, 0x0, 0x0, 0x1f, 0xf0, 0x0,
    0x0, 0x0, 0x0, 0x7b, 0xbb, 0xbc, 0xff, 0xbb,
    0xbb, 0xb6, 0x0, 0x9, 0xff, 0xff, 0xff, 0xff,
    0xff, 0xff, 0x70, 0x0, 0x0, 0x0, 0x0, 0x0,
    0x0, 0x0, 0x0, 0x0, 0x7, 0xff, 0xff, 0xff,
    0xff, 0xff, 0xff, 0x70, 0x0, 0x7f, 0xdb, 0xbb,
    0xff, 0xbb, 0xbd, 0xf7, 0x0, 0x7, 0xf8, 0x0,
    0xf, 0xf0, 0x0, 0x8f, 0x70, 0x0, 0x7f, 0xda,
    0xaa, 0xff, 0xaa, 0xad, 0xf7, 0x0, 0x8, 0xff,
    0xff, 0xff, 0xff, 0xff, 0xff, 0x70, 0x0, 0xaf,
    0x60, 0x0, 0x0, 0x0, 0x0, 0x0, 0x0, 0xf,
    0xf2, 0x0, 0x0, 0x0, 0x0, 0x0, 0x0, 0x8,
    0xfc, 0x0, 0x0, 0x0, 0x0, 0x0, 0x0, 0x0,
    0xbf, 0x40, 0x0, 0x0, 0x0, 0x0, 0x0, 0x0,
    0x0, 0x40, 0x0, 0x0, 0x0, 0x0, 0x0, 0x0,
    0x0,

    /* U+5904 "处" */
    0x0, 0x0, 0x0, 0x0, 0x0, 0x0, 0x0, 0x0,
    0x0, 0x0, 0x4, 0xf8, 0x0, 0x0, 0x1f, 0xe0,
    0x0, 0x0, 0x0, 0x8, 0xf6, 0x0, 0x0, 0x1f,
    0xe0, 0x0, 0x0, 0x0, 0xc, 0xfe, 0xee, 0xe5,
    0x1f, 0xe0, 0x0, 0x0, 0x0, 0x2f, 0xff, 0xff,
    0xf6, 0x1f, 0xe0, 0x0, 0x0, 0x0, 0x7f, 0x94,
    0x4b, 0xf5, 0x1f, 0xfa, 0x0, 0x0, 0x0, 0xef,
    0x40, 0xd, 0xf3, 0x1f, 0xff, 0xd2, 0x0, 0x6,
    0xff, 0x70, 0x1f, 0xf0, 0x1f, 0xfd, 0xff, 0x40,
    0xe, 0xff, 0xb0, 0x5f, 0xb0, 0x1f, 0xe1, 0xbf,
    0xe0, 0xd, 0xbe, 0xf0, 0xcf, 0x60, 0x1f, 0xe0,
    0x9, 0x80, 0x4, 0x28, 0xf9, 0xff, 0x10, 0x1f,
    0xe0, 0x0, 0x0, 0x0, 0x2, 0xff, 0xf9, 0x0,
    0x1f, 0xe0, 0x0, 0x0, 0x0, 0x0, 0xbf, 0xf1,
    0x0, 0x1f, 0xe0, 0x0, 0x0, 0x0, 0x5, 0xff,
    0xfa, 0x10, 0x1f, 0xe0, 0x0, 0x0, 0x0, 0x6f,
    0xfc, 0xff, 0xf9, 0x68, 0x61, 0x11, 0x10, 0x9,
    0xff, 0xa0, 0x3d, 0xff, 0xff, 0xff, 0xff, 0xf0,
    0x8, 0xf9, 0x0, 0x0, 0x59, 0xde, 0xff, 0xff,
    0xc0, 0x0, 0x50, 0x0, 0x0, 0x0, 0x0, 0x0,
    0x0, 0x0,

    /* U+5907 "备" */
    0x0, 0x0, 0x17, 0x40, 0x0, 0x0, 0x0, 0x0,
    0x0, 0x0, 0xc, 0xfb, 0x0, 0x0, 0x0, 0x0,
    0x0, 0x0, 0xa, 0xff, 0xff, 0xff, 0xff, 0xff,
    0x50, 0x0, 0xa, 0xff, 0xdb, 0xbb, 0xbb, 0xef,
    0xf5, 0x0, 0x2c, 0xff, 0xfe, 0x40, 0x1, 0xaf,
    0xf9, 0x0, 0x6, 0xfe, 0x28, 0xff, 0xa8, 0xff,
    0xe5, 0x0, 0x0, 0x6, 0x10, 0x1a, 0xff, 0xff,
    0xe4, 0x0, 0x0, 0x3, 0x69, 0xcf, 0xff, 0xee,
    0xff, 0xff, 0xc9, 0x70, 0xcf, 0xff, 0xe9, 0x40,
    0x4, 0x9d, 0xff, 0xfe, 0x6, 0xaf, 0xca, 0xaa,
    0xaa, 0xaa, 0xab, 0xea, 0x60, 0x1, 0xff, 0xff,
    0xff, 0xff, 0xff, 0xff, 0x40, 0x0, 0x1f, 0xd0,
    0x0, 0xdf, 0x0, 0xa, 0xf4, 0x0, 0x1, 0xff,
    0xff, 0xff, 0xff, 0xff, 0xff, 0x40, 0x0, 0x1f,
    0xe8, 0x88, 0xef, 0x88, 0x8d, 0xf4, 0x0, 0x1,
    0xfd, 0x0, 0xd, 0xf0, 0x0, 0xaf, 0x40, 0x0,
    0x1f, 0xff, 0xff, 0xff, 0xff, 0xff, 0xf4, 0x0,
    0x1, 0xff, 0x99, 0x99, 0x99, 0x99, 0xdf, 0x40,
    0x0,

    /* U+590D "复" */
    0x0, 0x0, 0x44, 0x10, 0x0, 0x0, 0x0, 0x0,
    0x0, 0x0, 0x1e, 0xf4, 0x0, 0x0, 0x0, 0x0,
    0x0, 0x0, 0xa, 0xff, 0xff, 0xff, 0xff, 0xff,
    0xff, 0x50, 0x7, 0xfe, 0x99, 0x99, 0x99, 0x99,
    0x99, 0x93, 0x5, 0xff, 0xb8, 0x88, 0x88, 0x88,
    0x88, 0x81, 0x1, 0xff, 0xff, 0xee, 0xee, 0xee,
    0xee, 0xff, 0x30, 0x7, 0x6e, 0xf4, 0x33, 0x33,
    0x33, 0x3d, 0xf3, 0x0, 0x0, 0xef, 0xff, 0xff,
    0xff, 0xff, 0xff, 0x30, 0x0, 0xe, 0xf3, 0x22,
    0x22, 0x22, 0x2d, 0xf3, 0x0, 0x0, 0xef, 0xff,
    0xff, 0xff, 0xff, 0xff, 0x30, 0x0, 0x2, 0x5f,
    0xe3, 0x22, 0x22, 0x22, 0x20, 0x0, 0x0, 0x5f,
    0xff, 0xff, 0xff, 0xff, 0xff, 0x20, 0x1, 0x9f,
    0xff, 0xf9, 0x88, 0x89, 0xff, 0xe1, 0x0, 0xaf,
    0xc2, 0x7f, 0xf8, 0x49, 0xff, 0xa1, 0x0, 0x2,
    0x50, 0x1, 0x7f, 0xff, 0xff, 0x82, 0x0, 0x0,
    0x49, 0xbe, 0xff, 0xfd, 0x9d, 0xff, 0xff, 0xe7,
    0x7, 0xff, 0xc9, 0x51, 0x0, 0x2, 0x69, 0xcf,
    0x60, 0x12, 0x0, 0x0, 0x0, 0x0, 0x0, 0x0,
    0x0,

    /* U+5916 "外" */
    0x0, 0x0, 0x0, 0x0, 0x0, 0x0, 0x0, 0x0,
    0x0, 0x0, 0x0, 0xbe, 0x40, 0x0, 0x2f, 0xe0,
    0x0, 0x0, 0x0, 0x1, 0xff, 0x10, 0x0, 0x2f,
    0xe0, 0x0, 0x0, 0x0, 0x6, 0xff, 0xdd, 0xda,
    0x2f, 0xe0, 0x0, 0x0, 0x0, 0xd, 0xff, 0xff,
    0xfd, 0x2f, 0xe0, 0x0, 0x0, 0x0, 0x4f, 0xe2,
    0x26, 0xfb, 0x2f, 0xf5, 0x0, 0x0, 0x0, 0xcf,
    0x70, 0x8, 0xf8, 0x2f, 0xff, 0x80, 0x0, 0x6,
    0xff, 0xe4, 0xd, 0xf4, 0x2f, 0xff, 0xfb, 0x0,
    0xe, 0xfe, 0xff, 0x6f, 0xe0, 0x2f, 0xe4, 0xff,
    0xd1, 0x6, 0xb0, 0x99, 0xaf, 0x90, 0x2f, 0xe0,
    0x2e, 0xd0, 0x0, 0x0, 0x3, 0xff, 0x20, 0x2f,
    0xe0, 0x1, 0x30, 0x0, 0x0, 0xd, 0xf9, 0x0,
    0x2f, 0xe0, 0x0, 0x0, 0x0, 0x0, 0xaf, 0xe1,
    0x0, 0x2f, 0xe0, 0x0, 0x0, 0x0, 0x9, 0xff,
    0x40, 0x0, 0x2f, 0xe0, 0x0, 0x0, 0x0, 0xaf,
    0xf6, 0x0, 0x0, 0x2f, 0xe0, 0x0, 0x0, 0x6,
    0xff, 0x70, 0x0, 0x0, 0x2f, 0xe0, 0x0, 0x0,
    0x0, 0xa6, 0x0, 0x0, 0x0, 0x2f, 0xe0, 0x0,
    0x0, 0x0, 0x0, 0x0, 0x0, 0x0, 0x0, 0x0,
    0x0, 0x0,

    /* U+591A "多" */
    0x0, 0x0, 0x0, 0x3, 0x62, 0x0, 0x0, 0x0,
    0x0, 0x0, 0x0, 0x5, 0xff, 0x60, 0x0, 0x0,
    0x0, 0x0, 0x0, 0x1a, 0xff, 0xfd, 0xdd, 0xdd,
    0xd9, 0x0, 0x0, 0x8f, 0xff, 0xff, 0xff, 0xff,
    0xff, 0xb0, 0x3, 0xef, 0xff, 0xd4, 0x0, 0x4,
    0xdf, 0xd2, 0x0, 0xd, 0xb4, 0xaf, 0xf4, 0x3a,
    0xff, 0x90, 0x0, 0x0, 0x0, 0x0, 0x4b, 0xcf,
    0xfc, 0x30, 0x0, 0x0, 0x0, 0x26, 0xaf, 0xff,
    0xfb, 0x10, 0x0, 0x0, 0x9, 0xef, 0xff, 0xe9,
    0xdf, 0xc1, 0x0, 0x0, 0x0, 0x7f, 0xc8, 0x34,
    0xdf, 0xff, 0xff, 0xff, 0xf7, 0x0, 0x0, 0x3b,
    0xff, 0xba, 0xaa, 0xac, 0xff, 0x60, 0x4, 0xbf,
    0xff, 0xc2, 0x0, 0x5, 0xff, 0x80, 0x2, 0xff,
    0xd6, 0xcf, 0xf3, 0x2a, 0xff, 0x60, 0x0, 0x6,
    0x40, 0x0, 0x7c, 0xaf, 0xfd, 0x30, 0x0, 0x0,
    0x0, 0x4, 0x9e, 0xff, 0xd6, 0x0, 0x0, 0x0,
    0x69, 0xdf, 0xff, 0xfb, 0x40, 0x0, 0x0, 0x0,
    0x9, 0xff, 0xea, 0x51, 0x0, 0x0, 0x0, 0x0,
    0x0, 0x15, 0x20, 0x0, 0x0, 0x0, 0x0, 0x0,
    0x0,

    /* U+591C "夜" */
    0x0, 0x0, 0x0, 0x2, 0x8a, 0x10, 0x0, 0x0,
    0x0, 0x0, 0x0, 0x0, 0x1, 0xff, 0x60, 0x0,
    0x0, 0x0, 0x7, 0xcc, 0xcc, 0xcc, 0xff, 0xec,
    0xcc, 0xcc, 0xb0, 0x9, 0xff, 0xff, 0xff, 0xff,
    0xff, 0xff, 0xff, 0xe0, 0x0, 0x11, 0x78, 0x21,
    0x78, 0x21, 0x11, 0x11, 0x0, 0x0, 0x0, 0xef,
    0x20, 0xef, 0x30, 0x0, 0x0, 0x0, 0x0, 0x7,
    0xfb, 0x6, 0xff, 0xff, 0xff, 0xff, 0x0, 0x0,
    0x1e, 0xf3, 0xe, 0xfc, 0xdc, 0xcc, 0xff, 0x0,
    0x0, 0xaf, 0xf1, 0x9f, 0xb2, 0xe7, 0x4, 0xfb,
    0x0, 0x6, 0xff, 0xf6, 0xff, 0xd1, 0xcf, 0x6b,
    0xf4, 0x0, 0xf, 0xfe, 0xfe, 0xfc, 0xf9, 0x1b,
    0x6f, 0xc0, 0x0, 0x8, 0x5d, 0xf4, 0x80, 0xdf,
    0x72, 0xef, 0x30, 0x0, 0x0, 0xd, 0xf1, 0x0,
    0x2e, 0xff, 0xf7, 0x0, 0x0, 0x0, 0xd, 0xf1,
    0x0, 0x1b, 0xff, 0xf6, 0x0, 0x0, 0x0, 0xd,
    0xf1, 0x28, 0xff, 0xfc, 0xff, 0xe9, 0x40, 0x0,
    0xd, 0xf7, 0xff, 0xf9, 0x10, 0x5d, 0xff, 0xd0,
    0x0, 0xd, 0xf1, 0xd9, 0x20, 0x0, 0x0, 0x4b,
    0x60, 0x0, 0x0, 0x0, 0x0, 0x0, 0x0, 0x0,
    0x0, 0x0,

    /* U+5927 "大" */
    0x0, 0x0, 0x0, 0xe, 0xf5, 0x0, 0x0, 0x0,
    0x0, 0x0, 0x0, 0x0, 0xef, 0x50, 0x0, 0x0,
    0x0, 0x0, 0x0, 0x0, 0xe, 0xf5, 0x0, 0x0,
    0x0, 0x0, 0x0, 0x0, 0x0, 0xef, 0x50, 0x0,
    0x0, 0x0, 0x5f, 0xff, 0xff, 0xff, 0xff, 0xff,
    0xff, 0xfd, 0x5, 0xff, 0xff, 0xff, 0xff, 0xff,
    0xff, 0xff, 0xd0, 0x0, 0x0, 0x0, 0x1f, 0xf6,
    0x0, 0x0, 0x0, 0x0, 0x0, 0x0, 0x5, 0xff,
    0xa0, 0x0, 0x0, 0x0, 0x0, 0x0, 0x0, 0xbf,
    0xff, 0x10, 0x0, 0x0, 0x0, 0x0, 0x0, 0x3f,
    0xfd, 0xfa, 0x0, 0x0, 0x0, 0x0, 0x0, 0x1d,
    0xfb, 0x1f, 0xf5, 0x0, 0x0, 0x0, 0x0, 0xc,
    0xff, 0x20, 0x7f, 0xf4, 0x0, 0x0, 0x0, 0x2d,
    0xff, 0x40, 0x0, 0xbf, 0xf6, 0x0, 0x0, 0x6f,
    0xff, 0x50, 0x0, 0x0, 0xbf, 0xfb, 0x20, 0x9f,
    0xfe, 0x30, 0x0, 0x0, 0x0, 0x9f, 0xff, 0x12,
    0xfb, 0x10, 0x0, 0x0, 0x0, 0x0, 0x4e, 0x80,
    0x2, 0x0, 0x0, 0x0, 0x0, 0x0, 0x0, 0x0,
    0x0,

    /* U+5929 "天" */
    0x0, 0xff, 0xff, 0xff, 0xff, 0xff, 0xff, 0xfa,
    0x0, 0xe, 0xee, 0xee, 0xff, 0xfe, 0xee, 0xee,
    0x90, 0x0, 0x0, 0x0, 0x4, 0xff, 0x0, 0x0,
    0x0, 0x0, 0x0, 0x0, 0x0, 0x4f, 0xf0, 0x0,
    0x0, 0x0, 0x0, 0x0, 0x0, 0x4, 0xff, 0x0,
    0x0, 0x0, 0x0, 0x0, 0x0, 0x0, 0x4f, 0xf0,
    0x0, 0x0, 0x0, 0xe, 0xff, 0xff, 0xff, 0xff,
    0xff, 0xff, 0xff, 0xa0, 0xef, 0xff, 0xff, 0xff,
    0xff, 0xff, 0xff, 0xf9, 0x0, 0x0, 0x0, 0xa,
    0xff, 0x50, 0x0, 0x0, 0x0, 0x0, 0x0, 0x1,
    0xff, 0xfd, 0x0, 0x0, 0x0, 0x0, 0x0, 0x0,
    0xbf, 0xde, 0xf8, 0x0, 0x0, 0x0, 0x0, 0x0,
    0x9f, 0xf3, 0x5f, 0xf6, 0x0, 0x0, 0x0, 0x1,
    0xbf, 0xf6, 0x0, 0x8f, 0xf9, 0x10, 0x0, 0x7,
    0xef, 0xf6, 0x0, 0x0, 0x9f, 0xfe, 0x71, 0xd,
    0xff, 0xe3, 0x0, 0x0, 0x0, 0x5e, 0xff, 0xb0,
    0x7f, 0x80, 0x0, 0x0, 0x0, 0x0, 0x19, 0xf3,
    0x0, 0x10, 0x0, 0x0, 0x0, 0x0, 0x0, 0x1,
    0x0,

    /* U+5931 "失" */
    0x0, 0x1, 0x40, 0x0, 0xff, 0x10, 0x0, 0x0,
    0x0, 0x0, 0x8f, 0xa0, 0xf, 0xf1, 0x0, 0x0,
    0x0, 0x0, 0xd, 0xf6, 0x22, 0xff, 0x32, 0x22,
    0x21, 0x0, 0x4, 0xff, 0xff, 0xff, 0xff, 0xff,
    0xff, 0x90, 0x0, 0xbf, 0xee, 0xee, 0xff, 0xee,
    0xee, 0xe8, 0x0, 0x3f, 0xf1, 0x0, 0xf, 0xf0,
    0x0, 0x0, 0x0, 0x0, 0x55, 0x0, 0x1, 0xff,
    0x0, 0x0, 0x0, 0x0, 0xbe, 0xee, 0xee, 0xef,
    0xfe, 0xee, 0xee, 0xe4, 0xc, 0xff, 0xff, 0xff,
    0xff, 0xff, 0xff, 0xff, 0x50, 0x11, 0x11, 0x11,
    0xcf, 0xf8, 0x11, 0x11, 0x10, 0x0, 0x0, 0x0,
    0x5f, 0xff, 0xf2, 0x0, 0x0, 0x0, 0x0, 0x0,
    0x4f, 0xf9, 0x9f, 0xe2, 0x0, 0x0, 0x0, 0x0,
    0x7f, 0xfc, 0x0, 0xcf, 0xf6, 0x0, 0x0, 0x6,
    0xdf, 0xfb, 0x0, 0x0, 0xcf, 0xfd, 0x61, 0xc,
    0xff, 0xf6, 0x0, 0x0, 0x0, 0x7f, 0xff, 0x90,
    0x4f, 0x91, 0x0, 0x0, 0x0, 0x0, 0x18, 0xe1,
    0x0, 0x10, 0x0, 0x0, 0x0, 0x0, 0x0, 0x0,
    0x0,

    /* U+5934 "头" */
    0x0, 0x7, 0x10, 0x0, 0x3f, 0xe0, 0x0, 0x0,
    0x0, 0x4f, 0xf8, 0x0, 0x3f, 0xe0, 0x0, 0x0,
    0x0, 0x8, 0xff, 0xd4, 0x3f, 0xd0, 0x0, 0x0,
    0x1, 0x20, 0x2c, 0xf9, 0x4f, 0xd0, 0x0, 0x0,
    0xa, 0xf8, 0x0, 0x71, 0x4f, 0xd0, 0x0, 0x0,
    0x8, 0xff, 0xe6, 0x0, 0x5f, 0xc0, 0x0, 0x0,
    0x0, 0x2c, 0xff, 0x50, 0x6f, 0xb0, 0x0, 0x0,
    0x0, 0x0, 0x6b, 0x0, 0x8f, 0xa0, 0x0, 0x0,
    0xab, 0xbb, 0xbb, 0xbb, 0xef, 0xeb, 0xbb, 0xbb,
    0xef, 0xff, 0xff, 0xff, 0xff, 0xff, 0xff, 0xff,
    0x22, 0x22, 0x22, 0x29, 0xff, 0x22, 0x22, 0x22,
    0x0, 0x0, 0x0, 0x5f, 0xff, 0xb3, 0x0, 0x0,
    0x0, 0x0, 0x3b, 0xff, 0xce, 0xff, 0xa1, 0x0,
    0x4, 0x8d, 0xff, 0xf9, 0x0, 0x8f, 0xff, 0x81,
    0xbf, 0xff, 0xfb, 0x20, 0x0, 0x2, 0xaf, 0xfa,
    0x5f, 0xc7, 0x10, 0x0, 0x0, 0x0, 0x4, 0xd2,
    0x1, 0x0, 0x0, 0x0, 0x0, 0x0, 0x0, 0x0,

    /* U+5947 "奇" */
    0x0, 0x0, 0x0, 0xf, 0xf0, 0x0, 0x0, 0x0,
    0x1c, 0xcc, 0xcc, 0xcf, 0xfc, 0xcc, 0xcc, 0xc1,
    0x2f, 0xff, 0xff, 0xff, 0xff, 0xff, 0xff, 0xf2,
    0x0, 0x0, 0x4, 0xef, 0xfb, 0x61, 0x0, 0x0,
    0x3, 0x69, 0xdf, 0xf8, 0x8e, 0xff, 0xb6, 0x0,
    0xb, 0xff, 0xd8, 0x20, 0x0, 0x4a, 0xff, 0x40,
    0xad, 0xfc, 0xbb, 0xbb, 0xbb, 0xbb, 0xdf, 0xba,
    0xef, 0xff, 0xff, 0xff, 0xff, 0xff, 0xff, 0xfe,
    0x0, 0x0, 0x0, 0x0, 0x0, 0x1, 0xff, 0x0,
    0x5, 0xff, 0xff, 0xff, 0xfd, 0x1, 0xff, 0x0,
    0x5, 0xfe, 0xcc, 0xcd, 0xfe, 0x1, 0xff, 0x0,
    0x5, 0xfa, 0x0, 0x1, 0xfe, 0x1, 0xff, 0x0,
    0x5, 0xfe, 0xbb, 0xbb, 0xfe, 0x1, 0xff, 0x0,
    0x5, 0xff, 0xff, 0xff, 0xfe, 0x1, 0xff, 0x0,
    0x0, 0x0, 0x0, 0x0, 0x5d, 0xce, 0xfe, 0x0,
    0x0, 0x0, 0x0, 0x0, 0x2f, 0xff, 0xe5, 0x0,

    /* U+597D "好" */
    0x0, 0xc, 0xc0, 0x0, 0x0, 0x0, 0x0, 0x0,
    0x0, 0x0, 0xf, 0xf0, 0x0, 0x2f, 0xff, 0xff,
    0xff, 0xc0, 0x0, 0xf, 0xe0, 0x0, 0x2f, 0xff,
    0xff, 0xff, 0xc0, 0x1, 0x3f, 0xc1, 0x11, 0x0,
    0x0, 0x3, 0xff, 0x60, 0xf, 0xff, 0xff, 0xff,
    0x0, 0x0, 0x1e, 0xf9, 0x0, 0xf, 0xff, 0xff,
    0xff, 0x0, 0x0, 0xcf, 0xc0, 0x0, 0x0, 0x8f,
    0x50, 0xfe, 0x0, 0x5, 0xfe, 0x10, 0x0, 0x0,
    0xbf, 0x22, 0xfc, 0x0, 0x5, 0xfc, 0x0, 0x0,
    0x0, 0xef, 0x5, 0xf9, 0xcf, 0xff, 0xff, 0xff,
    0xf2, 0x2, 0xfb, 0xa, 0xf6, 0xdf, 0xff, 0xff,
    0xff, 0xf2, 0x6, 0xfe, 0x3f, 0xf2, 0x11, 0x16,
    0xfc, 0x11, 0x10, 0x1, 0xbf, 0xff, 0xd0, 0x0,
    0x5, 0xfc, 0x0, 0x0, 0x0, 0x9, 0xff, 0xa0,
    0x0, 0x5, 0xfc, 0x0, 0x0, 0x0, 0xc, 0xff,
    0xfa, 0x0, 0x5, 0xfc, 0x0, 0x0, 0x0, 0xbf,
    0xe6, 0xff, 0x61, 0x18, 0xfb, 0x0, 0x0, 0xd,
    0xff, 0x30, 0x39, 0xe, 0xff, 0xfa, 0x0, 0x0,
    0x7, 0xe3, 0x0, 0x0, 0xb, 0xff, 0xc2, 0x0,
    0x0, 0x0, 0x0, 0x0, 0x0, 0x0, 0x0, 0x0,
    0x0, 0x0,

    /* U+59CB "始" */
    0x0, 0x0, 0x0, 0x0, 0x0, 0x12, 0x0, 0x0,
    0x0, 0x0, 0x3f, 0x90, 0x0, 0x0, 0x8f, 0x80,
    0x0, 0x0, 0x0, 0x5f, 0x80, 0x0, 0x1, 0xff,
    0x20, 0x10, 0x0, 0x2, 0x8f, 0x82, 0x20, 0x9,
    0xf9, 0x2d, 0xb0, 0x0, 0xe, 0xff, 0xff, 0xf5,
    0x3f, 0xe1, 0xd, 0xf4, 0x0, 0xb, 0xff, 0xde,
    0xf6, 0xdf, 0x50, 0x16, 0xfd, 0x0, 0x0, 0xdf,
    0x9, 0xfb, 0xff, 0xff, 0xff, 0xff, 0x60, 0x0,
    0xfd, 0xb, 0xf5, 0xff, 0xed, 0xcb, 0xaf, 0xe0,
    0x3, 0xfa, 0xd, 0xf0, 0x0, 0x0, 0x0, 0x7,
    0x20, 0x7, 0xf7, 0x1f, 0xc0, 0x9b, 0xbb, 0xbb,
    0xbb, 0x0, 0xa, 0xf9, 0x6f, 0x80, 0xdf, 0xff,
    0xff, 0xff, 0x10, 0x5, 0xff, 0xff, 0x30, 0xdf,
    0x22, 0x22, 0xef, 0x10, 0x0, 0x3e, 0xff, 0x10,
    0xdf, 0x0, 0x0, 0xef, 0x10, 0x0, 0x2e, 0xff,
    0xd1, 0xdf, 0x0, 0x0, 0xef, 0x10, 0x1, 0xdf,
    0x9c, 0xf9, 0xdf, 0xcc, 0xcc, 0xff, 0x10, 0xd,
    0xfa, 0x0, 0xa1, 0xdf, 0xff, 0xff, 0xff, 0x10,
    0x7, 0xb0, 0x0, 0x0, 0xdf, 0x21, 0x11, 0xef,
    0x10, 0x0, 0x0, 0x0, 0x0, 0x0, 0x0, 0x0,
    0x0, 0x0,

    /* U+59D4 "委" */
    0x0, 0x0, 0x0, 0x0, 0x1, 0x23, 0x46, 0x50,
    0x0, 0x4, 0xcd, 0xde, 0xff, 0xff, 0xff, 0xfe,
    0x0, 0x0, 0x4f, 0xee, 0xdd, 0xff, 0xa9, 0x87,
    0x60, 0x0, 0x0, 0x0, 0x0, 0x1f, 0xe0, 0x0,
    0x0, 0x0, 0x6, 0x99, 0x99, 0x9a, 0xff, 0x99,
    0x99, 0x99, 0x40, 0xaf, 0xff, 0xff, 0xff, 0xff,
    0xff, 0xff, 0xf7, 0x0, 0x0, 0x18, 0xff, 0xff,
    0xfd, 0x61, 0x0, 0x0, 0x15, 0xaf, 0xfb, 0x3f,
    0xe4, 0xdf, 0xfb, 0x73, 0x1f, 0xff, 0xa3, 0x45,
    0x75, 0x0, 0x5c, 0xff, 0xb0, 0x65, 0x0, 0xd,
    0xf8, 0x0, 0x0, 0x2, 0x83, 0xa, 0xbb, 0xbc,
    0xff, 0xcb, 0xbb, 0xbb, 0xbb, 0x70, 0xef, 0xff,
    0xff, 0xff, 0xff, 0xff, 0xff, 0xf9, 0x0, 0x0,
    0xdf, 0xa0, 0x0, 0x3f, 0xf4, 0x0, 0x0, 0x0,
    0x7f, 0xff, 0xd9, 0x7f, 0xf8, 0x0, 0x0, 0x0,
    0x0, 0x4, 0xcf, 0xff, 0xff, 0x72, 0x0, 0x0,
    0x69, 0xbd, 0xff, 0xff, 0xbc, 0xff, 0xfd, 0x92,
    0x9, 0xff, 0xfd, 0xa6, 0x10, 0x1, 0x6c, 0xfe,
    0x0, 0x26, 0x31, 0x0, 0x0, 0x0, 0x0, 0x1,
    0x20,

    /* U+5A92 "媒" */
    0x0, 0x0, 0x0, 0x0, 0x0, 0x0, 0x0, 0x0,
    0x0, 0x0, 0x9f, 0x30, 0x1, 0xfc, 0x0, 0x1,
    0xfb, 0x0, 0x0, 0xaf, 0x20, 0x2a, 0xfe, 0x99,
    0x9a, 0xfe, 0x91, 0x0, 0xbf, 0x11, 0x4f, 0xff,
    0xff, 0xff, 0xff, 0xf2, 0xf, 0xff, 0xff, 0xa1,
    0xfc, 0x0, 0x2, 0xfb, 0x0, 0x8, 0xfe, 0x9f,
    0xa1, 0xff, 0xff, 0xff, 0xfb, 0x0, 0x1, 0xfb,
    0x2f, 0x81, 0xfe, 0x88, 0x89, 0xfb, 0x0, 0x3,
    0xf8, 0x4f, 0x71, 0xfd, 0x55, 0x56, 0xfb, 0x0,
    0x6, 0xf6, 0x6f, 0x51, 0xff, 0xff, 0xff, 0xfb,
    0x0, 0x9, 0xf3, 0xaf, 0x20, 0x44, 0x6f, 0xd4,
    0x43, 0x0, 0xb, 0xf9, 0xee, 0x29, 0x99, 0xaf,
    0xe9, 0x99, 0x90, 0x2, 0xdf, 0xf9, 0x3f, 0xff,
    0xff, 0xff, 0xff, 0xf0, 0x0, 0x1f, 0xfc, 0x11,
    0x18, 0xff, 0xfe, 0x31, 0x10, 0x0, 0x8f, 0xff,
    0x90, 0x9f, 0xff, 0xff, 0xe5, 0x0, 0x6, 0xff,
    0x28, 0x6e, 0xfd, 0x5f, 0xc5, 0xff, 0xc2, 0x1f,
    0xf6, 0x0, 0xcf, 0xa1, 0x3f, 0xc0, 0x3d, 0xf2,
    0x6, 0x80, 0x0, 0x34, 0x0, 0x3f, 0xc0, 0x0,
    0x40, 0x0, 0x0, 0x0, 0x0, 0x0, 0x0, 0x0,
    0x0, 0x0,

    /* U+5B50 "子" */
    0x8, 0xff, 0xff, 0xff, 0xff, 0xff, 0xff, 0xf0,
    0x7, 0xff, 0xff, 0xff, 0xff, 0xff, 0xff, 0xf0,
    0x0, 0x0, 0x0, 0x0, 0x0, 0x4e, 0xff, 0x50,
    0x0, 0x0, 0x0, 0x0, 0x8, 0xff, 0xd2, 0x0,
    0x0, 0x0, 0x0, 0x1, 0xcf, 0xfa, 0x0, 0x0,
    0x0, 0x0, 0x0, 0xd, 0xff, 0x60, 0x0, 0x0,
    0x0, 0x0, 0x0, 0xe, 0xf5, 0x0, 0x0, 0x0,
    0xcf, 0xff, 0xff, 0xff, 0xff, 0xff, 0xff, 0xfe,
    0xdf, 0xff, 0xff, 0xff, 0xff, 0xff, 0xff, 0xfe,
    0x0, 0x0, 0x0, 0xe, 0xf4, 0x0, 0x0, 0x0,
    0x0, 0x0, 0x0, 0xe, 0xf4, 0x0, 0x0, 0x0,
    0x0, 0x0, 0x0, 0xe, 0xf4, 0x0, 0x0, 0x0,
    0x0, 0x0, 0x0, 0xe, 0xf4, 0x0, 0x0, 0x0,
    0x0, 0x0, 0x22, 0x3f, 0xf4, 0x0, 0x0, 0x0,
    0x0, 0x3, 0xff, 0xff, 0xf2, 0x0, 0x0, 0x0,
    0x0, 0x0, 0xff, 0xfe, 0x80, 0x0, 0x0, 0x0,

    /* U+5B54 "孔" */
    0x7, 0xff, 0xff, 0xff, 0xf1, 0xef, 0x20, 0x0,
    0x0, 0x7f, 0xff, 0xff, 0xff, 0x1e, 0xf2, 0x0,
    0x0, 0x0, 0x0, 0x1, 0xdf, 0xa0, 0xef, 0x20,
    0x0, 0x0, 0x0, 0x0, 0x9f, 0xd0, 0xe, 0xf2,
    0x0, 0x0, 0x0, 0x0, 0x6f, 0xf2, 0x0, 0xef,
    0x20, 0x0, 0x0, 0x0, 0xa, 0xf7, 0x0, 0xe,
    0xf2, 0x0, 0x0, 0x0, 0x0, 0xaf, 0xbb, 0xf6,
    0xef, 0x20, 0x0, 0x0, 0x37, 0xbf, 0xff, 0xff,
    0x6e, 0xf2, 0x0, 0x0, 0x1f, 0xff, 0xff, 0xd8,
    0x40, 0xef, 0x20, 0x0, 0x0, 0xeb, 0x7c, 0xf6,
    0x0, 0xe, 0xf2, 0x0, 0x41, 0x0, 0x0, 0xaf,
    0x60, 0x0, 0xef, 0x20, 0xf, 0xd0, 0x0, 0xa,
    0xf6, 0x0, 0xe, 0xf2, 0x0, 0xfd, 0x0, 0x0,
    0xaf, 0x60, 0x0, 0xef, 0x20, 0x1f, 0xd0, 0x0,
    0xc, 0xf5, 0x0, 0xe, 0xf4, 0x3, 0xfc, 0x7,
    0xde, 0xff, 0x40, 0x0, 0xcf, 0xff, 0xff, 0xa0,
    0x5f, 0xff, 0xb0, 0x0, 0x3, 0xdf, 0xff, 0xd2,
    0x0, 0x22, 0x10, 0x0, 0x0, 0x0, 0x0, 0x0,
    0x0,

    /* U+5B57 "字" */
    0x0, 0x0, 0x0, 0x1, 0x20, 0x0, 0x0, 0x0,
    0x0, 0x0, 0x0, 0x6f, 0xf1, 0x0, 0x0, 0x0,
    0x24, 0x44, 0x44, 0x4f, 0xf9, 0x44, 0x44, 0x41,
    0x8f, 0xff, 0xff, 0xff, 0xff, 0xff, 0xff, 0xf6,
    0x8f, 0xdb, 0xbb, 0xbb, 0xbb, 0xbb, 0xbe, 0xf6,
    0x8f, 0x70, 0x0, 0x0, 0x0, 0x0, 0xa, 0xf6,
    0x7d, 0x6e, 0xff, 0xff, 0xff, 0xff, 0xb9, 0xe5,
    0x0, 0xd, 0xff, 0xff, 0xff, 0xff, 0xb0, 0x0,
    0x0, 0x0, 0x0, 0x0, 0x6e, 0xfb, 0x10, 0x0,
    0x0, 0x0, 0x0, 0xc, 0xfe, 0x50, 0x0, 0x0,
    0xab, 0xbb, 0xbb, 0xbf, 0xfc, 0xbb, 0xbb, 0xb8,
    0xef, 0xff, 0xff, 0xff, 0xff, 0xff, 0xff, 0xfb,
    0x33, 0x33, 0x33, 0x3f, 0xf6, 0x33, 0x33, 0x32,
    0x0, 0x0, 0x0, 0xf, 0xf3, 0x0, 0x0, 0x0,
    0x0, 0x0, 0x0, 0xf, 0xf3, 0x0, 0x0, 0x0,
    0x0, 0x0, 0xef, 0xff, 0xf2, 0x0, 0x0, 0x0,
    0x0, 0x0, 0xdf, 0xff, 0x90, 0x0, 0x0, 0x0,

    /* U+5B58 "存" */
    0x0, 0x0, 0x0, 0x57, 0x30, 0x0, 0x0, 0x0,
    0x0, 0x0, 0x0, 0x0, 0xdf, 0x60, 0x0, 0x0,
    0x0, 0x0, 0x8, 0xdd, 0xdd, 0xff, 0xdd, 0xdd,
    0xdd, 0xdd, 0xb0, 0xa, 0xff, 0xff, 0xff, 0xff,
    0xff, 0xff, 0xff, 0xe0, 0x0, 0x0, 0x4f, 0xf3,
    0x0, 0x0, 0x0, 0x0, 0x0, 0x0, 0x0, 0xdf,
    0xb0, 0x0, 0x0, 0x0, 0x0, 0x0, 0x0, 0x7,
    0xff, 0x2b, 0xff, 0xff, 0xff, 0xff, 0x50, 0x0,
    0x3f, 0xf8, 0x8, 0xcc, 0xcc, 0xcf, 0xff, 0x40,
    0x2, 0xef, 0xf4, 0x0, 0x0, 0x3, 0xcf, 0xd4,
    0x0, 0xd, 0xff, 0xf4, 0x0, 0x0, 0x2f, 0xf9,
    0x0, 0x0, 0xe, 0xec, 0xf4, 0xbc, 0xcc, 0xdf,
    0xfc, 0xcc, 0xc0, 0x6, 0x2a, 0xf4, 0xff, 0xff,
    0xff, 0xff, 0xff, 0xf1, 0x0, 0xa, 0xf4, 0x0,
    0x0, 0x4f, 0xd0, 0x0, 0x0, 0x0, 0xa, 0xf4,
    0x0, 0x0, 0x3f, 0xd0, 0x0, 0x0, 0x0, 0xa,
    0xf4, 0x0, 0x0, 0x5f, 0xd0, 0x0, 0x0, 0x0,
    0xa, 0xf4, 0x1, 0xff, 0xff, 0xb0, 0x0, 0x0,
    0x0, 0xa, 0xf4, 0x0, 0xcd, 0xdb, 0x20, 0x0,
    0x0,

    /* U+5B89 "安" */
    0x0, 0x0, 0x0, 0x1, 0x20, 0x0, 0x0, 0x0,
    0x0, 0x0, 0x0, 0x5f, 0xf2, 0x0, 0x0, 0x0,
    0x3, 0x33, 0x33, 0x3f, 0xfa, 0x33, 0x33, 0x31,
    0x3f, 0xff, 0xff, 0xff, 0xff, 0xff, 0xff, 0xf5,
    0x3f, 0xeb, 0xbb, 0xbb, 0xbb, 0xbb, 0xbe, 0xf5,
    0x3f, 0xc0, 0x5, 0xd7, 0x0, 0x0, 0xa, 0xf5,
    0x17, 0x50, 0xd, 0xf8, 0x0, 0x0, 0x4, 0x72,
    0xab, 0xbb, 0xcf, 0xfc, 0xbb, 0xbb, 0xbb, 0xba,
    0xef, 0xff, 0xff, 0xff, 0xff, 0xff, 0xff, 0xfe,
    0x22, 0x2a, 0xfd, 0x22, 0x22, 0xaf, 0xd2, 0x22,
    0x0, 0x2f, 0xf4, 0x0, 0x1, 0xff, 0x50, 0x0,
    0x0, 0xaf, 0xff, 0x93, 0xb, 0xfc, 0x0, 0x0,
    0x0, 0x4, 0xbf, 0xff, 0xef, 0xe1, 0x0, 0x0,
    0x0, 0x0, 0x2, 0xdf, 0xff, 0xf9, 0x20, 0x0,
    0x1, 0x47, 0xbf, 0xff, 0xbc, 0xff, 0xfb, 0x40,
    0xbf, 0xff, 0xff, 0xa3, 0x0, 0x4b, 0xff, 0xf4,
    0x7f, 0xc9, 0x40, 0x0, 0x0, 0x0, 0x2a, 0xc0,
    0x0, 0x0, 0x0, 0x0, 0x0, 0x0, 0x0, 0x0,

    /* U+5B8C "完" */
    0x0, 0x0, 0x0, 0x48, 0x70, 0x0, 0x0, 0x0,
    0x0, 0x0, 0x0, 0x7f, 0xf0, 0x0, 0x0, 0x0,
    0x7c, 0xcc, 0xcc, 0xdf, 0xfc, 0xcc, 0xcc, 0xc2,
    0xaf, 0xff, 0xff, 0xff, 0xff, 0xff, 0xff, 0xf3,
    0xaf, 0x61, 0x11, 0x11, 0x11, 0x11, 0x1d, 0xf3,
    0x6a, 0x30, 0x0, 0x0, 0x0, 0x0, 0x8, 0xa2,
    0x0, 0xac, 0xcc, 0xcc, 0xcc, 0xcc, 0xc4, 0x0,
    0x0, 0xdf, 0xff, 0xff, 0xff, 0xff, 0xf5, 0x0,
    0x0, 0x0, 0x0, 0x0, 0x0, 0x0, 0x0, 0x0,
    0x12, 0x22, 0x22, 0x22, 0x22, 0x22, 0x22, 0x20,
    0xcf, 0xff, 0xff, 0xff, 0xff, 0xff, 0xff, 0xf5,
    0x9b, 0xbb, 0xff, 0xdb, 0xdf, 0xeb, 0xbb, 0xb4,
    0x0, 0x0, 0xef, 0x40, 0x5f, 0xa0, 0x1, 0x51,
    0x0, 0x4, 0xff, 0x10, 0x5f, 0xa0, 0x4, 0xf9,
    0x0, 0x6f, 0xfa, 0x0, 0x5f, 0xb0, 0x6, 0xf8,
    0x8e, 0xff, 0xb0, 0x0, 0x3f, 0xfd, 0xdf, 0xf6,
    0x7f, 0xd5, 0x0, 0x0, 0x9, 0xef, 0xff, 0xb0,
    0x3, 0x0, 0x0, 0x0, 0x0, 0x0, 0x0, 0x0,

    /* U+5B9A "定" */
    0x0, 0x0, 0x0, 0x6, 0x85, 0x0, 0x0, 0x0,
    0x0, 0x0, 0x0, 0x0, 0xbf, 0xc0, 0x0, 0x0,
    0x0, 0x1c, 0xcc, 0xcc, 0xce, 0xff, 0xcc, 0xcc,
    0xca, 0x2, 0xff, 0xff, 0xff, 0xff, 0xff, 0xff,
    0xff, 0xd0, 0x2f, 0xc0, 0x0, 0x0, 0x0, 0x0,
    0x1, 0xfd, 0x1, 0x97, 0x0, 0x0, 0x0, 0x0,
    0x0, 0x8, 0x70, 0x9, 0xcc, 0xcc, 0xcc, 0xcc,
    0xcc, 0xcc, 0xc6, 0x0, 0xcf, 0xff, 0xff, 0xff,
    0xff, 0xff, 0xff, 0x80, 0x0, 0x0, 0x0, 0x5,
    0xfc, 0x0, 0x0, 0x0, 0x0, 0x2, 0xda, 0x0,
    0x4f, 0xc0, 0x0, 0x0, 0x0, 0x0, 0x5f, 0xc0,
    0x4, 0xff, 0xbb, 0xbb, 0xb0, 0x0, 0x8, 0xf9,
    0x0, 0x4f, 0xff, 0xff, 0xff, 0x0, 0x0, 0xdf,
    0xb0, 0x4, 0xfc, 0x11, 0x11, 0x10, 0x0, 0x3f,
    0xff, 0x70, 0x4f, 0xc0, 0x0, 0x0, 0x0, 0xb,
    0xfc, 0xff, 0xa7, 0xfc, 0x0, 0x0, 0x0, 0x7,
    0xff, 0x15, 0xff, 0xff, 0xfe, 0xee, 0xee, 0xe4,
    0x9f, 0x60, 0x1, 0x8c, 0xef, 0xff, 0xff, 0xff,
    0x20, 0x50, 0x0, 0x0, 0x0, 0x0, 0x0, 0x0,
    0x0,

    /* U+5B9E "实" */
    0x0, 0x0, 0x0, 0x17, 0x81, 0x0, 0x0, 0x0,
    0x0, 0x0, 0x0, 0xf, 0xf6, 0x0, 0x0, 0x0,
    0x4c, 0xcc, 0xcc, 0xcf, 0xfe, 0xcc, 0xcc, 0xc7,
    0x6f, 0xff, 0xff, 0xff, 0xff, 0xff, 0xff, 0xf9,
    0x6f, 0xa0, 0x40, 0x0, 0x0, 0x0, 0x7, 0xf9,
    0x6f, 0x92, 0xfc, 0x50, 0xc, 0xc0, 0x7, 0xf9,
    0x2, 0x11, 0x9f, 0xfc, 0x2f, 0xf0, 0x1, 0x21,
    0x0, 0x58, 0x2, 0xbb, 0x1f, 0xe0, 0x0, 0x0,
    0x0, 0xcf, 0xe5, 0x0, 0x2f, 0xe0, 0x0, 0x0,
    0x0, 0x1a, 0xff, 0xb0, 0x3f, 0xd0, 0x0, 0x0,
    0x12, 0x22, 0x6e, 0xa2, 0x6f, 0xc2, 0x22, 0x22,
    0xbf, 0xff, 0xff, 0xff, 0xff, 0xff, 0xff, 0xfe,
    0x8b, 0xbb, 0xbb, 0xbd, 0xff, 0xbb, 0xbb, 0xba,
    0x0, 0x0, 0x0, 0x3e, 0xff, 0x81, 0x0, 0x0,
    0x0, 0x1, 0x5b, 0xff, 0xdf, 0xff, 0xa4, 0x0,
    0x39, 0xcf, 0xff, 0xf8, 0x1, 0x8e, 0xff, 0xd5,
    0x3f, 0xff, 0xc7, 0x10, 0x0, 0x0, 0x7e, 0xf7,
    0x7, 0x51, 0x0, 0x0, 0x0, 0x0, 0x0, 0x60,

    /* U+5BA1 "审" */
    0x0, 0x0, 0x0, 0x26, 0x60, 0x0, 0x0, 0x0,
    0x0, 0x0, 0x0, 0x4f, 0xf1, 0x0, 0x0, 0x0,
    0x9c, 0xcc, 0xcc, 0xcf, 0xfd, 0xcc, 0xcc, 0xc2,
    0xcf, 0xff, 0xff, 0xff, 0xff, 0xff, 0xff, 0xf3,
    0xcf, 0x50, 0x0, 0x1a, 0x90, 0x0, 0xd, 0xf3,
    0x57, 0x20, 0x0, 0x1f, 0xe0, 0x0, 0x6, 0x71,
    0x7, 0xcc, 0xcc, 0xcf, 0xfc, 0xcc, 0xcc, 0x0,
    0x9, 0xff, 0xff, 0xff, 0xff, 0xff, 0xff, 0x10,
    0x9, 0xf5, 0x0, 0x1f, 0xe0, 0x0, 0xcf, 0x10,
    0x9, 0xfb, 0x99, 0x9f, 0xf9, 0x99, 0xef, 0x10,
    0x9, 0xff, 0xff, 0xff, 0xff, 0xff, 0xff, 0x10,
    0x9, 0xf5, 0x0, 0x1f, 0xe0, 0x0, 0xcf, 0x10,
    0x9, 0xf6, 0x11, 0x2f, 0xe1, 0x11, 0xdf, 0x10,
    0x9, 0xff, 0xff, 0xff, 0xff, 0xff, 0xff, 0x10,
    0x6, 0xaa, 0xaa, 0xaf, 0xfa, 0xaa, 0xaa, 0x0,
    0x0, 0x0, 0x0, 0x1f, 0xe0, 0x0, 0x0, 0x0,
    0x0, 0x0, 0x0, 0x1f, 0xe0, 0x0, 0x0, 0x0,

    /* U+5BB9 "容" */
    0x0, 0x0, 0x0, 0x7, 0x92, 0x0, 0x0, 0x0,
    0x0, 0x0, 0x0, 0x0, 0xef, 0x80, 0x0, 0x0,
    0x0, 0x2c, 0xcc, 0xcc, 0xce, 0xfe, 0xcc, 0xcc,
    0xc8, 0x2, 0xff, 0xff, 0xff, 0xff, 0xff, 0xff,
    0xff, 0xb0, 0x2f, 0xc0, 0x4, 0x50, 0x0, 0x71,
    0x4, 0xfb, 0x1, 0x86, 0x1a, 0xfe, 0x0, 0x5f,
    0xf8, 0x39, 0x60, 0x2, 0x9f, 0xfd, 0x33, 0x51,
    0x6e, 0xfe, 0x70, 0x0, 0xef, 0xe7, 0x5, 0xff,
    0xd1, 0x7, 0xff, 0xa0, 0x6, 0x70, 0x8, 0xff,
    0xbf, 0xe3, 0x1, 0x93, 0x0, 0x0, 0x4d, 0xfd,
    0x20, 0x8f, 0xf9, 0x10, 0x0, 0x5, 0xcf, 0xf9,
    0x0, 0x0, 0x4d, 0xff, 0x92, 0xc, 0xff, 0xff,
    0xff, 0xff, 0xff, 0xff, 0xff, 0xf5, 0x7c, 0x9f,
    0xec, 0xcc, 0xcc, 0xcd, 0xfe, 0x8d, 0x0, 0x5,
    0xfa, 0x0, 0x0, 0x0, 0x1f, 0xe0, 0x0, 0x0,
    0x5f, 0xa0, 0x0, 0x0, 0x1, 0xfe, 0x0, 0x0,
    0x5, 0xff, 0xff, 0xff, 0xff, 0xff, 0xe0, 0x0,
    0x0, 0x5f, 0xeb, 0xbb, 0xbb, 0xbb, 0xfe, 0x0,
    0x0,

    /* U+5BBD "宽" */
    0x0, 0x0, 0x0, 0x14, 0x60, 0x0, 0x0, 0x0,
    0x0, 0x0, 0x0, 0x4, 0xff, 0x60, 0x0, 0x0,
    0x0, 0x3f, 0xff, 0xff, 0xff, 0xff, 0xff, 0xff,
    0xfa, 0x3, 0xfe, 0xaa, 0xaa, 0xaa, 0xaa, 0xaa,
    0xdf, 0xa0, 0x2e, 0xa0, 0x38, 0x40, 0x3, 0x84,
    0x6, 0xe9, 0x3, 0x88, 0x8b, 0xfc, 0x88, 0xbf,
    0xc8, 0x88, 0x70, 0x6f, 0xff, 0xff, 0xff, 0xff,
    0xff, 0xff, 0xfe, 0x1, 0x22, 0x27, 0xf9, 0x22,
    0x7f, 0xa2, 0x22, 0x20, 0x0, 0x89, 0x99, 0x99,
    0x99, 0x99, 0x99, 0x0, 0x0, 0xd, 0xff, 0xff,
    0xff, 0xff, 0xff, 0xf1, 0x0, 0x0, 0xdf, 0x42,
    0x27, 0x72, 0x22, 0xff, 0x10, 0x0, 0xd, 0xf2,
    0x3, 0xfe, 0x0, 0x1f, 0xf1, 0x0, 0x0, 0xdf,
    0x20, 0x6f, 0xe7, 0x1, 0xff, 0x52, 0x0, 0x4,
    0x50, 0x3e, 0xff, 0xe0, 0x5, 0x5f, 0xf1, 0x0,
    0x4, 0xaf, 0xfb, 0xfe, 0x0, 0x1, 0xff, 0x16,
    0xcf, 0xff, 0xe6, 0x1f, 0xfe, 0xdd, 0xef, 0xe0,
    0x4f, 0xfc, 0x60, 0x0, 0x8f, 0xff, 0xff, 0xe6,
    0x0, 0x41, 0x0, 0x0, 0x0, 0x0, 0x0, 0x0,
    0x0,

    /* U+5BF9 "对" */
    0x0, 0x0, 0x0, 0x0, 0x0, 0x0, 0xd, 0xf2,
    0x0, 0x69, 0x99, 0x99, 0x90, 0x0, 0x0, 0xdf,
    0x20, 0xa, 0xff, 0xff, 0xff, 0x0, 0x0, 0xd,
    0xf3, 0x0, 0x34, 0x44, 0x5f, 0xf7, 0xff, 0xff,
    0xff, 0xfd, 0x0, 0x80, 0x3, 0xfb, 0x7f, 0xff,
    0xff, 0xff, 0xd0, 0x9f, 0xa0, 0x7f, 0x80, 0x0,
    0x0, 0xdf, 0x20, 0x1, 0xef, 0x6c, 0xf4, 0x4c,
    0x10, 0xd, 0xf2, 0x0, 0x4, 0xff, 0xfe, 0x8,
    0xfa, 0x0, 0xdf, 0x20, 0x0, 0x9, 0xff, 0x80,
    0xd, 0xf4, 0xd, 0xf2, 0x0, 0x0, 0x2f, 0xf8,
    0x0, 0x4f, 0xd0, 0xdf, 0x20, 0x0, 0xa, 0xff,
    0xf3, 0x0, 0xaa, 0xd, 0xf2, 0x0, 0x4, 0xff,
    0xaf, 0xd0, 0x0, 0x0, 0xdf, 0x20, 0x1, 0xef,
    0x70, 0xdf, 0x90, 0x0, 0xd, 0xf2, 0x0, 0xdf,
    0xc0, 0x3, 0xf5, 0x0, 0x1, 0xff, 0x20, 0x1d,
    0xe1, 0x0, 0x1, 0x0, 0xef, 0xff, 0xf0, 0x0,
    0x23, 0x0, 0x0, 0x0, 0xb, 0xff, 0xe7, 0x0,

    /* U+5C04 "射" */
    0x0, 0x0, 0x0, 0x0, 0x0, 0x0, 0x0, 0x0,
    0x0, 0x0, 0x0, 0x9f, 0x60, 0x0, 0x0, 0x1,
    0xfd, 0x0, 0x0, 0x56, 0xef, 0x86, 0x50, 0x0,
    0x1, 0xfd, 0x0, 0x0, 0xcf, 0xff, 0xff, 0xc0,
    0x0, 0x1, 0xfd, 0x0, 0x0, 0xce, 0x0, 0xe,
    0xc4, 0xdd, 0xdd, 0xff, 0xd3, 0x0, 0xcf, 0xff,
    0xff, 0xc5, 0xff, 0xff, 0xff, 0xf4, 0x0, 0xcf,
    0x77, 0x7f, 0xc0, 0x0, 0x1, 0xfd, 0x0, 0x0,
    0xce, 0x22, 0x2e, 0xc0, 0x64, 0x1, 0xfd, 0x0,
    0x0, 0xcf, 0xff, 0xff, 0xc1, 0xfd, 0x1, 0xfd,
    0x0, 0x0, 0xcf, 0x44, 0x4f, 0xc0, 0x9f, 0x41,
    0xfd, 0x0, 0x8, 0xef, 0x99, 0x9f, 0xc0, 0x2f,
    0xc1, 0xfd, 0x0, 0xf, 0xff, 0xff, 0xff, 0xc0,
    0xb, 0xc2, 0xfd, 0x0, 0x0, 0x1, 0xbf, 0x8e,
    0xc0, 0x0, 0x1, 0xfd, 0x0, 0x0, 0xa, 0xfb,
    0xe, 0xc0, 0x0, 0x1, 0xfd, 0x0, 0x4, 0xdf,
    0xb0, 0xf, 0xc0, 0x0, 0x3, 0xfd, 0x0, 0xe,
    0xf8, 0x4b, 0xcf, 0xb0, 0x5e, 0xef, 0xfa, 0x0,
    0x5, 0x40, 0x3f, 0xfd, 0x40, 0x2f, 0xfe, 0xb2,
    0x0,

    /* U+5C06 "将" */
    0x0, 0x0, 0x0, 0x0, 0x0, 0x30, 0x0, 0x0,
    0x0, 0x0, 0x0, 0xfe, 0x0, 0x8, 0xfb, 0x0,
    0x0, 0x0, 0x0, 0x0, 0xfe, 0x0, 0x6f, 0xfc,
    0xbb, 0xbb, 0x70, 0xb, 0xb0, 0xfe, 0x8, 0xff,
    0xff, 0xff, 0xff, 0xa0, 0xc, 0xf1, 0xfe, 0x9f,
    0xfd, 0x20, 0x6, 0xff, 0x50, 0x6, 0xf7, 0xfe,
    0x3c, 0x8f, 0xe1, 0x9f, 0xf8, 0x0, 0x1, 0xfc,
    0xfe, 0x0, 0x6, 0xce, 0xff, 0x70, 0x0, 0x0,
    0xbe, 0xfe, 0x28, 0xcf, 0xff, 0xc9, 0x70, 0x0,
    0x0, 0x20, 0xfe, 0x2f, 0xff, 0xa4, 0xc, 0xf1,
    0x0, 0x0, 0x4, 0xfe, 0x8, 0x61, 0x0, 0xc,
    0xf2, 0x0, 0x0, 0x7f, 0xfe, 0x9f, 0xff, 0xff,
    0xff, 0xff, 0xf0, 0xa, 0xff, 0xfe, 0x6c, 0xec,
    0xcc, 0xcf, 0xfc, 0xc0, 0xf, 0xe4, 0xfe, 0x5,
    0xf9, 0x0, 0xc, 0xf1, 0x0, 0x9, 0x20, 0xfe,
    0x1, 0xdf, 0x90, 0xc, 0xf1, 0x0, 0x0, 0x0,
    0xfe, 0x0, 0x1d, 0x40, 0xd, 0xf1, 0x0, 0x0,
    0x0, 0xfe, 0x0, 0x0, 0x7e, 0xff, 0xf0, 0x0,
    0x0, 0x0, 0xfe, 0x0, 0x0, 0x5f, 0xfe, 0x80,
    0x0,

    /* U+5C0F "小" */
    0x0, 0x0, 0x0, 0x0, 0xff, 0x40, 0x0, 0x0,
    0x0, 0x0, 0x0, 0x0, 0x0, 0xff, 0x40, 0x0,
    0x0, 0x0, 0x0, 0x0, 0x0, 0x0, 0xff, 0x40,
    0x0, 0x0, 0x0, 0x0, 0x4, 0x95, 0x0, 0xff,
    0x41, 0x8b, 0x0, 0x0, 0x0, 0x9, 0xfa, 0x0,
    0xff, 0x41, 0xff, 0x40, 0x0, 0x0, 0xc, 0xf6,
    0x0, 0xff, 0x40, 0xaf, 0xa0, 0x0, 0x0, 0x1f,
    0xf2, 0x0, 0xff, 0x40, 0x4f, 0xf1, 0x0, 0x0,
    0x6f, 0xd0, 0x0, 0xff, 0x40, 0xe, 0xf7, 0x0,
    0x0, 0xbf, 0x80, 0x0, 0xff, 0x40, 0x8, 0xfd,
    0x0, 0x1, 0xff, 0x20, 0x0, 0xff, 0x40, 0x2,
    0xff, 0x30, 0x7, 0xfc, 0x0, 0x0, 0xff, 0x40,
    0x0, 0xdf, 0x90, 0xe, 0xf6, 0x0, 0x0, 0xff,
    0x40, 0x0, 0x7f, 0xe0, 0x1a, 0xe0, 0x0, 0x0,
    0xff, 0x40, 0x0, 0x2f, 0xa1, 0x0, 0x0, 0x2,
    0x24, 0xff, 0x40, 0x0, 0x0, 0x0, 0x0, 0x0,
    0x3f, 0xff, 0xff, 0x20, 0x0, 0x0, 0x0, 0x0,
    0x0, 0xf, 0xff, 0xe7, 0x0, 0x0, 0x0, 0x0,

    /* U+5C14 "尔" */
    0x0, 0x0, 0x0, 0x0, 0x0, 0x0, 0x0, 0x0,
    0x0, 0x0, 0x0, 0xae, 0x70, 0x0, 0x0, 0x0,
    0x0, 0x0, 0x0, 0x2, 0xff, 0x62, 0x22, 0x22,
    0x22, 0x22, 0x0, 0x0, 0xb, 0xff, 0xff, 0xff,
    0xff, 0xff, 0xff, 0x60, 0x0, 0x5f, 0xff, 0xff,
    0xff, 0xff, 0xff, 0xff, 0x50, 0x2, 0xef, 0xb0,
    0x0, 0x89, 0x20, 0x4, 0xff, 0x10, 0xd, 0xfe,
    0x10, 0x0, 0xef, 0x40, 0xd, 0xf7, 0x0, 0x4,
    0xd2, 0x0, 0x0, 0xef, 0x40, 0x19, 0xd0, 0x0,
    0x0, 0x0, 0xcc, 0x30, 0xef, 0x43, 0xd8, 0x0,
    0x0, 0x0, 0x4, 0xff, 0x20, 0xef, 0x45, 0xff,
    0x20, 0x0, 0x0, 0xd, 0xf9, 0x0, 0xef, 0x40,
    0xbf, 0xb0, 0x0, 0x0, 0x5f, 0xf1, 0x0, 0xef,
    0x40, 0x2f, 0xf5, 0x0, 0x1, 0xef, 0x80, 0x0,
    0xef, 0x40, 0x8, 0xfe, 0x10, 0xb, 0xfd, 0x0,
    0x0, 0xef, 0x40, 0x0, 0xef, 0x90, 0xb, 0xf4,
    0x2, 0x24, 0xff, 0x30, 0x0, 0x6f, 0x80, 0x0,
    0x30, 0xf, 0xff, 0xff, 0x20, 0x0, 0x1, 0x0,
    0x0, 0x0, 0xc, 0xff, 0xe8, 0x0, 0x0, 0x0,
    0x0,

    /* U+5C31 "就" */
    0x0, 0x0, 0x1, 0x0, 0x0, 0x0, 0x0, 0x0,
    0x0, 0x0, 0xe, 0xf1, 0x0, 0x8, 0xf5, 0x58,
    0x0, 0xa, 0xcc, 0xef, 0xdc, 0xc0, 0x8f, 0x49,
    0xfb, 0x0, 0xef, 0xff, 0xff, 0xff, 0x18, 0xf4,
    0xa, 0xf4, 0x0, 0x0, 0x0, 0x0, 0x4, 0xaf,
    0x74, 0x48, 0x30, 0x29, 0x99, 0x99, 0x94, 0xff,
    0xff, 0xff, 0xfe, 0x4, 0xff, 0xff, 0xff, 0x88,
    0xdf, 0xb9, 0x99, 0x80, 0x4f, 0x80, 0x4, 0xf8,
    0xa, 0xf5, 0x40, 0x0, 0x4, 0xf8, 0x0, 0x4f,
    0x80, 0xbf, 0xbf, 0x30, 0x0, 0x4f, 0xff, 0xff,
    0xf8, 0xd, 0xfa, 0xf3, 0x0, 0x2, 0x99, 0xcf,
    0xa9, 0x40, 0xfe, 0x9f, 0x30, 0x0, 0x9, 0x49,
    0xf5, 0xb4, 0x3f, 0xb9, 0xf3, 0x0, 0x5, 0xf7,
    0x9f, 0x4f, 0xb9, 0xf6, 0x9f, 0x37, 0xe0, 0xbf,
    0x29, 0xf3, 0x9b, 0xff, 0x19, 0xf3, 0x7f, 0x3f,
    0xb0, 0x9f, 0x30, 0x8f, 0xa0, 0x9f, 0x38, 0xe1,
    0x9a, 0xdf, 0xf2, 0x2f, 0xf2, 0x8, 0xff, 0xfc,
    0x0, 0x4f, 0xfb, 0x1, 0xb9, 0x0, 0x2c, 0xdc,
    0x40, 0x0, 0x0, 0x0, 0x0, 0x0, 0x0, 0x0,
    0x0,

    /* U+5C3E "尾" */
    0x0, 0xdf, 0xff, 0xff, 0xff, 0xff, 0xff, 0xfe,
    0x0, 0xd, 0xfc, 0xcc, 0xcc, 0xcc, 0xcc, 0xcf,
    0xe0, 0x0, 0xdf, 0x30, 0x0, 0x0, 0x0, 0x1,
    0xfe, 0x0, 0xd, 0xfa, 0x99, 0x99, 0x99, 0x99,
    0x9f, 0xe0, 0x0, 0xdf, 0xff, 0xff, 0xff, 0xff,
    0xff, 0xfe, 0x0, 0xd, 0xf3, 0x0, 0x0, 0x0,
    0x2, 0x46, 0x0, 0x0, 0xdf, 0x38, 0x9a, 0xbc,
    0xef, 0xff, 0xf1, 0x0, 0xd, 0xf3, 0xff, 0xef,
    0xfa, 0x97, 0x64, 0x0, 0x0, 0xef, 0x20, 0x1,
    0xdf, 0x55, 0x67, 0x82, 0x0, 0xe, 0xf3, 0xff,
    0xff, 0xff, 0xff, 0xff, 0x50, 0x0, 0xff, 0x18,
    0x76, 0xef, 0x42, 0x10, 0x0, 0x0, 0x3f, 0xe6,
    0x78, 0x9f, 0xfc, 0xdd, 0xef, 0xf7, 0x6, 0xfa,
    0xff, 0xff, 0xff, 0xdc, 0xba, 0xca, 0x40, 0xbf,
    0x71, 0x0, 0xd, 0xf1, 0x0, 0x9, 0xf3, 0x1f,
    0xf2, 0x0, 0x0, 0xcf, 0xdb, 0xbb, 0xff, 0x12,
    0xcc, 0x0, 0x0, 0x5, 0xef, 0xff, 0xff, 0x80,
    0x0, 0x10, 0x0, 0x0, 0x0, 0x0, 0x0, 0x0,
    0x0,

    /* U+5C40 "局" */
    0x0, 0xaf, 0xff, 0xff, 0xff, 0xff, 0xff, 0xfb,
    0x0, 0xa, 0xfd, 0xcc, 0xcc, 0xcc, 0xcc, 0xdf,
    0xb0, 0x0, 0xaf, 0x40, 0x0, 0x0, 0x0, 0x4,
    0xfb, 0x0, 0xa, 0xf5, 0x11, 0x11, 0x11, 0x11,
    0x5f, 0xb0, 0x0, 0xaf, 0xff, 0xff, 0xff, 0xff,
    0xff, 0xfb, 0x0, 0xa, 0xfb, 0xaa, 0xaa, 0xaa,
    0xaa, 0xaa, 0x70, 0x0, 0xaf, 0x51, 0x11, 0x11,
    0x11, 0x11, 0x11, 0x0, 0xa, 0xff, 0xff, 0xff,
    0xff, 0xff, 0xff, 0xf7, 0x0, 0xbf, 0xa9, 0x99,
    0x99, 0x99, 0x99, 0xcf, 0x60, 0xc, 0xf2, 0x67,
    0x77, 0x77, 0x74, 0x8, 0xf6, 0x0, 0xef, 0x1c,
    0xff, 0xff, 0xff, 0xa0, 0x9f, 0x60, 0x1f, 0xe0,
    0xcf, 0x0, 0x2, 0xfa, 0x9, 0xf5, 0x5, 0xfb,
    0xc, 0xf6, 0x66, 0x8f, 0xa0, 0xaf, 0x50, 0xbf,
    0x60, 0xcf, 0xff, 0xff, 0xfa, 0xb, 0xf4, 0x2f,
    0xf1, 0x0, 0x11, 0x11, 0x59, 0x9a, 0xff, 0x10,
    0x99, 0x0, 0x0, 0x0, 0x5, 0xff, 0xfd, 0x60,
    0x0, 0x0, 0x0, 0x0, 0x0, 0x0, 0x0, 0x0,
    0x0,

    /* U+5C48 "屈" */
    0x0, 0xdf, 0xff, 0xff, 0xff, 0xff, 0xff, 0xff,
    0x20, 0xd, 0xfc, 0xbb, 0xbb, 0xbb, 0xbb, 0xbf,
    0xf2, 0x0, 0xdf, 0x30, 0x0, 0x0, 0x0, 0x0,
    0xdf, 0x20, 0xd, 0xfa, 0x99, 0x99, 0x99, 0x99,
    0x9e, 0xf2, 0x0, 0xdf, 0xff, 0xff, 0xff, 0xff,
    0xff, 0xff, 0x20, 0xd, 0xf5, 0x22, 0x22, 0x79,
    0x42, 0x22, 0x20, 0x0, 0xdf, 0x2a, 0xd1, 0xd,
    0xf4, 0x1, 0xd9, 0x0, 0xd, 0xf2, 0xcf, 0x10,
    0xdf, 0x40, 0x2f, 0xb0, 0x0, 0xdf, 0x2c, 0xfb,
    0xbf, 0xfc, 0xbb, 0xfb, 0x0, 0xf, 0xf1, 0xcf,
    0xff, 0xff, 0xff, 0xff, 0xb0, 0x0, 0xff, 0x2,
    0x22, 0x2d, 0xf5, 0x22, 0x22, 0x0, 0x3f, 0xd4,
    0xf9, 0x0, 0xdf, 0x40, 0xa, 0xf3, 0x8, 0xfa,
    0x4f, 0x90, 0xd, 0xf4, 0x0, 0xaf, 0x30, 0xef,
    0x54, 0xfc, 0x77, 0xef, 0x97, 0x7d, 0xf3, 0x5f,
    0xf0, 0x4f, 0xff, 0xff, 0xff, 0xff, 0xff, 0x30,
    0x88, 0x1, 0x55, 0x55, 0x55, 0x55, 0x5c, 0xf3,
    0x0, 0x0, 0x0, 0x0, 0x0, 0x0, 0x0, 0x0,
    0x0,

    /* U+5C4F "屏" */
    0x0, 0xbf, 0xff, 0xff, 0xff, 0xff, 0xff, 0xff,
    0x20, 0xb, 0xfc, 0xbb, 0xbb, 0xbb, 0xbb, 0xbf,
    0xf2, 0x0, 0xbf, 0x40, 0x0, 0x0, 0x0, 0x0,
    0xdf, 0x20, 0xb, 0xfc, 0xbb, 0xbb, 0xbb, 0xbb,
    0xbf, 0xf2, 0x0, 0xbf, 0xff, 0xff, 0xff, 0xff,
    0xff, 0xff, 0x20, 0xb, 0xf4, 0x1, 0xa8, 0x0,
    0xa, 0xa2, 0x0, 0x0, 0xbf, 0x40, 0xe, 0xf1,
    0x4, 0xfe, 0x0, 0x0, 0xc, 0xf3, 0xff, 0xff,
    0xff, 0xff, 0xff, 0xf3, 0x0, 0xcf, 0x3c, 0xcf,
    0xfc, 0xcd, 0xff, 0xcc, 0x20, 0xd, 0xf2, 0x0,
    0xff, 0x0, 0x1f, 0xe0, 0x0, 0x0, 0xff, 0x7a,
    0xaf, 0xfa, 0xab, 0xff, 0xaa, 0x90, 0x2f, 0xe9,
    0xff, 0xff, 0xff, 0xff, 0xff, 0xfe, 0x6, 0xfb,
    0x1, 0x4f, 0xc1, 0x12, 0xfe, 0x11, 0x10, 0xdf,
    0x60, 0xb, 0xf7, 0x0, 0x1f, 0xe0, 0x0, 0x3f,
    0xf1, 0xa, 0xfe, 0x0, 0x1, 0xfe, 0x0, 0x0,
    0x79, 0x0, 0xbe, 0x20, 0x0, 0x1f, 0xe0, 0x0,
    0x0, 0x0, 0x0, 0x10, 0x0, 0x0, 0x0, 0x0,
    0x0,

    /* U+5DE5 "工" */
    0xc, 0xff, 0xff, 0xff, 0xff, 0xff, 0xff, 0xf0,
    0xc, 0xff, 0xff, 0xff, 0xff, 0xff, 0xff, 0xf0,
    0x1, 0x22, 0x22, 0x3f, 0xf5, 0x22, 0x22, 0x20,
    0x0, 0x0, 0x0, 0x2f, 0xf3, 0x0, 0x0, 0x0,
    0x0, 0x0, 0x0, 0x2f, 0xf3, 0x0, 0x0, 0x0,
    0x0, 0x0, 0x0, 0x2f, 0xf3, 0x0, 0x0, 0x0,
    0x0, 0x0, 0x0, 0x2f, 0xf3, 0x0, 0x0, 0x0,
    0x0, 0x0, 0x0, 0x2f, 0xf3, 0x0, 0x0, 0x0,
    0x0, 0x0, 0x0, 0x2f, 0xf3, 0x0, 0x0, 0x0,
    0x0, 0x0, 0x0, 0x2f, 0xf3, 0x0, 0x0, 0x0,
    0x0, 0x0, 0x0, 0x2f, 0xf3, 0x0, 0x0, 0x0,
    0x0, 0x0, 0x0, 0x2f, 0xf3, 0x0, 0x0, 0x0,
    0xbf, 0xff, 0xff, 0xff, 0xff, 0xff, 0xff, 0xfe,
    0xcf, 0xff, 0xff, 0xff, 0xff, 0xff, 0xff, 0xfe,
    0x1, 0x11, 0x11, 0x11, 0x11, 0x11, 0x11, 0x11,

    /* U+5DE6 "左" */
    0x0, 0x0, 0x0, 0x4, 0x30, 0x0, 0x0, 0x0,
    0x0, 0x0, 0x0, 0x2, 0xff, 0x0, 0x0, 0x0,
    0x0, 0x0, 0x0, 0x0, 0x5f, 0xd0, 0x0, 0x0,
    0x0, 0x0, 0x7f, 0xff, 0xff, 0xff, 0xff, 0xff,
    0xff, 0xfe, 0x7, 0xff, 0xff, 0xff, 0xff, 0xff,
    0xff, 0xff, 0xe0, 0x1, 0x11, 0x5f, 0xf1, 0x11,
    0x11, 0x11, 0x11, 0x0, 0x0, 0xa, 0xfa, 0x0,
    0x0, 0x0, 0x0, 0x0, 0x0, 0x1, 0xff, 0x40,
    0x0, 0x0, 0x0, 0x0, 0x0, 0x0, 0x8f, 0xff,
    0xff, 0xff, 0xff, 0xff, 0x0, 0x0, 0x1f, 0xff,
    0xff, 0xff, 0xff, 0xff, 0xf0, 0x0, 0xb, 0xfb,
    0x0, 0xa, 0xf7, 0x0, 0x0, 0x0, 0x6, 0xff,
    0x20, 0x0, 0xaf, 0x70, 0x0, 0x0, 0x3, 0xff,
    0x70, 0x0, 0xa, 0xf7, 0x0, 0x0, 0x1, 0xef,
    0xb0, 0x0, 0x0, 0xaf, 0x70, 0x0, 0x0, 0xc,
    0xd3, 0x33, 0x33, 0x3b, 0xf9, 0x33, 0x33, 0x30,
    0x32, 0xaf, 0xff, 0xff, 0xff, 0xff, 0xff, 0xfe,
    0x0, 0x7, 0xbb, 0xbb, 0xbb, 0xbb, 0xbb, 0xbb,
    0xa0,

    /* U+5DF2 "已" */
    0x3f, 0xff, 0xff, 0xff, 0xff, 0xff, 0xff, 0x20,
    0x3f, 0xff, 0xff, 0xff, 0xff, 0xff, 0xff, 0x20,
    0x1, 0x11, 0x11, 0x11, 0x11, 0x11, 0xff, 0x20,
    0x0, 0x0, 0x0, 0x0, 0x0, 0x0, 0xff, 0x20,
    0x6, 0x72, 0x0, 0x0, 0x0, 0x0, 0xff, 0x20,
    0xe, 0xf4, 0x0, 0x0, 0x0, 0x0, 0xff, 0x20,
    0xe, 0xfe, 0xee, 0xee, 0xee, 0xee, 0xff, 0x20,
    0xe, 0xff, 0xff, 0xff, 0xff, 0xff, 0xff, 0x20,
    0xe, 0xf6, 0x22, 0x22, 0x22, 0x22, 0x22, 0x0,
    0xe, 0xf4, 0x0, 0x0, 0x0, 0x0, 0x0, 0x0,
    0xe, 0xf4, 0x0, 0x0, 0x0, 0x0, 0x8, 0xb4,
    0xe, 0xf4, 0x0, 0x0, 0x0, 0x0, 0xa, 0xf8,
    0xe, 0xf5, 0x0, 0x0, 0x0, 0x0, 0xa, 0xf7,
    0xe, 0xfa, 0x11, 0x11, 0x11, 0x11, 0x2e, 0xf5,
    0xa, 0xff, 0xff, 0xff, 0xff, 0xff, 0xff, 0xf2,
    0x2, 0xbf, 0xff, 0xff, 0xff, 0xff, 0xfe, 0x70,

    /* U+5E26 "带" */
    0x0, 0x3f, 0xb0, 0xf, 0xf0, 0xb, 0xf3, 0x0,
    0x45, 0x7f, 0xc5, 0x5f, 0xf5, 0x5d, 0xf7, 0x54,
    0xff, 0xff, 0xff, 0xff, 0xff, 0xff, 0xff, 0xff,
    0x77, 0x9f, 0xd7, 0x7f, 0xf7, 0x7d, 0xf9, 0x77,
    0x0, 0x3e, 0xa0, 0xe, 0xe0, 0xa, 0xe2, 0x0,
    0x5b, 0xbb, 0xbb, 0xbb, 0xbb, 0xbb, 0xbb, 0xb5,
    0x8f, 0xff, 0xff, 0xff, 0xff, 0xff, 0xff, 0xf8,
    0x8f, 0x80, 0x0, 0x9, 0x91, 0x0, 0x8, 0xf8,
    0x59, 0x40, 0x0, 0xf, 0xf1, 0x0, 0x4, 0x95,
    0x1, 0xcc, 0xcc, 0xcf, 0xfc, 0xcc, 0xcc, 0x20,
    0x1, 0xff, 0xff, 0xff, 0xff, 0xff, 0xff, 0x30,
    0x1, 0xfe, 0x0, 0xf, 0xf1, 0x0, 0xdf, 0x30,
    0x1, 0xfe, 0x0, 0xf, 0xf1, 0x0, 0xdf, 0x30,
    0x1, 0xfe, 0x0, 0xf, 0xf3, 0xbc, 0xff, 0x20,
    0x1, 0xfe, 0x0, 0xf, 0xf1, 0xff, 0xfb, 0x0,
    0x0, 0x0, 0x0, 0xf, 0xf1, 0x0, 0x0, 0x0,

    /* U+5E27 "帧" */
    0x0, 0x5f, 0x50, 0x0, 0x0, 0xdf, 0x0, 0x0,
    0x0, 0x6, 0xf5, 0x0, 0x0, 0xd, 0xfd, 0xdd,
    0xd0, 0x5a, 0xcf, 0xca, 0x40, 0x0, 0xdf, 0xff,
    0xff, 0x8, 0xff, 0xff, 0xf7, 0x0, 0xd, 0xf0,
    0x0, 0x0, 0x8e, 0x5f, 0x5e, 0x77, 0xcc, 0xff,
    0xcc, 0xc8, 0x8, 0xe4, 0xf3, 0xe7, 0x9f, 0xff,
    0xff, 0xff, 0xa0, 0x8e, 0x4f, 0x3e, 0x79, 0xf4,
    0x13, 0x12, 0xfa, 0x8, 0xe4, 0xf3, 0xe7, 0x9f,
    0x36, 0xf5, 0x1f, 0xa0, 0x8e, 0x4f, 0x3e, 0x79,
    0xf3, 0x6f, 0x51, 0xfa, 0x8, 0xe4, 0xf3, 0xe7,
    0x9f, 0x36, 0xf5, 0x1f, 0xa0, 0x8e, 0x4f, 0x3f,
    0x79, 0xf3, 0x8f, 0x41, 0xfa, 0x8, 0xe4, 0xfe,
    0xf7, 0x8e, 0x3d, 0xf6, 0x1c, 0x70, 0x8e, 0x4f,
    0xbd, 0x20, 0x9, 0xff, 0xf9, 0x0, 0x0, 0x4,
    0xf3, 0x0, 0x4c, 0xfe, 0x5d, 0xfc, 0x10, 0x0,
    0x4f, 0x30, 0xcf, 0xfc, 0x20, 0x1b, 0xfe, 0x10,
    0x4, 0xf3, 0x7, 0xc5, 0x0, 0x0, 0x9, 0x80,
    0x0, 0x0, 0x0, 0x0, 0x0, 0x0, 0x0, 0x0,
    0x0,

    /* U+5E2E "帮" */
    0x0, 0x9, 0xf5, 0x0, 0xf, 0xff, 0xff, 0xf2,
    0x9f, 0xff, 0xff, 0xff, 0x2f, 0xfb, 0xbf, 0xf2,
    0x59, 0x9d, 0xfb, 0x99, 0x1f, 0xe0, 0x3f, 0xa0,
    0x14, 0x4b, 0xf8, 0x44, 0xf, 0xe0, 0xcf, 0x10,
    0x4f, 0xff, 0xff, 0xfe, 0xf, 0xe2, 0xfe, 0x20,
    0x2, 0x2b, 0xf6, 0x22, 0xf, 0xe0, 0x2e, 0xe1,
    0xcd, 0xdf, 0xfe, 0xdd, 0x3f, 0xe0, 0x9, 0xf6,
    0xbc, 0xdf, 0xfc, 0xcc, 0x2f, 0xec, 0xff, 0xf4,
    0x4, 0xef, 0x60, 0x29, 0x89, 0x86, 0xa9, 0x50,
    0x8f, 0xfa, 0x0, 0x4f, 0xe0, 0x0, 0x0, 0x0,
    0x2e, 0xff, 0xff, 0xff, 0xff, 0xff, 0xff, 0x10,
    0x6, 0xfe, 0xaa, 0xbf, 0xfa, 0xaa, 0xff, 0x10,
    0x6, 0xfa, 0x0, 0x3f, 0xe0, 0x0, 0xef, 0x10,
    0x6, 0xfa, 0x0, 0x3f, 0xe3, 0x9a, 0xff, 0x0,
    0x6, 0xfa, 0x0, 0x3f, 0xe3, 0xff, 0xfa, 0x0,
    0x0, 0x11, 0x0, 0x3f, 0xe0, 0x11, 0x0, 0x0,

    /* U+5E55 "幕" */
    0xd, 0xff, 0xff, 0xff, 0xff, 0xff, 0xff, 0xff,
    0xd0, 0x5, 0x66, 0x6d, 0xf8, 0x66, 0x8f, 0xd6,
    0x66, 0x50, 0x0, 0x29, 0x9d, 0xfa, 0x99, 0xaf,
    0xe9, 0x92, 0x0, 0x0, 0x4f, 0xff, 0xff, 0xff,
    0xff, 0xff, 0xf4, 0x0, 0x0, 0x4f, 0xc0, 0x0,
    0x0, 0x0, 0xc, 0xf4, 0x0, 0x0, 0x4f, 0xff,
    0xff, 0xff, 0xff, 0xff, 0xf4, 0x0, 0x0, 0x4f,
    0xd5, 0x55, 0x55, 0x55, 0x5d, 0xf4, 0x0, 0x0,
    0x3d, 0xdd, 0xef, 0xfd, 0xdd, 0xdd, 0xd3, 0x0,
    0x7, 0x77, 0x77, 0xdf, 0xb7, 0x77, 0x77, 0x77,
    0x70, 0xf, 0xff, 0xff, 0xff, 0xff, 0xff, 0xff,
    0xff, 0xf0, 0x0, 0x4, 0xef, 0xa0, 0xac, 0x1a,
    0xfd, 0x40, 0x0, 0x2, 0xaf, 0xfd, 0x44, 0xef,
    0x44, 0xdf, 0xfb, 0x50, 0xe, 0xff, 0xff, 0xff,
    0xff, 0xff, 0xff, 0xff, 0xe0, 0x7, 0x77, 0xf7,
    0x11, 0xef, 0x11, 0x4f, 0x93, 0x50, 0x0, 0x7,
    0xf6, 0x0, 0xef, 0x25, 0x9f, 0x80, 0x0, 0x0,
    0x7, 0xf6, 0x0, 0xef, 0x3f, 0xfd, 0x30, 0x0,

    /* U+5E73 "平" */
    0x2f, 0xff, 0xff, 0xff, 0xff, 0xff, 0xff, 0xf3,
    0x2f, 0xff, 0xff, 0xff, 0xff, 0xff, 0xff, 0xf3,
    0x0, 0x0, 0x0, 0x1f, 0xf1, 0x0, 0x1, 0x0,
    0x2, 0xd2, 0x0, 0x1f, 0xf1, 0x0, 0x3d, 0x30,
    0x8, 0xfd, 0x10, 0x1f, 0xf1, 0x0, 0xdf, 0x90,
    0x0, 0xcf, 0xb0, 0x1f, 0xf1, 0xa, 0xfd, 0x0,
    0x0, 0x2f, 0xf6, 0x1f, 0xf1, 0x7f, 0xf2, 0x0,
    0x0, 0x6, 0xc1, 0x1f, 0xf1, 0x1d, 0x50, 0x0,
    0x11, 0x11, 0x11, 0x2f, 0xf2, 0x11, 0x11, 0x11,
    0xff, 0xff, 0xff, 0xff, 0xff, 0xff, 0xff, 0xff,
    0xef, 0xff, 0xff, 0xff, 0xff, 0xff, 0xff, 0xfe,
    0x0, 0x0, 0x0, 0x1f, 0xf1, 0x0, 0x0, 0x0,
    0x0, 0x0, 0x0, 0x1f, 0xf1, 0x0, 0x0, 0x0,
    0x0, 0x0, 0x0, 0x1f, 0xf1, 0x0, 0x0, 0x0,
    0x0, 0x0, 0x0, 0x1f, 0xf1, 0x0, 0x0, 0x0,
    0x0, 0x0, 0x0, 0x1f, 0xf1, 0x0, 0x0, 0x0,

    /* U+5E76 "并" */
    0x0, 0x0, 0x1, 0x0, 0x0, 0x0, 0x10, 0x0,
    0x0, 0x0, 0x0, 0x6f, 0x70, 0x0, 0x4, 0xfa,
    0x0, 0x0, 0x0, 0x0, 0x5f, 0xf4, 0x0, 0xd,
    0xf9, 0x0, 0x0, 0x0, 0x0, 0x9, 0xfa, 0x0,
    0x8f, 0xe1, 0x0, 0x0, 0x5, 0xff, 0xff, 0xff,
    0xff, 0xff, 0xff, 0xff, 0x70, 0x4, 0xee, 0xef,
    0xfe, 0xee, 0xef, 0xfe, 0xee, 0x60, 0x0, 0x0,
    0x1f, 0xf0, 0x0, 0xa, 0xf6, 0x0, 0x0, 0x0,
    0x0, 0x1f, 0xf0, 0x0, 0xa, 0xf6, 0x0, 0x0,
    0x0, 0x0, 0x1f, 0xf0, 0x0, 0xa, 0xf6, 0x0,
    0x0, 0x1f, 0xff, 0xff, 0xff, 0xff, 0xff, 0xff,
    0xff, 0xf1, 0x1f, 0xff, 0xff, 0xff, 0xff, 0xff,
    0xff, 0xff, 0xf1, 0x1, 0x11, 0x5f, 0xd1, 0x11,
    0x1b, 0xf7, 0x11, 0x10, 0x0, 0x0, 0x8f, 0xa0,
    0x0, 0xa, 0xf6, 0x0, 0x0, 0x0, 0x1, 0xef,
    0x50, 0x0, 0xa, 0xf6, 0x0, 0x0, 0x0, 0x1c,
    0xfe, 0x0, 0x0, 0xa, 0xf6, 0x0, 0x0, 0x2,
    0xef, 0xf3, 0x0, 0x0, 0xa, 0xf6, 0x0, 0x0,
    0x0, 0xae, 0x30, 0x0, 0x0, 0xa, 0xf6, 0x0,
    0x0, 0x0, 0x1, 0x0, 0x0, 0x0, 0x0, 0x0,
    0x0, 0x0,

    /* U+5E94 "应" */
    0x0, 0x0, 0x0, 0x0, 0x1, 0x10, 0x0, 0x0,
    0x0, 0x0, 0x0, 0x0, 0xb, 0xf9, 0x0, 0x0,
    0x0, 0x0, 0x22, 0x22, 0x22, 0x9f, 0xe2, 0x22,
    0x22, 0x10, 0xd, 0xff, 0xff, 0xff, 0xff, 0xff,
    0xff, 0xfb, 0x0, 0xdf, 0xcc, 0xcc, 0xcc, 0xcc,
    0xcc, 0xcc, 0x80, 0xd, 0xf2, 0x0, 0x0, 0x23,
    0x0, 0x0, 0x0, 0x0, 0xdf, 0x46, 0x40, 0x3f,
    0xc0, 0x0, 0xb8, 0x10, 0xd, 0xf7, 0xfb, 0x0,
    0xff, 0x0, 0x1f, 0xf0, 0x0, 0xdf, 0x3e, 0xf1,
    0xb, 0xf4, 0x6, 0xfb, 0x0, 0xd, 0xf2, 0xaf,
    0x60, 0x7f, 0x80, 0xbf, 0x50, 0x0, 0xef, 0x25,
    0xfb, 0x4, 0xfb, 0xf, 0xf0, 0x0, 0xf, 0xf1,
    0xf, 0xf0, 0x1f, 0xf5, 0xfb, 0x0, 0x1, 0xff,
    0x0, 0xbf, 0x50, 0x96, 0xbf, 0x50, 0x0, 0x5f,
    0xc0, 0x5, 0x71, 0x0, 0x1f, 0xf0, 0x0, 0x9,
    0xf9, 0x33, 0x33, 0x33, 0x38, 0xfb, 0x33, 0x21,
    0xff, 0x4e, 0xff, 0xff, 0xff, 0xff, 0xff, 0xfc,
    0x1c, 0xe0, 0xab, 0xbb, 0xbb, 0xbb, 0xbb, 0xbb,
    0x90, 0x4, 0x0, 0x0, 0x0, 0x0, 0x0, 0x0,
    0x0,

    /* U+5E95 "底" */
    0x0, 0x0, 0x0, 0x0, 0x36, 0x20, 0x0, 0x0,
    0x0, 0x0, 0x0, 0x0, 0xd, 0xfa, 0x0, 0x0,
    0x0, 0x0, 0xce, 0xee, 0xee, 0xff, 0xfe, 0xee,
    0xee, 0x70, 0xd, 0xff, 0xff, 0xff, 0xff, 0xff,
    0xff, 0xf8, 0x0, 0xdf, 0x10, 0x0, 0x0, 0x0,
    0x2, 0x42, 0x0, 0xd, 0xf1, 0x7b, 0xbc, 0xde,
    0xff, 0xff, 0xa0, 0x0, 0xdf, 0x1c, 0xff, 0xff,
    0xff, 0xca, 0x85, 0x0, 0xd, 0xf1, 0xcf, 0x41,
    0xa, 0xf4, 0x0, 0x0, 0x0, 0xdf, 0x1c, 0xf3,
    0x0, 0x9f, 0x50, 0x0, 0x0, 0xe, 0xf0, 0xcf,
    0xdc, 0xce, 0xfd, 0xcc, 0xc6, 0x0, 0xef, 0xc,
    0xff, 0xff, 0xff, 0xff, 0xff, 0x80, 0xf, 0xf0,
    0xcf, 0x30, 0x3, 0xfc, 0x0, 0x0, 0x2, 0xfd,
    0xc, 0xf3, 0x0, 0xf, 0xf0, 0x5, 0x10, 0x5f,
    0xa0, 0xcf, 0x31, 0x24, 0xbf, 0x60, 0xeb, 0xa,
    0xf8, 0xc, 0xfd, 0xad, 0xe4, 0xfe, 0x5f, 0x71,
    0xff, 0x30, 0xff, 0xf9, 0x6f, 0x7b, 0xff, 0xf3,
    0x9, 0xc0, 0x9, 0xa2, 0x0, 0xeb, 0x1b, 0xf8,
    0x0, 0x1, 0x0, 0x0, 0x0, 0x1, 0x0, 0x0,
    0x0,

    /* U+5EA6 "度" */
    0x0, 0x0, 0x0, 0x0, 0x24, 0x30, 0x0, 0x0,
    0x0, 0x0, 0x0, 0x0, 0xa, 0xfd, 0x0, 0x0,
    0x0, 0x0, 0xad, 0xdd, 0xdd, 0xef, 0xfd, 0xdd,
    0xdd, 0xa0, 0xd, 0xff, 0xff, 0xff, 0xff, 0xff,
    0xff, 0xfc, 0x0, 0xdf, 0x10, 0xbf, 0x30, 0x0,
    0xcf, 0x20, 0x0, 0xd, 0xfc, 0xbe, 0xfc, 0xbb,
    0xbf, 0xfc, 0xb8, 0x0, 0xdf, 0xff, 0xff, 0xff,
    0xff, 0xff, 0xff, 0xb0, 0xd, 0xf1, 0xb, 0xf3,
    0x0, 0xc, 0xf2, 0x0, 0x0, 0xdf, 0x10, 0xbf,
    0xfe, 0xee, 0xff, 0x20, 0x0, 0xd, 0xf0, 0x5,
    0x88, 0x88, 0x88, 0x81, 0x0, 0x0, 0xef, 0x8,
    0x99, 0x99, 0x99, 0x99, 0x92, 0x0, 0xf, 0xf0,
    0xef, 0xff, 0xff, 0xff, 0xff, 0x40, 0x1, 0xfe,
    0x6, 0xff, 0x50, 0x2, 0xdf, 0xb0, 0x0, 0x4f,
    0xb0, 0x4, 0xef, 0xa8, 0xff, 0x90, 0x0, 0x8,
    0xf8, 0x0, 0x18, 0xff, 0xff, 0xb3, 0x0, 0x0,
    0xef, 0x6a, 0xdf, 0xff, 0xcc, 0xff, 0xff, 0xea,
    0x1c, 0xc1, 0xff, 0xc7, 0x20, 0x2, 0x7b, 0xef,
    0x80, 0x1, 0x3, 0x0, 0x0, 0x0, 0x0, 0x0,
    0x21,

    /* U+5EA7 "座" */
    0x0, 0x0, 0x0, 0x0, 0x57, 0x30, 0x0, 0x0,
    0x0, 0x0, 0x0, 0x0, 0xc, 0xfa, 0x0, 0x0,
    0x0, 0x0, 0xbd, 0xdd, 0xdd, 0xff, 0xfd, 0xdd,
    0xdd, 0x80, 0xd, 0xff, 0xff, 0xff, 0xff, 0xff,
    0xff, 0xfa, 0x0, 0xdf, 0x10, 0x0, 0x3, 0x41,
    0x0, 0x0, 0x0, 0xd, 0xf1, 0x2e, 0x60, 0xdf,
    0x11, 0xe7, 0x0, 0x0, 0xdf, 0x17, 0xf5, 0xd,
    0xf1, 0x7f, 0x60, 0x0, 0xd, 0xf1, 0xdf, 0xb0,
    0xdf, 0x1d, 0xfd, 0x0, 0x0, 0xdf, 0x7f, 0xdf,
    0x8d, 0xf8, 0xfd, 0xfb, 0x0, 0xe, 0xff, 0xe1,
    0xbd, 0xdf, 0xde, 0x9, 0xf4, 0x0, 0xef, 0x64,
    0x1, 0x1d, 0xf2, 0x30, 0x4, 0x0, 0xf, 0xf2,
    0xcc, 0xcc, 0xff, 0xcc, 0xcc, 0x70, 0x1, 0xfe,
    0x3f, 0xff, 0xff, 0xff, 0xff, 0xfa, 0x0, 0x4f,
    0xc0, 0x0, 0x0, 0xdf, 0x10, 0x0, 0x0, 0x9,
    0xf9, 0x0, 0x0, 0xd, 0xf1, 0x0, 0x0, 0x0,
    0xff, 0x7f, 0xff, 0xff, 0xff, 0xff, 0xff, 0xf8,
    0x2d, 0xe2, 0xcc, 0xcc, 0xcc, 0xcc, 0xcc, 0xcc,
    0x60, 0x3, 0x0, 0x0, 0x0, 0x0, 0x0, 0x0,
    0x0,

    /* U+5EF6 "延" */
    0x0, 0x0, 0x0, 0x0, 0x0, 0x0, 0x0, 0x34,
    0x7, 0xff, 0xff, 0xe0, 0x0, 0x25, 0x8b, 0xef,
    0xd0, 0x6d, 0xdf, 0xfd, 0x4f, 0xff, 0xff, 0xfc,
    0xa9, 0x0, 0x1, 0xef, 0x63, 0xdb, 0x85, 0xfc,
    0x0, 0x0, 0x0, 0xbf, 0xb0, 0x0, 0x0, 0x2f,
    0xc0, 0x0, 0x0, 0x5f, 0xe1, 0x0, 0xbb, 0x2,
    0xfc, 0x0, 0x0, 0x1e, 0xf6, 0x0, 0xf, 0xf0,
    0x2f, 0xfb, 0xb9, 0x5, 0xff, 0xff, 0xd0, 0xff,
    0x2, 0xff, 0xff, 0xc0, 0x4b, 0xbb, 0xfd, 0xf,
    0xf0, 0x2f, 0xd4, 0x43, 0x3, 0x91, 0x3f, 0xa0,
    0xff, 0x2, 0xfc, 0x0, 0x0, 0x7f, 0x68, 0xf5,
    0xf, 0xf0, 0x2f, 0xc0, 0x0, 0x1, 0xfe, 0xef,
    0x0, 0xff, 0xcc, 0xff, 0xcc, 0xc0, 0x8, 0xff,
    0x90, 0xf, 0xff, 0xff, 0xff, 0xff, 0x0, 0x3f,
    0xfb, 0x0, 0x11, 0x11, 0x11, 0x11, 0x10, 0xc,
    0xff, 0xfe, 0x72, 0x0, 0x0, 0x0, 0x0, 0xa,
    0xfe, 0x6e, 0xff, 0xff, 0xfe, 0xee, 0xee, 0xe4,
    0x9f, 0x30, 0x6, 0xad, 0xff, 0xff, 0xff, 0xff,
    0x20, 0x30, 0x0, 0x0, 0x0, 0x0, 0x0, 0x0,
    0x0,

    /* U+5F00 "开" */
    0x3, 0xff, 0xff, 0xff, 0xff, 0xff, 0xff, 0xff,
    0x60, 0x3, 0xff, 0xff, 0xff, 0xff, 0xff, 0xff,
    0xff, 0x60, 0x0, 0x0, 0x2f, 0xf0, 0x0, 0x9,
    0xf9, 0x0, 0x0, 0x0, 0x0, 0x2f, 0xf0, 0x0,
    0x9, 0xf9, 0x0, 0x0, 0x0, 0x0, 0x2f, 0xf0,
    0x0, 0x9, 0xf9, 0x0, 0x0, 0x0, 0x0, 0x2f,
    0xf0, 0x0, 0x9, 0xf9, 0x0, 0x0, 0x1, 0x11,
    0x3f, 0xf1, 0x11, 0x1a, 0xf9, 0x11, 0x10, 0xf,
    0xff, 0xff, 0xff, 0xff, 0xff, 0xff, 0xff, 0xf1,
    0xf, 0xff, 0xff, 0xff, 0xff, 0xff, 0xff, 0xff,
    0xf0, 0x0, 0x0, 0x4f, 0xe0, 0x0, 0x9, 0xf9,
    0x0, 0x0, 0x0, 0x0, 0x7f, 0xc0, 0x0, 0x9,
    0xf9, 0x0, 0x0, 0x0, 0x0, 0xcf, 0x80, 0x0,
    0x9, 0xf9, 0x0, 0x0, 0x0, 0x5, 0xff, 0x30,
    0x0, 0x9, 0xf9, 0x0, 0x0, 0x0, 0x4f, 0xfa,
    0x0, 0x0, 0x9, 0xf9, 0x0, 0x0, 0x5, 0xff,
    0xd1, 0x0, 0x0, 0x9, 0xf9, 0x0, 0x0, 0x1,
    0xcd, 0x10, 0x0, 0x0, 0x9, 0xf9, 0x0, 0x0,
    0x0, 0x1, 0x0, 0x0, 0x0, 0x0, 0x0, 0x0,
    0x0,

    /* U+5F02 "异" */
    0x0, 0x7f, 0xff, 0xff, 0xff, 0xff, 0xff, 0xf0,
    0x0, 0x7, 0xfd, 0xbb, 0xbb, 0xbb, 0xbb, 0xff,
    0x0, 0x0, 0x7f, 0x90, 0x0, 0x0, 0x0, 0x1f,
    0xf0, 0x0, 0x7, 0xfa, 0x11, 0x11, 0x11, 0x12,
    0xff, 0x0, 0x0, 0x7f, 0xff, 0xff, 0xff, 0xff,
    0xff, 0xf2, 0x0, 0x7, 0xfd, 0x99, 0x99, 0x99,
    0x99, 0x9a, 0xfc, 0x0, 0x6f, 0xb0, 0x0, 0x0,
    0x0, 0x0, 0x5f, 0xb0, 0x3, 0xff, 0xff, 0xff,
    0xff, 0xff, 0xff, 0xf8, 0x0, 0x5, 0xab, 0xbb,
    0xbb, 0xbb, 0xbb, 0xa8, 0x0, 0x0, 0x0, 0xff,
    0x10, 0x0, 0xcf, 0x40, 0x0, 0xa, 0xaa, 0xaf,
    0xfb, 0xaa, 0xae, 0xfc, 0xaa, 0xa1, 0xff, 0xff,
    0xff, 0xff, 0xff, 0xff, 0xff, 0xff, 0x2, 0x22,
    0x6f, 0xd2, 0x22, 0x2c, 0xf6, 0x22, 0x20, 0x0,
    0x4e, 0xf7, 0x0, 0x0, 0xcf, 0x40, 0x0, 0x2,
    0xcf, 0xfa, 0x0, 0x0, 0xc, 0xf4, 0x0, 0x0,
    0xd, 0xd5, 0x0, 0x0, 0x0, 0xcf, 0x40, 0x0,
    0x0, 0x10, 0x0, 0x0, 0x0, 0x0, 0x0, 0x0,
    0x0,

    /* U+5F0F "式" */
    0x0, 0x0, 0x0, 0x0, 0x0, 0x0, 0x0, 0x0,
    0x0, 0x0, 0x0, 0x0, 0x0, 0x7f, 0x91, 0xc6,
    0x0, 0x0, 0x0, 0x0, 0x0, 0x6, 0xf9, 0x3f,
    0xf7, 0x0, 0x0, 0x0, 0x0, 0x0, 0x6f, 0xa0,
    0x4f, 0x90, 0xf, 0xff, 0xff, 0xff, 0xff, 0xff,
    0xff, 0xff, 0xd0, 0xee, 0xee, 0xee, 0xee, 0xff,
    0xfe, 0xee, 0xec, 0x0, 0x0, 0x0, 0x0, 0x3,
    0xfc, 0x0, 0x0, 0x0, 0x0, 0x0, 0x0, 0x0,
    0x2f, 0xe0, 0x0, 0x0, 0x8, 0xff, 0xff, 0xff,
    0xf3, 0xff, 0x0, 0x0, 0x0, 0x7e, 0xef, 0xfe,
    0xee, 0x2e, 0xf2, 0x0, 0x0, 0x0, 0x0, 0xaf,
    0x60, 0x0, 0xbf, 0x40, 0x0, 0x0, 0x0, 0xa,
    0xf6, 0x0, 0x8, 0xf8, 0x0, 0x10, 0x0, 0x0,
    0xaf, 0x60, 0x0, 0x4f, 0xd0, 0xe, 0xb0, 0x2,
    0x3c, 0xfc, 0xbd, 0xd0, 0xff, 0x41, 0xfa, 0xf,
    0xff, 0xff, 0xff, 0xfe, 0x9, 0xfd, 0x9f, 0x70,
    0xed, 0xb9, 0x75, 0x31, 0x0, 0x1e, 0xff, 0xf2,
    0x0, 0x0, 0x0, 0x0, 0x0, 0x0, 0x3d, 0xf8,
    0x0,

    /* U+5F27 "弧" */
    0x0, 0x0, 0x0, 0x0, 0x0, 0x1, 0x47, 0x80,
    0xc, 0xff, 0xff, 0x25, 0x9a, 0xce, 0xff, 0xff,
    0x0, 0xcf, 0xff, 0xf2, 0xaf, 0xff, 0xfd, 0xfd,
    0x40, 0x0, 0x0, 0xaf, 0x2a, 0xf6, 0xcf, 0xd,
    0xc0, 0x0, 0x0, 0xa, 0xf2, 0xaf, 0x1b, 0xf0,
    0xdd, 0x0, 0x1, 0x22, 0xbf, 0x2a, 0xf1, 0xbf,
    0xc, 0xe0, 0x0, 0x8f, 0xff, 0xf2, 0xaf, 0x1b,
    0xf0, 0xbf, 0x0, 0x9, 0xfb, 0xaa, 0x1a, 0xf1,
    0xbe, 0x9, 0xf1, 0x0, 0xaf, 0x10, 0x0, 0xbf,
    0x1c, 0xd0, 0x8f, 0x30, 0xb, 0xfc, 0xca, 0xb,
    0xf0, 0xdc, 0x6, 0xf6, 0x0, 0xcf, 0xff, 0xe0,
    0xcf, 0xf, 0xb3, 0x4f, 0x90, 0x0, 0x11, 0xee,
    0xe, 0xe1, 0xfb, 0xf4, 0xfd, 0x0, 0x0, 0xe,
    0xd2, 0xfc, 0x4f, 0x7e, 0x7c, 0xf1, 0x0, 0x0,
    0xed, 0x5f, 0x98, 0xf3, 0xab, 0x9f, 0x60, 0x0,
    0x1f, 0xcb, 0xf5, 0xdf, 0xbf, 0xe4, 0xfd, 0x8,
    0xdf, 0xfd, 0xff, 0x1c, 0xff, 0xef, 0x2e, 0xf3,
    0x6f, 0xfd, 0x6d, 0xa0, 0x57, 0x31, 0xf4, 0x88,
    0x0, 0x0, 0x0, 0x1, 0x0, 0x0, 0x0, 0x0,
    0x0,

    /* U+5F2F "弯" */
    0x0, 0x0, 0x0, 0x1, 0x44, 0x0, 0x0, 0x0,
    0x0, 0x0, 0x0, 0x0, 0x4, 0xff, 0x10, 0x0,
    0x0, 0x0, 0xe, 0xff, 0xff, 0xff, 0xff, 0xff,
    0xff, 0xff, 0x90, 0xb, 0xcc, 0xcc, 0xff, 0xcd,
    0xff, 0xcc, 0xcc, 0x70, 0x0, 0x2, 0xb2, 0xdf,
    0x2, 0xfb, 0x3c, 0x20, 0x0, 0x0, 0x6f, 0xf6,
    0xdf, 0x2, 0xfb, 0x6f, 0xf7, 0x0, 0x1c, 0xfe,
    0x40, 0x9b, 0x1, 0xb8, 0x3, 0xdf, 0xb0, 0xd,
    0x98, 0x99, 0x99, 0x99, 0x99, 0x99, 0x7a, 0x70,
    0x0, 0xc, 0xff, 0xff, 0xff, 0xff, 0xff, 0xc0,
    0x0, 0x0, 0x1, 0x11, 0x11, 0x11, 0x11, 0x5f,
    0xc0, 0x0, 0x0, 0x5f, 0xff, 0xff, 0xff, 0xff,
    0xff, 0xc0, 0x0, 0x0, 0x7f, 0xb7, 0x77, 0x77,
    0x77, 0x77, 0x50, 0x0, 0x0, 0xaf, 0xc9, 0x99,
    0x99, 0x99, 0x99, 0x94, 0x0, 0x0, 0xbf, 0xff,
    0xff, 0xff, 0xff, 0xff, 0xf7, 0x0, 0x0, 0x0,
    0x0, 0x0, 0x0, 0x0, 0xa, 0xf6, 0x0, 0x0,
    0x0, 0x0, 0x0, 0x9a, 0xaa, 0xbf, 0xf2, 0x0,
    0x0, 0x0, 0x0, 0x0, 0xcf, 0xff, 0xfd, 0x60,
    0x0,

    /* U+5F31 "弱" */
    0x8, 0xff, 0xff, 0xff, 0xe, 0xff, 0xff, 0xff,
    0x10, 0x6c, 0xcc, 0xcf, 0xf0, 0xac, 0xcc, 0xcf,
    0xf1, 0x0, 0x0, 0x0, 0xef, 0x0, 0x0, 0x0,
    0xef, 0x10, 0x2, 0x22, 0x2e, 0xf0, 0x2, 0x22,
    0x2e, 0xf1, 0x1, 0xff, 0xff, 0xff, 0x8, 0xff,
    0xff, 0xff, 0x10, 0x3f, 0xd9, 0x99, 0x90, 0xaf,
    0xa9, 0x99, 0x90, 0x5, 0xfa, 0x0, 0x0, 0xb,
    0xf3, 0x0, 0x0, 0x0, 0x6f, 0xff, 0xff, 0xf2,
    0xdf, 0xff, 0xff, 0xf3, 0x5, 0xca, 0xaa, 0xef,
    0x29, 0xda, 0xaa, 0xef, 0x20, 0x1e, 0xd2, 0xc,
    0xf1, 0x5f, 0xa0, 0xc, 0xf2, 0x0, 0x6f, 0xa4,
    0xef, 0x10, 0xaf, 0x64, 0xef, 0x10, 0x37, 0xdf,
    0xff, 0xf1, 0x48, 0xef, 0xff, 0xf1, 0x1f, 0xff,
    0xc7, 0xef, 0x5f, 0xff, 0xb7, 0xef, 0x0, 0x85,
    0x10, 0xf, 0xf1, 0x94, 0x0, 0xf, 0xf0, 0x0,
    0x3c, 0xcd, 0xfe, 0x0, 0x4c, 0xce, 0xfe, 0x0,
    0x1, 0xff, 0xfd, 0x40, 0x3, 0xff, 0xfe, 0x50,

    /* U+5F39 "弹" */
    0x0, 0x0, 0x0, 0x0, 0x0, 0x0, 0x0, 0x0,
    0x0, 0x0, 0x0, 0x9, 0xe1, 0x0, 0xbb, 0x10,
    0xdf, 0xff, 0xf0, 0xa, 0xfb, 0x2, 0xfc, 0x0,
    0xbd, 0xdf, 0xf0, 0x2, 0xfc, 0x1a, 0xf4, 0x0,
    0x0, 0xc, 0xf0, 0xff, 0xff, 0xff, 0xff, 0xf0,
    0x0, 0xc, 0xf0, 0xff, 0xcc, 0xfe, 0xce, 0xf1,
    0x38, 0x8e, 0xf0, 0xfc, 0x2, 0xfa, 0xb, 0xf1,
    0x8f, 0xff, 0xf0, 0xfe, 0xaa, 0xfd, 0xae, 0xf1,
    0x9f, 0x76, 0x60, 0xff, 0xff, 0xff, 0xff, 0xf1,
    0xaf, 0x10, 0x0, 0xfc, 0x2, 0xfa, 0xb, 0xf1,
    0xbf, 0xbb, 0xa0, 0xfe, 0xab, 0xfe, 0xae, 0xf1,
    0xcf, 0xff, 0xe0, 0xff, 0xff, 0xff, 0xff, 0xf1,
    0x11, 0x1e, 0xd0, 0x0, 0x3, 0xfa, 0x0, 0x0,
    0x0, 0xf, 0xc1, 0x22, 0x24, 0xfb, 0x22, 0x22,
    0x0, 0xf, 0xcb, 0xff, 0xff, 0xff, 0xff, 0xfe,
    0x11, 0x5f, 0xb8, 0xbb, 0xbb, 0xfe, 0xbb, 0xba,
    0xcf, 0xff, 0x80, 0x0, 0x2, 0xfa, 0x0, 0x0,
    0x7c, 0xb9, 0x0, 0x0, 0x2, 0xfa, 0x0, 0x0,

    /* U+5F3A "强" */
    0xcf, 0xff, 0xf2, 0xbf, 0xff, 0xff, 0xff, 0xc0,
    0xa, 0xdd, 0xff, 0x2b, 0xf9, 0x99, 0x99, 0xfc,
    0x0, 0x0, 0xb, 0xf2, 0xbf, 0x10, 0x0, 0x1f,
    0xc0, 0x0, 0x0, 0xbf, 0x2b, 0xf8, 0x88, 0x88,
    0xfc, 0x0, 0x3a, 0xae, 0xf2, 0xbf, 0xff, 0xff,
    0xff, 0xc0, 0x5, 0xff, 0xff, 0x20, 0x11, 0x2f,
    0xc1, 0x10, 0x0, 0x6f, 0x72, 0x22, 0x88, 0x89,
    0xfe, 0x88, 0x82, 0x8, 0xf5, 0x0, 0x3f, 0xff,
    0xff, 0xff, 0xff, 0x50, 0x9f, 0xba, 0xa3, 0xf8,
    0x2, 0xfb, 0x8, 0xf5, 0xa, 0xff, 0xff, 0x3f,
    0x80, 0x2f, 0xb0, 0x7f, 0x50, 0x23, 0x3d, 0xe3,
    0xff, 0xff, 0xff, 0xff, 0xf5, 0x0, 0x0, 0xde,
    0x2a, 0xaa, 0xbf, 0xea, 0xab, 0x30, 0x0, 0xe,
    0xd0, 0x0, 0x2, 0xfb, 0xd, 0xa0, 0x0, 0x0,
    0xfc, 0x0, 0x1, 0x3f, 0xc3, 0xef, 0x20, 0x9d,
    0xef, 0xaa, 0xff, 0xff, 0xff, 0xff, 0xfa, 0x8,
    0xff, 0xd3, 0x9e, 0xdc, 0xba, 0x98, 0x7d, 0xf1,
    0x0, 0x0, 0x0, 0x0, 0x0, 0x0, 0x0, 0x31,
    0x0,

    /* U+5F53 "当" */
    0x0, 0x70, 0x0, 0x1f, 0xf1, 0x0, 0x7, 0x0,
    0xa, 0xfb, 0x0, 0x1f, 0xf1, 0x0, 0x9f, 0xb0,
    0x2, 0xef, 0xb0, 0x1f, 0xf1, 0x9, 0xfe, 0x20,
    0x0, 0x2e, 0xf7, 0x1f, 0xf1, 0x7f, 0xf3, 0x0,
    0x0, 0x4, 0x90, 0x1f, 0xf1, 0xa, 0x30, 0x0,
    0x3e, 0xee, 0xee, 0xef, 0xfe, 0xee, 0xee, 0xe0,
    0x3f, 0xff, 0xff, 0xff, 0xff, 0xff, 0xff, 0xf0,
    0x0, 0x0, 0x0, 0x0, 0x0, 0x0, 0x4f, 0xf0,
    0x0, 0x0, 0x0, 0x0, 0x0, 0x0, 0x4f, 0xf0,
    0x9, 0xee, 0xee, 0xee, 0xee, 0xee, 0xef, 0xf0,
    0xa, 0xff, 0xff, 0xff, 0xff, 0xff, 0xff, 0xf0,
    0x0, 0x0, 0x0, 0x0, 0x0, 0x0, 0x4f, 0xf0,
    0x0, 0x0, 0x0, 0x0, 0x0, 0x0, 0x4f, 0xf0,
    0x6c, 0xcc, 0xcc, 0xcc, 0xcc, 0xcc, 0xdf, 0xf0,
    0x9f, 0xff, 0xff, 0xff, 0xff, 0xff, 0xff, 0xf0,
    0x13, 0x33, 0x33, 0x33, 0x33, 0x33, 0x6f, 0xf0,

    /* U+5F57 "彗" */
    0x0, 0x7, 0xf7, 0x0, 0x0, 0x1f, 0xd0, 0x0,
    0x2f, 0xff, 0xff, 0xfc, 0x9f, 0xff, 0xff, 0xf7,
    0x19, 0x9c, 0xfc, 0x98, 0x59, 0xaf, 0xe9, 0x95,
    0x6, 0x7b, 0xfb, 0x75, 0x37, 0x8f, 0xe7, 0x71,
    0xc, 0xff, 0xff, 0xfa, 0x6f, 0xff, 0xff, 0xf2,
    0x0, 0x7, 0xf8, 0x0, 0x0, 0x2f, 0xd0, 0x0,
    0x8f, 0xff, 0xff, 0xfe, 0xaf, 0xff, 0xff, 0xfd,
    0x37, 0x7b, 0xfb, 0x76, 0x47, 0x8f, 0xe7, 0x76,
    0x0, 0x4, 0x84, 0x0, 0x0, 0x18, 0x70, 0x0,
    0x7, 0xff, 0xff, 0xff, 0xff, 0xff, 0xff, 0xe0,
    0x4, 0x88, 0x88, 0x88, 0x88, 0x88, 0x9f, 0xe0,
    0x0, 0x78, 0x88, 0x88, 0x88, 0x88, 0x9f, 0xe0,
    0x0, 0xef, 0xff, 0xff, 0xff, 0xff, 0xff, 0xe0,
    0x0, 0x0, 0x0, 0x0, 0x0, 0x0, 0x2f, 0xe0,
    0xa, 0xff, 0xff, 0xff, 0xff, 0xff, 0xff, 0xe0,
    0x7, 0xaa, 0xaa, 0xaa, 0xaa, 0xaa, 0xbf, 0xe0,

    /* U+5F62 "形" */
    0x0, 0x0, 0x0, 0x0, 0x0, 0x0, 0x0, 0x54,
    0x0, 0xaf, 0xff, 0xff, 0xff, 0xf3, 0x0, 0x4f,
    0xf2, 0x9, 0xff, 0xff, 0xff, 0xff, 0x30, 0x5f,
    0xf9, 0x0, 0x2, 0xfb, 0x3, 0xfb, 0x0, 0x8f,
    0xfa, 0x0, 0x0, 0x2f, 0xb0, 0x3f, 0xb0, 0xcf,
    0xf9, 0x0, 0x0, 0x2, 0xfb, 0x3, 0xfb, 0x9,
    0xf6, 0x0, 0x30, 0x0, 0x2f, 0xb0, 0x3f, 0xb0,
    0x13, 0x0, 0xae, 0x20, 0x13, 0xfc, 0x14, 0xfc,
    0x10, 0x0, 0xaf, 0xf5, 0xf, 0xff, 0xff, 0xff,
    0xff, 0x91, 0xcf, 0xf6, 0x0, 0xde, 0xff, 0xee,
    0xff, 0xeb, 0xef, 0xf4, 0x0, 0x0, 0x3f, 0xb0,
    0x3f, 0xb0, 0xdf, 0xc2, 0x1, 0x0, 0x4, 0xfa,
    0x3, 0xfb, 0x4, 0x80, 0x3, 0xf7, 0x0, 0x6f,
    0x80, 0x3f, 0xb0, 0x0, 0x4, 0xff, 0x80, 0xb,
    0xf5, 0x3, 0xfb, 0x0, 0x7, 0xff, 0x90, 0x2,
    0xff, 0x0, 0x3f, 0xb0, 0x2b, 0xff, 0x80, 0x0,
    0xbf, 0xa0, 0x3, 0xfb, 0x6f, 0xfe, 0x40, 0x0,
    0x9, 0xf2, 0x0, 0x3f, 0xb1, 0xea, 0x10, 0x0,
    0x0, 0x1, 0x0, 0x0, 0x0, 0x1, 0x0, 0x0,
    0x0,

    /* U+5F84 "径" */
    0x0, 0x0, 0x56, 0x0, 0x0, 0x0, 0x0, 0x0,
    0x0, 0x0, 0x3, 0xff, 0x6f, 0xff, 0xff, 0xff,
    0xf6, 0x0, 0x0, 0x3e, 0xfb, 0x2f, 0xff, 0xff,
    0xff, 0xf6, 0x0, 0x3, 0xef, 0xd0, 0x0, 0x0,
    0x0, 0xaf, 0xe1, 0x0, 0xe, 0xfd, 0x10, 0x0,
    0x0, 0xa, 0xff, 0x30, 0x0, 0x9, 0xd1, 0x4b,
    0x10, 0x4, 0xdf, 0xf9, 0x0, 0x0, 0x2, 0x10,
    0xdf, 0x54, 0xcf, 0xff, 0xff, 0xc3, 0x0, 0x0,
    0x9, 0xfe, 0xef, 0xff, 0x80, 0x7f, 0xff, 0x80,
    0x0, 0x5f, 0xf3, 0xdf, 0xa2, 0x0, 0x2, 0xbf,
    0xa0, 0x3, 0xff, 0xe0, 0x32, 0x0, 0x0, 0x0,
    0x6, 0x20, 0xe, 0xff, 0xe0, 0x7f, 0xff, 0xff,
    0xff, 0xff, 0x10, 0xc, 0xbf, 0xe0, 0x6e, 0xee,
    0xff, 0xfe, 0xee, 0x10, 0x3, 0x1f, 0xe0, 0x0,
    0x0, 0xbf, 0x60, 0x0, 0x0, 0x0, 0x1f, 0xe0,
    0x0, 0x0, 0xbf, 0x60, 0x0, 0x0, 0x0, 0x1f,
    0xe0, 0x11, 0x11, 0xbf, 0x61, 0x11, 0x10, 0x0,
    0x1f, 0xe4, 0xff, 0xff, 0xff, 0xff, 0xff, 0xe0,
    0x0, 0x1f, 0xe3, 0xdd, 0xdd, 0xdd, 0xdd, 0xdd,
    0xc0,

    /* U+5F85 "待" */
    0x0, 0x0, 0x10, 0x0, 0x0, 0x0, 0x0, 0x0,
    0x0, 0x0, 0x0, 0xcb, 0x10, 0x0, 0xaf, 0x60,
    0x0, 0x0, 0x0, 0xa, 0xfd, 0x11, 0x11, 0xaf,
    0x71, 0x11, 0x0, 0x0, 0x8f, 0xe2, 0x1f, 0xff,
    0xff, 0xff, 0xff, 0x30, 0x8, 0xfe, 0x30, 0x1d,
    0xdd, 0xff, 0xed, 0xdd, 0x30, 0xc, 0xe3, 0x53,
    0x0, 0x0, 0xaf, 0x60, 0x0, 0x0, 0x4, 0x22,
    0xff, 0xdd, 0xdd, 0xff, 0xed, 0xdd, 0xd0, 0x0,
    0xc, 0xf7, 0xff, 0xff, 0xff, 0xff, 0xff, 0xf0,
    0x0, 0x8f, 0xe0, 0x0, 0x0, 0x0, 0x4f, 0xc0,
    0x0, 0x5, 0xff, 0xd0, 0x12, 0x22, 0x22, 0x5f,
    0xc2, 0x10, 0x1f, 0xff, 0xd0, 0xbf, 0xff, 0xff,
    0xff, 0xff, 0xd0, 0xd, 0xaf, 0xd0, 0x8c, 0xdc,
    0xcc, 0xdf, 0xfc, 0x90, 0x4, 0x1f, 0xd0, 0xb,
    0xe3, 0x0, 0x4f, 0xc0, 0x0, 0x0, 0x1f, 0xd0,
    0x7, 0xff, 0x30, 0x4f, 0xc0, 0x0, 0x0, 0x1f,
    0xd0, 0x0, 0x7c, 0x10, 0x6f, 0xc0, 0x0, 0x0,
    0x1f, 0xd0, 0x0, 0x5, 0xff, 0xff, 0xb0, 0x0,
    0x0, 0x1f, 0xd0, 0x0, 0x2, 0xff, 0xfd, 0x30,
    0x0, 0x0, 0x1, 0x10, 0x0, 0x0, 0x0, 0x0,
    0x0, 0x0,

    /* U+5F8B "律" */
    0x0, 0x0, 0x0, 0x0, 0x0, 0x0, 0x0, 0x0,
    0x0, 0x0, 0x0, 0xc7, 0x0, 0x1, 0xfd, 0x0,
    0x0, 0x0, 0x0, 0xb, 0xfc, 0x6f, 0xff, 0xff,
    0xff, 0xff, 0x10, 0x0, 0x9f, 0xe1, 0x4b, 0xbb,
    0xff, 0xbb, 0xff, 0x10, 0x9, 0xff, 0x30, 0x0,
    0x1, 0xfd, 0x0, 0xdf, 0x10, 0x9, 0xf3, 0x61,
    0xff, 0xff, 0xff, 0xff, 0xff, 0xf2, 0x2, 0x33,
    0xfc, 0xbb, 0xbb, 0xff, 0xbb, 0xff, 0xb1, 0x0,
    0xc, 0xf5, 0x0, 0x2, 0xfd, 0x0, 0xdf, 0x10,
    0x0, 0x8f, 0xd0, 0x9f, 0xff, 0xff, 0xff, 0xff,
    0x10, 0x4, 0xff, 0xc0, 0x5a, 0xaa, 0xff, 0xaa,
    0xaa, 0x0, 0xe, 0xff, 0xc0, 0x11, 0x13, 0xfe,
    0x11, 0x11, 0x0, 0xd, 0x9f, 0xc0, 0xdf, 0xff,
    0xff, 0xff, 0xff, 0x60, 0x4, 0x1f, 0xc0, 0x79,
    0x99, 0xff, 0x99, 0x99, 0x30, 0x0, 0x1f, 0xc5,
    0x99, 0x9a, 0xff, 0x99, 0x99, 0x90, 0x0, 0x1f,
    0xc8, 0xff, 0xff, 0xff, 0xff, 0xff, 0xf1, 0x0,
    0x1f, 0xc0, 0x11, 0x12, 0xfe, 0x11, 0x11, 0x10,
    0x0, 0x1e, 0xb0, 0x0, 0x1, 0xfe, 0x0, 0x0,
    0x0,

    /* U+5FAA "循" */
    0x0, 0x2, 0x0, 0x0, 0x0, 0x0, 0x0, 0x0,
    0x0, 0x1, 0xeb, 0x1, 0x23, 0x56, 0x8a, 0xce,
    0x60, 0x0, 0xbf, 0xab, 0xff, 0xff, 0xff, 0xff,
    0xf7, 0x0, 0x8f, 0xe1, 0xbf, 0xb9, 0x89, 0xfc,
    0x20, 0x0, 0x6f, 0xf3, 0xb, 0xf2, 0x0, 0x3f,
    0xb0, 0x0, 0x9, 0xf5, 0x41, 0xbf, 0xff, 0xff,
    0xff, 0xff, 0xf1, 0x26, 0x1f, 0xec, 0xf9, 0x99,
    0xaf, 0xe9, 0x99, 0x0, 0xa, 0xf8, 0xbf, 0x45,
    0x57, 0xfd, 0x55, 0x20, 0x5, 0xfe, 0xb, 0xf9,
    0xff, 0xff, 0xff, 0xf6, 0x3, 0xff, 0xc0, 0xcf,
    0x9f, 0x80, 0x0, 0x4f, 0x60, 0xdf, 0xfc, 0xd,
    0xf8, 0xff, 0xff, 0xff, 0xf6, 0xa, 0x9f, 0xc0,
    0xfd, 0x8f, 0xb6, 0x66, 0x8f, 0x60, 0x22, 0xfc,
    0x2f, 0xa8, 0xfb, 0x55, 0x58, 0xf6, 0x0, 0x2f,
    0xc5, 0xf6, 0x8f, 0xff, 0xff, 0xff, 0x60, 0x2,
    0xfc, 0x9f, 0x28, 0xf8, 0x0, 0x3, 0xf6, 0x0,
    0x2f, 0xcf, 0xc0, 0x8f, 0xff, 0xff, 0xff, 0x60,
    0x2, 0xfc, 0x85, 0x8, 0xfc, 0x88, 0x89, 0xf6,
    0x0, 0x0, 0x0, 0x0, 0x0, 0x0, 0x0, 0x0,
    0x0,

    /* U+5FAE "微" */
    0x0, 0x9, 0x70, 0xc, 0xd0, 0x0, 0x5e, 0x50,
    0x0, 0x0, 0x5f, 0xcd, 0x6c, 0xd5, 0xe0, 0xaf,
    0x10, 0x0, 0x3, 0xff, 0x2e, 0x7c, 0xd5, 0xf0,
    0xef, 0xaa, 0xa0, 0x1e, 0xf5, 0xe, 0xad, 0xe9,
    0xf5, 0xff, 0xff, 0xf1, 0xe, 0x76, 0x6e, 0xff,
    0xff, 0xfc, 0xf3, 0x5f, 0x70, 0x2, 0xe, 0xe4,
    0x44, 0x44, 0x8f, 0xf3, 0x5f, 0x40, 0x0, 0x8f,
    0x68, 0x99, 0x99, 0x9f, 0xf5, 0x8f, 0x20, 0x2,
    0xff, 0x1e, 0xff, 0xff, 0xf2, 0xf8, 0xbf, 0x0,
    0xd, 0xff, 0x11, 0x22, 0x22, 0x10, 0xcc, 0xed,
    0x0, 0x5f, 0xff, 0x14, 0xaa, 0xaa, 0x20, 0x9f,
    0xf9, 0x0, 0x2c, 0xaf, 0x17, 0xff, 0xff, 0x40,
    0x4f, 0xf3, 0x0, 0x1, 0xaf, 0x17, 0xf3, 0x6f,
    0x73, 0x3f, 0xf1, 0x0, 0x0, 0xaf, 0x18, 0xf1,
    0x5f, 0xf8, 0xcf, 0xfb, 0x0, 0x0, 0xaf, 0x1c,
    0xf0, 0x7f, 0xca, 0xfb, 0xdf, 0x80, 0x0, 0xaf,
    0x7f, 0x90, 0x8, 0x8f, 0xe1, 0x2f, 0xf2, 0x0,
    0xaf, 0x6d, 0x10, 0x0, 0x5f, 0x30, 0x4, 0xa0,
    0x0, 0x0, 0x0, 0x0, 0x0, 0x1, 0x0, 0x0,
    0x0,

    /* U+5FC3 "心" */
    0x0, 0x0, 0x0, 0x0, 0x10, 0x0, 0x0, 0x0,
    0x0, 0x0, 0x0, 0x0, 0xb, 0xe1, 0x0, 0x0,
    0x0, 0x0, 0x0, 0x0, 0x0, 0xc, 0xfc, 0x0,
    0x0, 0x0, 0x0, 0x0, 0x0, 0x0, 0x2, 0xff,
    0x90, 0x0, 0x0, 0x0, 0x0, 0x0, 0x6, 0x62,
    0x5f, 0xf5, 0x0, 0x0, 0x0, 0x0, 0x0, 0xe,
    0xf5, 0xa, 0xfd, 0x0, 0x20, 0x0, 0x0, 0x8b,
    0x4e, 0xf5, 0x1, 0xa1, 0x1d, 0xf0, 0x0, 0x0,
    0xcf, 0x6e, 0xf5, 0x0, 0x0, 0xd, 0xf7, 0x0,
    0x0, 0xff, 0x2e, 0xf5, 0x0, 0x0, 0x6, 0xfd,
    0x0, 0x4, 0xfe, 0xe, 0xf5, 0x0, 0x0, 0x0,
    0xff, 0x40, 0x9, 0xfa, 0xe, 0xf5, 0x0, 0x0,
    0x0, 0x9f, 0xb0, 0xe, 0xf5, 0xe, 0xf5, 0x0,
    0x1, 0xd9, 0x2f, 0xf1, 0x2f, 0xf0, 0xe, 0xf5,
    0x0, 0x1, 0xff, 0xc, 0xc3, 0x1, 0x40, 0xe,
    0xf5, 0x0, 0x2, 0xfe, 0x1, 0x0, 0x0, 0x0,
    0xe, 0xf9, 0x21, 0x17, 0xfd, 0x0, 0x0, 0x0,
    0x0, 0xb, 0xff, 0xff, 0xff, 0xfb, 0x0, 0x0,
    0x0, 0x0, 0x2, 0xcf, 0xff, 0xff, 0xb2, 0x0,
    0x0,

    /* U+5FC6 "忆" */
    0x0, 0xc, 0xf3, 0xc, 0xff, 0xff, 0xff, 0xfc,
    0x0, 0x0, 0xcf, 0x30, 0xcf, 0xff, 0xff, 0xff,
    0xc0, 0x9, 0xbc, 0xfb, 0x0, 0x0, 0x0, 0x4f,
    0xf6, 0x0, 0xbb, 0xcf, 0xfc, 0x10, 0x0, 0x1e,
    0xfa, 0x0, 0xd, 0xac, 0xff, 0xfc, 0x0, 0xb,
    0xfd, 0x0, 0x0, 0xf8, 0xcf, 0x4c, 0x40, 0x8,
    0xff, 0x20, 0x0, 0x1f, 0x6c, 0xf3, 0x0, 0x4,
    0xff, 0x50, 0x0, 0x3, 0xf4, 0xcf, 0x30, 0x1,
    0xef, 0x90, 0x0, 0x0, 0x3d, 0x2c, 0xf3, 0x0,
    0xbf, 0xc0, 0x0, 0x0, 0x0, 0x0, 0xcf, 0x30,
    0x6f, 0xf2, 0x0, 0x0, 0x51, 0x0, 0xc, 0xf3,
    0xe, 0xf6, 0x0, 0x0, 0xf, 0xe0, 0x0, 0xcf,
    0x37, 0xfc, 0x0, 0x0, 0x0, 0xfd, 0x0, 0xc,
    0xf3, 0xbf, 0x50, 0x0, 0x0, 0x1f, 0xd0, 0x0,
    0xcf, 0x3c, 0xf4, 0x0, 0x0, 0x5, 0xfb, 0x0,
    0xc, 0xf3, 0x9f, 0xff, 0xff, 0xff, 0xff, 0x90,
    0x0, 0xcf, 0x31, 0xbf, 0xff, 0xff, 0xff, 0xb1,

    /* U+5FD7 "志" */
    0x0, 0x0, 0x0, 0x2, 0xff, 0x0, 0x0, 0x0,
    0x0, 0x0, 0x0, 0x0, 0x3, 0xff, 0x0, 0x0,
    0x0, 0x0, 0xe, 0xff, 0xff, 0xff, 0xff, 0xff,
    0xff, 0xff, 0xb0, 0xe, 0xff, 0xff, 0xff, 0xff,
    0xff, 0xff, 0xff, 0xb0, 0x0, 0x0, 0x0, 0x2,
    0xff, 0x0, 0x0, 0x0, 0x0, 0x0, 0x0, 0x0,
    0x2, 0xff, 0x0, 0x0, 0x0, 0x0, 0x0, 0xee,
    0xee, 0xee, 0xff, 0xee, 0xee, 0xeb, 0x0, 0x0,
    0xff, 0xff, 0xff, 0xff, 0xff, 0xff, 0xfc, 0x0,
    0x0, 0x0, 0x0, 0x0, 0x48, 0x0, 0x0, 0x0,
    0x0, 0x0, 0x42, 0x1c, 0xb1, 0xff, 0x40, 0x3,
    0x80, 0x0, 0x0, 0xdf, 0x4f, 0xe0, 0x7f, 0xd0,
    0xe, 0xf4, 0x0, 0x3, 0xfd, 0x2f, 0xe0, 0xc,
    0xb5, 0x78, 0xfd, 0x0, 0x9, 0xf7, 0x2f, 0xe0,
    0x1, 0x7, 0xf5, 0xdf, 0x60, 0xf, 0xf2, 0x1f,
    0xf0, 0x0, 0x9, 0xf5, 0x4f, 0xe0, 0x8, 0xa0,
    0xf, 0xff, 0xff, 0xff, 0xf3, 0x8, 0x10, 0x0,
    0x0, 0x7, 0xef, 0xff, 0xfe, 0x90, 0x0, 0x0,

    /* U+5FEB "快" */
    0x0, 0xe, 0xf1, 0x0, 0x1, 0xfe, 0x0, 0x0,
    0x0, 0x0, 0xe, 0xf1, 0x0, 0x1, 0xfe, 0x0,
    0x0, 0x0, 0x3, 0x5e, 0xf4, 0xc, 0xee, 0xff,
    0xee, 0xed, 0x0, 0x9, 0xde, 0xff, 0x9e, 0xff,
    0xff, 0xff, 0xfe, 0x0, 0xa, 0xbe, 0xff, 0xf7,
    0x2, 0xfe, 0x1, 0xfe, 0x0, 0xc, 0xae, 0xf5,
    0xd0, 0x1, 0xfe, 0x1, 0xfe, 0x0, 0xe, 0x8e,
    0xf1, 0x0, 0x1, 0xfe, 0x1, 0xfe, 0x0, 0xf,
    0x6e, 0xf1, 0x0, 0x2, 0xfe, 0x1, 0xfe, 0x0,
    0x2f, 0x4e, 0xf1, 0xef, 0xff, 0xff, 0xff, 0xff,
    0xf1, 0x0, 0xe, 0xf1, 0xdf, 0xff, 0xff, 0xff,
    0xff, 0xf1, 0x0, 0xe, 0xf1, 0x0, 0xa, 0xff,
    0xa0, 0x0, 0x0, 0x0, 0xe, 0xf1, 0x0, 0x3f,
    0xff, 0xf5, 0x0, 0x0, 0x0, 0xe, 0xf1, 0x2,
    0xef, 0xa6, 0xff, 0x40, 0x0, 0x0, 0xe, 0xf1,
    0x5f, 0xfc, 0x0, 0x9f, 0xf9, 0x10, 0x0, 0xe,
    0xfa, 0xff, 0xc1, 0x0, 0x8, 0xff, 0xd0, 0x0,
    0xe, 0xf3, 0xe8, 0x0, 0x0, 0x0, 0x4d, 0x40,
    0x0, 0x0, 0x0, 0x0, 0x0, 0x0, 0x0, 0x0,
    0x0,

    /* U+6001 "态" */
    0x0, 0x0, 0x0, 0x0, 0x0, 0x0, 0x0, 0x0,
    0x0, 0x0, 0x0, 0x0, 0xef, 0x40, 0x0, 0x0,
    0x0, 0x2, 0x22, 0x22, 0x2f, 0xf5, 0x22, 0x22,
    0x22, 0x5, 0xff, 0xff, 0xff, 0xff, 0xff, 0xff,
    0xff, 0xd0, 0x4b, 0xbb, 0xbb, 0xef, 0xff, 0xbb,
    0xbb, 0xb9, 0x0, 0x0, 0x0, 0x2f, 0xff, 0xf8,
    0x0, 0x0, 0x0, 0x0, 0x0, 0x3e, 0xfb, 0x2f,
    0xfa, 0x0, 0x0, 0x0, 0x2, 0x9f, 0xff, 0xd2,
    0x3e, 0xfe, 0x70, 0x0, 0x6c, 0xff, 0xf9, 0x9f,
    0xf2, 0x1b, 0xff, 0xfb, 0x17, 0xff, 0xa2, 0x0,
    0x69, 0x0, 0x4, 0xcf, 0xe0, 0x7, 0x20, 0x23,
    0x4, 0xb0, 0x0, 0x2, 0x24, 0x0, 0x5c, 0x4d,
    0xf3, 0xaf, 0x80, 0x8, 0xf5, 0x0, 0xa, 0xf5,
    0xdf, 0x30, 0xdf, 0x52, 0x4f, 0xe0, 0x1, 0xff,
    0xd, 0xf3, 0x3, 0x94, 0xf9, 0xbf, 0x80, 0x8f,
    0x90, 0xcf, 0x40, 0x0, 0x5f, 0x82, 0xff, 0x28,
    0xf2, 0xb, 0xff, 0xee, 0xef, 0xf6, 0x8, 0x70,
    0x1, 0x0, 0x4d, 0xff, 0xff, 0xfc, 0x10, 0x0,
    0x0,

    /* U+6027 "性" */
    0x0, 0xe, 0xf1, 0x0, 0x0, 0xf, 0xf0, 0x0,
    0x0, 0x0, 0xef, 0x10, 0x4f, 0x80, 0xff, 0x0,
    0x0, 0x3, 0x3e, 0xf6, 0x8, 0xf6, 0xf, 0xf0,
    0x0, 0x0, 0xbc, 0xef, 0xfb, 0xbf, 0xff, 0xff,
    0xff, 0xf9, 0xc, 0xae, 0xfd, 0x8f, 0xff, 0xff,
    0xff, 0xff, 0x90, 0xe8, 0xef, 0x15, 0xfb, 0x12,
    0xff, 0x11, 0x10, 0xf, 0x7e, 0xf1, 0xaf, 0x60,
    0xf, 0xf0, 0x0, 0x2, 0xf5, 0xef, 0x12, 0x71,
    0x0, 0xff, 0x0, 0x0, 0x2c, 0x3e, 0xf1, 0xb,
    0xff, 0xff, 0xff, 0xff, 0x50, 0x0, 0xef, 0x10,
    0xcf, 0xff, 0xff, 0xff, 0xf5, 0x0, 0xe, 0xf1,
    0x0, 0x0, 0x1f, 0xf1, 0x0, 0x0, 0x0, 0xef,
    0x10, 0x0, 0x0, 0xff, 0x0, 0x0, 0x0, 0xe,
    0xf1, 0x0, 0x0, 0xf, 0xf0, 0x0, 0x0, 0x0,
    0xef, 0x11, 0x22, 0x23, 0xff, 0x22, 0x22, 0x0,
    0xe, 0xf1, 0xbf, 0xff, 0xff, 0xff, 0xff, 0xf0,
    0x0, 0xef, 0x19, 0xdd, 0xdd, 0xdd, 0xdd, 0xdc,

    /* U+603B "总" */
    0x0, 0x0, 0x3, 0x50, 0x0, 0x2, 0x40, 0x0,
    0x0, 0x0, 0x0, 0x5f, 0xf3, 0x0, 0xc, 0xf9,
    0x0, 0x0, 0x0, 0x0, 0xb, 0xfc, 0x0, 0x6f,
    0xf1, 0x0, 0x0, 0x0, 0x2d, 0xde, 0xfe, 0xdd,
    0xff, 0xfd, 0xd6, 0x0, 0x0, 0x3f, 0xff, 0xff,
    0xff, 0xff, 0xff, 0xf8, 0x0, 0x0, 0x3f, 0xe0,
    0x0, 0x0, 0x0, 0xa, 0xf8, 0x0, 0x0, 0x3f,
    0xe0, 0x0, 0x0, 0x0, 0xa, 0xf8, 0x0, 0x0,
    0x3f, 0xe0, 0x0, 0x0, 0x0, 0xa, 0xf8, 0x0,
    0x0, 0x3f, 0xff, 0xff, 0xff, 0xff, 0xff, 0xf8,
    0x0, 0x0, 0x2e, 0xee, 0xee, 0xee, 0xee, 0xee,
    0xe7, 0x0, 0x0, 0x0, 0x0, 0x0, 0x9e, 0x10,
    0x0, 0x10, 0x0, 0x0, 0x9d, 0x4e, 0xe0, 0xbf,
    0xc0, 0x5, 0xf7, 0x0, 0x0, 0xef, 0x2f, 0xf0,
    0x1e, 0xf5, 0x33, 0xff, 0x10, 0x4, 0xfb, 0x1f,
    0xf0, 0x3, 0x41, 0xfd, 0x9f, 0x90, 0xb, 0xf6,
    0xf, 0xf1, 0x0, 0x2, 0xfc, 0x1f, 0xf3, 0xa,
    0xf0, 0xf, 0xff, 0xee, 0xef, 0xf9, 0x7, 0x81,
    0x0, 0x10, 0x7, 0xef, 0xff, 0xff, 0xc2, 0x0,
    0x0,

    /* U+60C5 "情" */
    0x0, 0xf, 0xe0, 0x0, 0x0, 0xef, 0x0, 0x0,
    0x0, 0x0, 0xfe, 0xe, 0xff, 0xff, 0xff, 0xff,
    0xf7, 0x4, 0x5f, 0xf3, 0x34, 0x44, 0xef, 0x44,
    0x44, 0x20, 0x9b, 0xff, 0xfc, 0xff, 0xff, 0xff,
    0xff, 0xf1, 0xb, 0xaf, 0xfe, 0x55, 0x55, 0xef,
    0x55, 0x55, 0x0, 0xc8, 0xfe, 0x5b, 0xbb, 0xbf,
    0xfb, 0xbb, 0xba, 0xe, 0x6f, 0xe3, 0xcc, 0xcc,
    0xcc, 0xcc, 0xcc, 0xa0, 0xf5, 0xfe, 0x2, 0x55,
    0x55, 0x55, 0x55, 0x40, 0x2f, 0x3f, 0xe0, 0x7f,
    0xff, 0xff, 0xff, 0xfe, 0x0, 0x0, 0xfe, 0x7,
    0xf8, 0x33, 0x33, 0x3f, 0xe0, 0x0, 0xf, 0xe0,
    0x7f, 0xff, 0xff, 0xff, 0xfe, 0x0, 0x0, 0xfe,
    0x7, 0xf9, 0x33, 0x33, 0x3f, 0xe0, 0x0, 0xf,
    0xe0, 0x7f, 0xff, 0xff, 0xff, 0xfe, 0x0, 0x0,
    0xfe, 0x7, 0xfa, 0x77, 0x77, 0x7f, 0xe0, 0x0,
    0xf, 0xe0, 0x7f, 0x70, 0x6, 0x89, 0xfd, 0x0,
    0x0, 0xfe, 0x6, 0xe6, 0x0, 0x9f, 0xfe, 0x60,

    /* U+60CA "惊" */
    0x0, 0x0, 0x0, 0x0, 0x0, 0x1, 0x0, 0x0,
    0x0, 0x0, 0xe, 0xf0, 0x0, 0x0, 0xaf, 0x70,
    0x0, 0x0, 0x0, 0xe, 0xf0, 0x46, 0x66, 0xbf,
    0xd6, 0x66, 0x60, 0x2, 0x2e, 0xf1, 0x9f, 0xff,
    0xff, 0xff, 0xff, 0xf0, 0x9, 0xbe, 0xff, 0x94,
    0x44, 0x44, 0x44, 0x44, 0x40, 0xb, 0x9e, 0xff,
    0xc8, 0xaa, 0xaa, 0xaa, 0xaa, 0x0, 0xc, 0x8e,
    0xf2, 0x3c, 0xff, 0xff, 0xff, 0xff, 0x0, 0xf,
    0x6e, 0xf0, 0xc, 0xf3, 0x11, 0x11, 0xef, 0x0,
    0x1f, 0x4e, 0xf0, 0xc, 0xf1, 0x0, 0x0, 0xef,
    0x0, 0x3f, 0x2e, 0xf0, 0xc, 0xfc, 0xcc, 0xcc,
    0xff, 0x0, 0x0, 0xe, 0xf0, 0xc, 0xff, 0xff,
    0xff, 0xff, 0x0, 0x0, 0xe, 0xf0, 0x2, 0x30,
    0x5f, 0xb0, 0x51, 0x0, 0x0, 0xe, 0xf0, 0xb,
    0xf3, 0x4f, 0xb8, 0xf7, 0x0, 0x0, 0xe, 0xf0,
    0x6f, 0xc0, 0x4f, 0xb2, 0xff, 0x20, 0x0, 0xe,
    0xf3, 0xff, 0x30, 0x5f, 0xb0, 0x8f, 0xc0, 0x0,
    0xe, 0xf5, 0xf6, 0x6f, 0xff, 0xa0, 0xd, 0xb0,
    0x0, 0xe, 0xf0, 0x20, 0x4f, 0xfe, 0x40, 0x1,
    0x0,

    /* U+611F "感" */
    0x0, 0x0, 0x0, 0x0, 0x0, 0x0, 0x0, 0x0,
    0x0, 0x0, 0x0, 0x0, 0x0, 0x0, 0xfe, 0x8,
    0xb0, 0x0, 0x0, 0x8a, 0xaa, 0xaa, 0xaa, 0xff,
    0xad, 0xfb, 0x80, 0x0, 0xcf, 0xff, 0xff, 0xff,
    0xff, 0xff, 0xff, 0xc0, 0x0, 0xcf, 0x22, 0x22,
    0x21, 0xaf, 0x50, 0x51, 0x0, 0x0, 0xcf, 0x8f,
    0xff, 0xff, 0x7f, 0x75, 0xf9, 0x0, 0x0, 0xdf,
    0x24, 0x44, 0x43, 0x4f, 0xbe, 0xf2, 0x0, 0x0,
    0xef, 0x4f, 0xff, 0xfa, 0x1f, 0xff, 0x82, 0x0,
    0x0, 0xfe, 0x5f, 0x86, 0xeb, 0xd, 0xfc, 0x9,
    0xe0, 0x4, 0xfb, 0x5f, 0x51, 0xdb, 0xaf, 0xfb,
    0xc, 0xc0, 0xa, 0xf7, 0x5f, 0xff, 0xfd, 0xfe,
    0xef, 0xcf, 0x80, 0xe, 0xf1, 0x14, 0x44, 0xa5,
    0x62, 0x2d, 0xfe, 0x10, 0x0, 0xd7, 0x4b, 0x73,
    0xfe, 0x20, 0x4, 0xe2, 0x0, 0x3, 0xfd, 0x5f,
    0xa0, 0x7f, 0x99, 0xba, 0xfa, 0x0, 0xb, 0xf6,
    0x5f, 0xa0, 0x5, 0xb, 0xf2, 0xef, 0x40, 0x3f,
    0xd0, 0x4f, 0xfc, 0xbb, 0xcf, 0xf0, 0x5f, 0x80,
    0x4, 0x40, 0xb, 0xff, 0xff, 0xfe, 0x60, 0x3,
    0x0,

    /* U+6162 "慢" */
    0x0, 0x1f, 0xc0, 0x3f, 0xff, 0xff, 0xff, 0xfe,
    0x0, 0x0, 0x1f, 0xc0, 0x3f, 0xa4, 0x44, 0x44,
    0xfe, 0x0, 0x4, 0x5f, 0xf5, 0x3f, 0xfe, 0xee,
    0xee, 0xfe, 0x0, 0xb, 0xaf, 0xff, 0xcf, 0x92,
    0x22, 0x22, 0xee, 0x0, 0xc, 0x9f, 0xdd, 0x7f,
    0xff, 0xff, 0xff, 0xfe, 0x0, 0xd, 0x7f, 0xc0,
    0x14, 0x44, 0x44, 0x44, 0x44, 0x0, 0xf, 0x6f,
    0xc0, 0xff, 0xff, 0xff, 0xff, 0xff, 0xa0, 0x1f,
    0x4f, 0xc0, 0xfb, 0x3f, 0x93, 0xf9, 0x3f, 0xb0,
    0x2f, 0x2f, 0xc0, 0xfc, 0x7f, 0xb7, 0xfb, 0x7f,
    0xb0, 0x0, 0x1f, 0xc0, 0xdd, 0xdd, 0xdd, 0xdd,
    0xdd, 0x90, 0x0, 0x1f, 0xc0, 0x26, 0x66, 0x66,
    0x66, 0x66, 0x0, 0x0, 0x1f, 0xc0, 0x6f, 0xff,
    0xff, 0xff, 0xff, 0x0, 0x0, 0x1f, 0xc0, 0xa,
    0xfa, 0x20, 0x6e, 0xf5, 0x0, 0x0, 0x1f, 0xc0,
    0x0, 0x5f, 0xfe, 0xfc, 0x20, 0x0, 0x0, 0x1f,
    0xc3, 0x9b, 0xef, 0xfd, 0xff, 0xec, 0xa0, 0x0,
    0x1f, 0xc3, 0xfc, 0x84, 0x0, 0x27, 0xbe, 0xd0,
    0x0, 0x0, 0x0, 0x0, 0x0, 0x0, 0x0, 0x0,
    0x0,

    /* U+6210 "成" */
    0x0, 0x0, 0x0, 0x0, 0x0, 0x0, 0x2, 0x0,
    0x0, 0x0, 0x0, 0x0, 0x0, 0xf, 0xf0, 0xaf,
    0x50, 0x0, 0x0, 0x0, 0x0, 0x0, 0xe, 0xf0,
    0x3e, 0xf3, 0x0, 0x0, 0xbc, 0xcc, 0xcc, 0xcf,
    0xfc, 0xcd, 0xfc, 0x80, 0x0, 0xef, 0xff, 0xff,
    0xff, 0xff, 0xff, 0xff, 0xb0, 0x0, 0xef, 0x32,
    0x22, 0x2a, 0xf6, 0x22, 0x22, 0x10, 0x0, 0xef,
    0x10, 0x0, 0x8, 0xf6, 0x4, 0xd5, 0x0, 0x0,
    0xef, 0xdd, 0xdd, 0x46, 0xf8, 0xa, 0xf7, 0x0,
    0x0, 0xef, 0xff, 0xff, 0x44, 0xfa, 0x1f, 0xf1,
    0x0, 0x0, 0xef, 0x11, 0xbf, 0x41, 0xfd, 0x9f,
    0x90, 0x0, 0x0, 0xff, 0x0, 0xbf, 0x30, 0xef,
    0xff, 0x10, 0x0, 0x0, 0xff, 0x0, 0xcf, 0x20,
    0xbf, 0xf6, 0x2, 0x0, 0x3, 0xfd, 0x0, 0xdf,
    0x10, 0xcf, 0xd0, 0xc, 0xe0, 0x6, 0xfc, 0xbc,
    0xfe, 0xb, 0xff, 0xf2, 0xf, 0xc0, 0xb, 0xf7,
    0xef, 0xf9, 0xdf, 0xeb, 0xfc, 0x6f, 0x80, 0x2f,
    0xf2, 0x23, 0x17, 0xfd, 0x20, 0xdf, 0xff, 0x30,
    0x19, 0xb0, 0x0, 0x0, 0x61, 0x0, 0x2c, 0xf8,
    0x0, 0x0, 0x0, 0x0, 0x0, 0x0, 0x0, 0x0,
    0x0, 0x0,

    /* U+6211 "我" */
    0x0, 0x0, 0x1, 0x47, 0x2c, 0xf4, 0x15, 0x0,
    0x0, 0x5, 0xac, 0xef, 0xff, 0x7b, 0xf5, 0xdf,
    0x60, 0x0, 0x7, 0xff, 0xff, 0xb8, 0x2b, 0xf5,
    0x4f, 0xf6, 0x0, 0x2, 0x31, 0xef, 0x30, 0xa,
    0xf6, 0x5, 0xfc, 0x0, 0x1, 0x11, 0xef, 0x41,
    0x19, 0xf8, 0x11, 0x52, 0x10, 0xf, 0xff, 0xff,
    0xff, 0xff, 0xff, 0xff, 0xff, 0xf0, 0xd, 0xdd,
    0xff, 0xed, 0xde, 0xff, 0xdd, 0xdd, 0xc0, 0x0,
    0x0, 0xef, 0x30, 0x5, 0xfb, 0x0, 0xb7, 0x0,
    0x0, 0x0, 0xef, 0x78, 0xa3, 0xfd, 0x9, 0xfd,
    0x10, 0x5, 0x8b, 0xff, 0xff, 0xf1, 0xff, 0x8f,
    0xf2, 0x0, 0xe, 0xff, 0xff, 0xb7, 0x40, 0xdf,
    0xff, 0x40, 0x0, 0x8, 0x84, 0xef, 0x30, 0x3,
    0xef, 0xf3, 0x9, 0x70, 0x0, 0x0, 0xef, 0x31,
    0x9f, 0xff, 0xe0, 0xf, 0xe0, 0x0, 0x0, 0xff,
    0x6f, 0xff, 0x8d, 0xfa, 0x6f, 0xa0, 0x6, 0xff,
    0xff, 0x1b, 0xa2, 0x4, 0xff, 0xff, 0x40, 0x3,
    0xff, 0xe8, 0x0, 0x0, 0x0, 0x5d, 0xf9, 0x0,

    /* U+6237 "户" */
    0x0, 0x0, 0x0, 0x0, 0x36, 0x0, 0x0, 0x0,
    0x0, 0x0, 0x0, 0x0, 0xf, 0xf6, 0x0, 0x0,
    0x0, 0x0, 0x0, 0x0, 0x0, 0x9f, 0xc0, 0x0,
    0x0, 0x0, 0x3, 0xff, 0xff, 0xff, 0xff, 0xff,
    0xff, 0xf4, 0x0, 0x3f, 0xff, 0xff, 0xff, 0xff,
    0xff, 0xff, 0x40, 0x3, 0xff, 0x0, 0x0, 0x0,
    0x0, 0xe, 0xf4, 0x0, 0x3f, 0xf0, 0x0, 0x0,
    0x0, 0x0, 0xef, 0x40, 0x3, 0xff, 0x0, 0x0,
    0x0, 0x0, 0xe, 0xf4, 0x0, 0x3f, 0xf4, 0x44,
    0x44, 0x44, 0x44, 0xff, 0x40, 0x3, 0xff, 0xff,
    0xff, 0xff, 0xff, 0xff, 0xf4, 0x0, 0x4f, 0xfc,
    0xcc, 0xcc, 0xcc, 0xcc, 0xcc, 0x30, 0x5, 0xfd,
    0x0, 0x0, 0x0, 0x0, 0x0, 0x0, 0x0, 0x7f,
    0xb0, 0x0, 0x0, 0x0, 0x0, 0x0, 0x0, 0xb,
    0xf8, 0x0, 0x0, 0x0, 0x0, 0x0, 0x0, 0x1,
    0xff, 0x40, 0x0, 0x0, 0x0, 0x0, 0x0, 0x0,
    0x9f, 0xe0, 0x0, 0x0, 0x0, 0x0, 0x0, 0x0,
    0x9, 0xf6, 0x0, 0x0, 0x0, 0x0, 0x0, 0x0,
    0x0, 0x5, 0x0, 0x0, 0x0, 0x0, 0x0, 0x0,
    0x0,

    /* U+623F "房" */
    0x0, 0x0, 0x0, 0x0, 0x46, 0x10, 0x0, 0x0,
    0x0, 0x0, 0x0, 0x0, 0xf, 0xf7, 0x0, 0x0,
    0x0, 0x0, 0xbd, 0xdd, 0xdd, 0xff, 0xfd, 0xdd,
    0xdd, 0x0, 0xd, 0xff, 0xff, 0xff, 0xff, 0xff,
    0xff, 0xf0, 0x0, 0xdf, 0x30, 0x0, 0x0, 0x0,
    0x0, 0xef, 0x0, 0xd, 0xfc, 0xbb, 0xbb, 0xbb,
    0xbb, 0xbf, 0xf0, 0x0, 0xdf, 0xff, 0xff, 0xff,
    0xff, 0xff, 0xff, 0x0, 0xd, 0xf3, 0x0, 0x0,
    0x8c, 0x30, 0x0, 0x0, 0x0, 0xdf, 0xba, 0xaa,
    0xae, 0xfd, 0xaa, 0xaa, 0x80, 0xd, 0xff, 0xff,
    0xff, 0xff, 0xff, 0xff, 0xfd, 0x0, 0xef, 0x20,
    0x1f, 0xf0, 0x0, 0x0, 0x0, 0x0, 0xf, 0xf0,
    0x2, 0xff, 0xaa, 0xaa, 0xaa, 0x50, 0x2, 0xfe,
    0x0, 0x4f, 0xff, 0xff, 0xff, 0xf7, 0x0, 0x5f,
    0xb0, 0xa, 0xf8, 0x0, 0x0, 0xbf, 0x60, 0x9,
    0xf8, 0x6, 0xff, 0x10, 0x0, 0xd, 0xf4, 0x0,
    0xff, 0x5a, 0xff, 0x50, 0x3b, 0xbd, 0xff, 0x20,
    0x3d, 0xc3, 0xee, 0x40, 0x2, 0xff, 0xfe, 0x70,
    0x0, 0x2, 0x2, 0x10, 0x0, 0x0, 0x0, 0x0,
    0x0,

    /* U+6240 "所" */
    0x0, 0x0, 0x24, 0x8b, 0x30, 0x0, 0x14, 0x8c,
    0x10, 0x0, 0xcf, 0xff, 0xff, 0x78, 0xce, 0xff,
    0xff, 0x60, 0x0, 0xdf, 0xfc, 0x96, 0x1d, 0xff,
    0xfd, 0xa5, 0x10, 0x0, 0xdf, 0x10, 0x0, 0xd,
    0xf4, 0x0, 0x0, 0x0, 0x0, 0xdf, 0x55, 0x54,
    0xd, 0xf1, 0x0, 0x0, 0x0, 0x0, 0xdf, 0xff,
    0xfd, 0xd, 0xf3, 0x22, 0x22, 0x20, 0x0, 0xdf,
    0x88, 0xfd, 0xd, 0xff, 0xff, 0xff, 0xf0, 0x0,
    0xdf, 0x0, 0xfd, 0xd, 0xfd, 0xdf, 0xfd, 0xd0,
    0x0, 0xdf, 0x10, 0xfd, 0xe, 0xf0, 0xe, 0xf1,
    0x0, 0x0, 0xef, 0xff, 0xfd, 0xf, 0xf0, 0xe,
    0xf1, 0x0, 0x0, 0xef, 0xee, 0xec, 0x1f, 0xe0,
    0xe, 0xf1, 0x0, 0x0, 0xff, 0x0, 0x0, 0x5f,
    0xb0, 0xe, 0xf1, 0x0, 0x3, 0xfd, 0x0, 0x0,
    0xaf, 0x70, 0xe, 0xf1, 0x0, 0x7, 0xfa, 0x0,
    0x3, 0xff, 0x20, 0xe, 0xf1, 0x0, 0xd, 0xf5,
    0x0, 0xd, 0xfa, 0x0, 0xe, 0xf1, 0x0, 0xb,
    0xe0, 0x0, 0x9, 0xe1, 0x0, 0xe, 0xf1, 0x0,
    0x0, 0x10, 0x0, 0x0, 0x10, 0x0, 0x0, 0x0,
    0x0,

    /* U+6241 "扁" */
    0x0, 0x0, 0x0, 0x0, 0x47, 0x10, 0x0, 0x0,
    0x0, 0x0, 0x0, 0x0, 0xf, 0xf6, 0x0, 0x0,
    0x0, 0x0, 0xcf, 0xff, 0xff, 0xff, 0xff, 0xff,
    0xfd, 0x0, 0xd, 0xfd, 0xdd, 0xdd, 0xdd, 0xdd,
    0xdf, 0xe0, 0x0, 0xdf, 0x20, 0x0, 0x0, 0x0,
    0x1, 0xfe, 0x0, 0xd, 0xfc, 0xbb, 0xbb, 0xbb,
    0xbb, 0xbf, 0xe0, 0x0, 0xdf, 0xff, 0xff, 0xff,
    0xff, 0xff, 0xfe, 0x0, 0xd, 0xf3, 0x0, 0x0,
    0x0, 0x0, 0x0, 0x0, 0x0, 0xdf, 0xac, 0xcc,
    0xcc, 0xcc, 0xcc, 0xcc, 0x10, 0xe, 0xfc, 0xff,
    0xff, 0xff, 0xff, 0xff, 0xf1, 0x0, 0xff, 0xbf,
    0x31, 0xf9, 0x1f, 0x90, 0xbf, 0x10, 0x1f, 0xdb,
    0xf3, 0x2f, 0x91, 0xfa, 0xb, 0xf1, 0x4, 0xfb,
    0xbf, 0xff, 0xff, 0xff, 0xff, 0xff, 0x10, 0x8f,
    0x7b, 0xfb, 0xbf, 0xda, 0xfd, 0xae, 0xf1, 0xd,
    0xf3, 0xbf, 0x31, 0xf9, 0x1f, 0x90, 0xbf, 0x14,
    0xfd, 0xb, 0xf3, 0x1f, 0x91, 0xfd, 0xbf, 0xf1,
    0x7, 0x50, 0xbf, 0x31, 0x95, 0x7, 0x8f, 0xfa,
    0x0, 0x0, 0x1, 0x20, 0x0, 0x0, 0x0, 0x0,
    0x0,

    /* U+624B "手" */
    0x0, 0x0, 0x0, 0x12, 0x45, 0x68, 0x9b, 0x80,
    0x0, 0xce, 0xef, 0xff, 0xff, 0xff, 0xff, 0xfc,
    0x0, 0xd, 0xff, 0xfe, 0xdf, 0xfc, 0x98, 0x65,
    0x30, 0x0, 0x11, 0x0, 0x0, 0xdf, 0x60, 0x0,
    0x0, 0x0, 0x0, 0x0, 0x0, 0xd, 0xf6, 0x0,
    0x0, 0x0, 0x0, 0xbf, 0xff, 0xff, 0xff, 0xff,
    0xff, 0xfc, 0x0, 0xb, 0xff, 0xff, 0xff, 0xff,
    0xff, 0xff, 0xd0, 0x0, 0x0, 0x0, 0x0, 0xdf,
    0x60, 0x0, 0x0, 0x0, 0x0, 0x0, 0x0, 0xd,
    0xf6, 0x0, 0x0, 0x0, 0xe, 0xee, 0xee, 0xee,
    0xff, 0xfe, 0xee, 0xee, 0xe1, 0xff, 0xff, 0xff,
    0xff, 0xff, 0xff, 0xff, 0xff, 0x10, 0x11, 0x11,
    0x11, 0xdf, 0x61, 0x11, 0x11, 0x10, 0x0, 0x0,
    0x0, 0xd, 0xf6, 0x0, 0x0, 0x0, 0x0, 0x0,
    0x1, 0x12, 0xef, 0x50, 0x0, 0x0, 0x0, 0x0,
    0x4, 0xff, 0xff, 0xf4, 0x0, 0x0, 0x0, 0x0,
    0x0, 0x1f, 0xff, 0xfa, 0x0, 0x0, 0x0, 0x0,

    /* U+6258 "托" */
    0x0, 0x9, 0xf6, 0x0, 0x0, 0x0, 0x1, 0x48,
    0x0, 0x0, 0x9, 0xf6, 0x0, 0x25, 0x8a, 0xef,
    0xff, 0x10, 0x0, 0xa, 0xf6, 0x9, 0xff, 0xff,
    0xfe, 0xa6, 0x10, 0xb, 0xff, 0xff, 0xf7, 0xdb,
    0xfd, 0x10, 0x0, 0x0, 0xb, 0xff, 0xff, 0xf1,
    0x3, 0xfc, 0x0, 0x0, 0x0, 0x0, 0x9, 0xf6,
    0x0, 0x3, 0xfc, 0x0, 0x0, 0x0, 0x0, 0x9,
    0xf6, 0x20, 0x3, 0xfd, 0x35, 0x68, 0xa0, 0x0,
    0xa, 0xff, 0xb9, 0xce, 0xff, 0xff, 0xff, 0xf2,
    0x9, 0xef, 0xff, 0x9c, 0xff, 0xff, 0xb9, 0x86,
    0x40, 0xf, 0xff, 0xf6, 0x2, 0x24, 0xfc, 0x0,
    0x0, 0x0, 0x5, 0x29, 0xf6, 0x0, 0x3, 0xfc,
    0x0, 0x9, 0x40, 0x0, 0x9, 0xf6, 0x0, 0x3,
    0xfc, 0x0, 0xf, 0xd0, 0x0, 0x9, 0xf6, 0x0,
    0x3, 0xfc, 0x0, 0x1f, 0xc0, 0x0, 0x1b, 0xf6,
    0x0, 0x2, 0xfe, 0x22, 0x6f, 0xb0, 0xb, 0xff,
    0xf5, 0x0, 0x1, 0xff, 0xff, 0xff, 0x80, 0x8,
    0xff, 0xc1, 0x0, 0x0, 0x6c, 0xdd, 0xda, 0x10,

    /* U+6267 "执" */
    0x0, 0x1e, 0xc0, 0x0, 0x3f, 0xc0, 0x0, 0x0,
    0x0, 0x0, 0x1f, 0xd0, 0x0, 0x3f, 0xc0, 0x0,
    0x0, 0x0, 0x2, 0x4f, 0xd2, 0x10, 0x3f, 0xc0,
    0x0, 0x0, 0x0, 0xe, 0xff, 0xff, 0x6e, 0xff,
    0xff, 0xff, 0xc0, 0x0, 0xa, 0xcf, 0xfb, 0x4d,
    0xff, 0xff, 0xff, 0xc0, 0x0, 0x0, 0x1f, 0xd0,
    0x0, 0x3f, 0xb0, 0x2f, 0xc0, 0x0, 0x0, 0x1f,
    0xd6, 0x30, 0x4f, 0xa0, 0x2f, 0xc0, 0x0, 0x0,
    0x3f, 0xff, 0x7d, 0xbf, 0xa0, 0x2f, 0xc0, 0x0,
    0xc, 0xff, 0xfa, 0x8f, 0xff, 0xa0, 0x2f, 0xc0,
    0x0, 0xf, 0xef, 0xd0, 0x3, 0xdf, 0xfd, 0x7f,
    0xc0, 0x0, 0x4, 0x2f, 0xd0, 0x0, 0xef, 0xef,
    0xdf, 0xc0, 0x0, 0x0, 0x1f, 0xd0, 0x5, 0xfe,
    0x7, 0x5f, 0xc1, 0x70, 0x0, 0x1f, 0xd0, 0xd,
    0xf9, 0x0, 0xf, 0xd3, 0xf2, 0x0, 0x2f, 0xd0,
    0x9f, 0xf1, 0x0, 0xd, 0xf8, 0xf0, 0xe, 0xff,
    0xd6, 0xff, 0x60, 0x0, 0x9, 0xff, 0xa0, 0xc,
    0xff, 0x74, 0xda, 0x0, 0x0, 0x2, 0xde, 0x20,
    0x0, 0x0, 0x0, 0x0, 0x0, 0x0, 0x0, 0x0,
    0x0,

    /* U+6269 "扩" */
    0x0, 0x0, 0x0, 0x0, 0x0, 0x0, 0x10, 0x0,
    0x0, 0x0, 0xff, 0x0, 0x0, 0x0, 0xef, 0x10,
    0x0, 0x0, 0xf, 0xf0, 0x0, 0x0, 0xc, 0xf6,
    0x0, 0x0, 0x0, 0xff, 0x0, 0x37, 0x77, 0xcf,
    0xc7, 0x77, 0xe, 0xff, 0xff, 0xb7, 0xff, 0xff,
    0xff, 0xff, 0xf0, 0xce, 0xff, 0xe9, 0x7f, 0xd8,
    0x88, 0x88, 0x88, 0x0, 0xf, 0xf0, 0x7, 0xf9,
    0x0, 0x0, 0x0, 0x0, 0x0, 0xff, 0x24, 0x7f,
    0x90, 0x0, 0x0, 0x0, 0x0, 0x1f, 0xff, 0xa7,
    0xf9, 0x0, 0x0, 0x0, 0x2, 0xcf, 0xff, 0xf8,
    0x8f, 0x80, 0x0, 0x0, 0x0, 0x1f, 0xff, 0xf1,
    0x8, 0xf8, 0x0, 0x0, 0x0, 0x0, 0x51, 0xff,
    0x0, 0xaf, 0x60, 0x0, 0x0, 0x0, 0x0, 0xf,
    0xf0, 0xc, 0xf4, 0x0, 0x0, 0x0, 0x0, 0x0,
    0xff, 0x1, 0xff, 0x0, 0x0, 0x0, 0x0, 0x1,
    0x2f, 0xf0, 0x9f, 0xa0, 0x0, 0x0, 0x0, 0x0,
    0xef, 0xff, 0x4f, 0xf2, 0x0, 0x0, 0x0, 0x0,
    0xb, 0xff, 0x82, 0xb9, 0x0, 0x0, 0x0, 0x0,
    0x0, 0x0, 0x0, 0x0, 0x0, 0x0, 0x0, 0x0,
    0x0,

    /* U+626B "扫" */
    0x0, 0xe, 0xf1, 0x0, 0x0, 0x0, 0x0, 0x0,
    0x0, 0x0, 0xef, 0x10, 0x6d, 0xdd, 0xdd, 0xdd,
    0xd2, 0x1, 0x2e, 0xf3, 0x28, 0xff, 0xff, 0xff,
    0xff, 0x30, 0xdf, 0xff, 0xff, 0x34, 0x44, 0x44,
    0x4f, 0xf3, 0xa, 0xdf, 0xfd, 0xd0, 0x0, 0x0,
    0x0, 0xef, 0x30, 0x0, 0xef, 0x10, 0x0, 0x0,
    0x0, 0xe, 0xf3, 0x0, 0xe, 0xf2, 0x50, 0x11,
    0x11, 0x11, 0xef, 0x30, 0x0, 0xef, 0xff, 0x4f,
    0xff, 0xff, 0xff, 0xf3, 0x8, 0xdf, 0xff, 0xd4,
    0xff, 0xff, 0xff, 0xff, 0x30, 0xff, 0xff, 0x30,
    0x0, 0x0, 0x0, 0xe, 0xf3, 0x8, 0x4e, 0xf1,
    0x0, 0x0, 0x0, 0x0, 0xef, 0x30, 0x0, 0xef,
    0x10, 0x0, 0x0, 0x0, 0xe, 0xf3, 0x0, 0xe,
    0xf1, 0x0, 0x0, 0x0, 0x0, 0xef, 0x30, 0x11,
    0xff, 0x11, 0xff, 0xff, 0xff, 0xff, 0xf3, 0xe,
    0xff, 0xf0, 0x1f, 0xff, 0xff, 0xff, 0xff, 0x30,
    0xbf, 0xf9, 0x0, 0x11, 0x11, 0x11, 0x1e, 0xf3,
    0x0, 0x0, 0x0, 0x0, 0x0, 0x0, 0x0, 0x0,
    0x0,

    /* U+626C "扬" */
    0x0, 0x3f, 0xa0, 0xf, 0xff, 0xff, 0xff, 0xf4,
    0x0, 0x3, 0xfa, 0x0, 0xff, 0xff, 0xff, 0xff,
    0x40, 0x1, 0x5f, 0xb1, 0x0, 0x0, 0x1c, 0xff,
    0x80, 0x0, 0xef, 0xff, 0xf3, 0x0, 0x4e, 0xff,
    0x50, 0x0, 0xb, 0xdf, 0xec, 0x20, 0x7f, 0xfc,
    0x20, 0x0, 0x0, 0x3, 0xfa, 0x1, 0xbf, 0xfb,
    0x21, 0x11, 0x10, 0x0, 0x3f, 0xa0, 0x9f, 0xff,
    0xff, 0xff, 0xff, 0x40, 0x3, 0xfe, 0xb7, 0xcf,
    0xfc, 0xef, 0xce, 0xf3, 0x8, 0xdf, 0xff, 0x2,
    0xfb, 0xe, 0xe0, 0xbf, 0x20, 0xff, 0xfc, 0x20,
    0xaf, 0x63, 0xfa, 0xc, 0xf1, 0x7, 0x6f, 0xa0,
    0x4f, 0xd0, 0x9f, 0x60, 0xdf, 0x0, 0x3, 0xfa,
    0x3f, 0xf4, 0x2f, 0xe0, 0xe, 0xf0, 0x0, 0x3f,
    0xcf, 0xf7, 0xc, 0xf7, 0x0, 0xfe, 0x0, 0x5,
    0xfa, 0x77, 0xa, 0xfc, 0x0, 0x5f, 0xd0, 0x1f,
    0xff, 0xa0, 0xb, 0xfe, 0x3f, 0xff, 0xfa, 0x0,
    0xef, 0xe4, 0x0, 0x4d, 0x20, 0xbd, 0xc9, 0x10,
    0x0, 0x0, 0x0, 0x0, 0x0, 0x0, 0x0, 0x0,
    0x0,

    /* U+62A5 "报" */
    0x0, 0x2f, 0xb0, 0x2f, 0xff, 0xff, 0xff, 0xff,
    0x0, 0x2, 0xfb, 0x2, 0xff, 0xdd, 0xdd, 0xdf,
    0xe0, 0x1, 0x3f, 0xc1, 0x3f, 0xc0, 0x0, 0x1,
    0xfe, 0x0, 0xef, 0xff, 0xf8, 0xfc, 0x0, 0x0,
    0x3f, 0xd0, 0xc, 0xdf, 0xfd, 0x7f, 0xc0, 0xcf,
    0xff, 0xfa, 0x0, 0x2, 0xfb, 0x2, 0xfc, 0x5,
    0x88, 0x76, 0x10, 0x0, 0x2f, 0xb2, 0x3f, 0xfb,
    0xbb, 0xbb, 0xbb, 0x10, 0x3, 0xff, 0xf6, 0xff,
    0xff, 0xff, 0xff, 0xf1, 0x1c, 0xff, 0xfe, 0x5f,
    0xcb, 0xf5, 0x23, 0xfe, 0x1, 0xff, 0xfc, 0x2,
    0xfc, 0x4f, 0xa0, 0x6f, 0x80, 0x5, 0x3f, 0xb0,
    0x2f, 0xc0, 0xdf, 0x5e, 0xf2, 0x0, 0x2, 0xfb,
    0x2, 0xfc, 0x4, 0xff, 0xf7, 0x0, 0x0, 0x2f,
    0xb0, 0x2f, 0xc0, 0x1e, 0xff, 0x20, 0x0, 0x4,
    0xfb, 0x2, 0xfc, 0x4e, 0xff, 0xff, 0x70, 0xf,
    0xff, 0xa0, 0x2f, 0xff, 0xfa, 0x19, 0xff, 0xb0,
    0xcf, 0xe4, 0x2, 0xfc, 0xa6, 0x0, 0x4, 0xd3,
    0x0, 0x0, 0x0, 0x3, 0x20, 0x0, 0x0, 0x0,
    0x0,

    /* U+62AC "抬" */
    0x0, 0x0, 0x0, 0x0, 0x0, 0x0, 0x0, 0x0,
    0x0, 0x2, 0xfc, 0x0, 0x0, 0x4f, 0xa0, 0x0,
    0x0, 0x0, 0x2f, 0xc0, 0x0, 0xc, 0xf4, 0x2,
    0x0, 0x0, 0x35, 0xfd, 0x31, 0x5, 0xfb, 0x7,
    0xf5, 0x0, 0xe, 0xff, 0xff, 0x62, 0xff, 0x20,
    0x3f, 0xe1, 0x0, 0x9b, 0xfe, 0xa4, 0xcf, 0x70,
    0x1, 0xaf, 0x90, 0x0, 0x2f, 0xc0, 0x8f, 0xfe,
    0xff, 0xff, 0xff, 0x30, 0x2, 0xfc, 0x4, 0xff,
    0xff, 0xed, 0xcc, 0xfb, 0x0, 0x3f, 0xfe, 0x42,
    0x10, 0x0, 0x0, 0x8, 0x13, 0xdf, 0xff, 0xd4,
    0xbb, 0xbb, 0xbb, 0xbb, 0xa0, 0x2f, 0xef, 0xc0,
    0xf, 0xff, 0xff, 0xff, 0xfe, 0x0, 0x22, 0xfc,
    0x0, 0xff, 0x33, 0x33, 0x4f, 0xe0, 0x0, 0x2f,
    0xc0, 0xf, 0xf0, 0x0, 0x1, 0xfe, 0x0, 0x2,
    0xfc, 0x0, 0xff, 0x0, 0x0, 0x1f, 0xe0, 0x0,
    0x3f, 0xc0, 0xf, 0xfc, 0xcc, 0xcc, 0xfe, 0x2,
    0xef, 0xfb, 0x0, 0xff, 0xff, 0xff, 0xff, 0xe0,
    0xf, 0xfe, 0x50, 0xf, 0xf1, 0x11, 0x12, 0xfe,
    0x0, 0x0, 0x0, 0x0, 0x22, 0x0, 0x0, 0x2,
    0x20,

    /* U+62B5 "抵" */
    0x0, 0x4f, 0xb0, 0x0, 0x0, 0x0, 0x25, 0x8a,
    0x0, 0x0, 0x4f, 0xb0, 0x19, 0xac, 0xef, 0xff,
    0xff, 0x10, 0x1, 0x5f, 0xb1, 0x3f, 0xff, 0xff,
    0xfe, 0x96, 0x0, 0xe, 0xff, 0xff, 0x5f, 0xd5,
    0x35, 0xfb, 0x0, 0x0, 0xd, 0xff, 0xfe, 0x5f,
    0xc0, 0x3, 0xfb, 0x0, 0x0, 0x0, 0x4f, 0xb0,
    0x3f, 0xc0, 0x2, 0xfc, 0x0, 0x0, 0x0, 0x4f,
    0xb5, 0x3f, 0xff, 0xff, 0xff, 0xff, 0x90, 0x0,
    0x6f, 0xff, 0x4f, 0xff, 0xff, 0xff, 0xff, 0x90,
    0x3e, 0xff, 0xfd, 0x4f, 0xc0, 0x0, 0xdf, 0x10,
    0x0, 0x2f, 0xff, 0xb0, 0x3f, 0xc0, 0x0, 0xbf,
    0x20, 0x0, 0x4, 0x4f, 0xb0, 0x3f, 0xc0, 0x0,
    0x8f, 0x50, 0x0, 0x0, 0x4f, 0xb0, 0x3f, 0xc0,
    0x0, 0x5f, 0x80, 0x91, 0x0, 0x4f, 0xb0, 0x3f,
    0xda, 0x38, 0x2f, 0xc3, 0xf4, 0x1, 0x6f, 0xb0,
    0x4f, 0xff, 0x7f, 0x6d, 0xfa, 0xf1, 0x1f, 0xff,
    0xa0, 0x7f, 0xfa, 0x1c, 0xd7, 0xff, 0xc0, 0xe,
    0xfe, 0x40, 0x1c, 0x30, 0x6, 0xc1, 0xbe, 0x40,

    /* U+62BD "抽" */
    0x0, 0x3e, 0x90, 0x0, 0x0, 0xcf, 0x20, 0x0,
    0x0, 0x3, 0xfa, 0x0, 0x0, 0xc, 0xf2, 0x0,
    0x0, 0x0, 0x4f, 0xa0, 0x24, 0x44, 0xdf, 0x64,
    0x44, 0x0, 0xef, 0xff, 0xf8, 0xff, 0xff, 0xff,
    0xff, 0xf1, 0xc, 0xef, 0xfe, 0x8f, 0xc9, 0xef,
    0xa9, 0xef, 0x10, 0x3, 0xfa, 0x6, 0xf6, 0xc,
    0xf2, 0xd, 0xf1, 0x0, 0x3f, 0xa0, 0x6f, 0x60,
    0xcf, 0x20, 0xdf, 0x10, 0x3, 0xfe, 0xe7, 0xf6,
    0xc, 0xf2, 0xd, 0xf1, 0x19, 0xef, 0xff, 0x9f,
    0xff, 0xff, 0xff, 0xff, 0x11, 0xff, 0xfc, 0x26,
    0xfd, 0xcf, 0xfc, 0xcf, 0xf1, 0x8, 0x6f, 0xa0,
    0x6f, 0x60, 0xcf, 0x20, 0xdf, 0x10, 0x3, 0xfa,
    0x6, 0xf6, 0xc, 0xf2, 0xd, 0xf1, 0x0, 0x3f,
    0xa0, 0x6f, 0x60, 0xcf, 0x20, 0xdf, 0x10, 0x26,
    0xfa, 0x6, 0xfe, 0xdf, 0xfd, 0xdf, 0xf1, 0x1f,
    0xff, 0x90, 0x6f, 0xff, 0xff, 0xff, 0xff, 0x10,
    0xbc, 0xb2, 0x6, 0xf6, 0x0, 0x0, 0xd, 0xf1,

    /* U+62C9 "拉" */
    0x0, 0x0, 0x0, 0x0, 0x0, 0x0, 0x0, 0x0,
    0x0, 0x0, 0xfe, 0x0, 0x0, 0x8, 0xf9, 0x0,
    0x0, 0x0, 0xf, 0xe0, 0x0, 0x0, 0x6f, 0xd0,
    0x0, 0x0, 0x78, 0xff, 0x83, 0xbb, 0xbc, 0xff,
    0xbb, 0xb8, 0xf, 0xff, 0xff, 0x7f, 0xff, 0xff,
    0xff, 0xff, 0xb0, 0x66, 0xfe, 0x63, 0x33, 0x33,
    0x33, 0x33, 0x32, 0x0, 0xf, 0xe0, 0x2, 0x95,
    0x0, 0x3, 0xc6, 0x0, 0x0, 0xfe, 0x12, 0x6f,
    0xa0, 0x0, 0x6f, 0xa0, 0x0, 0xf, 0xff, 0x82,
    0xfe, 0x0, 0xa, 0xf6, 0x1, 0x8d, 0xff, 0xf9,
    0xd, 0xf2, 0x0, 0xef, 0x20, 0x1f, 0xff, 0xe4,
    0x0, 0x9f, 0x60, 0x2f, 0xd0, 0x0, 0xc7, 0xfe,
    0x0, 0x5, 0xfb, 0x7, 0xf9, 0x0, 0x0, 0xf,
    0xe0, 0x0, 0x1f, 0xf0, 0xbf, 0x40, 0x0, 0x0,
    0xfe, 0x0, 0x0, 0xa8, 0x1f, 0xf0, 0x0, 0x0,
    0x1f, 0xe0, 0x22, 0x22, 0x26, 0xfc, 0x22, 0x20,
    0xef, 0xfd, 0xe, 0xff, 0xff, 0xff, 0xff, 0xff,
    0xb, 0xff, 0x60, 0xbd, 0xdd, 0xdd, 0xdd, 0xdd,
    0xc0,

    /* U+62D6 "拖" */
    0x0, 0x0, 0x0, 0x0, 0x11, 0x0, 0x0, 0x0,
    0x0, 0x0, 0x3f, 0xa0, 0x0, 0xbf, 0x80, 0x0,
    0x0, 0x0, 0x0, 0x3f, 0xa0, 0x3, 0xff, 0x96,
    0x66, 0x66, 0x50, 0x1, 0x5f, 0xb2, 0xc, 0xff,
    0xff, 0xff, 0xff, 0xd0, 0xc, 0xff, 0xfe, 0x6f,
    0xe5, 0x58, 0x75, 0x55, 0x40, 0x9, 0xdf, 0xec,
    0xff, 0x40, 0x2f, 0xa0, 0x0, 0x0, 0x0, 0x3f,
    0xa0, 0x8f, 0x90, 0x2f, 0xa2, 0x7c, 0x20, 0x0,
    0x3f, 0xa0, 0xe, 0xe1, 0x5f, 0xff, 0xff, 0x20,
    0x0, 0x3f, 0xeb, 0x3e, 0xff, 0xff, 0xfa, 0xcf,
    0x10, 0x9, 0xef, 0xfd, 0xdf, 0xfb, 0x8f, 0xa0,
    0xaf, 0x10, 0xf, 0xff, 0xc1, 0x6e, 0xe0, 0x2f,
    0xa0, 0xbf, 0x0, 0x6, 0x5f, 0xa0, 0xd, 0xe0,
    0x2f, 0xbd, 0xff, 0x0, 0x0, 0x3f, 0xa0, 0xd,
    0xe0, 0x2f, 0xab, 0xc8, 0x0, 0x0, 0x3f, 0xa0,
    0xd, 0xe0, 0x2f, 0xa0, 0xb, 0xe0, 0x0, 0x3f,
    0xa0, 0xd, 0xf0, 0x4, 0x20, 0xd, 0xf0, 0xc,
    0xef, 0xa0, 0xc, 0xfd, 0xcc, 0xcc, 0xdf, 0xd0,
    0xd, 0xff, 0x50, 0x5, 0xef, 0xff, 0xff, 0xfd,
    0x40, 0x2, 0x21, 0x0, 0x0, 0x0, 0x0, 0x0,
    0x0, 0x0,

    /* U+62DF "拟" */
    0x0, 0x3f, 0xb0, 0x3, 0x28, 0xb0, 0xb, 0xf3,
    0x0, 0x3, 0xfb, 0x2, 0xfa, 0x7f, 0x40, 0xbf,
    0x20, 0x0, 0x4f, 0xb0, 0x2f, 0xa1, 0xfd, 0xb,
    0xf2, 0x0, 0xdf, 0xff, 0xf3, 0xfa, 0x9, 0xf5,
    0xcf, 0x10, 0xc, 0xff, 0xff, 0x3f, 0xa0, 0x2b,
    0x1c, 0xf1, 0x0, 0x3, 0xfb, 0x2, 0xfa, 0x0,
    0x0, 0xdf, 0x0, 0x0, 0x3f, 0xb3, 0x2f, 0xa0,
    0x0, 0xe, 0xf0, 0x0, 0x4, 0xff, 0xf3, 0xfa,
    0x0, 0x0, 0xfe, 0x0, 0x1b, 0xff, 0xfc, 0x3f,
    0xa0, 0x82, 0x3f, 0xb0, 0x0, 0xff, 0xfb, 0x2,
    0xfa, 0x9f, 0x97, 0xf8, 0x0, 0x5, 0x4f, 0xb0,
    0x2f, 0xff, 0xd2, 0xdf, 0x50, 0x0, 0x3, 0xfb,
    0x3, 0xff, 0xd1, 0x6f, 0xfd, 0x0, 0x0, 0x3f,
    0xb0, 0x4f, 0xc1, 0x3f, 0xfe, 0xf8, 0x0, 0x5,
    0xfb, 0x0, 0x40, 0x4f, 0xf9, 0x2f, 0xf3, 0x1f,
    0xff, 0xa0, 0x0, 0x3f, 0xfb, 0x0, 0x8f, 0x90,
    0xef, 0xd3, 0x0, 0x0, 0xb9, 0x0, 0x0, 0x80,
    0x0, 0x0, 0x0, 0x0, 0x0, 0x0, 0x0, 0x0,
    0x0,

    /* U+6301 "持" */
    0x0, 0x3f, 0xb0, 0x0, 0x0, 0x4f, 0xc0, 0x0,
    0x0, 0x0, 0x3f, 0xb0, 0x1, 0x22, 0x5f, 0xc2,
    0x22, 0x0, 0x2, 0x4f, 0xc2, 0xc, 0xff, 0xff,
    0xff, 0xff, 0x50, 0xe, 0xff, 0xff, 0x49, 0xcc,
    0xdf, 0xfc, 0xcc, 0x40, 0x9, 0xbf, 0xea, 0x20,
    0x0, 0x4f, 0xc0, 0x0, 0x0, 0x0, 0x3f, 0xb0,
    0x9e, 0xee, 0xef, 0xfe, 0xee, 0xe2, 0x0, 0x3f,
    0xb1, 0xbf, 0xff, 0xff, 0xff, 0xff, 0xf3, 0x0,
    0x3f, 0xff, 0x10, 0x0, 0x0, 0xf, 0xf1, 0x0,
    0x19, 0xef, 0xff, 0x43, 0x33, 0x33, 0x3f, 0xf4,
    0x30, 0x3f, 0xff, 0xd4, 0x8f, 0xff, 0xff, 0xff,
    0xff, 0xf0, 0x1a, 0x7f, 0xb0, 0x5b, 0xeb, 0xbb,
    0xbf, 0xfb, 0xb0, 0x0, 0x3f, 0xb0, 0x8, 0xf9,
    0x0, 0xf, 0xf1, 0x0, 0x0, 0x3f, 0xb0, 0x3,
    0xef, 0x90, 0xf, 0xf1, 0x0, 0x0, 0x3f, 0xb0,
    0x0, 0x2c, 0x20, 0x1f, 0xf0, 0x0, 0xf, 0xff,
    0xa0, 0x0, 0x0, 0xff, 0xff, 0xf0, 0x0, 0xc,
    0xfe, 0x40, 0x0, 0x0, 0xef, 0xfe, 0x70, 0x0,

    /* U+6307 "指" */
    0x0, 0x3f, 0xb0, 0x1e, 0xd0, 0x0, 0x0, 0x53,
    0x0, 0x3, 0xfb, 0x1, 0xfe, 0x3, 0x7b, 0xff,
    0xa0, 0x5, 0x7f, 0xc5, 0x2f, 0xff, 0xff, 0xfd,
    0x94, 0x0, 0xef, 0xff, 0xf6, 0xff, 0xc9, 0x51,
    0x3, 0xe8, 0x8, 0xaf, 0xd8, 0x3f, 0xf0, 0x0,
    0x0, 0x5f, 0x90, 0x3, 0xfb, 0x0, 0xff, 0xff,
    0xff, 0xff, 0xf7, 0x0, 0x3f, 0xb2, 0x4, 0xbc,
    0xcc, 0xcc, 0xc9, 0x0, 0x3, 0xff, 0xf2, 0x0,
    0x0, 0x0, 0x0, 0x0, 0x17, 0xdf, 0xff, 0x5f,
    0xff, 0xff, 0xff, 0xff, 0x3, 0xff, 0xfd, 0x31,
    0xff, 0xaa, 0xaa, 0xaf, 0xf0, 0xa, 0x8f, 0xb0,
    0x1f, 0xe0, 0x0, 0x1, 0xff, 0x0, 0x3, 0xfb,
    0x1, 0xff, 0xff, 0xff, 0xff, 0xf0, 0x0, 0x3f,
    0xb0, 0x1f, 0xfa, 0xaa, 0xaa, 0xff, 0x0, 0x4,
    0xfb, 0x1, 0xfe, 0x0, 0x0, 0x1f, 0xf0, 0x1f,
    0xff, 0xa0, 0x1f, 0xff, 0xff, 0xff, 0xff, 0x0,
    0xef, 0xe4, 0x1, 0xff, 0xaa, 0xaa, 0xaf, 0xf0,
    0x0, 0x0, 0x0, 0x2, 0x20, 0x0, 0x0, 0x22,
    0x0,

    /* U+6362 "换" */
    0x0, 0x0, 0x0, 0x0, 0x1, 0x0, 0x0, 0x0,
    0x0, 0x0, 0x5f, 0x80, 0x0, 0x6f, 0x70, 0x0,
    0x0, 0x0, 0x0, 0x5f, 0x80, 0x0, 0xef, 0xdc,
    0xcc, 0xc1, 0x0, 0x1, 0x6f, 0x92, 0x8, 0xff,
    0xff, 0xff, 0xf1, 0x0, 0xf, 0xff, 0xff, 0x4f,
    0xe1, 0x0, 0xbf, 0x90, 0x0, 0xe, 0xff, 0xff,
    0xef, 0x60, 0x8, 0xfd, 0x10, 0x0, 0x0, 0x5f,
    0x83, 0xff, 0xff, 0xff, 0xff, 0xff, 0x10, 0x0,
    0x5f, 0x80, 0x5f, 0xdb, 0xef, 0xbb, 0xef, 0x10,
    0x0, 0x5f, 0xeb, 0x3f, 0x70, 0xcf, 0x10, 0xbf,
    0x10, 0xb, 0xff, 0xfe, 0x3f, 0x70, 0xcf, 0x10,
    0xbf, 0x10, 0xe, 0xff, 0xa4, 0xbf, 0xda, 0xef,
    0xba, 0xef, 0xb0, 0x4, 0x5f, 0x86, 0xff, 0xff,
    0xff, 0xff, 0xff, 0xf0, 0x0, 0x5f, 0x80, 0x22,
    0x27, 0xff, 0xc2, 0x22, 0x20, 0x0, 0x5f, 0x80,
    0x0, 0x4f, 0xfd, 0xfa, 0x0, 0x0, 0x1, 0x7f,
    0x80, 0x3b, 0xff, 0x91, 0xdf, 0xe6, 0x0, 0xf,
    0xff, 0x8a, 0xff, 0xf7, 0x0, 0x1b, 0xff, 0xe0,
    0xd, 0xfd, 0x23, 0xe8, 0x10, 0x0, 0x0, 0x5c,
    0x90, 0x0, 0x0, 0x0, 0x0, 0x0, 0x0, 0x0,
    0x0, 0x0,

    /* U+6392 "排" */
    0x1, 0xfd, 0x0, 0x1, 0xeb, 0xd, 0xf1, 0x0,
    0x0, 0x1f, 0xe0, 0x0, 0x1f, 0xd0, 0xdf, 0x10,
    0x0, 0x2, 0xfe, 0x2, 0x56, 0xfd, 0xd, 0xf6,
    0x55, 0xa, 0xff, 0xfe, 0x6f, 0xff, 0xd0, 0xdf,
    0xff, 0xf0, 0x9f, 0xff, 0xe3, 0x9a, 0xfd, 0xd,
    0xf9, 0x98, 0x0, 0x1f, 0xe0, 0x0, 0x1f, 0xd0,
    0xdf, 0x10, 0x0, 0x1, 0xfe, 0x10, 0x1, 0xfd,
    0xd, 0xf1, 0x0, 0x0, 0x1f, 0xff, 0x8f, 0xff,
    0xd0, 0xdf, 0xff, 0xa0, 0x5c, 0xff, 0xf9, 0xdd,
    0xfd, 0xd, 0xfd, 0xd9, 0xc, 0xff, 0xe1, 0x0,
    0x1f, 0xd0, 0xdf, 0x10, 0x0, 0x55, 0xfe, 0x0,
    0x1, 0xfd, 0xd, 0xf1, 0x0, 0x0, 0x1f, 0xe0,
    0xef, 0xff, 0xd0, 0xdf, 0xff, 0xf2, 0x1, 0xfe,
    0xd, 0xff, 0xfd, 0xd, 0xff, 0xff, 0x20, 0x2f,
    0xe0, 0x0, 0x1f, 0xd0, 0xdf, 0x10, 0x0, 0xdf,
    0xfd, 0x0, 0x1, 0xfd, 0xd, 0xf1, 0x0, 0xa,
    0xfe, 0x70, 0x0, 0x1f, 0xd0, 0xdf, 0x10, 0x0,

    /* U+63A5 "接" */
    0x0, 0x0, 0x0, 0x0, 0x0, 0x13, 0x20, 0x0,
    0x0, 0x2, 0xfb, 0x0, 0x0, 0xa, 0xfb, 0x0,
    0x0, 0x0, 0x2f, 0xb0, 0x3b, 0xbb, 0xdf, 0xfb,
    0xbb, 0x50, 0x36, 0xfc, 0x45, 0xff, 0xff, 0xff,
    0xff, 0xf7, 0xd, 0xff, 0xff, 0x10, 0xaf, 0x20,
    0xf, 0xd0, 0x0, 0x7a, 0xfe, 0x90, 0x7, 0xf6,
    0x4, 0xf9, 0x0, 0x0, 0x2f, 0xb0, 0xad, 0xdf,
    0xed, 0xef, 0xed, 0xc0, 0x2, 0xfb, 0x1c, 0xff,
    0xff, 0xff, 0xff, 0xfe, 0x0, 0x3f, 0xff, 0x0,
    0xb, 0xb1, 0x0, 0x0, 0x1, 0xcf, 0xff, 0xd8,
    0x9a, 0xff, 0x99, 0x99, 0x99, 0xf, 0xff, 0xb0,
    0xff, 0xff, 0xff, 0xff, 0xff, 0xf0, 0x43, 0xfb,
    0x1, 0x5f, 0xd1, 0x13, 0xfe, 0x11, 0x0, 0x2f,
    0xb0, 0xc, 0xfe, 0x71, 0xbf, 0x70, 0x0, 0x2,
    0xfb, 0x0, 0x29, 0xff, 0xff, 0xd0, 0x0, 0x0,
    0x3f, 0xb0, 0x1, 0x5b, 0xff, 0xff, 0x92, 0x0,
    0xef, 0xfa, 0x3d, 0xff, 0xfe, 0x77, 0xef, 0xf8,
    0xc, 0xfe, 0x41, 0xfe, 0xa5, 0x0, 0x0, 0x8f,
    0x60, 0x0, 0x0, 0x1, 0x0, 0x0, 0x0, 0x0,
    0x10,

    /* U+63A7 "控" */
    0x0, 0x0, 0x0, 0x0, 0x0, 0x0, 0x0, 0x0,
    0x0, 0x0, 0x2f, 0xc0, 0x0, 0x0, 0x8f, 0x90,
    0x0, 0x0, 0x0, 0x2f, 0xc0, 0x24, 0x44, 0x8f,
    0xe4, 0x44, 0x40, 0x1, 0x3f, 0xc1, 0x7f, 0xff,
    0xff, 0xff, 0xff, 0xd0, 0xd, 0xff, 0xff, 0x8f,
    0xc9, 0x99, 0x99, 0xaf, 0xd0, 0xb, 0xdf, 0xfd,
    0x8f, 0x70, 0x10, 0x4, 0x1f, 0xd0, 0x0, 0x2f,
    0xc0, 0x13, 0x3c, 0xc0, 0x8f, 0x93, 0x20, 0x0,
    0x2f, 0xc3, 0x5, 0xef, 0xb0, 0x3e, 0xfc, 0x10,
    0x0, 0x3f, 0xff, 0x5f, 0xf8, 0x0, 0x1, 0xbf,
    0xc0, 0xa, 0xff, 0xfe, 0x1a, 0x40, 0x0, 0x0,
    0x9, 0x40, 0xf, 0xff, 0xc0, 0xf, 0xff, 0xff,
    0xff, 0xff, 0x30, 0x7, 0x5f, 0xc0, 0xd, 0xee,
    0xef, 0xfe, 0xee, 0x20, 0x0, 0x2f, 0xc0, 0x0,
    0x0, 0x3f, 0xc0, 0x0, 0x0, 0x0, 0x2f, 0xc0,
    0x0, 0x0, 0x3f, 0xc0, 0x0, 0x0, 0x0, 0x3f,
    0xc0, 0x0, 0x0, 0x4f, 0xc0, 0x0, 0x0, 0xe,
    0xff, 0xb0, 0xff, 0xff, 0xff, 0xff, 0xff, 0xf0,
    0xc, 0xfe, 0x40, 0xdd, 0xdd, 0xdd, 0xdd, 0xdd,
    0xd0,

    /* U+63D0 "提" */
    0x0, 0x4f, 0xa0, 0xe, 0xff, 0xff, 0xff, 0xfd,
    0x0, 0x0, 0x4f, 0xa0, 0xe, 0xf8, 0x88, 0x88,
    0xfd, 0x0, 0x1, 0x5f, 0xa2, 0xe, 0xf0, 0x0,
    0x0, 0xfd, 0x0, 0xe, 0xff, 0xff, 0x1e, 0xff,
    0xff, 0xff, 0xfd, 0x0, 0xb, 0xdf, 0xed, 0xe,
    0xf5, 0x55, 0x55, 0xfd, 0x0, 0x0, 0x4f, 0xa0,
    0xe, 0xf8, 0x88, 0x88, 0xfd, 0x0, 0x0, 0x4f,
    0xa4, 0xe, 0xff, 0xff, 0xff, 0xfd, 0x0, 0x0,
    0x5f, 0xfe, 0x0, 0x0, 0x0, 0x0, 0x0, 0x0,
    0x1d, 0xff, 0xfb, 0xff, 0xff, 0xff, 0xff, 0xff,
    0xf2, 0xf, 0xff, 0xa0, 0xbb, 0xbb, 0xbf, 0xeb,
    0xbb, 0xb1, 0x5, 0x4f, 0xa0, 0xd, 0xb0, 0x2f,
    0xc0, 0x0, 0x0, 0x0, 0x4f, 0xa0, 0x2f, 0xd0,
    0x2f, 0xff, 0xff, 0x80, 0x0, 0x4f, 0xa0, 0x8f,
    0xf2, 0x2f, 0xea, 0xaa, 0x50, 0x0, 0x6f, 0xa2,
    0xff, 0xfe, 0x6f, 0xc0, 0x0, 0x0, 0xe, 0xff,
    0xad, 0xf7, 0x4f, 0xff, 0xfe, 0xee, 0xe3, 0xb,
    0xfe, 0x5c, 0xa0, 0x2, 0x8b, 0xcd, 0xdd, 0xc0,
    0x0, 0x0, 0x0, 0x0, 0x0, 0x0, 0x0, 0x0,
    0x0,

    /* U+63D2 "插" */
    0x0, 0x0, 0x0, 0x0, 0x0, 0x0, 0x0, 0x0,
    0x0, 0x5, 0xf7, 0xb, 0xff, 0xff, 0xff, 0xff,
    0xf1, 0x0, 0x5f, 0x70, 0x8c, 0xba, 0xef, 0x75,
    0x31, 0x0, 0xde, 0xff, 0x90, 0x0, 0xd, 0xf1,
    0x0, 0x0, 0xe, 0xff, 0xfa, 0x0, 0x0, 0xdf,
    0x10, 0x0, 0x0, 0xce, 0xfe, 0xaf, 0xff, 0xff,
    0xff, 0xff, 0xfc, 0x0, 0x5f, 0x70, 0xaa, 0xaa,
    0xff, 0xaa, 0xaa, 0x80, 0x5, 0xfa, 0x50, 0x5,
    0x5d, 0xf1, 0x0, 0x0, 0x0, 0x8f, 0xfa, 0xaf,
    0xfc, 0xdf, 0x8f, 0xff, 0x11, 0xff, 0xfe, 0x6d,
    0xf8, 0x3d, 0xf6, 0xbe, 0xf1, 0xf, 0xdf, 0x70,
    0xdf, 0x0, 0xdf, 0x10, 0xbf, 0x10, 0x15, 0xf7,
    0xd, 0xfb, 0x7d, 0xf5, 0xbe, 0xf1, 0x0, 0x5f,
    0x70, 0xdf, 0xfa, 0xdf, 0x7f, 0xff, 0x10, 0x5,
    0xf7, 0xd, 0xf0, 0xd, 0xf1, 0xb, 0xf1, 0x0,
    0x6f, 0x70, 0xdf, 0x0, 0xdf, 0x10, 0xbf, 0x11,
    0xef, 0xf7, 0xd, 0xff, 0xff, 0xff, 0xff, 0xf1,
    0xe, 0xfd, 0x20, 0xdf, 0x99, 0x99, 0x99, 0xef,
    0x10, 0x0, 0x0, 0x0, 0x0, 0x0, 0x0, 0x0,
    0x0,

    /* U+641C "搜" */
    0x0, 0x4d, 0x60, 0x0, 0x34, 0xcf, 0x10, 0x0,
    0x0, 0x5, 0xf8, 0x8, 0xef, 0xec, 0xf8, 0xff,
    0xf1, 0x2, 0x7f, 0x92, 0xbf, 0x82, 0xcf, 0x58,
    0xdf, 0x10, 0xef, 0xff, 0xcb, 0xf3, 0x1c, 0xf2,
    0x2b, 0xf1, 0xb, 0xdf, 0xe9, 0xbf, 0xfc, 0xcf,
    0x8f, 0xff, 0x10, 0x5, 0xf8, 0xb, 0xf6, 0x4c,
    0xf3, 0x6c, 0xf1, 0x0, 0x5f, 0xa6, 0xbf, 0x88,
    0xef, 0x88, 0xdf, 0x10, 0x7, 0xff, 0xcb, 0xff,
    0xff, 0xff, 0xff, 0xf1, 0xc, 0xff, 0xf9, 0x0,
    0x0, 0xcf, 0x10, 0x0, 0x0, 0xff, 0xf8, 0x6,
    0xaa, 0xae, 0xfa, 0xaa, 0x70, 0x7, 0x7f, 0x80,
    0xaf, 0xff, 0xff, 0xff, 0xfc, 0x0, 0x5, 0xf8,
    0x2, 0xef, 0x80, 0x5, 0xff, 0x40, 0x0, 0x5f,
    0x80, 0x2, 0xdf, 0xba, 0xfe, 0x40, 0x0, 0x5,
    0xf8, 0x0, 0x27, 0xff, 0xff, 0x82, 0x0, 0xd,
    0xff, 0x7a, 0xef, 0xff, 0xbb, 0xff, 0xff, 0xb0,
    0xdf, 0xd2, 0xaf, 0xb6, 0x10, 0x2, 0x7c, 0xf9,
    0x0, 0x0, 0x1, 0x0, 0x0, 0x0, 0x0, 0x0,
    0x10,

    /* U+6444 "摄" */
    0x0, 0x5f, 0x82, 0xff, 0xff, 0xff, 0xff, 0xff,
    0xa0, 0x0, 0x5f, 0x81, 0x8f, 0xe8, 0x88, 0x8c,
    0xfb, 0x50, 0x0, 0x6f, 0x80, 0xf, 0xd4, 0x44,
    0x49, 0xf5, 0x0, 0xc, 0xff, 0xfe, 0xf, 0xff,
    0xff, 0xff, 0xf5, 0x0, 0xa, 0xef, 0xfc, 0xf,
    0xc2, 0x22, 0x28, 0xf5, 0x0, 0x0, 0x5f, 0x80,
    0xf, 0xff, 0xff, 0xff, 0xf5, 0x0, 0x0, 0x5f,
    0x94, 0xf, 0xc2, 0x22, 0x29, 0xf7, 0x20, 0x0,
    0x6f, 0xfc, 0xcf, 0xfe, 0xff, 0xff, 0xff, 0xc0,
    0xd, 0xff, 0xd5, 0x98, 0x76, 0x65, 0x47, 0xb6,
    0x20, 0xf, 0xff, 0x83, 0x99, 0x99, 0x68, 0x99,
    0x99, 0x40, 0x5, 0x6f, 0x85, 0xff, 0xff, 0xae,
    0xff, 0xff, 0x70, 0x0, 0x5f, 0x81, 0xd6, 0x5f,
    0x6a, 0xe1, 0x8f, 0x20, 0x0, 0x5f, 0x81, 0xaf,
    0xfd, 0x2, 0xfc, 0xf9, 0x0, 0x0, 0x7f, 0x80,
    0x4f, 0xfe, 0x30, 0xbf, 0xf2, 0x0, 0xe, 0xff,
    0x9a, 0xfe, 0x6c, 0x9e, 0xfb, 0xff, 0xa0, 0xb,
    0xfd, 0x3b, 0xb1, 0x0, 0xad, 0x40, 0x2b, 0x90,
    0x0, 0x0, 0x0, 0x0, 0x0, 0x0, 0x0, 0x0,
    0x0,

    /* U+64AD "播" */
    0x0, 0x0, 0x0, 0x0, 0x0, 0x0, 0x0, 0x0,
    0x0, 0x0, 0x8f, 0x40, 0xff, 0xff, 0xff, 0xff,
    0xff, 0x10, 0x0, 0x8f, 0x40, 0x9e, 0xa7, 0xef,
    0x35, 0xb1, 0x0, 0x9, 0xdf, 0xc5, 0x4f, 0xb0,
    0xef, 0xb, 0xf4, 0x0, 0xe, 0xff, 0xf7, 0xb,
    0xf2, 0xef, 0x2f, 0xc0, 0x0, 0xb, 0xef, 0xd9,
    0x9b, 0xd9, 0xff, 0x9d, 0xb9, 0x50, 0x0, 0x8f,
    0x45, 0xff, 0xff, 0xff, 0xff, 0xff, 0x90, 0x0,
    0x8f, 0x83, 0x3, 0xdf, 0xff, 0xff, 0x50, 0x0,
    0x0, 0xaf, 0xf9, 0x9f, 0xf4, 0xef, 0x4f, 0xfb,
    0x30, 0x3f, 0xff, 0xed, 0xfe, 0x53, 0x78, 0x35,
    0xef, 0xd0, 0x1f, 0xff, 0x42, 0xef, 0xff, 0xff,
    0xff, 0xfe, 0x40, 0x3, 0x8f, 0x40, 0xbf, 0x44,
    0xde, 0x44, 0xfd, 0x0, 0x0, 0x8f, 0x40, 0xbf,
    0x55, 0xee, 0x55, 0xfd, 0x0, 0x0, 0x8f, 0x40,
    0xbf, 0xff, 0xff, 0xff, 0xfd, 0x0, 0x0, 0x9f,
    0x40, 0xbf, 0x0, 0xde, 0x0, 0xfd, 0x0, 0x1f,
    0xff, 0x40, 0xbf, 0xee, 0xff, 0xee, 0xfd, 0x0,
    0xe, 0xfc, 0x0, 0xbf, 0x88, 0x88, 0x88, 0xfd,
    0x0,

    /* U+64CD "操" */
    0x0, 0x8f, 0x50, 0xc, 0xcc, 0xcc, 0xcc, 0xc1,
    0x0, 0x8, 0xf5, 0x1, 0xff, 0xcc, 0xcc, 0xff,
    0x20, 0x2, 0x9f, 0x71, 0x1f, 0xe1, 0x11, 0x1d,
    0xf2, 0x0, 0xef, 0xff, 0x91, 0xff, 0xff, 0xff,
    0xff, 0x20, 0xb, 0xef, 0xd7, 0x5, 0x55, 0x55,
    0x55, 0x50, 0x0, 0x8, 0xf5, 0x1f, 0xff, 0xf9,
    0x7f, 0xff, 0xf1, 0x0, 0x8f, 0x73, 0xfc, 0x8e,
    0xa7, 0xf8, 0xbf, 0x10, 0x9, 0xff, 0x8f, 0xa3,
    0xea, 0x7e, 0x39, 0xf1, 0x2d, 0xff, 0xf7, 0xff,
    0xff, 0xa7, 0xff, 0xff, 0x12, 0xfe, 0xf5, 0x3,
    0x33, 0x3b, 0xd4, 0x33, 0x30, 0x1, 0x8f, 0x57,
    0xff, 0xff, 0xff, 0xff, 0xff, 0x70, 0x8, 0xf5,
    0x6d, 0xdd, 0xff, 0xff, 0xdd, 0xd6, 0x0, 0x8f,
    0x50, 0x2, 0xbf, 0xff, 0xfc, 0x20, 0x0, 0x9,
    0xf5, 0x28, 0xff, 0x9d, 0xf8, 0xff, 0x92, 0x1f,
    0xff, 0x5f, 0xfe, 0x50, 0xdf, 0x14, 0xdf, 0xa0,
    0xef, 0xc0, 0x88, 0x0, 0xd, 0xf1, 0x0, 0x63,

    /* U+6536 "收" */
    0x0, 0x0, 0x0, 0x0, 0x0, 0x0, 0x0, 0x0,
    0x0, 0x0, 0x0, 0x1f, 0xe0, 0x5, 0xfa, 0x0,
    0x0, 0x0, 0x3, 0x40, 0x1f, 0xe0, 0xa, 0xf6,
    0x0, 0x0, 0x0, 0xa, 0xf3, 0x1f, 0xe0, 0x1f,
    0xfe, 0xee, 0xee, 0xc0, 0xa, 0xf3, 0x1f, 0xe0,
    0x9f, 0xff, 0xff, 0xff, 0xe0, 0xa, 0xf3, 0x1f,
    0xe2, 0xff, 0x52, 0x28, 0xf9, 0x20, 0xa, 0xf3,
    0x1f, 0xeb, 0xff, 0x60, 0x8, 0xf5, 0x0, 0xa,
    0xf3, 0x1f, 0xff, 0xff, 0xa0, 0xc, 0xf2, 0x0,
    0xa, 0xf3, 0x1f, 0xe7, 0x6e, 0xf0, 0x1f, 0xe0,
    0x0, 0xa, 0xf3, 0x1f, 0xe0, 0x8, 0xf8, 0x7f,
    0x90, 0x0, 0xa, 0xf6, 0xaf, 0xe0, 0x2, 0xff,
    0xef, 0x20, 0x0, 0xd, 0xff, 0xff, 0xe0, 0x0,
    0x9f, 0xfa, 0x0, 0x0, 0xd, 0xfe, 0x9f, 0xe0,
    0x0, 0x8f, 0xfb, 0x0, 0x0, 0x4, 0x50, 0x1f,
    0xe0, 0x9, 0xff, 0xff, 0xc1, 0x0, 0x0, 0x0,
    0x1f, 0xe2, 0xcf, 0xf5, 0x4f, 0xff, 0x60, 0x0,
    0x0, 0x1f, 0xee, 0xff, 0x50, 0x4, 0xef, 0xc0,
    0x0, 0x0, 0x1f, 0xe5, 0xd2, 0x0, 0x0, 0x1c,
    0x30, 0x0, 0x0, 0x0, 0x0, 0x0, 0x0, 0x0,
    0x0, 0x0,

    /* U+653E "放" */
    0x0, 0x0, 0x25, 0x0, 0x0, 0x13, 0x0, 0x0,
    0x0, 0x0, 0x0, 0xff, 0x10, 0x0, 0x6f, 0xb0,
    0x0, 0x0, 0x0, 0x0, 0xcf, 0x60, 0x0, 0xbf,
    0x60, 0x0, 0x0, 0xa, 0xee, 0xff, 0xfe, 0xd1,
    0xff, 0xdc, 0xcc, 0xc0, 0xc, 0xff, 0xff, 0xff,
    0xe8, 0xff, 0xff, 0xff, 0xf1, 0x0, 0x4f, 0xa0,
    0x0, 0x1e, 0xf7, 0x34, 0xfe, 0x30, 0x0, 0x4f,
    0x90, 0x0, 0x9f, 0xf5, 0x2, 0xfb, 0x0, 0x0,
    0x5f, 0xfe, 0xee, 0xff, 0xf8, 0x5, 0xf9, 0x0,
    0x0, 0x5f, 0xff, 0xff, 0x7a, 0xfd, 0x9, 0xf5,
    0x0, 0x0, 0x6f, 0x81, 0x9f, 0x40, 0xbf, 0x4e,
    0xf1, 0x0, 0x0, 0x7f, 0x60, 0x9f, 0x30, 0x6f,
    0xef, 0xb0, 0x0, 0x0, 0x9f, 0x50, 0x9f, 0x20,
    0xf, 0xff, 0x50, 0x0, 0x0, 0xbf, 0x30, 0xaf,
    0x20, 0xb, 0xff, 0x10, 0x0, 0x0, 0xff, 0x0,
    0xbf, 0x10, 0x7f, 0xff, 0xc0, 0x0, 0x5, 0xfb,
    0x1, 0xef, 0x18, 0xff, 0x9f, 0xfb, 0x10, 0xd,
    0xf7, 0xff, 0xff, 0xbf, 0xf8, 0x5, 0xff, 0xd1,
    0xc, 0xd0, 0xef, 0xe6, 0xcf, 0x70, 0x0, 0x5f,
    0xa0, 0x0, 0x30, 0x0, 0x0, 0x24, 0x0, 0x0,
    0x2, 0x10,

    /* U+6548 "效" */
    0x0, 0x0, 0xbd, 0x0, 0x0, 0x3d, 0x90, 0x0,
    0x0, 0x0, 0x0, 0xdf, 0x30, 0x0, 0x7f, 0x80,
    0x0, 0x0, 0xc, 0xdd, 0xff, 0xed, 0xd2, 0xcf,
    0x73, 0x33, 0x30, 0xe, 0xff, 0xff, 0xff, 0xf5,
    0xff, 0xff, 0xff, 0xe0, 0x0, 0x6, 0x0, 0x60,
    0x9, 0xfd, 0xcc, 0xff, 0xb0, 0x0, 0x6f, 0x89,
    0xf6, 0x1f, 0xf7, 0x2, 0xfa, 0x0, 0x1, 0xef,
    0x11, 0xef, 0x7f, 0xfa, 0x5, 0xf7, 0x0, 0xc,
    0xf6, 0x0, 0x4f, 0xd9, 0xee, 0x9, 0xf4, 0x0,
    0x1e, 0xa4, 0x3, 0xdd, 0xe2, 0xaf, 0x4e, 0xf0,
    0x0, 0x1, 0x7f, 0x99, 0xf6, 0x10, 0x5f, 0xdf,
    0xb0, 0x0, 0x0, 0x1e, 0xff, 0xf0, 0x0, 0xe,
    0xff, 0x50, 0x0, 0x0, 0x3, 0xff, 0x90, 0x0,
    0x9, 0xff, 0x0, 0x0, 0x0, 0x7, 0xff, 0xf4,
    0x0, 0x4f, 0xff, 0xb0, 0x0, 0x0, 0x8f, 0xfa,
    0xff, 0x25, 0xff, 0x8f, 0xfb, 0x0, 0x1c, 0xff,
    0x40, 0xac, 0x9f, 0xf8, 0x4, 0xff, 0xc0, 0xc,
    0xe4, 0x0, 0x1, 0xdf, 0x70, 0x0, 0x4f, 0x80,
    0x2, 0x10, 0x0, 0x0, 0x15, 0x0, 0x0, 0x3,
    0x0,

    /* U+6563 "散" */
    0x0, 0x0, 0x0, 0x0, 0x0, 0x0, 0x0, 0x0,
    0x0, 0x0, 0x5f, 0x80, 0xaf, 0x20, 0x9, 0xf4,
    0x0, 0x0, 0x8, 0xdf, 0xec, 0xef, 0xc5, 0xd,
    0xf0, 0x0, 0x0, 0x8, 0xdf, 0xdb, 0xef, 0xc5,
    0x2f, 0xfe, 0xee, 0xe2, 0x0, 0x5f, 0x80, 0xaf,
    0x20, 0x9f, 0xff, 0xff, 0xf2, 0xe, 0xef, 0xfe,
    0xff, 0xeb, 0xff, 0x32, 0xbf, 0x30, 0xe, 0xee,
    0xee, 0xee, 0xef, 0xff, 0x30, 0xce, 0x0, 0x0,
    0x0, 0x0, 0x0, 0xa, 0xff, 0x50, 0xfc, 0x0,
    0x3, 0xff, 0xff, 0xff, 0xf6, 0xaf, 0x93, 0xf9,
    0x0, 0x3, 0xfd, 0x88, 0x8e, 0xf1, 0xf, 0xe7,
    0xf5, 0x0, 0x3, 0xfd, 0x77, 0x7d, 0xf1, 0xb,
    0xfe, 0xf1, 0x0, 0x3, 0xff, 0xff, 0xff, 0xf1,
    0x5, 0xff, 0xa0, 0x0, 0x3, 0xfb, 0x11, 0x1c,
    0xf1, 0x1, 0xff, 0x60, 0x0, 0x3, 0xff, 0xff,
    0xff, 0xf1, 0x1d, 0xff, 0xf3, 0x0, 0x3, 0xfc,
    0x55, 0x5d, 0xf3, 0xdf, 0xca, 0xff, 0x40, 0x3,
    0xfa, 0x8, 0x9f, 0xfe, 0xfd, 0x10, 0xbf, 0xe0,
    0x3, 0xfa, 0xc, 0xff, 0xa7, 0xc1, 0x0, 0xa,
    0x60, 0x0, 0x11, 0x0, 0x0, 0x0, 0x0, 0x0,
    0x0, 0x0,

    /* U+6570 "数" */
    0x0, 0x0, 0x0, 0x0, 0x0, 0x0, 0x0, 0x0,
    0x0, 0x1, 0x80, 0x6f, 0x60, 0x70, 0xb, 0xe1,
    0x0, 0x0, 0x4, 0xf8, 0x6f, 0x69, 0xf4, 0xf,
    0xe0, 0x0, 0x0, 0x0, 0x9d, 0x6f, 0x8f, 0x90,
    0x4f, 0xe9, 0x99, 0x90, 0x7, 0xa9, 0xbf, 0xbb,
    0x95, 0xaf, 0xff, 0xff, 0xf0, 0xd, 0xff, 0xff,
    0xff, 0xfa, 0xfe, 0x66, 0xfe, 0x60, 0x0, 0x1b,
    0xff, 0xc4, 0xa, 0xfe, 0x0, 0xfc, 0x0, 0x4,
    0xdf, 0xdf, 0xff, 0xae, 0xff, 0x12, 0xfa, 0x0,
    0xe, 0xf7, 0x6f, 0x7a, 0xf7, 0xdf, 0x46, 0xf7,
    0x0, 0x5, 0x36, 0xd5, 0x0, 0x20, 0x3f, 0x9a,
    0xf4, 0x0, 0x9, 0xae, 0xfc, 0xaa, 0xa1, 0xe,
    0xef, 0xe0, 0x0, 0xe, 0xff, 0xff, 0xff, 0xf2,
    0x8, 0xff, 0x90, 0x0, 0x0, 0xcf, 0x60, 0x3f,
    0xc0, 0x4, 0xff, 0x40, 0x0, 0x1, 0xcf, 0xfa,
    0xef, 0x30, 0xd, 0xff, 0xd1, 0x0, 0x0, 0x6,
    0xff, 0xfd, 0x31, 0xcf, 0xcd, 0xfd, 0x20, 0x7,
    0xcf, 0xfd, 0xdf, 0xcd, 0xfd, 0x12, 0xef, 0xe0,
    0xd, 0xfd, 0x60, 0x5, 0x4f, 0xc1, 0x0, 0x2e,
    0x80, 0x3, 0x30, 0x0, 0x0, 0x3, 0x0, 0x0,
    0x2, 0x0,

    /* U+6574 "整" */
    0x0, 0x0, 0x0, 0x0, 0x0, 0x1, 0x10, 0x0,
    0x0, 0xd, 0xff, 0xff, 0xff, 0xf9, 0xe, 0xf8,
    0x88, 0x80, 0x5, 0x66, 0xbf, 0x96, 0x64, 0x6f,
    0xff, 0xff, 0xf0, 0x0, 0x22, 0x8f, 0x52, 0x21,
    0xee, 0x99, 0xef, 0x90, 0x5, 0xff, 0xff, 0xff,
    0xfd, 0xff, 0x10, 0xfb, 0x0, 0x5, 0xf2, 0x7f,
    0x46, 0xfb, 0xbf, 0xb9, 0xf5, 0x0, 0x5, 0xff,
    0xff, 0xff, 0xf2, 0x8, 0xff, 0xb0, 0x0, 0x1,
    0x4d, 0xff, 0xe7, 0x40, 0x2b, 0xff, 0xe6, 0x0,
    0x4, 0xdf, 0xbf, 0xff, 0xb8, 0xff, 0xb8, 0xff,
    0xe0, 0xd, 0xe3, 0x7f, 0x47, 0xb4, 0xe6, 0x0,
    0x3b, 0xa0, 0x3, 0x98, 0x9a, 0x88, 0x88, 0x98,
    0x88, 0x88, 0x0, 0x0, 0xff, 0xff, 0xff, 0xff,
    0xff, 0xff, 0xff, 0x0, 0x0, 0x2, 0x52, 0x0,
    0xcf, 0x53, 0x33, 0x30, 0x0, 0x0, 0x7, 0xf7,
    0x0, 0xcf, 0xff, 0xff, 0xf4, 0x0, 0x0, 0x7,
    0xf7, 0x0, 0xcf, 0x53, 0x33, 0x30, 0x0, 0x7,
    0x8c, 0xfb, 0x88, 0xef, 0x98, 0x88, 0x88, 0x70,
    0xf, 0xff, 0xff, 0xff, 0xff, 0xff, 0xff, 0xff,
    0xe0,

    /* U+6587 "文" */
    0x0, 0x0, 0x0, 0x15, 0x70, 0x0, 0x0, 0x0,
    0x0, 0x0, 0x0, 0x4, 0xff, 0x20, 0x0, 0x0,
    0x0, 0x0, 0x0, 0x0, 0xe, 0xf7, 0x0, 0x0,
    0x0, 0xc, 0xee, 0xee, 0xee, 0xff, 0xfe, 0xee,
    0xee, 0xd0, 0xdf, 0xff, 0xff, 0xff, 0xff, 0xff,
    0xff, 0xfe, 0x0, 0x1, 0xff, 0x40, 0x0, 0x5,
    0xff, 0x10, 0x0, 0x0, 0xb, 0xf8, 0x0, 0x0,
    0x9f, 0xb0, 0x0, 0x0, 0x0, 0x5f, 0xe0, 0x0,
    0x1f, 0xf5, 0x0, 0x0, 0x0, 0x0, 0xdf, 0x70,
    0x8, 0xfe, 0x0, 0x0, 0x0, 0x0, 0x5, 0xff,
    0x23, 0xff, 0x50, 0x0, 0x0, 0x0, 0x0, 0xb,
    0xfe, 0xef, 0xb0, 0x0, 0x0, 0x0, 0x0, 0x0,
    0xd, 0xff, 0xe1, 0x0, 0x0, 0x0, 0x0, 0x0,
    0x7, 0xff, 0xff, 0x80, 0x0, 0x0, 0x0, 0x0,
    0x5d, 0xff, 0xcb, 0xff, 0xe7, 0x10, 0x0, 0x28,
    0xef, 0xff, 0x70, 0x6, 0xef, 0xff, 0xa5, 0xb,
    0xff, 0xf9, 0x10, 0x0, 0x1, 0x8f, 0xff, 0xb0,
    0x3e, 0x81, 0x0, 0x0, 0x0, 0x0, 0x6, 0xd3,
    0x0, 0x0, 0x0, 0x0, 0x0, 0x0, 0x0, 0x0,
    0x0,

    /* U+6599 "料" */
    0x0, 0x0, 0x0, 0x0, 0x0, 0x0, 0x12, 0x0,
    0x0, 0x1, 0xfd, 0x0, 0x0, 0x0, 0xe, 0xf1,
    0x0, 0x68, 0x1f, 0xd0, 0xa4, 0x59, 0x0, 0xef,
    0x10, 0x8, 0xf2, 0xfd, 0x2f, 0x6d, 0xfb, 0xe,
    0xf1, 0x0, 0x2f, 0x7f, 0xd8, 0xf0, 0x2d, 0xfa,
    0xef, 0x10, 0x0, 0xdc, 0xfd, 0xe9, 0x0, 0x1b,
    0x2e, 0xf1, 0x0, 0x4, 0x3f, 0xd4, 0x30, 0x40,
    0x0, 0xef, 0x10, 0xb, 0xff, 0xff, 0xff, 0x9f,
    0xb1, 0xe, 0xf1, 0x0, 0x9d, 0xef, 0xfd, 0xd5,
    0xdf, 0xd2, 0xef, 0x10, 0x0, 0xa, 0xfd, 0x0,
    0x0, 0xbd, 0xe, 0xf1, 0x0, 0x3, 0xff, 0xfa,
    0x10, 0x0, 0x10, 0xef, 0x67, 0x0, 0xdf, 0xff,
    0xfe, 0x7a, 0xbd, 0xff, 0xff, 0xf1, 0xaf, 0xaf,
    0xd7, 0xda, 0xff, 0xff, 0xff, 0xa7, 0xc, 0xd1,
    0xfd, 0x0, 0x44, 0x31, 0xe, 0xf1, 0x0, 0x62,
    0x1f, 0xd0, 0x0, 0x0, 0x0, 0xef, 0x10, 0x0,
    0x1, 0xfd, 0x0, 0x0, 0x0, 0xe, 0xf1, 0x0,
    0x0, 0x1f, 0xd0, 0x0, 0x0, 0x0, 0xef, 0x10,
    0x0, 0x0, 0x0, 0x0, 0x0, 0x0, 0x0, 0x0,
    0x0,

    /* U+659C "斜" */
    0x0, 0x0, 0xdf, 0xb0, 0x0, 0x0, 0xc, 0xf2,
    0x0, 0x0, 0x9f, 0xcf, 0xc0, 0x4e, 0x30, 0xdf,
    0x20, 0x0, 0x7f, 0xc0, 0x8f, 0xc7, 0xff, 0x4d,
    0xf2, 0x0, 0x7f, 0xe2, 0x0, 0x9f, 0x85, 0xf5,
    0xdf, 0x20, 0x2f, 0xfd, 0xaa, 0xaa, 0xd1, 0x2,
    0xd, 0xf2, 0x0, 0xdc, 0xff, 0xff, 0xf4, 0x45,
    0x0, 0xdf, 0x20, 0x1, 0x12, 0x8f, 0x72, 0xe,
    0xf5, 0xd, 0xf2, 0x0, 0x0, 0x8, 0xf6, 0x0,
    0x4f, 0xf4, 0xdf, 0x20, 0xe, 0xff, 0xff, 0xff,
    0xf2, 0x5d, 0x1d, 0xf2, 0x0, 0xab, 0xbd, 0xfd,
    0xbb, 0x10, 0x0, 0xdf, 0x64, 0x0, 0x84, 0x7f,
    0x78, 0x18, 0xac, 0xef, 0xff, 0xb0, 0x3f, 0x77,
    0xf7, 0xf9, 0xff, 0xff, 0xff, 0x95, 0xa, 0xf2,
    0x7f, 0x69, 0xf7, 0x31, 0xd, 0xf2, 0x2, 0xfb,
    0x8, 0xf6, 0x1c, 0x20, 0x0, 0xdf, 0x20, 0x18,
    0x8c, 0xff, 0x50, 0x0, 0x0, 0xd, 0xf2, 0x0,
    0x3, 0xff, 0xc1, 0x0, 0x0, 0x0, 0xdf, 0x20,

    /* U+65B0 "新" */
    0x0, 0x0, 0x25, 0x0, 0x0, 0x0, 0x0, 0x0,
    0x0, 0x0, 0x0, 0xdf, 0x40, 0x0, 0x0, 0x2,
    0x6a, 0x50, 0x6, 0xbb, 0xef, 0xdb, 0xb1, 0xad,
    0xff, 0xff, 0xa0, 0x9, 0xff, 0xff, 0xff, 0xf2,
    0xff, 0xfd, 0xa6, 0x10, 0x0, 0x7f, 0x40, 0x9f,
    0x30, 0xff, 0x20, 0x0, 0x0, 0x0, 0x3f, 0x80,
    0xde, 0x0, 0xff, 0x20, 0x0, 0x0, 0xa, 0xaf,
    0xea, 0xfe, 0xa5, 0xff, 0x65, 0x55, 0x50, 0xf,
    0xff, 0xff, 0xff, 0xf8, 0xff, 0xff, 0xff, 0xf1,
    0x0, 0x0, 0x8f, 0x50, 0x0, 0xff, 0x89, 0xfd,
    0x70, 0x7, 0xbb, 0xdf, 0xcb, 0xb2, 0xff, 0x13,
    0xfa, 0x0, 0xb, 0xff, 0xff, 0xff, 0xf3, 0xff,
    0x13, 0xfa, 0x0, 0x0, 0x63, 0x8f, 0x56, 0x11,
    0xff, 0x3, 0xfa, 0x0, 0x0, 0xfc, 0x7f, 0x8f,
    0xa3, 0xfe, 0x3, 0xfa, 0x0, 0x6, 0xf5, 0x7f,
    0x5a, 0xfb, 0xfb, 0x3, 0xfa, 0x0, 0xe, 0xe0,
    0x7f, 0x51, 0x6d, 0xf7, 0x3, 0xfa, 0x0, 0x6,
    0x8d, 0xff, 0x40, 0x5f, 0xf1, 0x3, 0xfa, 0x0,
    0x0, 0xf, 0xfc, 0x0, 0x5d, 0x90, 0x2, 0xf9,
    0x0, 0x0, 0x0, 0x0, 0x0, 0x0, 0x0, 0x0,
    0x0, 0x0,

    /* U+65B9 "方" */
    0x0, 0x0, 0x0, 0x2, 0x40, 0x0, 0x0, 0x0,
    0x0, 0x0, 0x0, 0x2f, 0xf5, 0x0, 0x0, 0x0,
    0x0, 0x0, 0x0, 0xe, 0xfa, 0x0, 0x0, 0x0,
    0x9f, 0xff, 0xff, 0xff, 0xff, 0xff, 0xff, 0xfe,
    0x9f, 0xff, 0xff, 0xff, 0xff, 0xff, 0xff, 0xfe,
    0x0, 0x0, 0x9f, 0x80, 0x0, 0x0, 0x0, 0x0,
    0x0, 0x0, 0xaf, 0x70, 0x0, 0x0, 0x0, 0x0,
    0x0, 0x0, 0xcf, 0xdc, 0xcc, 0xcc, 0xcc, 0x10,
    0x0, 0x0, 0xef, 0xff, 0xff, 0xff, 0xff, 0x0,
    0x0, 0x0, 0xff, 0x54, 0x44, 0x45, 0xff, 0x0,
    0x0, 0x4, 0xff, 0x0, 0x0, 0x3, 0xfe, 0x0,
    0x0, 0x9, 0xfb, 0x0, 0x0, 0x4, 0xfd, 0x0,
    0x0, 0x1f, 0xf5, 0x0, 0x0, 0x5, 0xfc, 0x0,
    0x0, 0xaf, 0xe0, 0x0, 0x0, 0x6, 0xfb, 0x0,
    0x8, 0xff, 0x50, 0x1, 0x11, 0x2c, 0xf9, 0x0,
    0x7f, 0xfa, 0x0, 0xe, 0xff, 0xff, 0xf5, 0x0,
    0x5f, 0xb0, 0x0, 0xb, 0xff, 0xfe, 0x80, 0x0,
    0x4, 0x0, 0x0, 0x0, 0x0, 0x0, 0x0, 0x0,

    /* U+65CB "旋" */
    0x0, 0x2, 0x50, 0x0, 0x3, 0x30, 0x0, 0x0,
    0x0, 0x0, 0xef, 0x20, 0x0, 0xdf, 0x20, 0x0,
    0x0, 0x0, 0x8, 0xf8, 0x0, 0x4f, 0xfa, 0xaa,
    0xaa, 0x90, 0xad, 0xef, 0xfd, 0x7d, 0xff, 0xff,
    0xff, 0xfe, 0xd, 0xff, 0xff, 0xfe, 0xfc, 0x22,
    0x22, 0x22, 0x20, 0xc, 0xf1, 0x1, 0xdf, 0x74,
    0x44, 0x44, 0x43, 0x0, 0xcf, 0x0, 0x1, 0xef,
    0xff, 0xff, 0xff, 0xb0, 0xc, 0xff, 0xff, 0x7,
    0x99, 0xdf, 0xab, 0xfa, 0x0, 0xcf, 0xce, 0xf0,
    0x0, 0xa, 0xf1, 0xaf, 0x30, 0xc, 0xf0, 0xbf,
    0x7, 0xd2, 0xaf, 0x10, 0x30, 0x0, 0xdf, 0xc,
    0xf0, 0x9f, 0x1a, 0xfc, 0xcc, 0x50, 0xe, 0xe0,
    0xcf, 0xb, 0xf0, 0xaf, 0xff, 0xf7, 0x0, 0xfc,
    0xd, 0xe0, 0xef, 0x1a, 0xf1, 0x0, 0x0, 0x3f,
    0x90, 0xee, 0x2f, 0xf7, 0xaf, 0x10, 0x0, 0x7,
    0xf5, 0xf, 0xd8, 0xff, 0xfd, 0xf1, 0x0, 0x0,
    0xdf, 0xae, 0xfe, 0xfe, 0x4f, 0xff, 0xee, 0xec,
    0x1d, 0xa8, 0xfe, 0xaf, 0x60, 0x2a, 0xef, 0xff,
    0xb0, 0x13, 0x0, 0x0, 0x30, 0x0, 0x0, 0x0,
    0x0,

    /* U+65E0 "无" */
    0xb, 0xff, 0xff, 0xff, 0xff, 0xff, 0xff, 0xd0,
    0xb, 0xff, 0xff, 0xff, 0xff, 0xff, 0xff, 0xd0,
    0x0, 0x0, 0x0, 0x6f, 0xd0, 0x0, 0x0, 0x0,
    0x0, 0x0, 0x0, 0x6f, 0xc0, 0x0, 0x0, 0x0,
    0x0, 0x0, 0x0, 0x7f, 0xc0, 0x0, 0x0, 0x0,
    0x23, 0x33, 0x33, 0x9f, 0xc3, 0x33, 0x33, 0x32,
    0xcf, 0xff, 0xff, 0xff, 0xff, 0xff, 0xff, 0xfe,
    0xad, 0xdd, 0xdd, 0xff, 0xed, 0xdd, 0xdd, 0xdc,
    0x0, 0x0, 0x2, 0xff, 0x41, 0x0, 0x0, 0x0,
    0x0, 0x0, 0x9, 0xfd, 0xff, 0x20, 0x0, 0x0,
    0x0, 0x0, 0x2f, 0xf6, 0xff, 0x20, 0x1, 0x30,
    0x0, 0x0, 0xcf, 0xd0, 0xff, 0x20, 0x3, 0xfd,
    0x0, 0xb, 0xff, 0x20, 0xff, 0x20, 0x4, 0xfd,
    0x3, 0xdf, 0xf5, 0x0, 0xff, 0x50, 0x7, 0xfc,
    0x8f, 0xff, 0x50, 0x0, 0xdf, 0xff, 0xff, 0xfa,
    0x4f, 0xd2, 0x0, 0x0, 0x4d, 0xff, 0xff, 0xc2,
    0x4, 0x0, 0x0, 0x0, 0x0, 0x0, 0x0, 0x0,

    /* U+65E5 "日" */
    0x4f, 0xff, 0xff, 0xff, 0xff, 0xff, 0xf4, 0x4f,
    0xff, 0xff, 0xff, 0xff, 0xff, 0xf4, 0x4f, 0xf1,
    0x11, 0x11, 0x11, 0x1e, 0xf4, 0x4f, 0xf0, 0x0,
    0x0, 0x0, 0xe, 0xf4, 0x4f, 0xf0, 0x0, 0x0,
    0x0, 0xe, 0xf4, 0x4f, 0xf0, 0x0, 0x0, 0x0,
    0xe, 0xf4, 0x4f, 0xf2, 0x22, 0x22, 0x22, 0x2e,
    0xf4, 0x4f, 0xff, 0xff, 0xff, 0xff, 0xff, 0xf4,
    0x4f, 0xff, 0xff, 0xff, 0xff, 0xff, 0xf4, 0x4f,
    0xf0, 0x0, 0x0, 0x0, 0xe, 0xf4, 0x4f, 0xf0,
    0x0, 0x0, 0x0, 0xe, 0xf4, 0x4f, 0xf0, 0x0,
    0x0, 0x0, 0xe, 0xf4, 0x4f, 0xf0, 0x0, 0x0,
    0x0, 0xe, 0xf4, 0x4f, 0xff, 0xff, 0xff, 0xff,
    0xff, 0xf4, 0x4f, 0xff, 0xff, 0xff, 0xff, 0xff,
    0xf4, 0x4f, 0xf1, 0x11, 0x11, 0x11, 0x1e, 0xf4,
    0x0, 0x0, 0x0, 0x0, 0x0, 0x0, 0x0,

    /* U+65E9 "早" */
    0x0, 0x6f, 0xff, 0xff, 0xff, 0xff, 0xff, 0xf6,
    0x0, 0x0, 0x6f, 0xfe, 0xee, 0xee, 0xee, 0xef,
    0xf6, 0x0, 0x0, 0x6f, 0xc0, 0x0, 0x0, 0x0,
    0xb, 0xf6, 0x0, 0x0, 0x6f, 0xc0, 0x0, 0x0,
    0x0, 0xb, 0xf6, 0x0, 0x0, 0x6f, 0xff, 0xff,
    0xff, 0xff, 0xff, 0xf6, 0x0, 0x0, 0x6f, 0xfd,
    0xdd, 0xdd, 0xdd, 0xdf, 0xf6, 0x0, 0x0, 0x6f,
    0xc0, 0x0, 0x0, 0x0, 0xb, 0xf6, 0x0, 0x0,
    0x6f, 0xfc, 0xcc, 0xcc, 0xcc, 0xce, 0xf6, 0x0,
    0x0, 0x6f, 0xff, 0xff, 0xff, 0xff, 0xff, 0xf6,
    0x0, 0x0, 0x13, 0x33, 0x34, 0xff, 0x43, 0x33,
    0x31, 0x0, 0x0, 0x0, 0x0, 0x1, 0xff, 0x10,
    0x0, 0x0, 0x0, 0xe, 0xee, 0xee, 0xee, 0xff,
    0xee, 0xee, 0xee, 0xe0, 0xf, 0xff, 0xff, 0xff,
    0xff, 0xff, 0xff, 0xff, 0xf0, 0x0, 0x0, 0x0,
    0x1, 0xff, 0x20, 0x0, 0x0, 0x0, 0x0, 0x0,
    0x0, 0x1, 0xff, 0x10, 0x0, 0x0, 0x0, 0x0,
    0x0, 0x0, 0x1, 0xff, 0x10, 0x0, 0x0, 0x0,

    /* U+65F6 "时" */
    0x2f, 0xff, 0xff, 0xe0, 0x0, 0x0, 0x4f, 0xd0,
    0x2, 0xff, 0xff, 0xfe, 0x0, 0x0, 0x4, 0xfd,
    0x0, 0x2f, 0xc0, 0xf, 0xe0, 0x0, 0x0, 0x4f,
    0xd0, 0x2, 0xfc, 0x0, 0xfe, 0x6f, 0xff, 0xff,
    0xff, 0xf7, 0x2f, 0xc0, 0xf, 0xe7, 0xff, 0xff,
    0xff, 0xff, 0x82, 0xfc, 0x0, 0xfe, 0x2, 0x22,
    0x25, 0xfd, 0x21, 0x2f, 0xc2, 0x2f, 0xe0, 0x58,
    0x0, 0x4f, 0xd0, 0x2, 0xff, 0xff, 0xfe, 0x1f,
    0xf3, 0x4, 0xfd, 0x0, 0x2f, 0xeb, 0xbf, 0xe0,
    0x8f, 0xd0, 0x4f, 0xd0, 0x2, 0xfc, 0x0, 0xfe,
    0x0, 0xdf, 0x64, 0xfd, 0x0, 0x2f, 0xc0, 0xf,
    0xe0, 0x5, 0xe5, 0x4f, 0xd0, 0x2, 0xfc, 0x0,
    0xfe, 0x0, 0x0, 0x4, 0xfd, 0x0, 0x2f, 0xfd,
    0xdf, 0xe0, 0x0, 0x0, 0x4f, 0xd0, 0x2, 0xff,
    0xff, 0xfe, 0x0, 0x11, 0x18, 0xfc, 0x0, 0x2d,
    0xa1, 0x11, 0x10, 0xd, 0xff, 0xff, 0xa0, 0x0,
    0x0, 0x0, 0x0, 0x0, 0x9f, 0xff, 0xc2, 0x0,

    /* U+660E "明" */
    0x1f, 0xff, 0xff, 0xc0, 0xef, 0xff, 0xff, 0xf4,
    0x1f, 0xff, 0xff, 0xc0, 0xef, 0xff, 0xff, 0xf4,
    0x1f, 0xc0, 0x1f, 0xc0, 0xef, 0x20, 0xc, 0xf4,
    0x1f, 0xc0, 0x1f, 0xc0, 0xef, 0x20, 0xc, 0xf4,
    0x1f, 0xc0, 0x1f, 0xc0, 0xef, 0x76, 0x6d, 0xf4,
    0x1f, 0xc0, 0x1f, 0xc0, 0xef, 0xff, 0xff, 0xf4,
    0x1f, 0xfe, 0xef, 0xc0, 0xef, 0xcb, 0xbe, 0xf4,
    0x1f, 0xff, 0xff, 0xc0, 0xef, 0x10, 0xc, 0xf4,
    0x1f, 0xc0, 0x1f, 0xc0, 0xff, 0x10, 0xc, 0xf4,
    0x1f, 0xc0, 0x1f, 0xc0, 0xff, 0xee, 0xef, 0xf4,
    0x1f, 0xc0, 0x1f, 0xc1, 0xff, 0xff, 0xff, 0xf4,
    0x1f, 0xc0, 0x1f, 0xc4, 0xfc, 0x0, 0xc, 0xf4,
    0x1f, 0xff, 0xff, 0xc8, 0xf9, 0x0, 0xc, 0xf4,
    0x1f, 0xfe, 0xee, 0xdf, 0xf3, 0x1, 0x2d, 0xf4,
    0x5, 0x40, 0x2, 0xff, 0xb0, 0x6f, 0xff, 0xf3,
    0x0, 0x0, 0x0, 0x7e, 0x10, 0x3f, 0xff, 0x90,
    0x0, 0x0, 0x0, 0x2, 0x0, 0x0, 0x0, 0x0,

    /* U+661F "星" */
    0x0, 0x3f, 0xff, 0xff, 0xff, 0xff, 0xff, 0xf8,
    0x0, 0x3, 0xff, 0xaa, 0xaa, 0xaa, 0xaa, 0xdf,
    0x80, 0x0, 0x3f, 0xd0, 0x0, 0x0, 0x0, 0x9,
    0xf8, 0x0, 0x3, 0xff, 0xff, 0xff, 0xff, 0xff,
    0xff, 0x80, 0x0, 0x3f, 0xe6, 0x66, 0x66, 0x66,
    0x6b, 0xf8, 0x0, 0x3, 0xfe, 0x99, 0x99, 0x99,
    0x99, 0xdf, 0x80, 0x0, 0x3f, 0xff, 0xff, 0xff,
    0xff, 0xff, 0xf7, 0x0, 0x0, 0x5a, 0x30, 0xb,
    0xf6, 0x0, 0x0, 0x0, 0x0, 0x1e, 0xfb, 0x99,
    0xef, 0xc9, 0x99, 0x99, 0x20, 0xb, 0xff, 0xff,
    0xff, 0xff, 0xff, 0xff, 0xf4, 0x8, 0xfc, 0x10,
    0x0, 0xbf, 0x70, 0x0, 0x0, 0x0, 0x7e, 0x9f,
    0xff, 0xff, 0xff, 0xff, 0xff, 0xa0, 0x0, 0x5,
    0x99, 0x99, 0xef, 0xc9, 0x99, 0x96, 0x0, 0x0,
    0x0, 0x0, 0xb, 0xf6, 0x0, 0x0, 0x0, 0xc,
    0xff, 0xff, 0xff, 0xff, 0xff, 0xff, 0xff, 0xe0,
    0x8b, 0xbb, 0xbb, 0xbb, 0xbb, 0xbb, 0xbb, 0xba,

    /* U+662F "是" */
    0x0, 0xf, 0xff, 0xff, 0xff, 0xff, 0xff, 0xf0,
    0x0, 0x0, 0xf, 0xfb, 0xaa, 0xaa, 0xaa, 0xbf,
    0xf0, 0x0, 0x0, 0xf, 0xf1, 0x0, 0x0, 0x0,
    0x2f, 0xf0, 0x0, 0x0, 0xf, 0xff, 0xff, 0xff,
    0xff, 0xff, 0xf0, 0x0, 0x0, 0xf, 0xf6, 0x66,
    0x66, 0x66, 0x7f, 0xf0, 0x0, 0x0, 0xf, 0xf8,
    0x88, 0x88, 0x88, 0x9f, 0xf0, 0x0, 0x0, 0xf,
    0xff, 0xff, 0xff, 0xff, 0xff, 0xf0, 0x0, 0x0,
    0x0, 0x0, 0x0, 0x0, 0x0, 0x0, 0x0, 0x0,
    0xe, 0xff, 0xff, 0xff, 0xff, 0xff, 0xff, 0xff,
    0xe0, 0xa, 0xbb, 0xbb, 0xbb, 0xff, 0xcb, 0xbb,
    0xbb, 0xb0, 0x0, 0x5, 0xb5, 0x0, 0xdf, 0x30,
    0x0, 0x0, 0x0, 0x0, 0xb, 0xf5, 0x0, 0xdf,
    0xff, 0xff, 0xfb, 0x0, 0x0, 0x1f, 0xfa, 0x0,
    0xdf, 0xba, 0xaa, 0xa7, 0x0, 0x0, 0xbf, 0xff,
    0xb2, 0xdf, 0x30, 0x0, 0x0, 0x0, 0x8, 0xfe,
    0x3d, 0xff, 0xff, 0xcc, 0xcc, 0xcc, 0xc0, 0xb,
    0xf4, 0x0, 0x7b, 0xef, 0xff, 0xff, 0xff, 0xd0,
    0x0, 0x40, 0x0, 0x0, 0x0, 0x0, 0x0, 0x0,
    0x0,

    /* U+663E "显" */
    0x6, 0xff, 0xff, 0xff, 0xff, 0xff, 0xff, 0x70,
    0x6, 0xfe, 0xcc, 0xcc, 0xcc, 0xcc, 0xef, 0x70,
    0x6, 0xfa, 0x0, 0x0, 0x0, 0x0, 0xaf, 0x70,
    0x6, 0xff, 0xff, 0xff, 0xff, 0xff, 0xff, 0x70,
    0x6, 0xfd, 0x77, 0x77, 0x77, 0x77, 0xcf, 0x70,
    0x6, 0xfa, 0x0, 0x0, 0x0, 0x0, 0xaf, 0x70,
    0x6, 0xff, 0xff, 0xff, 0xff, 0xff, 0xff, 0x70,
    0x4, 0xaa, 0xaf, 0xfa, 0xaf, 0xfa, 0xaa, 0x40,
    0x3, 0x30, 0xf, 0xf1, 0xf, 0xf0, 0x5, 0x50,
    0x3f, 0xe0, 0xf, 0xf1, 0xf, 0xf0, 0xe, 0xf3,
    0xb, 0xf9, 0xf, 0xf1, 0xf, 0xf0, 0x8f, 0xb0,
    0x2, 0xff, 0x3f, 0xf1, 0xf, 0xf2, 0xff, 0x20,
    0x0, 0x8e, 0x4f, 0xf1, 0xf, 0xf6, 0xf9, 0x0,
    0x0, 0x1, 0xf, 0xf1, 0xf, 0xf0, 0x21, 0x0,
    0xde, 0xee, 0xef, 0xfe, 0xef, 0xfe, 0xee, 0xed,
    0xef, 0xff, 0xff, 0xff, 0xff, 0xff, 0xff, 0xff,

    /* U+6643 "晃" */
    0x8, 0xff, 0xff, 0xff, 0xff, 0xff, 0xff, 0x60,
    0x8, 0xfd, 0xaa, 0xaa, 0xaa, 0xaa, 0xdf, 0x60,
    0x8, 0xfb, 0x55, 0x55, 0x55, 0x55, 0xcf, 0x60,
    0x8, 0xff, 0xff, 0xff, 0xff, 0xff, 0xff, 0x60,
    0x8, 0xf8, 0x11, 0x11, 0x11, 0x11, 0xaf, 0x60,
    0x8, 0xff, 0xff, 0xff, 0xff, 0xff, 0xff, 0x60,
    0x5, 0xce, 0xaa, 0xaf, 0xfa, 0xaa, 0xec, 0x40,
    0x0, 0xdf, 0x90, 0x1f, 0xf0, 0x7, 0xfe, 0x0,
    0x0, 0x4f, 0xf8, 0x1f, 0xf0, 0x7f, 0xf4, 0x0,
    0x12, 0x26, 0xf4, 0x3f, 0xf2, 0x5f, 0x52, 0x21,
    0xef, 0xff, 0xff, 0xff, 0xff, 0xff, 0xff, 0xfc,
    0x89, 0x99, 0xdf, 0xc9, 0xaf, 0xe9, 0x99, 0x97,
    0x0, 0x0, 0xdf, 0x40, 0x3f, 0xd0, 0x1, 0xe9,
    0x0, 0x3c, 0xfd, 0x0, 0x3f, 0xd0, 0x3, 0xfc,
    0x7d, 0xff, 0xd2, 0x0, 0x2f, 0xfc, 0xbd, 0xfa,
    0x6f, 0xe7, 0x0, 0x0, 0x9, 0xff, 0xff, 0xd3,
    0x4, 0x0, 0x0, 0x0, 0x0, 0x0, 0x0, 0x0,

    /* U+6655 "晕" */
    0x2, 0xff, 0xff, 0xff, 0xff, 0xff, 0xff, 0x30,
    0x2, 0xfe, 0x55, 0x55, 0x55, 0x55, 0xdf, 0x30,
    0x2, 0xff, 0xee, 0xee, 0xee, 0xee, 0xff, 0x30,
    0x2, 0xfe, 0x33, 0x33, 0x33, 0x33, 0xdf, 0x30,
    0x2, 0xff, 0xff, 0xff, 0xff, 0xff, 0xff, 0x30,
    0x0, 0x33, 0x33, 0x33, 0x33, 0x33, 0x33, 0x0,
    0x7f, 0xff, 0xff, 0xff, 0xff, 0xff, 0xff, 0xf8,
    0x8f, 0xb6, 0x6a, 0xd8, 0x66, 0x66, 0x6a, 0xf9,
    0x6d, 0xc7, 0x7f, 0xf9, 0x77, 0x77, 0x7b, 0xd7,
    0x2, 0xff, 0xff, 0xff, 0xff, 0xff, 0xff, 0x40,
    0x0, 0x4e, 0xe4, 0x9, 0xf8, 0x0, 0x0, 0x0,
    0x0, 0xdf, 0xff, 0xff, 0xff, 0xff, 0xff, 0x40,
    0x0, 0x34, 0x44, 0x4a, 0xfa, 0x44, 0x44, 0x10,
    0x68, 0x88, 0x88, 0x8c, 0xfc, 0x88, 0x88, 0x87,
    0xcf, 0xff, 0xff, 0xff, 0xff, 0xff, 0xff, 0xfe,
    0x0, 0x0, 0x0, 0x8, 0xf8, 0x0, 0x0, 0x0,

    /* U+666F "景" */
    0x7, 0xff, 0xff, 0xff, 0xff, 0xff, 0xff, 0x70,
    0x7, 0xfa, 0x55, 0x55, 0x55, 0x55, 0xaf, 0x70,
    0x7, 0xfa, 0x55, 0x55, 0x55, 0x55, 0xaf, 0x70,
    0x7, 0xfe, 0xdd, 0xdd, 0xdd, 0xdd, 0xef, 0x70,
    0x7, 0xfb, 0x77, 0x77, 0x77, 0x77, 0xbf, 0x70,
    0x5, 0xbb, 0xbb, 0xcf, 0xfb, 0xbb, 0xbb, 0x50,
    0x66, 0x66, 0x66, 0x7f, 0xf8, 0x66, 0x66, 0x66,
    0xff, 0xff, 0xff, 0xff, 0xff, 0xff, 0xff, 0xff,
    0x0, 0x33, 0x33, 0x33, 0x33, 0x33, 0x33, 0x0,
    0x0, 0xff, 0xff, 0xff, 0xff, 0xff, 0xff, 0x0,
    0x0, 0xff, 0x0, 0x0, 0x0, 0x0, 0xff, 0x0,
    0x0, 0xff, 0xff, 0xff, 0xff, 0xff, 0xff, 0x0,
    0x0, 0x79, 0xf7, 0x7d, 0xfa, 0x7e, 0x87, 0x0,
    0x3, 0xaf, 0xf6, 0xb, 0xf6, 0x6f, 0xfa, 0x30,
    0xbf, 0xfb, 0x8c, 0xdf, 0xf5, 0x4, 0xbf, 0xf9,
    0x6a, 0x30, 0x1f, 0xff, 0xb0, 0x0, 0x3, 0xb3,

    /* U+6674 "晴" */
    0x11, 0x11, 0x10, 0x0, 0x3, 0xfa, 0x0, 0x0,
    0x9f, 0xff, 0xf1, 0xff, 0xff, 0xff, 0xff, 0xf8,
    0x9f, 0xad, 0xf1, 0x44, 0x46, 0xfb, 0x44, 0x42,
    0x9f, 0x19, 0xf1, 0x9f, 0xff, 0xff, 0xff, 0xf2,
    0x9f, 0x19, 0xf1, 0x35, 0x57, 0xfb, 0x55, 0x50,
    0x9f, 0x19, 0xf4, 0xcc, 0xcd, 0xfe, 0xcc, 0xca,
    0x9f, 0x8c, 0xf4, 0xbb, 0xbb, 0xbb, 0xbb, 0xb9,
    0x9f, 0xff, 0xf1, 0x36, 0x66, 0x66, 0x66, 0x50,
    0x9f, 0x7c, 0xf1, 0x7f, 0xff, 0xff, 0xff, 0xf0,
    0x9f, 0x19, 0xf1, 0x7f, 0x72, 0x22, 0x2e, 0xf0,
    0x9f, 0x19, 0xf1, 0x7f, 0xff, 0xff, 0xff, 0xf0,
    0x9f, 0x19, 0xf1, 0x7f, 0x62, 0x22, 0x2e, 0xf0,
    0x9f, 0xde, 0xf1, 0x7f, 0xff, 0xff, 0xff, 0xf0,
    0x9f, 0xff, 0xf1, 0x7f, 0x84, 0x44, 0x4e, 0xf0,
    0x9f, 0x20, 0x0, 0x7f, 0x50, 0x38, 0x9f, 0xe0,
    0x47, 0x0, 0x0, 0x7f, 0x50, 0x4f, 0xff, 0x70,
    0x0, 0x0, 0x0, 0x1, 0x0, 0x0, 0x0, 0x0,

    /* U+6682 "暂" */
    0x0, 0x3, 0x10, 0x0, 0x0, 0x0, 0x0, 0x0,
    0x0, 0x2f, 0xc0, 0x0, 0x2, 0x45, 0x8b, 0xe1,
    0xbf, 0xff, 0xff, 0xff, 0x5f, 0xff, 0xff, 0xe4,
    0x6b, 0xfc, 0x98, 0x88, 0x5f, 0xc7, 0x52, 0x0,
    0xd, 0xf4, 0xfa, 0x0, 0x5f, 0x83, 0x33, 0x33,
    0x5f, 0xff, 0xff, 0xfa, 0x5f, 0xff, 0xff, 0xff,
    0x26, 0x68, 0xfc, 0x64, 0x5f, 0xa7, 0xcf, 0x86,
    0x67, 0x8a, 0xfe, 0xca, 0x8f, 0x40, 0xaf, 0x30,
    0xef, 0xfe, 0xfe, 0xb9, 0xef, 0x0, 0xaf, 0x30,
    0x10, 0x2, 0xd8, 0x3, 0xd7, 0x0, 0x6a, 0x20,
    0x0, 0x99, 0x99, 0x99, 0x99, 0x99, 0x99, 0x0,
    0x0, 0xff, 0xff, 0xff, 0xff, 0xff, 0xff, 0x0,
    0x0, 0xff, 0x22, 0x22, 0x22, 0x22, 0xff, 0x0,
    0x0, 0xff, 0xff, 0xff, 0xff, 0xff, 0xff, 0x0,
    0x0, 0xff, 0x11, 0x11, 0x11, 0x11, 0xff, 0x0,
    0x0, 0xff, 0xff, 0xff, 0xff, 0xff, 0xff, 0x0,
    0x0, 0xff, 0x66, 0x66, 0x66, 0x66, 0xff, 0x0,

    /* U+6697 "暗" */
    0x0, 0x0, 0x0, 0x0, 0x2, 0x52, 0x0, 0x0,
    0x1, 0x11, 0x10, 0x0, 0x7, 0xf9, 0x0, 0x0,
    0xaf, 0xff, 0xf1, 0xab, 0xbc, 0xff, 0xbb, 0xb3,
    0xaf, 0xde, 0xf1, 0xef, 0xff, 0xff, 0xff, 0xf4,
    0xaf, 0x19, 0xf1, 0x5, 0xf7, 0x1, 0xfc, 0x0,
    0xaf, 0x19, 0xf1, 0x1, 0xfb, 0x6, 0xf7, 0x0,
    0xaf, 0x19, 0xf5, 0xcc, 0xff, 0xce, 0xfd, 0xca,
    0xaf, 0x6b, 0xf6, 0xff, 0xff, 0xff, 0xff, 0xfc,
    0xaf, 0xff, 0xf1, 0x0, 0x0, 0x0, 0x0, 0x0,
    0xaf, 0x7c, 0xf1, 0x8f, 0xff, 0xff, 0xff, 0xc0,
    0xaf, 0x19, 0xf1, 0x9f, 0xcb, 0xbb, 0xbf, 0xd0,
    0xaf, 0x19, 0xf1, 0x9f, 0x40, 0x0, 0xf, 0xd0,
    0xaf, 0x19, 0xf1, 0x9f, 0xff, 0xff, 0xff, 0xd0,
    0xaf, 0xbd, 0xf1, 0x9f, 0xa8, 0x88, 0x8f, 0xd0,
    0xaf, 0xff, 0xf1, 0x9f, 0x40, 0x0, 0xf, 0xd0,
    0xaf, 0x54, 0x40, 0x9f, 0xff, 0xff, 0xff, 0xd0,
    0x47, 0x0, 0x0, 0x9f, 0xa9, 0x99, 0x9f, 0xd0,

    /* U+66F2 "曲" */
    0x0, 0x0, 0xf, 0xf0, 0xe, 0xf1, 0x0, 0x0,
    0x0, 0x0, 0xf, 0xf0, 0xe, 0xf1, 0x0, 0x0,
    0x1e, 0xee, 0xef, 0xfe, 0xef, 0xfe, 0xee, 0xe1,
    0x1f, 0xff, 0xff, 0xff, 0xff, 0xff, 0xff, 0xf1,
    0x1f, 0xe0, 0xf, 0xf1, 0xe, 0xf1, 0xe, 0xf1,
    0x1f, 0xe0, 0xf, 0xf0, 0xe, 0xf1, 0xe, 0xf1,
    0x1f, 0xe0, 0xf, 0xf0, 0xe, 0xf1, 0xe, 0xf1,
    0x1f, 0xe0, 0xf, 0xf1, 0xe, 0xf1, 0xe, 0xf1,
    0x1f, 0xff, 0xff, 0xff, 0xff, 0xff, 0xff, 0xf1,
    0x1f, 0xfd, 0xdf, 0xfd, 0xdf, 0xfd, 0xdf, 0xf1,
    0x1f, 0xe0, 0xf, 0xf0, 0xe, 0xf1, 0xe, 0xf1,
    0x1f, 0xe0, 0xf, 0xf0, 0xe, 0xf1, 0xe, 0xf1,
    0x1f, 0xe0, 0xf, 0xf0, 0xe, 0xf1, 0xe, 0xf1,
    0x1f, 0xfd, 0xdf, 0xfd, 0xdf, 0xfd, 0xdf, 0xf1,
    0x1f, 0xff, 0xff, 0xff, 0xff, 0xff, 0xff, 0xf1,
    0x1f, 0xe1, 0x11, 0x11, 0x11, 0x11, 0x1e, 0xf1,

    /* U+66F4 "更" */
    0x9f, 0xff, 0xff, 0xff, 0xff, 0xff, 0xff, 0xfe,
    0x7, 0xcc, 0xcc, 0xcc, 0xff, 0xcc, 0xcc, 0xcc,
    0xb0, 0x0, 0x0, 0x0, 0xe, 0xf2, 0x0, 0x0,
    0x0, 0x0, 0x4b, 0xbb, 0xbb, 0xff, 0xcb, 0xbb,
    0xb7, 0x0, 0x6, 0xff, 0xff, 0xff, 0xff, 0xff,
    0xff, 0xb0, 0x0, 0x6f, 0x90, 0x0, 0xef, 0x20,
    0x4, 0xfb, 0x0, 0x6, 0xff, 0xff, 0xff, 0xff,
    0xff, 0xff, 0xb0, 0x0, 0x6f, 0xd9, 0x99, 0xff,
    0xa9, 0x9b, 0xfb, 0x0, 0x6, 0xf9, 0x0, 0xe,
    0xf2, 0x0, 0x4f, 0xb0, 0x0, 0x6f, 0xff, 0xff,
    0xff, 0xff, 0xff, 0xfb, 0x0, 0x4, 0xcf, 0xcc,
    0xcf, 0xfc, 0xcc, 0xcc, 0x80, 0x0, 0x7, 0xfb,
    0x14, 0xfd, 0x0, 0x0, 0x0, 0x0, 0x0, 0x1c,
    0xfe, 0xef, 0x70, 0x0, 0x0, 0x0, 0x0, 0x0,
    0x3e, 0xff, 0xfb, 0x74, 0x21, 0x0, 0x0, 0x5b,
    0xef, 0xff, 0xbe, 0xff, 0xff, 0xff, 0xfe, 0x6,
    0xff, 0xc7, 0x10, 0x3, 0x7a, 0xcd, 0xff, 0xc0,
    0x5, 0x10, 0x0, 0x0, 0x0, 0x0, 0x0, 0x0,
    0x0,

    /* U+6700 "最" */
    0x0, 0xff, 0xff, 0xff, 0xff, 0xff, 0xff, 0x10,
    0x0, 0xf, 0xf6, 0x66, 0x66, 0x66, 0x6f, 0xf1,
    0x0, 0x0, 0xff, 0xee, 0xee, 0xee, 0xee, 0xff,
    0x10, 0x0, 0xf, 0xf5, 0x55, 0x55, 0x55, 0x5f,
    0xf1, 0x0, 0x0, 0xff, 0xee, 0xee, 0xee, 0xee,
    0xff, 0x10, 0x0, 0x8, 0x88, 0x88, 0x88, 0x88,
    0x88, 0x80, 0x0, 0x99, 0x99, 0x99, 0x99, 0x99,
    0x99, 0x99, 0x99, 0xf, 0xff, 0xff, 0xff, 0xff,
    0xff, 0xff, 0xff, 0xf0, 0xa, 0xf4, 0x11, 0xfc,
    0x14, 0x44, 0x44, 0x40, 0x0, 0xaf, 0xff, 0xff,
    0xc6, 0xff, 0xff, 0xff, 0x20, 0xa, 0xf3, 0x11,
    0xfc, 0x3f, 0xc3, 0x4f, 0xe0, 0x0, 0xaf, 0xff,
    0xff, 0xc0, 0x9f, 0x6a, 0xf6, 0x0, 0xa, 0xf6,
    0x44, 0xfd, 0x20, 0xdf, 0xfa, 0x0, 0x3, 0xbf,
    0xab, 0xdf, 0xfd, 0x3d, 0xff, 0xc4, 0x0, 0xef,
    0xfe, 0xcb, 0xfe, 0xdf, 0xf7, 0xaf, 0xfd, 0x3,
    0x20, 0x0, 0xf, 0xc5, 0xa2, 0x0, 0x3a, 0x80,
    0x0, 0x0, 0x0, 0x0, 0x0, 0x0, 0x0, 0x0,
    0x0,

    /* U+6708 "月" */
    0x0, 0x3f, 0xff, 0xff, 0xff, 0xff, 0xff, 0x20,
    0x3, 0xff, 0xff, 0xff, 0xff, 0xff, 0xf2, 0x0,
    0x3f, 0xd0, 0x0, 0x0, 0x0, 0xef, 0x20, 0x3,
    0xfd, 0x0, 0x0, 0x0, 0xe, 0xf2, 0x0, 0x3f,
    0xd0, 0x0, 0x0, 0x0, 0xef, 0x20, 0x3, 0xff,
    0xff, 0xff, 0xff, 0xff, 0xf2, 0x0, 0x3f, 0xfe,
    0xee, 0xee, 0xee, 0xff, 0x20, 0x3, 0xfc, 0x0,
    0x0, 0x0, 0xe, 0xf2, 0x0, 0x4f, 0xc0, 0x0,
    0x0, 0x0, 0xef, 0x20, 0x4, 0xff, 0xee, 0xee,
    0xee, 0xef, 0xf2, 0x0, 0x6f, 0xff, 0xff, 0xff,
    0xff, 0xff, 0x20, 0x9, 0xf8, 0x0, 0x0, 0x0,
    0xe, 0xf2, 0x0, 0xef, 0x40, 0x0, 0x0, 0x0,
    0xef, 0x20, 0x7f, 0xe0, 0x0, 0x1, 0x11, 0x2f,
    0xf2, 0x3f, 0xf6, 0x0, 0x0, 0x9f, 0xff, 0xff,
    0x4, 0xeb, 0x0, 0x0, 0x6, 0xff, 0xfe, 0x70,
    0x1, 0x10, 0x0, 0x0, 0x0, 0x0, 0x0, 0x0,

    /* U+6709 "有" */
    0x0, 0x0, 0x0, 0x26, 0x50, 0x0, 0x0, 0x0,
    0x0, 0x0, 0x0, 0x0, 0x9f, 0xc0, 0x0, 0x0,
    0x0, 0x0, 0x9, 0xcc, 0xcc, 0xff, 0xec, 0xcc,
    0xcc, 0xcc, 0xc0, 0xc, 0xff, 0xff, 0xff, 0xff,
    0xff, 0xff, 0xff, 0xf1, 0x2, 0x22, 0x4f, 0xf7,
    0x22, 0x22, 0x22, 0x22, 0x20, 0x0, 0x0, 0xbf,
    0xe1, 0x0, 0x0, 0x0, 0x0, 0x0, 0x0, 0x6,
    0xff, 0xff, 0xff, 0xff, 0xff, 0xf5, 0x0, 0x0,
    0x3f, 0xff, 0xcc, 0xcc, 0xcc, 0xce, 0xf5, 0x0,
    0x2, 0xef, 0xfe, 0x0, 0x0, 0x0, 0xb, 0xf5,
    0x0, 0xe, 0xff, 0xff, 0xff, 0xff, 0xff, 0xff,
    0xf5, 0x0, 0xd, 0xe5, 0xff, 0xbb, 0xbb, 0xbb,
    0xbe, 0xf5, 0x0, 0x6, 0x22, 0xfe, 0x0, 0x0,
    0x0, 0xb, 0xf5, 0x0, 0x0, 0x2, 0xff, 0xcc,
    0xcc, 0xcc, 0xce, 0xf5, 0x0, 0x0, 0x2, 0xff,
    0xff, 0xff, 0xff, 0xff, 0xf5, 0x0, 0x0, 0x2,
    0xfe, 0x0, 0x0, 0x0, 0xc, 0xf5, 0x0, 0x0,
    0x2, 0xfe, 0x0, 0x0, 0xcc, 0xdf, 0xf3, 0x0,
    0x0, 0x2, 0xfe, 0x0, 0x0, 0xdf, 0xff, 0xa0,
    0x0, 0x0, 0x0, 0x11, 0x0, 0x0, 0x0, 0x0,
    0x0, 0x0,

    /* U+6717 "朗" */
    0x0, 0xa, 0xc1, 0x0, 0x0, 0x0, 0x0, 0x0,
    0x0, 0xe, 0xf5, 0x0, 0x1f, 0xff, 0xff, 0xf2,
    0xc, 0xcf, 0xfe, 0xc8, 0x1f, 0xff, 0xff, 0xf2,
    0x1f, 0xff, 0xff, 0xfa, 0x1f, 0xd0, 0xc, 0xf2,
    0x1f, 0xd0, 0x3, 0xfa, 0x1f, 0xd0, 0xc, 0xf2,
    0x1f, 0xe5, 0x57, 0xfa, 0x1f, 0xd0, 0xc, 0xf2,
    0x1f, 0xff, 0xff, 0xfa, 0x1f, 0xff, 0xff, 0xf2,
    0x1f, 0xe6, 0x68, 0xfa, 0x1f, 0xfc, 0xcf, 0xf2,
    0x1f, 0xd1, 0x14, 0xfa, 0x1f, 0xd0, 0xc, 0xf2,
    0x1f, 0xff, 0xff, 0xfa, 0x1f, 0xd0, 0xc, 0xf2,
    0x1f, 0xe9, 0x9a, 0xa6, 0x2f, 0xff, 0xff, 0xf2,
    0x1f, 0xd0, 0x3e, 0xb0, 0x3f, 0xec, 0xcf, 0xf2,
    0x1f, 0xd0, 0xd, 0xf4, 0x5f, 0x90, 0xc, 0xf2,
    0x1f, 0xd4, 0xbf, 0xfd, 0xaf, 0x60, 0xc, 0xf2,
    0x4f, 0xff, 0xfe, 0xdd, 0xff, 0x10, 0xd, 0xf2,
    0x3f, 0xfd, 0x60, 0x1b, 0xfa, 0x1f, 0xff, 0xf1,
    0x8, 0x40, 0x0, 0x1c, 0xf1, 0xe, 0xff, 0x90,
    0x0, 0x0, 0x0, 0x0, 0x10, 0x0, 0x0, 0x0,

    /* U+671D "朝" */
    0x0, 0xb, 0xf2, 0x0, 0xf, 0xff, 0xff, 0xf1,
    0xac, 0xcf, 0xfd, 0xcc, 0x4f, 0xfe, 0xef, 0xf1,
    0xdf, 0xff, 0xff, 0xff, 0x4f, 0xc0, 0xc, 0xf1,
    0x0, 0xb, 0xf2, 0x0, 0xf, 0xc0, 0xc, 0xf1,
    0x4c, 0xce, 0xfc, 0xc9, 0xf, 0xc1, 0x1c, 0xf1,
    0x5f, 0xee, 0xee, 0xfc, 0xf, 0xff, 0xff, 0xf1,
    0x5f, 0x61, 0x11, 0xfc, 0xf, 0xfd, 0xdf, 0xf1,
    0x5f, 0xff, 0xff, 0xfc, 0xf, 0xc0, 0xc, 0xf1,
    0x5f, 0x83, 0x33, 0xfc, 0x1f, 0xc0, 0xc, 0xf1,
    0x5f, 0xec, 0xcc, 0xfc, 0x1f, 0xff, 0xff, 0xf1,
    0x4d, 0xdf, 0xfd, 0xd9, 0x2f, 0xff, 0xff, 0xf1,
    0x0, 0xb, 0xf2, 0x0, 0x4f, 0x80, 0xc, 0xf1,
    0xff, 0xff, 0xff, 0xff, 0x9f, 0x50, 0xc, 0xf1,
    0xcc, 0xce, 0xfc, 0xcc, 0xef, 0x10, 0xd, 0xf1,
    0x0, 0xb, 0xf2, 0x9, 0xfa, 0x1e, 0xef, 0xf0,
    0x0, 0xb, 0xf2, 0xa, 0xf1, 0xe, 0xfe, 0x70,
    0x0, 0x2, 0x30, 0x0, 0x20, 0x0, 0x0, 0x0,

    /* U+671F "期" */
    0x0, 0xdf, 0x0, 0x4f, 0x90, 0xcf, 0xff, 0xff,
    0x20, 0x8f, 0xfb, 0xbc, 0xfe, 0x6c, 0xff, 0xff,
    0xf2, 0xc, 0xff, 0xff, 0xff, 0xf9, 0xcf, 0x0,
    0xbf, 0x20, 0xd, 0xf1, 0x5, 0xf9, 0xc, 0xf0,
    0xb, 0xf2, 0x0, 0xdf, 0x99, 0xbf, 0x90, 0xcf,
    0x33, 0xcf, 0x20, 0xd, 0xff, 0xff, 0xf9, 0xc,
    0xff, 0xff, 0xf2, 0x0, 0xdf, 0x10, 0x5f, 0x90,
    0xcf, 0x99, 0xef, 0x20, 0xd, 0xfa, 0xab, 0xf9,
    0xc, 0xf0, 0xb, 0xf2, 0x0, 0xdf, 0xff, 0xff,
    0x90, 0xdf, 0x0, 0xbf, 0x20, 0xd, 0xf0, 0x4,
    0xf9, 0xd, 0xfe, 0xef, 0xf2, 0xc, 0xff, 0xcc,
    0xdf, 0xe6, 0xef, 0xff, 0xff, 0x20, 0xff, 0xff,
    0xff, 0xff, 0xaf, 0xd0, 0xb, 0xf2, 0x0, 0x1d,
    0x61, 0xcb, 0x5, 0xfa, 0x0, 0xbf, 0x20, 0xb,
    0xfa, 0xb, 0xfa, 0xcf, 0x60, 0xc, 0xf2, 0xc,
    0xfc, 0x0, 0xa, 0x9f, 0xf1, 0xbe, 0xff, 0x10,
    0x8c, 0x10, 0x0, 0x6, 0xf8, 0xa, 0xff, 0x80,
    0x0, 0x0, 0x0, 0x0, 0x2, 0x0, 0x0, 0x0,
    0x0,

    /* U+672C "本" */
    0x0, 0x0, 0x0, 0xd, 0xf4, 0x0, 0x0, 0x0,
    0x0, 0x0, 0x0, 0x0, 0xdf, 0x40, 0x0, 0x0,
    0x0, 0x4e, 0xee, 0xee, 0xef, 0xfe, 0xee, 0xee,
    0xea, 0x4, 0xff, 0xff, 0xff, 0xff, 0xff, 0xff,
    0xff, 0xc0, 0x2, 0x22, 0x24, 0xff, 0xff, 0x92,
    0x22, 0x21, 0x0, 0x0, 0x0, 0xaf, 0xff, 0xfe,
    0x10, 0x0, 0x0, 0x0, 0x0, 0x4f, 0xdd, 0xfb,
    0xfa, 0x0, 0x0, 0x0, 0x0, 0x1e, 0xf4, 0xdf,
    0x4d, 0xf6, 0x0, 0x0, 0x0, 0xc, 0xf9, 0xd,
    0xf4, 0x3f, 0xf4, 0x0, 0x0, 0xc, 0xfd, 0x0,
    0xdf, 0x40, 0x7f, 0xf4, 0x0, 0x1c, 0xfe, 0x20,
    0xd, 0xf4, 0x0, 0xaf, 0xf7, 0xc, 0xff, 0x4c,
    0xcc, 0xff, 0xdc, 0xc6, 0xbf, 0xf3, 0x6f, 0x31,
    0xff, 0xff, 0xff, 0xff, 0x80, 0xab, 0x0, 0x30,
    0x3, 0x33, 0xdf, 0x63, 0x31, 0x0, 0x10, 0x0,
    0x0, 0x0, 0xd, 0xf4, 0x0, 0x0, 0x0, 0x0,
    0x0, 0x0, 0x0, 0xdf, 0x40, 0x0, 0x0, 0x0,

    /* U+673A "机" */
    0x0, 0xd, 0xf1, 0x1, 0xff, 0xff, 0xff, 0x10,
    0x0, 0x0, 0xd, 0xf1, 0x1, 0xff, 0xff, 0xff,
    0x10, 0x0, 0x0, 0xd, 0xf1, 0x1, 0xfe, 0x0,
    0xef, 0x10, 0x0, 0xd, 0xff, 0xff, 0xf1, 0xfe,
    0x0, 0xef, 0x10, 0x0, 0xb, 0xdf, 0xfd, 0xd1,
    0xfe, 0x0, 0xef, 0x10, 0x0, 0x0, 0x1f, 0xf1,
    0x1, 0xfe, 0x0, 0xef, 0x10, 0x0, 0x0, 0x7f,
    0xf4, 0x1, 0xfe, 0x0, 0xef, 0x10, 0x0, 0x0,
    0xdf, 0xff, 0x91, 0xfe, 0x0, 0xef, 0x10, 0x0,
    0x6, 0xff, 0xff, 0xfb, 0xfd, 0x0, 0xef, 0x10,
    0x0, 0xe, 0xfe, 0xf3, 0xc6, 0xfc, 0x0, 0xef,
    0x10, 0x0, 0xf, 0x8d, 0xf1, 0x3, 0xfb, 0x0,
    0xef, 0x16, 0x80, 0xc, 0x1d, 0xf1, 0x6, 0xf8,
    0x0, 0xef, 0x1a, 0xf0, 0x2, 0xd, 0xf1, 0xb,
    0xf4, 0x0, 0xef, 0x1a, 0xf0, 0x0, 0xd, 0xf1,
    0x3f, 0xe0, 0x0, 0xef, 0x1b, 0xf0, 0x0, 0xd,
    0xf2, 0xdf, 0x50, 0x0, 0xdf, 0xff, 0xe0, 0x0,
    0xd, 0xf4, 0xb9, 0x0, 0x0, 0x6f, 0xff, 0x70,
    0x0, 0x0, 0x0, 0x0, 0x0, 0x0, 0x0, 0x0,
    0x0,

    /* U+674F "杏" */
    0x0, 0x0, 0x0, 0x4, 0xfd, 0x0, 0x0, 0x0,
    0x0, 0xac, 0xcc, 0xcc, 0xdf, 0xfc, 0xcc, 0xcc,
    0xc4, 0xd, 0xff, 0xff, 0xff, 0xff, 0xff, 0xff,
    0xff, 0x60, 0x23, 0x33, 0x3a, 0xff, 0xff, 0x53,
    0x33, 0x31, 0x0, 0x0, 0x1a, 0xff, 0xff, 0xff,
    0x50, 0x0, 0x0, 0x0, 0x5e, 0xff, 0x8f, 0xd9,
    0xff, 0xb2, 0x0, 0x4, 0xcf, 0xfd, 0x34, 0xfd,
    0x6, 0xff, 0xfb, 0x43, 0xff, 0xf9, 0x0, 0x4f,
    0xd0, 0x2, 0xbf, 0xfb, 0xc, 0xc5, 0x22, 0x23,
    0x65, 0x22, 0x22, 0x6c, 0x50, 0x5, 0xff, 0xff,
    0xff, 0xff, 0xff, 0xfe, 0x0, 0x0, 0x5f, 0xeb,
    0xbb, 0xbb, 0xbb, 0xcf, 0xe0, 0x0, 0x5, 0xfb,
    0x0, 0x0, 0x0, 0x2, 0xfe, 0x0, 0x0, 0x5f,
    0xb0, 0x0, 0x0, 0x0, 0x2f, 0xe0, 0x0, 0x5,
    0xff, 0xdd, 0xdd, 0xdd, 0xdd, 0xfe, 0x0, 0x0,
    0x5f, 0xff, 0xff, 0xff, 0xff, 0xff, 0xe0, 0x0,
    0x5, 0xfb, 0x0, 0x0, 0x0, 0x2, 0xfd, 0x0,

    /* U+675F "束" */
    0x0, 0x0, 0x0, 0xe, 0xf2, 0x0, 0x0, 0x0,
    0x9, 0xdd, 0xdd, 0xdd, 0xff, 0xed, 0xdd, 0xdd,
    0xc0, 0xaf, 0xff, 0xff, 0xff, 0xff, 0xff, 0xff,
    0xfe, 0x0, 0x0, 0x0, 0x0, 0xef, 0x20, 0x0,
    0x0, 0x0, 0x0, 0x11, 0x11, 0x1e, 0xf3, 0x11,
    0x11, 0x10, 0x0, 0x7f, 0xff, 0xff, 0xff, 0xff,
    0xff, 0xfb, 0x0, 0x7, 0xfd, 0xbb, 0xbf, 0xfc,
    0xbb, 0xcf, 0xb0, 0x0, 0x7f, 0x70, 0x0, 0xef,
    0x20, 0x4, 0xfb, 0x0, 0x7, 0xfd, 0xbb, 0xbf,
    0xfb, 0xbb, 0xcf, 0xb0, 0x0, 0x7f, 0xff, 0xff,
    0xff, 0xff, 0xff, 0xfb, 0x0, 0x1, 0x22, 0x28,
    0xff, 0xff, 0xb2, 0x22, 0x10, 0x0, 0x0, 0x9,
    0xff, 0xff, 0xff, 0xc2, 0x0, 0x0, 0x0, 0x5e,
    0xff, 0x4e, 0xf4, 0xdf, 0xf8, 0x10, 0x6, 0xdf,
    0xfc, 0x10, 0xef, 0x20, 0x9f, 0xff, 0xa0, 0xaf,
    0xd5, 0x0, 0xe, 0xf2, 0x0, 0x2b, 0xfc, 0x2,
    0x50, 0x0, 0x0, 0xef, 0x20, 0x0, 0x2, 0x30,

    /* U+6761 "条" */
    0x0, 0x0, 0x4, 0x0, 0x0, 0x0, 0x0, 0x0,
    0x0, 0x0, 0x9, 0xfd, 0x0, 0x0, 0x0, 0x0,
    0x0, 0x0, 0x8, 0xff, 0xff, 0xff, 0xff, 0xff,
    0x80, 0x0, 0x1b, 0xff, 0xdb, 0xbb, 0xbb, 0xdf,
    0xf8, 0x0, 0x3e, 0xff, 0xff, 0x70, 0x2, 0x9f,
    0xfa, 0x0, 0x2, 0xfa, 0x15, 0xef, 0xeb, 0xff,
    0xe5, 0x0, 0x0, 0x2, 0x0, 0x4a, 0xff, 0xff,
    0xf8, 0x40, 0x0, 0x5, 0x9c, 0xff, 0xff, 0xb8,
    0xdf, 0xff, 0xfe, 0xb1, 0x9f, 0xfe, 0xb6, 0x14,
    0x83, 0x26, 0xae, 0xff, 0x3, 0x62, 0x0, 0x0,
    0x9f, 0x70, 0x0, 0x1, 0x20, 0x1d, 0xdd, 0xdd,
    0xde, 0xfe, 0xdd, 0xdd, 0xd8, 0x2, 0xff, 0xff,
    0xff, 0xff, 0xff, 0xff, 0xff, 0x90, 0x0, 0x2,
    0xb1, 0x9, 0xf7, 0xa, 0x20, 0x0, 0x0, 0x4,
    0xef, 0x80, 0x9f, 0x77, 0xff, 0x91, 0x0, 0x2b,
    0xff, 0x90, 0xa, 0xf7, 0x7, 0xff, 0xe7, 0x9,
    0xff, 0x65, 0xee, 0xff, 0x60, 0x1, 0xbf, 0xd0,
    0x19, 0x10, 0x3f, 0xff, 0xc1, 0x0, 0x0, 0x54,
    0x0,

    /* U+6765 "来" */
    0x0, 0x0, 0x0, 0x2, 0xff, 0x0, 0x0, 0x0,
    0x0, 0x4, 0x44, 0x44, 0x5f, 0xf4, 0x44, 0x44,
    0x30, 0x1, 0xff, 0xff, 0xff, 0xff, 0xff, 0xff,
    0xfe, 0x0, 0x1b, 0xbc, 0xbb, 0xbf, 0xfb, 0xbb,
    0xdb, 0xa0, 0x0, 0xb, 0xe2, 0x2, 0xff, 0x0,
    0x3f, 0xa0, 0x0, 0x0, 0xaf, 0xd1, 0x2f, 0xf0,
    0x2e, 0xf6, 0x0, 0x0, 0x0, 0xbe, 0x32, 0xff,
    0x7, 0xf7, 0x0, 0x0, 0xbc, 0xcc, 0xdc, 0xcf,
    0xfc, 0xce, 0xcc, 0xc8, 0xe, 0xff, 0xff, 0xff,
    0xff, 0xff, 0xff, 0xff, 0xb0, 0x22, 0x22, 0x28,
    0xff, 0xff, 0x62, 0x22, 0x22, 0x0, 0x0, 0x7,
    0xff, 0xff, 0xff, 0x50, 0x0, 0x0, 0x0, 0x2b,
    0xff, 0x7f, 0xf6, 0xff, 0xa1, 0x0, 0x2, 0x9f,
    0xfe, 0x42, 0xff, 0x5, 0xff, 0xf8, 0x10, 0xff,
    0xfa, 0x10, 0x2f, 0xf0, 0x1, 0xbf, 0xfc, 0x8,
    0xc4, 0x0, 0x2, 0xff, 0x0, 0x0, 0x4c, 0x40,
    0x0, 0x0, 0x0, 0x2f, 0xf0, 0x0, 0x0, 0x0,

    /* U+677F "板" */
    0x0, 0xf, 0xd0, 0x0, 0x0, 0x0, 0x25, 0x8b,
    0x40, 0x0, 0xf, 0xd0, 0x7, 0xac, 0xef, 0xff,
    0xff, 0x80, 0x0, 0xf, 0xd0, 0xd, 0xff, 0xff,
    0xdb, 0x85, 0x20, 0xc, 0xef, 0xfe, 0x9d, 0xf3,
    0x10, 0x0, 0x0, 0x0, 0xd, 0xff, 0xff, 0x9d,
    0xf1, 0x11, 0x11, 0x11, 0x0, 0x0, 0x5f, 0xd0,
    0xd, 0xff, 0xff, 0xff, 0xff, 0x40, 0x0, 0xbf,
    0xe1, 0xd, 0xff, 0xfd, 0xdd, 0xff, 0x30, 0x1,
    0xff, 0xfe, 0x3e, 0xfa, 0xf4, 0x0, 0xef, 0x10,
    0x9, 0xff, 0xff, 0xee, 0xf5, 0xfa, 0x4, 0xfb,
    0x0, 0x1f, 0xcf, 0xd6, 0x7f, 0xe0, 0xef, 0x1b,
    0xf5, 0x0, 0xf, 0x5f, 0xd0, 0x2f, 0xc0, 0x7f,
    0xdf, 0xd0, 0x0, 0x9, 0xf, 0xd0, 0x6f, 0x90,
    0xe, 0xff, 0x40, 0x0, 0x0, 0xf, 0xd0, 0xcf,
    0x40, 0x5f, 0xff, 0x70, 0x0, 0x0, 0xf, 0xd4,
    0xfe, 0x1a, 0xff, 0xaf, 0xfb, 0x20, 0x0, 0xf,
    0xdc, 0xf9, 0xff, 0xf5, 0x4, 0xef, 0xd0, 0x0,
    0xf, 0xd2, 0xb0, 0x9a, 0x10, 0x0, 0x1b, 0x50,
    0x0, 0x0, 0x0, 0x0, 0x0, 0x0, 0x0, 0x0,
    0x0,

    /* U+6781 "极" */
    0x0, 0xf, 0xe0, 0xbf, 0xff, 0xff, 0xff, 0xf3,
    0x0, 0x0, 0xfe, 0x9, 0xef, 0xfe, 0xee, 0xff,
    0x30, 0x9, 0xaf, 0xfa, 0x60, 0xfd, 0x0, 0x1f,
    0xe0, 0x0, 0xdf, 0xff, 0xfa, 0xf, 0xc0, 0x7,
    0xf8, 0x0, 0x9, 0xaf, 0xfa, 0x71, 0xfe, 0x0,
    0xdf, 0x20, 0x0, 0x4, 0xfe, 0x0, 0x2f, 0xf2,
    0x3f, 0xfd, 0xd3, 0x0, 0xaf, 0xf5, 0x3, 0xff,
    0x73, 0xff, 0xff, 0x30, 0x1f, 0xff, 0xf8, 0x5f,
    0xfd, 0x0, 0xf, 0xe0, 0x8, 0xff, 0xfe, 0xc7,
    0xfe, 0xf4, 0x7, 0xf8, 0x2, 0xfc, 0xfe, 0x23,
    0xbf, 0x5f, 0xd2, 0xff, 0x10, 0x5f, 0x3f, 0xe0,
    0xf, 0xf0, 0x9f, 0xef, 0x70, 0x0, 0x90, 0xfe,
    0x6, 0xf9, 0x1, 0xff, 0xd0, 0x0, 0x0, 0xf,
    0xe0, 0xef, 0x31, 0xbf, 0xff, 0x90, 0x0, 0x0,
    0xfe, 0x8f, 0xa4, 0xdf, 0xd6, 0xff, 0xc2, 0x0,
    0xf, 0xe9, 0xf8, 0xff, 0xb1, 0x3, 0xef, 0xa0,
    0x0, 0xfe, 0x15, 0x1e, 0x60, 0x0, 0x1, 0xa1,
    0x0, 0x0, 0x0, 0x0, 0x0, 0x0, 0x0, 0x0,
    0x0,

    /* U+6784 "构" */
    0x0, 0x0, 0x0, 0x0, 0x0, 0x0, 0x0, 0x0,
    0x0, 0x0, 0xef, 0x0, 0x6, 0xf7, 0x0, 0x0,
    0x0, 0x0, 0xe, 0xf0, 0x0, 0xbf, 0x52, 0x22,
    0x22, 0x0, 0x0, 0xef, 0x0, 0x2f, 0xff, 0xff,
    0xff, 0xf5, 0xc, 0xff, 0xff, 0xbb, 0xfd, 0xcc,
    0xcc, 0xef, 0x40, 0xcf, 0xff, 0xfe, 0xfd, 0x0,
    0x0, 0xa, 0xf4, 0x0, 0x5f, 0xf0, 0xaf, 0x4d,
    0xb0, 0x0, 0xbf, 0x30, 0xb, 0xff, 0x40, 0x43,
    0xfa, 0x0, 0xb, 0xf3, 0x1, 0xff, 0xff, 0x80,
    0xaf, 0x6d, 0x40, 0xcf, 0x30, 0x9f, 0xff, 0xff,
    0x3f, 0xd1, 0xfc, 0xc, 0xf2, 0x1f, 0xce, 0xf3,
    0x5a, 0xf5, 0x9, 0xf3, 0xcf, 0x20, 0xf5, 0xef,
    0x2, 0xff, 0xbc, 0xef, 0xad, 0xf1, 0xa, 0xe,
    0xf0, 0xf, 0xff, 0xff, 0xff, 0xef, 0x10, 0x10,
    0xef, 0x0, 0x34, 0x20, 0x4, 0x6e, 0xf0, 0x0,
    0xe, 0xf0, 0x0, 0x0, 0x11, 0x15, 0xff, 0x0,
    0x0, 0xef, 0x0, 0x0, 0xd, 0xff, 0xff, 0xd0,
    0x0, 0xe, 0xf0, 0x0, 0x0, 0xaf, 0xff, 0xc3,
    0x0,

    /* U+6790 "析" */
    0x0, 0xd, 0xf1, 0x0, 0x0, 0x0, 0x25, 0x8b,
    0x0, 0x0, 0xd, 0xf1, 0x0, 0xbd, 0xef, 0xff,
    0xff, 0x40, 0x0, 0xd, 0xf1, 0x1, 0xff, 0xff,
    0xdb, 0x85, 0x10, 0xe, 0xff, 0xff, 0xf1, 0xff,
    0x10, 0x0, 0x0, 0x0, 0xc, 0xdf, 0xfd, 0xd1,
    0xff, 0x0, 0x0, 0x0, 0x0, 0x0, 0x3f, 0xf1,
    0x1, 0xff, 0x0, 0x0, 0x0, 0x0, 0x0, 0x9f,
    0xf6, 0x1, 0xff, 0xff, 0xff, 0xff, 0xf2, 0x0,
    0xff, 0xff, 0x91, 0xff, 0xff, 0xff, 0xff, 0xf2,
    0x8, 0xff, 0xff, 0xf9, 0xfe, 0x0, 0x3f, 0xc0,
    0x0, 0xf, 0xdd, 0xf3, 0xc3, 0xfe, 0x0, 0x3f,
    0xc0, 0x0, 0xf, 0x6d, 0xf1, 0x4, 0xfc, 0x0,
    0x3f, 0xc0, 0x0, 0x9, 0xd, 0xf1, 0x7, 0xfa,
    0x0, 0x3f, 0xc0, 0x0, 0x0, 0xd, 0xf1, 0xc,
    0xf7, 0x0, 0x3f, 0xc0, 0x0, 0x0, 0xd, 0xf1,
    0x4f, 0xf1, 0x0, 0x3f, 0xc0, 0x0, 0x0, 0xd,
    0xf1, 0xef, 0x90, 0x0, 0x3f, 0xc0, 0x0, 0x0,
    0xd, 0xf1, 0x6d, 0x10, 0x0, 0x3e, 0xa0, 0x0,
    0x0, 0x0, 0x0, 0x0, 0x0, 0x0, 0x0, 0x0,
    0x0,

    /* U+679C "果" */
    0x0, 0x4f, 0xff, 0xff, 0xff, 0xff, 0xff, 0xf6,
    0x0, 0x0, 0x4f, 0xeb, 0xbb, 0xff, 0xcb, 0xbe,
    0xf6, 0x0, 0x0, 0x4f, 0xa0, 0x0, 0xff, 0x10,
    0x8, 0xf6, 0x0, 0x0, 0x4f, 0xd9, 0x99, 0xff,
    0x99, 0x9c, 0xf6, 0x0, 0x0, 0x4f, 0xff, 0xff,
    0xff, 0xff, 0xff, 0xf6, 0x0, 0x0, 0x4f, 0xa0,
    0x0, 0xff, 0x10, 0x8, 0xf6, 0x0, 0x0, 0x4f,
    0xeb, 0xbb, 0xff, 0xcb, 0xbe, 0xf6, 0x0, 0x0,
    0x4f, 0xff, 0xff, 0xff, 0xff, 0xff, 0xf6, 0x0,
    0x0, 0x0, 0x0, 0x0, 0xff, 0x10, 0x0, 0x0,
    0x0, 0x9, 0xcc, 0xcc, 0xcc, 0xff, 0xcc, 0xcc,
    0xcc, 0xb0, 0xc, 0xff, 0xff, 0xff, 0xff, 0xff,
    0xff, 0xff, 0xe0, 0x0, 0x0, 0x3, 0xdf, 0xff,
    0xfd, 0x40, 0x0, 0x0, 0x0, 0x2, 0x9f, 0xf8,
    0xff, 0x7f, 0xfa, 0x20, 0x0, 0x5, 0xbf, 0xfd,
    0x40, 0xff, 0x13, 0xdf, 0xfb, 0x60, 0xc, 0xfe,
    0x70, 0x0, 0xff, 0x10, 0x7, 0xef, 0xd0, 0x4,
    0x60, 0x0, 0x0, 0xff, 0x10, 0x0, 0x6, 0x50,

    /* U+67D3 "染" */
    0x0, 0x1, 0x0, 0x0, 0x0, 0x0, 0x0, 0x0,
    0x0, 0xa, 0xf9, 0x20, 0x7, 0xf8, 0x0, 0x0,
    0x0, 0x0, 0x4d, 0xf9, 0x8b, 0xdf, 0xdb, 0xbb,
    0x0, 0x0, 0x8a, 0x26, 0x1b, 0xff, 0xff, 0xff,
    0xf0, 0x0, 0xd, 0xff, 0x60, 0x23, 0xcf, 0x63,
    0xff, 0x6, 0x40, 0x7, 0xf4, 0x10, 0xe, 0xf0,
    0xf, 0xf0, 0xde, 0x0, 0x7, 0xea, 0xa, 0xfa,
    0x0, 0xff, 0xe, 0xd0, 0x4d, 0xff, 0xdc, 0xff,
    0x20, 0xe, 0xfc, 0xfc, 0x8, 0xfc, 0x32, 0xfe,
    0xa6, 0x0, 0x8f, 0xff, 0x60, 0x15, 0x0, 0x3,
    0x1f, 0xf0, 0x0, 0x0, 0x0, 0xb, 0xcc, 0xcc,
    0xcc, 0xff, 0xcc, 0xcc, 0xcc, 0x80, 0xef, 0xff,
    0xff, 0xff, 0xff, 0xff, 0xff, 0xfa, 0x0, 0x0,
    0x2, 0xbf, 0xff, 0xfd, 0x40, 0x0, 0x0, 0x0,
    0x29, 0xff, 0xaf, 0xf9, 0xff, 0x92, 0x0, 0x6,
    0xcf, 0xfe, 0x50, 0xff, 0x4, 0xef, 0xfc, 0x50,
    0xcf, 0xe7, 0x0, 0xf, 0xf0, 0x0, 0x7e, 0xf9,
    0x5, 0x50, 0x0, 0x0, 0xff, 0x0, 0x0, 0x5,
    0x20,

    /* U+67D4 "柔" */
    0x0, 0xaf, 0xff, 0xff, 0xff, 0xff, 0xff, 0xf5,
    0x0, 0x6, 0xab, 0xfc, 0xaa, 0xaa, 0xdf, 0xff,
    0x30, 0x0, 0x0, 0x7f, 0xf7, 0x1, 0xaf, 0xfa,
    0x10, 0x0, 0x0, 0x0, 0x6e, 0xfd, 0xff, 0xc3,
    0x0, 0x0, 0xd, 0xff, 0xff, 0xff, 0xff, 0xff,
    0xff, 0xff, 0x50, 0x8a, 0xaa, 0xdf, 0xfc, 0xff,
    0xaa, 0xaf, 0xf4, 0x0, 0x4, 0xcf, 0xe6, 0xf,
    0xf0, 0x9, 0xfc, 0x0, 0xaf, 0xff, 0x88, 0xaa,
    0xff, 0x1, 0xdf, 0x20, 0x8, 0xc6, 0x10, 0x9f,
    0xff, 0x90, 0x0, 0x20, 0x0, 0x0, 0x0, 0x0,
    0x3f, 0xd0, 0x0, 0x0, 0x0, 0xe, 0xff, 0xff,
    0xff, 0xff, 0xff, 0xff, 0xff, 0x80, 0xab, 0xbb,
    0xbd, 0xff, 0xff, 0xbb, 0xbb, 0xb6, 0x0, 0x0,
    0x29, 0xff, 0xff, 0xfd, 0x60, 0x0, 0x0, 0x27,
    0xcf, 0xfb, 0x5f, 0xd5, 0xef, 0xfa, 0x61, 0x1f,
    0xff, 0xa3, 0x3, 0xfd, 0x0, 0x6d, 0xff, 0xa0,
    0x66, 0x10, 0x0, 0x3f, 0xd0, 0x0, 0x3, 0x92,

    /* U+6807 "标" */
    0x0, 0xf, 0xe0, 0x9, 0xff, 0xff, 0xff, 0xff,
    0x50, 0x0, 0xf, 0xe0, 0x9, 0xff, 0xff, 0xff,
    0xff, 0x50, 0x8, 0xaf, 0xfa, 0x50, 0x0, 0x0,
    0x0, 0x0, 0x0, 0xd, 0xff, 0xff, 0x90, 0x0,
    0x0, 0x0, 0x0, 0x0, 0x9, 0xbf, 0xfb, 0x60,
    0x0, 0x0, 0x0, 0x0, 0x0, 0x0, 0x5f, 0xe0,
    0x4e, 0xee, 0xee, 0xee, 0xee, 0xe0, 0x0, 0xbf,
    0xf1, 0x4f, 0xff, 0xff, 0xff, 0xff, 0xf0, 0x2,
    0xff, 0xfe, 0x50, 0x0, 0x3f, 0xd0, 0x0, 0x0,
    0x9, 0xff, 0xff, 0xf1, 0xb6, 0x2f, 0xd4, 0xc3,
    0x0, 0x1f, 0xcf, 0xe2, 0x74, 0xfb, 0x2f, 0xd6,
    0xf9, 0x0, 0xf, 0x4f, 0xe0, 0xa, 0xf6, 0x2f,
    0xd0, 0xff, 0x10, 0x9, 0xf, 0xe0, 0x1f, 0xf0,
    0x2f, 0xd0, 0xaf, 0x60, 0x0, 0xf, 0xe0, 0x9f,
    0x90, 0x2f, 0xd0, 0x4f, 0xc0, 0x0, 0xf, 0xe0,
    0xef, 0x20, 0x4f, 0xd0, 0xe, 0xe1, 0x0, 0xf,
    0xe0, 0x4, 0x7f, 0xff, 0xc0, 0x2, 0x0, 0x0,
    0xf, 0xe0, 0x0, 0x4f, 0xfe, 0x50, 0x0, 0x0,

    /* U+6821 "校" */
    0x0, 0x0, 0x0, 0x0, 0x0, 0x13, 0x20, 0x0,
    0x0, 0x0, 0xf, 0xe0, 0x0, 0x0, 0x8f, 0x90,
    0x0, 0x0, 0x0, 0xf, 0xe0, 0x0, 0x0, 0x4f,
    0xe0, 0x0, 0x0, 0x0, 0xf, 0xe0, 0x1f, 0xff,
    0xff, 0xff, 0xff, 0xe0, 0xe, 0xff, 0xff, 0x9e,
    0xee, 0xee, 0xee, 0xee, 0xc0, 0xd, 0xef, 0xfe,
    0x70, 0x1d, 0x50, 0x1c, 0x40, 0x0, 0x0, 0x4f,
    0xe0, 0x0, 0xbf, 0xc0, 0x4f, 0xf4, 0x0, 0x0,
    0xaf, 0xf1, 0x9, 0xfe, 0x10, 0x5, 0xff, 0x30,
    0x1, 0xff, 0xfd, 0x9f, 0xf6, 0x0, 0x5, 0x8f,
    0xd0, 0xa, 0xff, 0xff, 0xeb, 0xcf, 0x60, 0x3f,
    0xd8, 0x30, 0x2f, 0xcf, 0xe7, 0x30, 0x3f, 0xd0,
    0xcf, 0x60, 0x0, 0xf, 0x4f, 0xe0, 0x0, 0xa,
    0xfd, 0xfc, 0x0, 0x0, 0x8, 0xf, 0xe0, 0x0,
    0x1, 0xff, 0xf2, 0x0, 0x0, 0x0, 0xf, 0xe0,
    0x0, 0x1a, 0xff, 0xfb, 0x20, 0x0, 0x0, 0xf,
    0xe0, 0x18, 0xff, 0xe6, 0xdf, 0xf9, 0x20, 0x0,
    0xf, 0xe0, 0xef, 0xfa, 0x10, 0x9, 0xff, 0xe0,
    0x0, 0xf, 0xe0, 0x6b, 0x30, 0x0, 0x0, 0x3b,
    0x50, 0x0, 0x0, 0x0, 0x0, 0x0, 0x0, 0x0,
    0x0, 0x0,

    /* U+6837 "样" */
    0x0, 0x0, 0x0, 0x0, 0x2, 0x0, 0x1, 0x10,
    0x0, 0x0, 0xf, 0xf0, 0x0, 0x8f, 0x40, 0x9,
    0xf5, 0x0, 0x0, 0xf, 0xf0, 0x0, 0x4f, 0xd0,
    0x1f, 0xf1, 0x0, 0x0, 0xf, 0xf0, 0x0, 0xc,
    0x91, 0x9f, 0x90, 0x0, 0xb, 0xff, 0xff, 0x9e,
    0xff, 0xff, 0xff, 0xff, 0x90, 0xb, 0xff, 0xff,
    0x9c, 0xdd, 0xef, 0xfd, 0xdd, 0x80, 0x0, 0x2f,
    0xf0, 0x0, 0x0, 0x3f, 0xd0, 0x0, 0x0, 0x0,
    0x8f, 0xf2, 0x1, 0x22, 0x5f, 0xd2, 0x22, 0x0,
    0x0, 0xef, 0xff, 0x57, 0xff, 0xff, 0xff, 0xff,
    0x20, 0x7, 0xff, 0xff, 0xf6, 0xcc, 0xdf, 0xfc,
    0xcc, 0x10, 0xe, 0xef, 0xf4, 0x70, 0x0, 0x3f,
    0xd0, 0x0, 0x0, 0xf, 0x7f, 0xf0, 0x13, 0x33,
    0x6f, 0xd3, 0x33, 0x30, 0xb, 0xf, 0xf0, 0x7f,
    0xff, 0xff, 0xff, 0xff, 0xf0, 0x2, 0xf, 0xf0,
    0x5b, 0xbb, 0xcf, 0xfb, 0xbb, 0xb0, 0x0, 0xf,
    0xf0, 0x0, 0x0, 0x3f, 0xd0, 0x0, 0x0, 0x0,
    0xf, 0xf0, 0x0, 0x0, 0x3f, 0xd0, 0x0, 0x0,
    0x0, 0xf, 0xf0, 0x0, 0x0, 0x3f, 0xd0, 0x0,
    0x0, 0x0, 0x0, 0x0, 0x0, 0x0, 0x0, 0x0,
    0x0, 0x0,

    /* U+6848 "案" */
    0x0, 0x0, 0x0, 0x0, 0x46, 0x0, 0x0, 0x0,
    0x0, 0x0, 0x0, 0x0, 0x2, 0xff, 0x40, 0x0,
    0x0, 0x0, 0x0, 0xff, 0xff, 0xff, 0xff, 0xff,
    0xff, 0xff, 0x50, 0x0, 0xff, 0x99, 0x99, 0x99,
    0x99, 0x99, 0xdf, 0x50, 0x0, 0x9a, 0x0, 0x8f,
    0xa0, 0x0, 0x0, 0x69, 0x30, 0x8, 0xff, 0xff,
    0xff, 0xff, 0xff, 0xff, 0xff, 0xe0, 0x5, 0xaa,
    0xcf, 0xfa, 0xaa, 0xad, 0xff, 0xaa, 0x90, 0x0,
    0x1, 0xdf, 0xfb, 0x74, 0x9f, 0xe3, 0x0, 0x0,
    0x0, 0x0, 0x15, 0xbf, 0xff, 0xff, 0xb6, 0x20,
    0x0, 0x4, 0xef, 0xff, 0xfe, 0xa5, 0x5a, 0xef,
    0xfe, 0x20, 0x1, 0xca, 0x74, 0x10, 0xdf, 0x20,
    0x4, 0x9b, 0x0, 0x6, 0x99, 0x99, 0x99, 0xef,
    0xa9, 0x99, 0x99, 0x90, 0xa, 0xff, 0xff, 0xff,
    0xff, 0xff, 0xff, 0xff, 0xf0, 0x0, 0x0, 0x17,
    0xef, 0xff, 0xff, 0xa3, 0x0, 0x0, 0x2, 0x6b,
    0xff, 0xe5, 0xdf, 0x5b, 0xff, 0xc7, 0x30, 0xd,
    0xff, 0xc5, 0x0, 0xdf, 0x20, 0x3a, 0xff, 0xf3,
    0x5, 0x72, 0x0, 0x0, 0xdf, 0x20, 0x0, 0x16,
    0x90,

    /* U+690D "植" */
    0x0, 0x1d, 0xb0, 0x0, 0x0, 0x6f, 0x80, 0x0,
    0x0, 0x0, 0x1f, 0xd0, 0x8f, 0xff, 0xff, 0xff,
    0xff, 0xd0, 0x1, 0x3f, 0xd2, 0x6a, 0xaa, 0xcf,
    0xda, 0xaa, 0x80, 0xc, 0xff, 0xff, 0x70, 0x0,
    0x6f, 0x80, 0x0, 0x0, 0xa, 0xdf, 0xfd, 0x6e,
    0xff, 0xff, 0xff, 0xff, 0x0, 0x0, 0x6f, 0xd0,
    0xe, 0xf9, 0x99, 0x99, 0xff, 0x0, 0x0, 0xbf,
    0xe2, 0xe, 0xf8, 0x77, 0x77, 0xef, 0x0, 0x2,
    0xff, 0xfe, 0x3e, 0xff, 0xff, 0xff, 0xff, 0x0,
    0x9, 0xff, 0xff, 0xae, 0xf0, 0x0, 0x0, 0xdf,
    0x0, 0x1f, 0xcf, 0xd6, 0x1e, 0xff, 0xff, 0xff,
    0xff, 0x0, 0x1f, 0x5f, 0xd0, 0xe, 0xf7, 0x77,
    0x77, 0xef, 0x0, 0xa, 0x1f, 0xd0, 0xe, 0xf8,
    0x88, 0x88, 0xef, 0x0, 0x0, 0x1f, 0xd0, 0xe,
    0xff, 0xff, 0xff, 0xff, 0x0, 0x0, 0x1f, 0xd0,
    0xe, 0xf0, 0x0, 0x0, 0xdf, 0x0, 0x0, 0x1f,
    0xd0, 0xaf, 0xfa, 0xaa, 0xaa, 0xff, 0xa1, 0x0,
    0x1f, 0xd0, 0xff, 0xff, 0xff, 0xff, 0xff, 0xf1,

    /* U+6A21 "模" */
    0x0, 0x1f, 0xc0, 0x0, 0x7f, 0x50, 0x4f, 0x80,
    0x0, 0x0, 0x1f, 0xc0, 0xad, 0xef, 0xed, 0xdf,
    0xed, 0xc0, 0x0, 0x1f, 0xc0, 0xac, 0xef, 0xdc,
    0xdf, 0xec, 0xb0, 0xd, 0xff, 0xff, 0x30, 0x6c,
    0x30, 0x3c, 0x60, 0x0, 0xa, 0xdf, 0xfd, 0x5e,
    0xee, 0xee, 0xee, 0xee, 0x10, 0x0, 0x6f, 0xc0,
    0x2f, 0xc6, 0x66, 0x66, 0xcf, 0x20, 0x0, 0xcf,
    0xf4, 0x2f, 0xfd, 0xdd, 0xdd, 0xff, 0x20, 0x2,
    0xff, 0xff, 0x8f, 0xc5, 0x55, 0x55, 0xcf, 0x20,
    0xa, 0xff, 0xef, 0x7f, 0xd9, 0x99, 0x99, 0xdf,
    0x20, 0x1f, 0xcf, 0xc2, 0x2f, 0xff, 0xff, 0xff,
    0xff, 0x10, 0x1f, 0x5f, 0xc0, 0x0, 0x0, 0x8f,
    0x70, 0x0, 0x0, 0xa, 0x1f, 0xc0, 0xff, 0xff,
    0xff, 0xff, 0xff, 0xf0, 0x1, 0x1f, 0xc0, 0x99,
    0x9b, 0xff, 0xf9, 0x99, 0x90, 0x0, 0x1f, 0xc0,
    0x0, 0x5d, 0xfd, 0xfb, 0x30, 0x0, 0x0, 0x1f,
    0xc3, 0xbf, 0xfe, 0x50, 0x8f, 0xfe, 0xb1, 0x0,
    0x1f, 0xc1, 0xfb, 0x60, 0x0, 0x1, 0x7c, 0xd0,
    0x0, 0x0, 0x0, 0x0, 0x0, 0x0, 0x0, 0x0,
    0x0,

    /* U+6B21 "次" */
    0x0, 0x0, 0x0, 0x1, 0x10, 0x0, 0x0, 0x0,
    0x0, 0x54, 0x0, 0x0, 0x9f, 0x80, 0x0, 0x0,
    0x0, 0x5f, 0xe0, 0x0, 0xf, 0xf3, 0x0, 0x0,
    0x0, 0x0, 0xcf, 0x80, 0x6, 0xff, 0xff, 0xff,
    0xff, 0xb0, 0x3, 0xff, 0x20, 0xcf, 0xff, 0xff,
    0xff, 0xfb, 0x0, 0xb, 0xf9, 0x6f, 0xe1, 0x0,
    0x0, 0xaf, 0x70, 0x0, 0x26, 0x1e, 0xf6, 0x2f,
    0xe0, 0x3f, 0xe0, 0x0, 0x0, 0x6, 0xfd, 0x2,
    0xfe, 0xb, 0xf6, 0x0, 0x0, 0x10, 0x6, 0x30,
    0x3f, 0xf0, 0x7, 0x0, 0x0, 0x9, 0xf6, 0x0,
    0x5, 0xff, 0x30, 0x0, 0x0, 0x0, 0xef, 0x30,
    0x0, 0x9f, 0xf9, 0x0, 0x0, 0x0, 0x4f, 0xe0,
    0x0, 0x1f, 0xff, 0xf2, 0x0, 0x0, 0xa, 0xf9,
    0x0, 0xb, 0xfb, 0x8f, 0xc0, 0x0, 0x0, 0xff,
    0x30, 0xa, 0xff, 0x21, 0xef, 0xa0, 0x0, 0x6f,
    0xe0, 0x2c, 0xff, 0x40, 0x3, 0xff, 0xc2, 0xb,
    0xf8, 0x3f, 0xff, 0x40, 0x0, 0x4, 0xff, 0xe0,
    0x6, 0x20, 0xcd, 0x30, 0x0, 0x0, 0x3, 0xd7,
    0x0, 0x0, 0x1, 0x0, 0x0, 0x0, 0x0, 0x0,
    0x0,

    /* U+6B22 "欢" */
    0x0, 0x0, 0x0, 0x0, 0x2, 0x10, 0x0, 0x0,
    0x0, 0x0, 0x0, 0x0, 0x0, 0xc, 0xf5, 0x0,
    0x0, 0x0, 0xb, 0xcc, 0xcc, 0xc0, 0x1f, 0xf1,
    0x0, 0x0, 0x0, 0xe, 0xff, 0xff, 0xf1, 0x6f,
    0xff, 0xff, 0xff, 0xa0, 0x2, 0x22, 0x3f, 0xf0,
    0xcf, 0xff, 0xff, 0xff, 0xa0, 0x3, 0x80, 0x2f,
    0xc4, 0xff, 0x12, 0x10, 0x7f, 0x60, 0xd, 0xf4,
    0x5f, 0x9b, 0xf8, 0x3f, 0xb0, 0xee, 0x0, 0x4,
    0xfd, 0xaf, 0x6e, 0xf1, 0x3f, 0xb4, 0xf8, 0x0,
    0x0, 0xaf, 0xff, 0x1, 0x40, 0x4f, 0xc0, 0x21,
    0x0, 0x0, 0x1f, 0xfb, 0x0, 0x0, 0x6f, 0xf0,
    0x0, 0x0, 0x0, 0xb, 0xfc, 0x0, 0x0, 0xaf,
    0xf4, 0x0, 0x0, 0x0, 0x2f, 0xff, 0x50, 0x1,
    0xff, 0xfa, 0x0, 0x0, 0x0, 0xbf, 0xbf, 0xe0,
    0x9, 0xfb, 0xdf, 0x40, 0x0, 0x6, 0xfe, 0xb,
    0xf5, 0x7f, 0xf2, 0x6f, 0xe2, 0x0, 0x1f, 0xf5,
    0x2, 0x38, 0xff, 0x60, 0xc, 0xfe, 0x40, 0xc,
    0xa0, 0x0, 0xcf, 0xf7, 0x0, 0x1, 0xdf, 0xe0,
    0x3, 0x0, 0x0, 0x8f, 0x60, 0x0, 0x0, 0x1d,
    0x50, 0x0, 0x0, 0x0, 0x2, 0x0, 0x0, 0x0,
    0x0, 0x0,

    /* U+6B3E "款" */
    0x0, 0x0, 0x0, 0x0, 0x0, 0x0, 0x0, 0x0,
    0x0, 0x0, 0x0, 0xaf, 0x40, 0x0, 0xd, 0xd1,
    0x0, 0x0, 0xc, 0xdd, 0xff, 0xdd, 0xd5, 0x2f,
    0xe0, 0x0, 0x0, 0xc, 0xdd, 0xff, 0xdd, 0xd5,
    0x7f, 0xfe, 0xee, 0xe0, 0x0, 0x0, 0xaf, 0x40,
    0x0, 0xdf, 0xff, 0xff, 0xf0, 0x8, 0xff, 0xff,
    0xff, 0xf4, 0xfe, 0x21, 0xf, 0xd0, 0x4, 0x88,
    0x88, 0x88, 0x7b, 0xf9, 0xfc, 0x5f, 0x80, 0x3,
    0x99, 0x99, 0x99, 0x76, 0xe2, 0xfc, 0x6d, 0x40,
    0x6, 0xff, 0xff, 0xff, 0xd0, 0x21, 0xfc, 0x0,
    0x0, 0x0, 0x0, 0x0, 0x0, 0x0, 0x2, 0xff,
    0x0, 0x0, 0xb, 0xbb, 0xbb, 0xbb, 0xb6, 0x5,
    0xff, 0x20, 0x0, 0xe, 0xff, 0xff, 0xff, 0xf7,
    0x9, 0xff, 0x80, 0x0, 0x0, 0x61, 0x7f, 0x66,
    0x0, 0x1f, 0xff, 0xe1, 0x0, 0x4, 0xf8, 0x7f,
    0x9f, 0xa0, 0xbf, 0xba, 0xfa, 0x0, 0xc, 0xf1,
    0x8f, 0x67, 0xdb, 0xff, 0x22, 0xff, 0x90, 0x2e,
    0xcc, 0xef, 0x50, 0xaf, 0xf5, 0x0, 0x6f, 0xf2,
    0x1, 0x3f, 0xfc, 0x10, 0x1e, 0x60, 0x0, 0x8,
    0x90, 0x0, 0x0, 0x0, 0x0, 0x0, 0x0, 0x0,
    0x0, 0x0,

    /* U+6B4C "歌" */
    0x0, 0x0, 0x0, 0x0, 0x0, 0x5, 0x93, 0x0,
    0x0, 0xd, 0xff, 0xff, 0xff, 0xff, 0x2b, 0xf4,
    0x0, 0x0, 0x9, 0xcc, 0xcc, 0xce, 0xfc, 0x2f,
    0xf1, 0x0, 0x0, 0x0, 0x33, 0x33, 0x1b, 0xf2,
    0x5f, 0xff, 0xff, 0xf0, 0x3, 0xff, 0xff, 0x5b,
    0xf2, 0xcf, 0xdc, 0xcf, 0xf0, 0x3, 0xf6, 0x5f,
    0x5b, 0xf6, 0xfe, 0x55, 0x2f, 0xa0, 0x3, 0xff,
    0xff, 0x5b, 0xfa, 0xf7, 0xee, 0x9f, 0x30, 0x1,
    0x44, 0x44, 0x14, 0x70, 0x70, 0xed, 0x25, 0x0,
    0xf, 0xff, 0xff, 0xff, 0xff, 0x70, 0xfe, 0x0,
    0x0, 0xe, 0xee, 0xee, 0xef, 0xfe, 0x61, 0xff,
    0x0, 0x0, 0x0, 0x0, 0x0, 0xb, 0xf2, 0x3,
    0xff, 0x30, 0x0, 0x5, 0xff, 0xff, 0x4b, 0xf2,
    0x8, 0xff, 0x90, 0x0, 0x5, 0xf4, 0x5f, 0x4b,
    0xf2, 0xe, 0xfe, 0xe1, 0x0, 0x5, 0xf5, 0x6f,
    0x4b, 0xf2, 0x7f, 0xb6, 0xf9, 0x0, 0x5, 0xff,
    0xff, 0x4b, 0xf6, 0xff, 0x30, 0xdf, 0x60, 0x0,
    0x0, 0x1b, 0xcf, 0xff, 0xf7, 0x0, 0x4f, 0xf0,
    0x0, 0x0, 0xf, 0xff, 0x89, 0xa0, 0x0, 0x7,
    0x70, 0x0, 0x0, 0x0, 0x0, 0x0, 0x0, 0x0,
    0x0, 0x0,

    /* U+6B63 "正" */
    0xf, 0xff, 0xff, 0xff, 0xff, 0xff, 0xff, 0xf5,
    0xf, 0xff, 0xff, 0xff, 0xff, 0xff, 0xff, 0xf5,
    0x1, 0x11, 0x11, 0x13, 0xff, 0x21, 0x11, 0x10,
    0x0, 0x0, 0x0, 0x2, 0xff, 0x0, 0x0, 0x0,
    0x0, 0x14, 0x20, 0x2, 0xff, 0x0, 0x0, 0x0,
    0x0, 0x7f, 0xa0, 0x2, 0xff, 0x0, 0x0, 0x0,
    0x0, 0x7f, 0xa0, 0x2, 0xff, 0x22, 0x22, 0x10,
    0x0, 0x7f, 0xa0, 0x2, 0xff, 0xff, 0xff, 0xd0,
    0x0, 0x7f, 0xa0, 0x2, 0xff, 0xff, 0xff, 0xc0,
    0x0, 0x7f, 0xa0, 0x2, 0xff, 0x0, 0x0, 0x0,
    0x0, 0x7f, 0xa0, 0x2, 0xff, 0x0, 0x0, 0x0,
    0x0, 0x7f, 0xa0, 0x2, 0xff, 0x0, 0x0, 0x0,
    0x0, 0x7f, 0xa0, 0x2, 0xff, 0x0, 0x0, 0x0,
    0xad, 0xef, 0xfd, 0xdd, 0xff, 0xdd, 0xdd, 0xdc,
    0xcf, 0xff, 0xff, 0xff, 0xff, 0xff, 0xff, 0xfe,
    0x23, 0x33, 0x33, 0x33, 0x33, 0x33, 0x33, 0x33,

    /* U+6BB5 "段" */
    0x0, 0x1, 0x24, 0x67, 0x0, 0x0, 0x0, 0x0,
    0x0, 0xc, 0xff, 0xff, 0xf1, 0xef, 0xff, 0xff,
    0x40, 0x0, 0xdf, 0xfd, 0xa6, 0xe, 0xfc, 0xce,
    0xf4, 0x0, 0xd, 0xf1, 0x0, 0x0, 0xef, 0x0,
    0x9f, 0x40, 0x0, 0xdf, 0x10, 0x0, 0x1f, 0xe0,
    0x9, 0xf5, 0x0, 0xd, 0xff, 0xff, 0x89, 0xfb,
    0x0, 0x9f, 0xeb, 0x0, 0xdf, 0xdd, 0xd7, 0x9f,
    0x20, 0x3, 0xde, 0xa0, 0xd, 0xf1, 0x0, 0x2,
    0x74, 0x44, 0x44, 0x40, 0x0, 0xdf, 0xaa, 0xa6,
    0x8f, 0xff, 0xff, 0xff, 0x10, 0xd, 0xff, 0xff,
    0x96, 0xfd, 0x66, 0x7f, 0xf0, 0x0, 0xdf, 0x32,
    0x21, 0xe, 0xf2, 0x7, 0xfa, 0x0, 0xd, 0xf1,
    0x1, 0x30, 0x7f, 0xb2, 0xff, 0x20, 0x17, 0xef,
    0xdf, 0xff, 0x10, 0xbf, 0xff, 0x70, 0x3, 0xff,
    0xff, 0xfc, 0xa0, 0x6, 0xff, 0xe1, 0x0, 0x18,
    0xef, 0x20, 0x0, 0x4b, 0xff, 0xef, 0xe6, 0x0,
    0xd, 0xf1, 0x0, 0xbf, 0xfd, 0x30, 0x9f, 0xfb,
    0x0, 0xdf, 0x10, 0x4, 0xd5, 0x0, 0x0, 0x3c,
    0x30, 0x0, 0x0, 0x0, 0x0, 0x0, 0x0, 0x0,
    0x0,

    /* U+6BCF "每" */
    0x0, 0x2, 0x20, 0x0, 0x0, 0x0, 0x0, 0x0,
    0x0, 0x0, 0xcf, 0x60, 0x0, 0x0, 0x0, 0x0,
    0x0, 0x0, 0x5f, 0xff, 0xff, 0xff, 0xff, 0xff,
    0xf9, 0x0, 0x1e, 0xfc, 0xcc, 0xcc, 0xcc, 0xcc,
    0xcc, 0x70, 0xb, 0xfa, 0x0, 0x0, 0x0, 0x0,
    0x0, 0x0, 0x8, 0xff, 0x30, 0x0, 0x0, 0x0,
    0x0, 0x0, 0x0, 0xaf, 0xdf, 0xff, 0xff, 0xff,
    0xff, 0xff, 0x20, 0x2, 0x7a, 0xfd, 0xbd, 0xfb,
    0xbb, 0xbf, 0xf1, 0x0, 0x0, 0xcf, 0x50, 0xaf,
    0xe6, 0x0, 0xff, 0x0, 0x0, 0xe, 0xf3, 0x1,
    0x7e, 0xa0, 0x1f, 0xf1, 0x0, 0xff, 0xff, 0xff,
    0xff, 0xff, 0xff, 0xff, 0xff, 0xb, 0xcf, 0xfb,
    0xbe, 0xfb, 0xbb, 0xcf, 0xfb, 0xb0, 0x4, 0xfc,
    0x0, 0xdf, 0xc3, 0x2, 0xfe, 0x0, 0x0, 0x5f,
    0xa0, 0x1, 0x8f, 0x80, 0x4f, 0xd0, 0x0, 0x7,
    0xff, 0xff, 0xff, 0xff, 0xff, 0xff, 0xf9, 0x0,
    0x6b, 0xbb, 0xbb, 0xbb, 0xbb, 0xdf, 0xeb, 0x60,
    0x0, 0x0, 0x0, 0x7, 0xbb, 0xbf, 0xfa, 0x0,
    0x0, 0x0, 0x0, 0x0, 0x7f, 0xff, 0xfc, 0x20,
    0x0,

    /* U+6BD4 "比" */
    0xc, 0xd2, 0x0, 0x0, 0xff, 0x10, 0x0, 0x0,
    0xe, 0xf3, 0x0, 0x0, 0xff, 0x10, 0x0, 0x0,
    0xe, 0xf3, 0x0, 0x0, 0xff, 0x10, 0x0, 0x80,
    0xe, 0xf3, 0x0, 0x0, 0xff, 0x10, 0x1b, 0xf9,
    0xe, 0xf5, 0x22, 0x20, 0xff, 0x13, 0xdf, 0xf4,
    0xe, 0xff, 0xff, 0xf2, 0xff, 0x7f, 0xfe, 0x30,
    0xe, 0xff, 0xff, 0xf2, 0xff, 0xff, 0xc1, 0x0,
    0xe, 0xf3, 0x0, 0x0, 0xff, 0xf9, 0x0, 0x0,
    0xe, 0xf3, 0x0, 0x0, 0xff, 0x60, 0x0, 0x0,
    0xe, 0xf3, 0x0, 0x0, 0xff, 0x10, 0x0, 0x0,
    0xe, 0xf3, 0x0, 0x0, 0xff, 0x10, 0x1, 0xc9,
    0xe, 0xf3, 0x0, 0x10, 0xff, 0x10, 0x2, 0xff,
    0xe, 0xf3, 0x3a, 0xf2, 0xff, 0x10, 0x3, 0xfe,
    0xf, 0xfe, 0xff, 0xf3, 0xff, 0x40, 0x6, 0xfe,
    0x3f, 0xff, 0xfa, 0x30, 0xef, 0xff, 0xff, 0xfb,
    0xe, 0xe8, 0x10, 0x0, 0x5e, 0xff, 0xff, 0xc2,
    0x2, 0x0, 0x0, 0x0, 0x0, 0x0, 0x0, 0x0,

    /* U+6C14 "气" */
    0x0, 0x0, 0x74, 0x0, 0x0, 0x0, 0x0, 0x0,
    0x0, 0x0, 0x3, 0xff, 0x20, 0x0, 0x0, 0x0,
    0x0, 0x0, 0x0, 0xa, 0xff, 0xdd, 0xdd, 0xdd,
    0xdd, 0xdd, 0x20, 0x0, 0x3f, 0xff, 0xff, 0xff,
    0xff, 0xff, 0xff, 0x30, 0x0, 0xdf, 0xa0, 0x0,
    0x0, 0x0, 0x0, 0x0, 0x0, 0x9, 0xfe, 0x9c,
    0xcc, 0xcc, 0xcc, 0xcc, 0xc0, 0x0, 0x9, 0xf5,
    0xaf, 0xff, 0xff, 0xff, 0xff, 0xf1, 0x0, 0x0,
    0x50, 0x0, 0x0, 0x0, 0x0, 0x0, 0x0, 0x0,
    0x0, 0xee, 0xee, 0xee, 0xee, 0xee, 0xed, 0x0,
    0x0, 0x1, 0xff, 0xff, 0xff, 0xff, 0xff, 0xfe,
    0x0, 0x0, 0x0, 0x11, 0x11, 0x11, 0x11, 0x14,
    0xfe, 0x0, 0x0, 0x0, 0x0, 0x0, 0x0, 0x0,
    0x3, 0xfe, 0x0, 0x0, 0x0, 0x0, 0x0, 0x0,
    0x0, 0x2, 0xff, 0xc, 0x90, 0x0, 0x0, 0x0,
    0x0, 0x0, 0x1, 0xff, 0x1f, 0xe0, 0x0, 0x0,
    0x0, 0x0, 0x0, 0x0, 0xdf, 0xbf, 0xa0, 0x0,
    0x0, 0x0, 0x0, 0x0, 0x0, 0x8f, 0xff, 0x50,
    0x0, 0x0, 0x0, 0x0, 0x0, 0x0, 0xa, 0xfa,
    0x0,

    /* U+6C34 "水" */
    0x0, 0x0, 0x0, 0x0, 0xff, 0x20, 0x0, 0x0,
    0x0, 0x0, 0x0, 0x0, 0x0, 0xff, 0x20, 0x0,
    0x0, 0x0, 0x0, 0x0, 0x0, 0x0, 0xff, 0x20,
    0x0, 0x43, 0x0, 0x3, 0x44, 0x44, 0x40, 0xff,
    0x60, 0x4, 0xff, 0x20, 0xb, 0xff, 0xff, 0xf0,
    0xff, 0xc0, 0x4f, 0xfc, 0x0, 0x8, 0xcc, 0xcf,
    0xf0, 0xff, 0xf8, 0xff, 0xb0, 0x0, 0x0, 0x0,
    0x2f, 0xc0, 0xff, 0xff, 0xf9, 0x0, 0x0, 0x0,
    0x0, 0x8f, 0x80, 0xff, 0xff, 0x80, 0x0, 0x0,
    0x0, 0x0, 0xef, 0x20, 0xff, 0x8f, 0xd0, 0x0,
    0x0, 0x0, 0x8, 0xfb, 0x0, 0xff, 0x2c, 0xfa,
    0x0, 0x0, 0x0, 0x3f, 0xf4, 0x0, 0xff, 0x22,
    0xff, 0x90, 0x0, 0x1, 0xef, 0xa0, 0x0, 0xff,
    0x20, 0x4f, 0xfb, 0x10, 0xd, 0xfd, 0x0, 0x0,
    0xff, 0x20, 0x5, 0xff, 0xe0, 0xb, 0xe2, 0x1,
    0x13, 0xff, 0x20, 0x0, 0x5f, 0x90, 0x3, 0x20,
    0x1f, 0xff, 0xff, 0x10, 0x0, 0x3, 0x10, 0x0,
    0x0, 0xe, 0xff, 0xe8, 0x0, 0x0, 0x0, 0x0,

    /* U+6C42 "求" */
    0x0, 0x0, 0x0, 0x0, 0x0, 0x1, 0x0, 0x0,
    0x0, 0x0, 0x0, 0x0, 0xef, 0x32, 0xea, 0x10,
    0x0, 0x0, 0x0, 0x0, 0xe, 0xf3, 0x1a, 0xfd,
    0x0, 0x7, 0xdd, 0xdd, 0xdd, 0xff, 0xdd, 0xdf,
    0xed, 0xb0, 0x9f, 0xff, 0xff, 0xff, 0xff, 0xff,
    0xff, 0xfe, 0x1, 0x24, 0x22, 0x22, 0xef, 0x52,
    0x22, 0x42, 0x10, 0x3, 0xf9, 0x0, 0xe, 0xf8,
    0x0, 0x1d, 0xd1, 0x0, 0x2e, 0xf8, 0x0, 0xef,
    0xe0, 0x1c, 0xfc, 0x0, 0x0, 0x3f, 0xf4, 0xe,
    0xff, 0x9c, 0xfc, 0x0, 0x0, 0x0, 0x5a, 0x1a,
    0xff, 0xff, 0xfc, 0x10, 0x0, 0x0, 0x0, 0x6e,
    0xff, 0xf8, 0xff, 0x30, 0x0, 0x0, 0x3, 0xcf,
    0xfc, 0xef, 0x39, 0xfe, 0x30, 0x0, 0x19, 0xff,
    0xe6, 0xe, 0xf3, 0xb, 0xff, 0x60, 0xc, 0xff,
    0xa1, 0x0, 0xef, 0x30, 0xb, 0xff, 0xc1, 0x5e,
    0x50, 0x0, 0x1f, 0xf3, 0x0, 0x9, 0xfc, 0x0,
    0x10, 0xf, 0xff, 0xff, 0x10, 0x0, 0x4, 0x30,
    0x0, 0x0, 0xcf, 0xfe, 0x70, 0x0, 0x0, 0x0,
    0x0,

    /* U+6C60 "池" */
    0x0, 0xa2, 0x0, 0x0, 0x1, 0xfe, 0x0, 0x0,
    0x0, 0x7f, 0xf5, 0x6, 0x70, 0x1f, 0xe0, 0x0,
    0x0, 0x0, 0x8f, 0xf2, 0xef, 0x11, 0xfe, 0x0,
    0x4, 0x0, 0x0, 0x57, 0xe, 0xf1, 0x1f, 0xf6,
    0xbf, 0xf0, 0x5, 0x10, 0x0, 0xef, 0x48, 0xff,
    0xff, 0xfe, 0x2, 0xfe, 0x50, 0x4f, 0xff, 0xff,
    0xf8, 0x3f, 0xe0, 0x9, 0xff, 0x7f, 0xff, 0xb7,
    0xfe, 0x0, 0xfd, 0x0, 0x6, 0xe1, 0x7f, 0xf1,
    0x1f, 0xe0, 0x1f, 0xd0, 0x0, 0x0, 0x0, 0xef,
    0x11, 0xfe, 0x2, 0xfc, 0x0, 0x0, 0x75, 0xe,
    0xf1, 0x1f, 0xe9, 0xdf, 0xb0, 0x0, 0x1f, 0xf0,
    0xef, 0x11, 0xfe, 0xaf, 0xf5, 0x0, 0x7, 0xfa,
    0xe, 0xf1, 0x1f, 0xe1, 0x10, 0xfb, 0x0, 0xdf,
    0x30, 0xef, 0x10, 0xba, 0x0, 0xf, 0xe0, 0x3f,
    0xd0, 0xe, 0xf3, 0x0, 0x0, 0x2, 0xfd, 0x9,
    0xf7, 0x0, 0xbf, 0xfe, 0xee, 0xee, 0xff, 0xa0,
    0xcf, 0x10, 0x3, 0xcf, 0xff, 0xff, 0xff, 0xd3,
    0x0, 0x30, 0x0, 0x0, 0x0, 0x0, 0x0, 0x0,
    0x0,

    /* U+6CE8 "注" */
    0x0, 0x0, 0x0, 0x0, 0x0, 0x22, 0x0, 0x0,
    0x0, 0x0, 0x63, 0x0, 0x0, 0x7, 0xfc, 0x0,
    0x0, 0x0, 0x2, 0xff, 0x80, 0x0, 0x2, 0xff,
    0x40, 0x0, 0x0, 0x0, 0x8f, 0xf6, 0x11, 0x11,
    0xbb, 0x51, 0x11, 0x0, 0x0, 0x4, 0xb3, 0xff,
    0xff, 0xff, 0xff, 0xff, 0xa0, 0x1, 0x10, 0x2,
    0xff, 0xff, 0xff, 0xff, 0xff, 0x90, 0xb, 0xe5,
    0x0, 0x0, 0x0, 0xff, 0x30, 0x0, 0x0, 0xa,
    0xff, 0xa0, 0x0, 0x0, 0xff, 0x30, 0x0, 0x0,
    0x0, 0x6f, 0xb0, 0x1, 0x11, 0xff, 0x41, 0x11,
    0x0, 0x0, 0x3, 0x20, 0xff, 0xff, 0xff, 0xff,
    0xff, 0x30, 0x0, 0x5, 0x40, 0xff, 0xff, 0xff,
    0xff, 0xff, 0x30, 0x0, 0xd, 0xf5, 0x0, 0x0,
    0xff, 0x30, 0x0, 0x0, 0x0, 0x3f, 0xe0, 0x0,
    0x0, 0xff, 0x30, 0x0, 0x0, 0x0, 0x9f, 0x80,
    0x0, 0x0, 0xff, 0x30, 0x0, 0x0, 0x0, 0xff,
    0x23, 0x44, 0x44, 0xff, 0x64, 0x44, 0x40, 0x6,
    0xfc, 0xe, 0xff, 0xff, 0xff, 0xff, 0xff, 0xf0,
    0xa, 0xf6, 0xb, 0xcc, 0xcc, 0xcc, 0xcc, 0xcc,
    0xc0, 0x0, 0x30, 0x0, 0x0, 0x0, 0x0, 0x0,
    0x0, 0x0,

    /* U+6CEA "泪" */
    0x0, 0x41, 0x0, 0x0, 0x0, 0x0, 0x0, 0x0,
    0x0, 0x2f, 0xe3, 0xe, 0xff, 0xff, 0xff, 0xff,
    0xf2, 0x1, 0xcf, 0xf6, 0xef, 0xff, 0xff, 0xff,
    0xff, 0x20, 0x1, 0xcf, 0x6e, 0xf1, 0x0, 0x0,
    0xf, 0xf2, 0x0, 0x0, 0x90, 0xef, 0x10, 0x0,
    0x0, 0xff, 0x20, 0x36, 0x0, 0xe, 0xf2, 0x0,
    0x0, 0xf, 0xf2, 0xc, 0xf9, 0x0, 0xef, 0xff,
    0xff, 0xff, 0xff, 0x20, 0x7f, 0xfb, 0xe, 0xfd,
    0xdd, 0xdd, 0xdf, 0xf2, 0x0, 0x5f, 0xc0, 0xef,
    0x10, 0x0, 0x0, 0xff, 0x20, 0x0, 0x22, 0xe,
    0xf1, 0x0, 0x0, 0xf, 0xf2, 0x0, 0x7, 0x30,
    0xef, 0xff, 0xff, 0xff, 0xff, 0x20, 0x2, 0xff,
    0x1e, 0xfe, 0xee, 0xee, 0xef, 0xf2, 0x0, 0x8f,
    0xb0, 0xef, 0x10, 0x0, 0x0, 0xff, 0x20, 0xe,
    0xf5, 0xe, 0xf1, 0x0, 0x0, 0xf, 0xf2, 0x4,
    0xfe, 0x0, 0xef, 0xee, 0xee, 0xee, 0xff, 0x20,
    0xaf, 0x80, 0xe, 0xff, 0xff, 0xff, 0xff, 0xf2,
    0x5, 0xb2, 0x0, 0xef, 0x20, 0x0, 0x0, 0xff,
    0x20, 0x0, 0x0, 0x0, 0x0, 0x0, 0x0, 0x0,
    0x0,

    /* U+6D4B "测" */
    0x0, 0x10, 0x0, 0x0, 0x0, 0x0, 0x0, 0x0,
    0x0, 0x6e, 0x31, 0xff, 0xff, 0xff, 0x70, 0x1,
    0xf9, 0x6, 0xff, 0x7f, 0xed, 0xdd, 0xf7, 0x23,
    0x1f, 0x90, 0x4, 0xf5, 0xf7, 0x35, 0x1f, 0x79,
    0xf1, 0xf9, 0x0, 0x1, 0x1f, 0x7b, 0xf1, 0xf7,
    0x9f, 0x1f, 0x90, 0x9a, 0x1, 0xf7, 0xbf, 0x1f,
    0x79, 0xf1, 0xf9, 0xd, 0xfc, 0x2f, 0x7b, 0xf1,
    0xf7, 0x9f, 0x1f, 0x90, 0x1c, 0xf4, 0xf7, 0xbf,
    0x1f, 0x79, 0xf1, 0xf9, 0x0, 0x4, 0x1f, 0x7b,
    0xf1, 0xf7, 0x9f, 0x1f, 0x90, 0x1, 0x21, 0xf7,
    0xbf, 0x1f, 0x79, 0xf1, 0xf9, 0x0, 0x7f, 0x7f,
    0x7c, 0xf1, 0xf7, 0x9f, 0x1f, 0x90, 0xb, 0xf4,
    0xa4, 0xfd, 0x9, 0x49, 0xf1, 0xf9, 0x0, 0xee,
    0x0, 0x4f, 0xf6, 0x0, 0x9f, 0x1f, 0x90, 0x3f,
    0xb0, 0xd, 0xff, 0xf5, 0x0, 0x11, 0xf9, 0x7,
    0xf6, 0xb, 0xfc, 0x4f, 0xf4, 0x0, 0x1f, 0x90,
    0xbf, 0x3c, 0xfe, 0x20, 0x5f, 0xb7, 0xce, 0xf8,
    0xa, 0xe0, 0x7d, 0x20, 0x0, 0x50, 0x6f, 0xfd,
    0x20, 0x0, 0x0, 0x0, 0x0, 0x0, 0x0, 0x0,
    0x0,

    /* U+6D88 "消" */
    0x0, 0xb4, 0x0, 0x54, 0x0, 0xef, 0x20, 0x26,
    0x0, 0x5f, 0xfa, 0x2f, 0xf3, 0xe, 0xf2, 0x1e,
    0xf3, 0x0, 0x4e, 0xf4, 0x5f, 0xf1, 0xef, 0x3d,
    0xf7, 0x0, 0x0, 0x16, 0x0, 0x76, 0xe, 0xf2,
    0x67, 0x0, 0x6, 0xa1, 0x0, 0xbc, 0xcc, 0xff,
    0xdc, 0xcc, 0x10, 0xdf, 0xd3, 0xf, 0xff, 0xff,
    0xff, 0xff, 0xf1, 0x1, 0xcf, 0xd0, 0xff, 0x10,
    0x0, 0x0, 0xef, 0x10, 0x0, 0xa3, 0xf, 0xf2,
    0x11, 0x11, 0x1e, 0xf1, 0x0, 0x0, 0x0, 0xff,
    0xff, 0xff, 0xff, 0xff, 0x10, 0x0, 0x52, 0xf,
    0xfa, 0xaa, 0xaa, 0xaf, 0xf1, 0x0, 0xf, 0xf1,
    0xff, 0x10, 0x0, 0x0, 0xef, 0x10, 0x5, 0xfc,
    0xf, 0xff, 0xff, 0xff, 0xff, 0xf1, 0x0, 0xaf,
    0x60, 0xff, 0xbb, 0xbb, 0xbb, 0xff, 0x10, 0xf,
    0xf1, 0xf, 0xf0, 0x0, 0x0, 0xf, 0xf1, 0x5,
    0xfc, 0x0, 0xff, 0x0, 0xb, 0xef, 0xff, 0x0,
    0x6e, 0x70, 0xf, 0xf0, 0x0, 0x9f, 0xff, 0x80,
    0x0, 0x0, 0x0, 0x22, 0x0, 0x0, 0x0, 0x0,
    0x0,

    /* U+6D9F "涟" */
    0x0, 0x73, 0x5, 0xa0, 0x0, 0xc, 0xd1, 0x0,
    0x0, 0x4, 0xfe, 0x1a, 0xf6, 0x1, 0x3f, 0xd1,
    0x11, 0x10, 0x0, 0xaf, 0x94, 0xfc, 0x6f, 0xff,
    0xff, 0xff, 0xc0, 0x0, 0x1b, 0x40, 0xdf, 0x6b,
    0xff, 0xbb, 0xbb, 0x80, 0x1, 0x60, 0x0, 0x31,
    0x3, 0xfb, 0x9e, 0x0, 0x0, 0xd, 0xf5, 0x15,
    0x54, 0xa, 0xf3, 0xaf, 0x0, 0x0, 0x4, 0xfe,
    0x6f, 0xfd, 0xf, 0xfb, 0xef, 0xbb, 0x50, 0x0,
    0xab, 0x48, 0xfd, 0xf, 0xff, 0xff, 0xff, 0x70,
    0x0, 0x0, 0x1, 0xfd, 0x0, 0x0, 0xef, 0x0,
    0x0, 0x0, 0x6a, 0x31, 0xfd, 0x0, 0x0, 0xef,
    0x10, 0x0, 0x0, 0xaf, 0x51, 0xfd, 0x9f, 0xff,
    0xff, 0xff, 0xf0, 0x0, 0xef, 0x11, 0xfd, 0x6b,
    0xbb, 0xff, 0xbb, 0xa0, 0x3, 0xfc, 0x4, 0xff,
    0x10, 0x0, 0xef, 0x0, 0x0, 0x7, 0xf8, 0x3f,
    0xff, 0xd4, 0x0, 0x88, 0x0, 0x0, 0xb, 0xf4,
    0xdf, 0x7c, 0xff, 0xfd, 0xdd, 0xdd, 0xd0, 0xc,
    0xf0, 0x59, 0x0, 0x7c, 0xef, 0xff, 0xff, 0xe0,
    0x0, 0x10, 0x0, 0x0, 0x0, 0x0, 0x0, 0x0,
    0x0,

    /* U+6DE1 "淡" */
    0x0, 0x95, 0x0, 0x11, 0x0, 0xff, 0x0, 0x3,
    0x0, 0x3, 0xff, 0x91, 0xec, 0x0, 0xff, 0x0,
    0xbf, 0x40, 0x0, 0x6f, 0xf5, 0xaf, 0xc1, 0xff,
    0xb, 0xfc, 0x0, 0x0, 0x4, 0xa0, 0xb, 0xb3,
    0xfe, 0x9, 0xc0, 0x0, 0x1, 0x30, 0x0, 0x0,
    0xb, 0xff, 0xe6, 0x0, 0x0, 0xb, 0xf6, 0x0,
    0x5, 0xdf, 0xdb, 0xff, 0xd5, 0x0, 0x7, 0xff,
    0xa7, 0xff, 0xfb, 0x10, 0x4d, 0xff, 0xc0, 0x0,
    0x4e, 0x85, 0xfb, 0x40, 0xed, 0x0, 0x6e, 0x80,
    0x0, 0x2, 0x0, 0x72, 0x0, 0xfe, 0x0, 0x37,
    0x0, 0x0, 0x7, 0x12, 0xfe, 0x11, 0xfe, 0x1,
    0xdf, 0x30, 0x0, 0x3f, 0xd0, 0x8f, 0xc5, 0xff,
    0x3c, 0xf8, 0x0, 0x0, 0x7f, 0x80, 0x9, 0x3c,
    0xff, 0xb5, 0xa0, 0x0, 0x0, 0xcf, 0x30, 0x0,
    0xaf, 0xed, 0xf8, 0x0, 0x0, 0x1, 0xfe, 0x0,
    0x3c, 0xff, 0x33, 0xff, 0xb1, 0x0, 0x6, 0xf8,
    0x1b, 0xff, 0xe3, 0x0, 0x3e, 0xff, 0x90, 0x9,
    0xf3, 0xd, 0xfa, 0x10, 0x0, 0x1, 0xbf, 0x90,
    0x0, 0x10, 0x3, 0x20, 0x0, 0x0, 0x0, 0x3,
    0x10,

    /* U+6E05 "清" */
    0x0, 0x93, 0x0, 0x0, 0x0, 0xff, 0x0, 0x0,
    0x0, 0x5, 0xff, 0x86, 0xff, 0xff, 0xff, 0xff,
    0xff, 0x80, 0x0, 0x6f, 0xf5, 0x44, 0x44, 0xff,
    0x44, 0x44, 0x20, 0x0, 0x3, 0x60, 0xef, 0xff,
    0xff, 0xff, 0xff, 0x20, 0x4, 0x70, 0x0, 0x55,
    0x55, 0xff, 0x55, 0x55, 0x0, 0xe, 0xfa, 0xa,
    0xbb, 0xbb, 0xff, 0xbb, 0xbb, 0xb0, 0x5, 0xff,
    0xca, 0xcc, 0xcc, 0xcc, 0xcc, 0xcc, 0xc0, 0x0,
    0x3e, 0x50, 0x56, 0x66, 0x66, 0x66, 0x65, 0x0,
    0x0, 0x1, 0x0, 0xef, 0xff, 0xff, 0xff, 0xfe,
    0x0, 0x0, 0x8, 0x30, 0xef, 0x22, 0x22, 0x22,
    0xfe, 0x0, 0x0, 0x4f, 0xc0, 0xef, 0xff, 0xff,
    0xff, 0xfe, 0x0, 0x0, 0x9f, 0x70, 0xef, 0x32,
    0x22, 0x23, 0xfe, 0x0, 0x0, 0xef, 0x20, 0xef,
    0xff, 0xff, 0xff, 0xfe, 0x0, 0x3, 0xfd, 0x0,
    0xef, 0x65, 0x55, 0x56, 0xfe, 0x0, 0x8, 0xf8,
    0x0, 0xef, 0x0, 0x7, 0x89, 0xfd, 0x0, 0x7,
    0xe3, 0x0, 0xef, 0x0, 0xc, 0xff, 0xe6, 0x0,
    0x0, 0x0, 0x0, 0x1, 0x0, 0x0, 0x0, 0x0,
    0x0,

    /* U+6E10 "渐" */
    0x0, 0x0, 0x0, 0x0, 0x0, 0x0, 0x0, 0x0,
    0x0, 0x2, 0x60, 0x0, 0xbe, 0x0, 0x0, 0x0,
    0x37, 0x50, 0xc, 0xf8, 0x2, 0xed, 0x22, 0x3a,
    0xcf, 0xff, 0xc0, 0x3, 0xef, 0xcf, 0xff, 0xff,
    0x7f, 0xff, 0xda, 0x50, 0x0, 0x39, 0x5d, 0xfc,
    0xbb, 0x6f, 0xa0, 0x0, 0x0, 0x2, 0x0, 0xb,
    0xf5, 0x40, 0x5f, 0x80, 0x0, 0x0, 0x1e, 0xc1,
    0xf, 0xab, 0xa0, 0x5f, 0xb5, 0x55, 0x50, 0xa,
    0xfd, 0x7f, 0x5b, 0xa0, 0x5f, 0xff, 0xff, 0xf2,
    0x0, 0xb9, 0xaf, 0xff, 0xfe, 0x5f, 0xc8, 0xfd,
    0x70, 0x0, 0x0, 0x9f, 0xff, 0xfe, 0x5f, 0x81,
    0xfb, 0x0, 0x0, 0x99, 0x0, 0x2f, 0xa0, 0x5f,
    0x71, 0xfb, 0x0, 0x0, 0xfd, 0x0, 0x5f, 0xd9,
    0x6f, 0x61, 0xfb, 0x0, 0x3, 0xf9, 0xcf, 0xff,
    0xfe, 0x8f, 0x51, 0xfb, 0x0, 0x7, 0xf5, 0xcd,
    0xbf, 0xc2, 0xbf, 0x21, 0xfb, 0x0, 0xc, 0xf1,
    0x0, 0x2f, 0xa0, 0xfe, 0x1, 0xfb, 0x0, 0xf,
    0xd0, 0x0, 0x2f, 0xa6, 0xf8, 0x1, 0xfb, 0x0,
    0x19, 0x80, 0x0, 0x2f, 0xa6, 0xe1, 0x1, 0xd9,
    0x0, 0x0, 0x0, 0x0, 0x0, 0x0, 0x0, 0x0,
    0x0, 0x0,

    /* U+6E21 "渡" */
    0x0, 0x0, 0x0, 0x0, 0x0, 0x56, 0x0, 0x0,
    0x0, 0x3a, 0x0, 0x0, 0x0, 0xc, 0xf5, 0x0,
    0x0, 0xb, 0xfd, 0x2c, 0xff, 0xff, 0xff, 0xff,
    0xff, 0xb0, 0xb, 0xfa, 0xdf, 0xbb, 0xfe, 0xbb,
    0xff, 0xb8, 0x0, 0x8, 0x1d, 0xf1, 0x1f, 0xa0,
    0xf, 0xd0, 0x0, 0x61, 0x0, 0xdf, 0xff, 0xff,
    0xff, 0xff, 0xfa, 0x3f, 0xe3, 0xd, 0xfc, 0xcf,
    0xeb, 0xbf, 0xfb, 0x80, 0x9f, 0xf4, 0xdf, 0x11,
    0xfa, 0x0, 0xfd, 0x0, 0x0, 0x7c, 0xd, 0xf1,
    0x1f, 0xff, 0xff, 0xd0, 0x0, 0x0, 0x0, 0xdf,
    0x0, 0x66, 0x66, 0x64, 0x0, 0x0, 0xaa, 0x1e,
    0xf2, 0xaa, 0xaa, 0xaa, 0xa6, 0x0, 0xe, 0xf0,
    0xff, 0x2f, 0xff, 0xff, 0xff, 0xa0, 0x2, 0xfb,
    0x2f, 0xd0, 0xcf, 0x70, 0x1e, 0xf3, 0x0, 0x6f,
    0x75, 0xfa, 0x1, 0xdf, 0x9e, 0xf6, 0x0, 0xa,
    0xf2, 0x9f, 0x60, 0x6, 0xff, 0xfc, 0x20, 0x0,
    0xee, 0x1f, 0xf7, 0xbf, 0xff, 0xdf, 0xff, 0xe8,
    0x2e, 0xa3, 0xea, 0x5f, 0xe9, 0x30, 0x17, 0xcf,
    0x70, 0x0, 0x1, 0x20, 0x30, 0x0, 0x0, 0x0,
    0x0,

    /* U+6E29 "温" */
    0x0, 0x10, 0x0, 0x0, 0x0, 0x0, 0x0, 0x0,
    0x0, 0x2, 0xf7, 0x0, 0xff, 0xff, 0xff, 0xff,
    0xf5, 0x0, 0x5, 0xff, 0xa0, 0xff, 0xaa, 0xaa,
    0xad, 0xf5, 0x0, 0x0, 0x4e, 0xf6, 0xfe, 0x0,
    0x0, 0x8, 0xf5, 0x0, 0x0, 0x2, 0x90, 0xff,
    0xff, 0xff, 0xff, 0xf5, 0x0, 0x9, 0x70, 0x0,
    0xff, 0x99, 0x99, 0x9c, 0xf5, 0x0, 0x1f, 0xfb,
    0x10, 0xff, 0x44, 0x44, 0x4a, 0xf5, 0x0, 0x3,
    0xef, 0xb0, 0xff, 0xff, 0xff, 0xff, 0xf5, 0x0,
    0x0, 0x1b, 0x30, 0x44, 0x44, 0x44, 0x44, 0x41,
    0x0, 0x0, 0x0, 0x5, 0xaa, 0xaa, 0xaa, 0xaa,
    0xa9, 0x0, 0x0, 0x4f, 0x79, 0xff, 0xff, 0xff,
    0xff, 0xff, 0x0, 0x0, 0x8f, 0x69, 0xf4, 0x8f,
    0x2b, 0xe1, 0xdf, 0x0, 0x0, 0xdf, 0x19, 0xf4,
    0x7f, 0x1a, 0xe0, 0xdf, 0x0, 0x1, 0xfd, 0x9,
    0xf4, 0x7f, 0x1a, 0xe0, 0xdf, 0x0, 0x6, 0xf9,
    0x9, 0xf4, 0x8f, 0x1a, 0xe0, 0xdf, 0x0, 0xb,
    0xf5, 0xcf, 0xff, 0xff, 0xff, 0xff, 0xff, 0xf1,
    0x9, 0xd0, 0x8b, 0xbb, 0xbb, 0xbb, 0xbb, 0xbb,
    0xb0,

    /* U+6E32 "渲" */
    0x0, 0x0, 0x0, 0x0, 0x0, 0x34, 0x0, 0x0,
    0x0, 0xb, 0x30, 0x0, 0x0, 0x4f, 0xe0, 0x0,
    0x0, 0x6, 0xff, 0x66, 0xbb, 0xbb, 0xff, 0xbb,
    0xbb, 0x80, 0x7, 0xfe, 0xbf, 0xff, 0xff, 0xff,
    0xff, 0xfc, 0x0, 0x4, 0x5a, 0xf3, 0x0, 0x0,
    0x0, 0x1f, 0xc0, 0x68, 0x0, 0x38, 0xff, 0xff,
    0xff, 0xff, 0x94, 0x1f, 0xfb, 0x10, 0x29, 0x99,
    0x99, 0x99, 0x93, 0x0, 0x3e, 0xfa, 0x5, 0x66,
    0x66, 0x66, 0x66, 0x50, 0x0, 0x1c, 0x20, 0xcf,
    0xff, 0xff, 0xff, 0xfc, 0x0, 0x0, 0x0, 0xc,
    0xf2, 0x0, 0x0, 0x2f, 0xc0, 0x0, 0x1d, 0x70,
    0xcf, 0xff, 0xff, 0xff, 0xfc, 0x0, 0x5, 0xfa,
    0xc, 0xf7, 0x55, 0x55, 0x6f, 0xc0, 0x0, 0xaf,
    0x60, 0xcf, 0x87, 0x77, 0x78, 0xfc, 0x0, 0xe,
    0xf2, 0xc, 0xff, 0xff, 0xff, 0xff, 0xc0, 0x3,
    0xfd, 0x0, 0x0, 0x0, 0x0, 0x0, 0x0, 0x0,
    0x8f, 0x90, 0xab, 0xbb, 0xbb, 0xbb, 0xbb, 0xba,
    0xb, 0xf4, 0xf, 0xff, 0xff, 0xff, 0xff, 0xff,
    0xf0, 0x3, 0x0, 0x0, 0x0, 0x0, 0x0, 0x0,
    0x0,

    /* U+6E7F "湿" */
    0x0, 0x30, 0x0, 0x0, 0x0, 0x0, 0x0, 0x0,
    0x0, 0x3, 0xfb, 0x11, 0xff, 0xff, 0xff, 0xff,
    0xff, 0x10, 0x3, 0xef, 0xd4, 0xff, 0xaa, 0xaa,
    0xaa, 0xff, 0x10, 0x0, 0x1c, 0xf4, 0xfe, 0x0,
    0x0, 0x0, 0xef, 0x10, 0x0, 0x0, 0x41, 0xff,
    0xff, 0xff, 0xff, 0xff, 0x10, 0x2, 0x50, 0x1,
    0xff, 0x99, 0x99, 0x99, 0xff, 0x10, 0xb, 0xf8,
    0x1, 0xfe, 0x0, 0x0, 0x0, 0xef, 0x10, 0x8,
    0xff, 0xa1, 0xff, 0xff, 0xff, 0xff, 0xff, 0x10,
    0x0, 0x4f, 0xa0, 0xaa, 0xdf, 0xcb, 0xfd, 0xaa,
    0x0, 0x0, 0x2, 0x0, 0x30, 0x8f, 0x54, 0xf8,
    0x4, 0x0, 0x0, 0x9, 0x4b, 0xf1, 0x8f, 0x54,
    0xf8, 0x1f, 0xc0, 0x0, 0x2f, 0xe6, 0xf9, 0x8f,
    0x54, 0xf8, 0x8f, 0x50, 0x0, 0x7f, 0x90, 0xdf,
    0xaf, 0x54, 0xf9, 0xfd, 0x0, 0x0, 0xcf, 0x40,
    0x5f, 0xdf, 0x54, 0xfc, 0xf5, 0x0, 0x1, 0xfe,
    0x0, 0x2, 0x8f, 0x54, 0xf8, 0x10, 0x0, 0x6,
    0xfa, 0x2c, 0xcc, 0xef, 0xdd, 0xfe, 0xcc, 0xc0,
    0x7, 0xf5, 0x3f, 0xff, 0xff, 0xff, 0xff, 0xff,
    0xf0, 0x0, 0x0, 0x0, 0x0, 0x0, 0x0, 0x0,
    0x0, 0x0,

    /* U+6E90 "源" */
    0x0, 0x30, 0x0, 0x0, 0x0, 0x0, 0x0, 0x0,
    0x0, 0x9, 0xf6, 0xc, 0xff, 0xff, 0xff, 0xff,
    0xff, 0xd0, 0x5, 0xff, 0xac, 0xfd, 0xdd, 0xdf,
    0xfd, 0xdd, 0xa0, 0x0, 0x3e, 0x9c, 0xf1, 0x0,
    0x6f, 0x90, 0x0, 0x0, 0x0, 0x2, 0xc, 0xf1,
    0x0, 0xaf, 0x60, 0x0, 0x0, 0x8, 0x30, 0xc,
    0xf1, 0xdf, 0xff, 0xff, 0xff, 0x0, 0x3f, 0xf7,
    0xc, 0xf1, 0xdf, 0x99, 0x99, 0xff, 0x0, 0x5,
    0xff, 0x8c, 0xf1, 0xdf, 0x66, 0x66, 0xef, 0x0,
    0x0, 0x2d, 0x2c, 0xf1, 0xdf, 0xff, 0xff, 0xff,
    0x0, 0x0, 0x0, 0xd, 0xf1, 0xdf, 0x0, 0x0,
    0xdf, 0x0, 0x0, 0x67, 0x1e, 0xf0, 0xdf, 0xaa,
    0xaa, 0xff, 0x0, 0x0, 0xdf, 0x1f, 0xe0, 0xcf,
    0xff, 0xff, 0xff, 0x0, 0x1, 0xfc, 0x3f, 0xb0,
    0x44, 0xd, 0xf0, 0x60, 0x0, 0x5, 0xf8, 0x6f,
    0x81, 0xee, 0x1d, 0xf8, 0xf7, 0x0, 0x9, 0xf4,
    0xcf, 0x5b, 0xf5, 0xe, 0xf0, 0xcf, 0x40, 0xd,
    0xf3, 0xff, 0x6f, 0x9a, 0xdf, 0xe0, 0x2f, 0xc0,
    0xa, 0xb4, 0xe9, 0x6, 0xb, 0xff, 0x70, 0x4,
    0x0, 0x0, 0x0, 0x0, 0x0, 0x0, 0x0, 0x0,
    0x0, 0x0,

    /* U+6EDE "滞" */
    0x19, 0x40, 0x8, 0xf3, 0xf, 0xc0, 0xaf, 0x20,
    0x4f, 0xf2, 0x4a, 0xf7, 0x4f, 0xd4, 0xcf, 0x64,
    0x9, 0xfc, 0xff, 0xff, 0xff, 0xff, 0xff, 0xff,
    0x0, 0xa2, 0x7c, 0xf9, 0x7f, 0xe7, 0xdf, 0x87,
    0x18, 0x0, 0x8, 0xf3, 0xf, 0xc0, 0xaf, 0x20,
    0xaf, 0x90, 0xac, 0xdb, 0xad, 0xca, 0xcd, 0xb7,
    0x1e, 0xf7, 0xff, 0xff, 0xff, 0xff, 0xff, 0xfa,
    0x5, 0xe6, 0xfd, 0x11, 0x1f, 0xd1, 0x14, 0xfa,
    0x0, 0x10, 0x87, 0x0, 0x1f, 0xd0, 0x1, 0x85,
    0x2, 0x94, 0x1b, 0xbb, 0xbf, 0xfb, 0xbb, 0x80,
    0x6, 0xfa, 0x2f, 0xff, 0xff, 0xff, 0xff, 0xb0,
    0xa, 0xf6, 0x2f, 0xb0, 0x1f, 0xd0, 0x1f, 0xb0,
    0xe, 0xf2, 0x2f, 0xb0, 0x1f, 0xd0, 0x1f, 0xb0,
    0x2f, 0xe0, 0x2f, 0xb0, 0x1f, 0xd8, 0xcf, 0xb0,
    0x6f, 0xa0, 0x2f, 0xb0, 0x1f, 0xda, 0xff, 0x50,
    0x4b, 0x50, 0x0, 0x0, 0x1f, 0xd0, 0x0, 0x0,

    /* U+6EE1 "满" */
    0x0, 0x80, 0x0, 0x6, 0xf8, 0x0, 0xdf, 0x10,
    0x0, 0x8f, 0xd2, 0x88, 0xbf, 0xc8, 0x8e, 0xf8,
    0x87, 0x1, 0xcf, 0xef, 0xff, 0xff, 0xff, 0xff,
    0xff, 0xe0, 0x0, 0xa4, 0x22, 0x7f, 0x92, 0x2d,
    0xf3, 0x22, 0x3, 0x50, 0x1b, 0xbb, 0xcc, 0xbb,
    0xcc, 0xbb, 0xa0, 0xdf, 0x71, 0xff, 0xff, 0xff,
    0xff, 0xff, 0xfe, 0x4, 0xff, 0x90, 0x0, 0xcf,
    0x4, 0xf8, 0x0, 0x0, 0x3, 0xe5, 0x8a, 0xaf,
    0xfa, 0xcf, 0xda, 0xa4, 0x0, 0x1, 0xc, 0xff,
    0xff, 0xff, 0xff, 0xff, 0x60, 0x5, 0xb4, 0xcf,
    0xc, 0xe0, 0x6f, 0x25, 0xf6, 0x0, 0xaf, 0x5c,
    0xf0, 0xef, 0xa8, 0xfa, 0x5f, 0x60, 0xe, 0xf1,
    0xcf, 0x4f, 0xaf, 0xfe, 0xfc, 0xf6, 0x3, 0xfd,
    0xc, 0xfc, 0xe0, 0x8f, 0x5a, 0xdf, 0x60, 0x7f,
    0x90, 0xcf, 0xc6, 0x1f, 0xc0, 0x5, 0xf6, 0xb,
    0xf5, 0xc, 0xf0, 0x0, 0x32, 0x4b, 0xef, 0x50,
    0x8e, 0x10, 0xcf, 0x0, 0x0, 0x3, 0xff, 0xc1,
    0x0, 0x0, 0x0, 0x0, 0x0, 0x0, 0x0, 0x0,
    0x0,

    /* U+6F02 "漂" */
    0x0, 0x10, 0x0, 0x0, 0x0, 0x0, 0x0, 0x0,
    0x0, 0x3, 0xf7, 0xf, 0xff, 0xff, 0xff, 0xff,
    0xff, 0xb0, 0x5, 0xff, 0xa9, 0x99, 0xdf, 0xac,
    0xfb, 0x99, 0x60, 0x0, 0x4f, 0x90, 0x0, 0xaf,
    0x17, 0xf4, 0x0, 0x0, 0x0, 0x2, 0xb, 0xff,
    0xff, 0xff, 0xff, 0xff, 0x70, 0x3, 0x30, 0xc,
    0xe7, 0xdf, 0x8b, 0xf9, 0x9f, 0x70, 0xe, 0xf6,
    0xc, 0xe0, 0xaf, 0x17, 0xf4, 0x3f, 0x70, 0x6,
    0xff, 0x7c, 0xff, 0xff, 0xff, 0xff, 0xff, 0x70,
    0x0, 0x3d, 0x15, 0x77, 0x77, 0x77, 0x77, 0x77,
    0x30, 0x0, 0x0, 0x3, 0xbb, 0xbb, 0xbb, 0xbb,
    0xbb, 0x0, 0x0, 0x58, 0x23, 0xaa, 0xaa, 0xaa,
    0xaa, 0xaa, 0x0, 0x0, 0xaf, 0x58, 0x88, 0x88,
    0x88, 0x88, 0x88, 0x70, 0x0, 0xef, 0x3f, 0xff,
    0xff, 0xff, 0xff, 0xff, 0xe0, 0x3, 0xfb, 0x1,
    0x5a, 0x11, 0xfe, 0x19, 0x41, 0x10, 0x7, 0xf8,
    0x9, 0xff, 0x10, 0xfe, 0x2f, 0xf9, 0x0, 0xb,
    0xf5, 0xef, 0xc5, 0xbc, 0xfd, 0x3, 0xcf, 0xe0,
    0x9, 0xe0, 0x86, 0x1, 0xff, 0xe6, 0x0, 0x7,
    0x70,

    /* U+6F2A "漪" */
    0x0, 0x50, 0x6, 0x30, 0x20, 0x0, 0xee, 0x0,
    0x0, 0x8, 0xfb, 0x3f, 0xb8, 0xf9, 0xbb, 0xff,
    0xbb, 0x70, 0x1, 0xcf, 0x9a, 0xff, 0xc7, 0xff,
    0xff, 0xff, 0xa0, 0x0, 0x9, 0x6, 0xff, 0x20,
    0x8, 0xff, 0x70, 0x0, 0x0, 0x30, 0x5f, 0xfe,
    0x3, 0xaf, 0xdc, 0xfe, 0x50, 0xb, 0xf5, 0xaf,
    0xdf, 0x27, 0xfb, 0x10, 0x6f, 0x70, 0x7, 0xff,
    0x84, 0x7f, 0x5c, 0xeb, 0xbb, 0xbd, 0xb1, 0x0,
    0x6e, 0x10, 0xaf, 0x7f, 0xff, 0xff, 0xff, 0xf1,
    0x0, 0x0, 0x5, 0xff, 0x70, 0x0, 0x0, 0x8f,
    0x20, 0x0, 0x49, 0x6f, 0xef, 0x89, 0xff, 0xf7,
    0x8f, 0x20, 0x0, 0x9f, 0xef, 0x5f, 0x8a, 0xe9,
    0xf8, 0x8f, 0x20, 0x0, 0xdf, 0x46, 0x1f, 0x9a,
    0xc0, 0xe8, 0x8f, 0x20, 0x0, 0xfd, 0x0, 0x2f,
    0x9a, 0xe9, 0xf8, 0x8f, 0x20, 0x3, 0xfa, 0x0,
    0x3f, 0x89, 0xff, 0xf7, 0x8f, 0x20, 0x7, 0xf7,
    0x4c, 0xef, 0x40, 0x0, 0x7a, 0xef, 0x10, 0x8,
    0xf4, 0x2f, 0xea, 0x0, 0x0, 0xaf, 0xf9, 0x0,
    0x0, 0x0, 0x0, 0x0, 0x0, 0x0, 0x0, 0x0,
    0x0,

    /* U+706B "火" */
    0x0, 0x0, 0x0, 0x1, 0xff, 0x10, 0x0, 0x0,
    0x0, 0x0, 0x0, 0x0, 0x1, 0xff, 0x10, 0x0,
    0x0, 0x0, 0x0, 0x47, 0x0, 0x1, 0xff, 0x10,
    0x0, 0x74, 0x0, 0x4, 0xff, 0x30, 0x1, 0xff,
    0x10, 0x3, 0xff, 0x30, 0x0, 0xbf, 0xd0, 0x1,
    0xff, 0x10, 0xd, 0xfb, 0x0, 0x0, 0x1f, 0xf8,
    0x2, 0xff, 0x10, 0x8f, 0xf1, 0x0, 0x0, 0x6,
    0xff, 0x24, 0xff, 0x44, 0xff, 0x60, 0x0, 0x0,
    0x0, 0xcc, 0x27, 0xff, 0x83, 0xeb, 0x0, 0x0,
    0x0, 0x0, 0x10, 0xc, 0xff, 0xd0, 0x11, 0x0,
    0x0, 0x0, 0x0, 0x0, 0x4f, 0xfe, 0xf6, 0x0,
    0x0, 0x0, 0x0, 0x0, 0x1, 0xdf, 0x95, 0xff,
    0x20, 0x0, 0x0, 0x0, 0x0, 0x1c, 0xfe, 0x10,
    0xcf, 0xe2, 0x0, 0x0, 0x0, 0x3, 0xdf, 0xf3,
    0x0, 0x1e, 0xfe, 0x50, 0x0, 0x1, 0x8f, 0xfe,
    0x40, 0x0, 0x2, 0xdf, 0xfa, 0x20, 0xc, 0xff,
    0xd2, 0x0, 0x0, 0x0, 0x1b, 0xff, 0xc0, 0x4,
    0xf8, 0x0, 0x0, 0x0, 0x0, 0x0, 0x6e, 0x20,
    0x0, 0x10, 0x0, 0x0, 0x0, 0x0, 0x0, 0x0,
    0x0,

    /* U+706F "灯" */
    0x0, 0x1f, 0xe0, 0x7, 0xff, 0xff, 0xff, 0xff,
    0x11, 0x31, 0xfe, 0x3, 0x7f, 0xff, 0xff, 0xff,
    0xf1, 0xec, 0x1f, 0xe5, 0xf7, 0x11, 0x1b, 0xf8,
    0x11, 0xa, 0xf1, 0xff, 0xff, 0x50, 0x0, 0xaf,
    0x70, 0x0, 0x7f, 0x4f, 0xff, 0x60, 0x0, 0xa,
    0xf7, 0x0, 0x3, 0xf8, 0xff, 0x70, 0x0, 0x0,
    0xaf, 0x70, 0x0, 0xf, 0xbf, 0xd0, 0x0, 0x0,
    0xa, 0xf7, 0x0, 0x0, 0x75, 0xfc, 0x0, 0x0,
    0x0, 0xaf, 0x70, 0x0, 0x0, 0x3f, 0xc0, 0x0,
    0x0, 0xa, 0xf7, 0x0, 0x0, 0x5, 0xff, 0x30,
    0x0, 0x0, 0xaf, 0x70, 0x0, 0x0, 0x9f, 0xfd,
    0x0, 0x0, 0xa, 0xf7, 0x0, 0x0, 0xe, 0xfe,
    0xf8, 0x0, 0x0, 0xaf, 0x70, 0x0, 0x6, 0xfc,
    0x3f, 0xf3, 0x0, 0xa, 0xf7, 0x0, 0x1, 0xef,
    0x50, 0x8e, 0x21, 0x11, 0xcf, 0x70, 0x0, 0xaf,
    0xc0, 0x0, 0x10, 0xef, 0xff, 0xf4, 0x0, 0x2,
    0xe3, 0x0, 0x0, 0xb, 0xff, 0xe9, 0x0, 0x0,
    0x0, 0x0, 0x0, 0x0, 0x0, 0x0, 0x0, 0x0,
    0x0,

    /* U+70B9 "点" */
    0x0, 0x0, 0x0, 0x3, 0xfe, 0x0, 0x0, 0x0,
    0x0, 0x0, 0x0, 0x0, 0x3, 0xff, 0xff, 0xff,
    0xff, 0xe0, 0x0, 0x0, 0x0, 0x3, 0xff, 0xff,
    0xff, 0xff, 0xf0, 0x0, 0x0, 0x0, 0x3, 0xfe,
    0x11, 0x11, 0x11, 0x0, 0x0, 0x2, 0x22, 0x25,
    0xfe, 0x22, 0x22, 0x20, 0x0, 0x0, 0x3f, 0xff,
    0xff, 0xff, 0xff, 0xff, 0xf2, 0x0, 0x0, 0x3f,
    0xfd, 0xdd, 0xdd, 0xdd, 0xdf, 0xf2, 0x0, 0x0,
    0x3f, 0xe0, 0x0, 0x0, 0x0, 0xe, 0xf2, 0x0,
    0x0, 0x3f, 0xe0, 0x0, 0x0, 0x0, 0xe, 0xf2,
    0x0, 0x0, 0x3f, 0xff, 0xff, 0xff, 0xff, 0xff,
    0xf2, 0x0, 0x0, 0x3f, 0xff, 0xff, 0xff, 0xff,
    0xff, 0xf2, 0x0, 0x0, 0x28, 0x20, 0x1, 0x0,
    0x12, 0x2, 0x81, 0x0, 0x0, 0x8f, 0x82, 0xec,
    0x2, 0xf8, 0xb, 0xfa, 0x0, 0x1, 0xef, 0x20,
    0xff, 0x0, 0xee, 0x3, 0xff, 0x40, 0x9, 0xfa,
    0x0, 0xdf, 0x30, 0x9f, 0x30, 0xaf, 0xd0, 0xa,
    0xf2, 0x0, 0x9e, 0x50, 0x4b, 0x30, 0x2f, 0xa1,
    0x0, 0x20, 0x0, 0x0, 0x0, 0x0, 0x0, 0x1,
    0x0,

    /* U+7136 "然" */
    0x0, 0x0, 0x21, 0x0, 0x0, 0x0, 0x0, 0x0,
    0x0, 0x0, 0x0, 0xef, 0x10, 0x0, 0xf, 0xe1,
    0x60, 0x0, 0x0, 0x7, 0xfe, 0xaa, 0xa2, 0xf,
    0xe9, 0xf8, 0x0, 0x0, 0xe, 0xff, 0xff, 0xf4,
    0xf, 0xe0, 0xcf, 0x20, 0x0, 0x8f, 0xc3, 0x3c,
    0xf3, 0xf, 0xe0, 0x15, 0x0, 0x3, 0xff, 0xfb,
    0x2f, 0xdf, 0xff, 0xff, 0xff, 0xa0, 0xe, 0xf6,
    0x6a, 0x7f, 0x7c, 0xdf, 0xfd, 0xcc, 0x80, 0xe,
    0xfe, 0x41, 0xef, 0x10, 0x5f, 0xf9, 0x0, 0x0,
    0x4, 0x3d, 0x6b, 0xf7, 0x0, 0xcf, 0xff, 0x20,
    0x0, 0x0, 0x0, 0x9f, 0xc0, 0x8, 0xfc, 0x5f,
    0xd1, 0x0, 0x0, 0xb, 0xfe, 0x20, 0x9f, 0xf2,
    0xa, 0xfe, 0x40, 0x3, 0xef, 0xe2, 0xd, 0xff,
    0x30, 0x0, 0xbf, 0xd0, 0x3, 0xfd, 0x10, 0x4,
    0xc2, 0x0, 0x0, 0x8, 0x20, 0x0, 0x6f, 0xa2,
    0x97, 0x4, 0xb6, 0x6, 0xe3, 0x0, 0x0, 0x9f,
    0x81, 0xfe, 0x3, 0xfc, 0x6, 0xfc, 0x0, 0x2,
    0xff, 0x10, 0xdf, 0x20, 0xdf, 0x20, 0xdf, 0x50,
    0x9, 0xf9, 0x0, 0xbe, 0x40, 0x8c, 0x40, 0x6f,
    0x80, 0x0, 0x41, 0x0, 0x0, 0x0, 0x0, 0x0,
    0x1, 0x0,

    /* U+7231 "爱" */
    0x0, 0x0, 0x0, 0x0, 0x1, 0x23, 0x56, 0x80,
    0x0, 0xac, 0xde, 0xef, 0xff, 0xff, 0xff, 0xff,
    0x20, 0xc, 0xed, 0xdc, 0xba, 0x98, 0x76, 0x74,
    0x20, 0x0, 0x3, 0xb9, 0x0, 0xcf, 0x10, 0xe,
    0xf1, 0x0, 0x0, 0x2f, 0xf1, 0xb, 0xf7, 0x6,
    0xfb, 0x0, 0x2, 0xff, 0xff, 0xff, 0xff, 0xff,
    0xff, 0xff, 0xa0, 0x2f, 0xe8, 0x8a, 0xa8, 0x88,
    0x88, 0x8a, 0xfa, 0x1, 0x75, 0x0, 0xef, 0x40,
    0x0, 0x0, 0x27, 0x40, 0x4f, 0xff, 0xff, 0xff,
    0xff, 0xff, 0xff, 0xfd, 0x2, 0x99, 0x9e, 0xfc,
    0x99, 0x99, 0x99, 0x99, 0x80, 0x0, 0x3, 0xff,
    0x87, 0x77, 0x77, 0x77, 0x20, 0x0, 0x0, 0xdf,
    0xff, 0xff, 0xff, 0xff, 0xf6, 0x0, 0x0, 0xbf,
    0xcf, 0xf5, 0x0, 0x2c, 0xfd, 0x10, 0x2, 0xcf,
    0xc0, 0x4f, 0xfa, 0x8f, 0xfa, 0x10, 0x0, 0xdf,
    0xc0, 0x1, 0x8f, 0xff, 0xfc, 0x41, 0x0, 0x7,
    0xa7, 0xad, 0xff, 0xfc, 0xbf, 0xff, 0xfe, 0xc0,
    0x0, 0x9f, 0xfb, 0x61, 0x0, 0x16, 0xad, 0xfc,
    0x0, 0x1, 0x30, 0x0, 0x0, 0x0, 0x0, 0x0,
    0x10,

    /* U+7259 "牙" */
    0x5f, 0xff, 0xff, 0xff, 0xff, 0xff, 0xff, 0xfe,
    0x5, 0xff, 0xff, 0xff, 0xff, 0xff, 0xff, 0xff,
    0xd0, 0x0, 0x22, 0x0, 0x0, 0x0, 0xdf, 0x50,
    0x0, 0x0, 0xa, 0xf8, 0x0, 0x0, 0xd, 0xf5,
    0x0, 0x0, 0x0, 0xff, 0x40, 0x0, 0x0, 0xdf,
    0x50, 0x0, 0x0, 0x3f, 0xf0, 0x0, 0x0, 0xd,
    0xf5, 0x0, 0x0, 0x6, 0xff, 0xee, 0xee, 0xee,
    0xff, 0xfe, 0xee, 0x10, 0x6f, 0xff, 0xff, 0xff,
    0xff, 0xff, 0xff, 0xf1, 0x0, 0x0, 0x0, 0x2e,
    0xf7, 0xdf, 0x50, 0x0, 0x0, 0x0, 0x0, 0x1d,
    0xfa, 0xd, 0xf5, 0x0, 0x0, 0x0, 0x0, 0x3e,
    0xfc, 0x0, 0xdf, 0x50, 0x0, 0x0, 0x0, 0x7f,
    0xfb, 0x0, 0xd, 0xf5, 0x0, 0x0, 0x4, 0xcf,
    0xf9, 0x0, 0x0, 0xdf, 0x50, 0x0, 0x9, 0xff,
    0xe5, 0x0, 0x0, 0x2f, 0xf5, 0x0, 0x0, 0x4f,
    0xa1, 0x0, 0x7f, 0xff, 0xff, 0x30, 0x0, 0x0,
    0x20, 0x0, 0x4, 0xff, 0xfe, 0x90, 0x0, 0x0,

    /* U+7279 "特" */
    0x0, 0x1, 0xec, 0x0, 0x0, 0xf, 0xf0, 0x0,
    0x0, 0x1, 0x83, 0xfd, 0x0, 0x22, 0x2f, 0xf2,
    0x22, 0x0, 0x3, 0xf4, 0xfd, 0x2, 0xff, 0xff,
    0xff, 0xff, 0x50, 0x5, 0xf9, 0xfe, 0x72, 0xcc,
    0xcf, 0xfc, 0xcc, 0x40, 0x7, 0xff, 0xff, 0xf1,
    0x0, 0xf, 0xf0, 0x0, 0x0, 0xa, 0xd4, 0xfd,
    0x4c, 0xdd, 0xdf, 0xfd, 0xdd, 0xd1, 0xd, 0xa1,
    0xfd, 0xe, 0xff, 0xff, 0xff, 0xff, 0xf1, 0xb,
    0x71, 0xfd, 0x20, 0x0, 0x0, 0xd, 0xf3, 0x0,
    0x0, 0x2, 0xff, 0xf3, 0x33, 0x33, 0x3e, 0xf5,
    0x20, 0x6, 0xbf, 0xff, 0xfc, 0xff, 0xff, 0xff,
    0xff, 0xf0, 0xd, 0xff, 0xfe, 0x16, 0xcc, 0xbb,
    0xbf, 0xfc, 0xa0, 0x6, 0x73, 0xfd, 0x1, 0xdd,
    0x10, 0xd, 0xf2, 0x0, 0x0, 0x1, 0xfd, 0x0,
    0x9f, 0xd1, 0xd, 0xf2, 0x0, 0x0, 0x1, 0xfd,
    0x0, 0x9, 0x80, 0xe, 0xf2, 0x0, 0x0, 0x1,
    0xfd, 0x0, 0x0, 0x9f, 0xff, 0xf1, 0x0, 0x0,
    0x1, 0xfd, 0x0, 0x0, 0x8f, 0xfe, 0x80, 0x0,

    /* U+72B6 "状" */
    0x0, 0x0, 0x0, 0x0, 0x0, 0x0, 0x0, 0x0,
    0x0, 0x0, 0xc, 0xf4, 0x0, 0xe, 0xf2, 0x62,
    0x0, 0x0, 0x0, 0xcf, 0x40, 0x0, 0xef, 0x5f,
    0xe1, 0x1, 0xca, 0xc, 0xf4, 0x0, 0xe, 0xf2,
    0x8f, 0xb0, 0xd, 0xf2, 0xcf, 0x40, 0x0, 0xef,
    0x20, 0x92, 0x0, 0x6f, 0x8c, 0xf6, 0xcc, 0xcf,
    0xfc, 0xcc, 0xc4, 0x0, 0xfe, 0xcf, 0x7f, 0xff,
    0xff, 0xff, 0xff, 0x60, 0x9, 0xee, 0xf5, 0x44,
    0x4f, 0xf5, 0x44, 0x41, 0x0, 0x10, 0xcf, 0x40,
    0x2, 0xff, 0x50, 0x0, 0x0, 0x0, 0x9f, 0xf4,
    0x0, 0x5f, 0xfa, 0x0, 0x0, 0x1, 0xcf, 0xff,
    0x40, 0xa, 0xff, 0xf1, 0x0, 0x3, 0xef, 0xed,
    0xf4, 0x1, 0xff, 0xcf, 0x80, 0x0, 0x2f, 0xc1,
    0xcf, 0x40, 0x9f, 0xa3, 0xff, 0x30, 0x0, 0x80,
    0xc, 0xf4, 0x5f, 0xf2, 0xa, 0xfe, 0x10, 0x0,
    0x0, 0xcf, 0x9f, 0xf8, 0x0, 0x1e, 0xfe, 0x20,
    0x0, 0xc, 0xff, 0xfb, 0x0, 0x0, 0x3f, 0xf8,
    0x0, 0x0, 0xcf, 0x7c, 0x0, 0x0, 0x0, 0x4b,
    0x0, 0x0, 0x0, 0x0, 0x0, 0x0, 0x0, 0x0,
    0x0,

    /* U+732B "猫" */
    0x0, 0x0, 0x0, 0x0, 0x0, 0x0, 0x0, 0x0,
    0x0, 0x4c, 0x10, 0x62, 0x5, 0xfa, 0x1, 0xf6,
    0x0, 0x9, 0xfa, 0x5f, 0xe5, 0x8f, 0xc5, 0x6f,
    0x95, 0x40, 0xe, 0xff, 0xfc, 0xff, 0xff, 0xff,
    0xff, 0xfd, 0x0, 0x9f, 0xf5, 0x59, 0xbf, 0xd9,
    0xaf, 0xc9, 0x80, 0x8f, 0xff, 0x0, 0x5, 0xfa,
    0x1, 0xf6, 0x0, 0xe, 0xdb, 0xf4, 0xa, 0xac,
    0xba, 0xac, 0xaa, 0x10, 0x40, 0x6f, 0x71, 0xff,
    0xff, 0xff, 0xff, 0xf2, 0x0, 0xd, 0xfa, 0x1f,
    0xd2, 0x3f, 0xb2, 0xbf, 0x20, 0xa, 0xff, 0xb1,
    0xfc, 0x1, 0xfa, 0xa, 0xf2, 0x9, 0xfb, 0xfc,
    0x1f, 0xea, 0xaf, 0xea, 0xef, 0x20, 0xed, 0x1f,
    0xd1, 0xff, 0xff, 0xff, 0xff, 0xf2, 0x6, 0x10,
    0xfd, 0x1f, 0xc0, 0x1f, 0xa0, 0xaf, 0x20, 0x0,
    0xf, 0xd1, 0xfc, 0x1, 0xfa, 0xa, 0xf2, 0x0,
    0x4, 0xfc, 0x1f, 0xfc, 0xcf, 0xec, 0xef, 0x20,
    0x8e, 0xff, 0xa1, 0xff, 0xff, 0xff, 0xff, 0xf2,
    0x7, 0xff, 0xc2, 0x1f, 0xc0, 0x0, 0x0, 0xaf,
    0x20, 0x0, 0x0, 0x0, 0x21, 0x0, 0x0, 0x1,
    0x20,

    /* U+7387 "率" */
    0x0, 0x0, 0x0, 0x0, 0x34, 0x0, 0x0, 0x0,
    0x0, 0x0, 0x0, 0x0, 0x3, 0xff, 0x20, 0x0,
    0x0, 0x0, 0x8, 0xcc, 0xcc, 0xcc, 0xff, 0xdc,
    0xcc, 0xcc, 0x80, 0xa, 0xff, 0xff, 0xff, 0xff,
    0xff, 0xff, 0xff, 0xb0, 0x0, 0x62, 0x0, 0x2e,
    0xf3, 0x29, 0x10, 0x29, 0x0, 0x3, 0xfe, 0x22,
    0xdf, 0x53, 0xcf, 0x45, 0xef, 0x40, 0x0, 0x7f,
    0xec, 0xff, 0xff, 0xf5, 0x5f, 0xf5, 0x0, 0x0,
    0x6, 0x74, 0x8a, 0xff, 0x63, 0xb, 0x20, 0x0,
    0x0, 0x18, 0xf4, 0x5f, 0xf4, 0xde, 0x3f, 0xa1,
    0x0, 0x7, 0xef, 0xfe, 0xff, 0xa8, 0xcf, 0xdc,
    0xfe, 0x50, 0x8, 0xf8, 0x1b, 0xff, 0xff, 0xff,
    0xf4, 0x6e, 0x60, 0x0, 0x10, 0x2, 0x33, 0xed,
    0x1, 0x40, 0x1, 0x0, 0xb, 0xbb, 0xbb, 0xbb,
    0xff, 0xbb, 0xbb, 0xbb, 0xb0, 0xf, 0xff, 0xff,
    0xff, 0xff, 0xff, 0xff, 0xff, 0xf0, 0x2, 0x22,
    0x22, 0x22, 0xff, 0x32, 0x22, 0x22, 0x20, 0x0,
    0x0, 0x0, 0x0, 0xff, 0x10, 0x0, 0x0, 0x0,
    0x0, 0x0, 0x0, 0x0, 0xff, 0x10, 0x0, 0x0,
    0x0,

    /* U+73AF "环" */
    0x9e, 0xee, 0xed, 0xaf, 0xff, 0xff, 0xff, 0xff,
    0xa, 0xff, 0xff, 0xea, 0xff, 0xff, 0xff, 0xff,
    0xf0, 0x0, 0xdf, 0x20, 0x0, 0x0, 0xef, 0x30,
    0x0, 0x0, 0xd, 0xf2, 0x0, 0x0, 0x5f, 0xe0,
    0x0, 0x0, 0x0, 0xdf, 0x20, 0x0, 0xc, 0xfd,
    0x0, 0x0, 0x0, 0xd, 0xf2, 0x0, 0x5, 0xff,
    0xd0, 0x0, 0x0, 0x6d, 0xff, 0xdb, 0x0, 0xdf,
    0xfe, 0xc4, 0x0, 0x8, 0xff, 0xff, 0xd0, 0x8f,
    0xff, 0xff, 0xf2, 0x0, 0x12, 0xdf, 0x31, 0x4f,
    0xfb, 0xfd, 0x9f, 0xe1, 0x0, 0xd, 0xf2, 0x3f,
    0xfb, 0x3f, 0xd0, 0xcf, 0xc0, 0x0, 0xdf, 0x2c,
    0xfd, 0x13, 0xfd, 0x1, 0xef, 0x50, 0xd, 0xf5,
    0x7c, 0x20, 0x3f, 0xd0, 0x3, 0x80, 0x59, 0xff,
    0xfe, 0x0, 0x3, 0xfd, 0x0, 0x0, 0xd, 0xff,
    0xff, 0xc0, 0x0, 0x3f, 0xd0, 0x0, 0x0, 0x88,
    0x52, 0x0, 0x0, 0x3, 0xfd, 0x0, 0x0, 0x0,
    0x0, 0x0, 0x0, 0x0, 0x3f, 0xd0, 0x0, 0x0,

    /* U+73B0 "现" */
    0xf, 0xff, 0xff, 0x7f, 0xff, 0xff, 0xff, 0xfe,
    0x0, 0xff, 0xff, 0xf7, 0xff, 0xff, 0xff, 0xff,
    0xe0, 0x0, 0x4f, 0x90, 0x2f, 0xb0, 0x0, 0x0,
    0xfe, 0x0, 0x4, 0xf9, 0x2, 0xfb, 0x9, 0xd1,
    0xf, 0xe0, 0x0, 0x4f, 0x90, 0x2f, 0xb0, 0xcf,
    0x10, 0xfe, 0x0, 0x4, 0xf9, 0x2, 0xfb, 0xc,
    0xf1, 0xf, 0xe0, 0xc, 0xef, 0xfe, 0x5f, 0xb0,
    0xdf, 0x10, 0xfe, 0x0, 0xef, 0xff, 0xf6, 0xfb,
    0xe, 0xf0, 0xf, 0xe0, 0x0, 0x5f, 0x90, 0x2f,
    0xb0, 0xff, 0x0, 0xfe, 0x0, 0x4, 0xf9, 0x2,
    0xfb, 0x3f, 0xe5, 0xf, 0xe0, 0x0, 0x4f, 0x90,
    0x12, 0x18, 0xff, 0xd0, 0x22, 0x0, 0x4, 0xfd,
    0xd7, 0x1, 0xef, 0xfd, 0x0, 0xd9, 0x18, 0xdf,
    0xff, 0x90, 0xcf, 0xaf, 0xd0, 0xe, 0xc3, 0xff,
    0xfc, 0x73, 0xcf, 0xc2, 0xfd, 0x0, 0xfc, 0xc,
    0x61, 0x5, 0xff, 0xd1, 0x1f, 0xff, 0xff, 0xa0,
    0x0, 0x0, 0x3f, 0xb1, 0x0, 0x9f, 0xff, 0xe4,
    0x0, 0x0, 0x0, 0x30, 0x0, 0x0, 0x0, 0x0,
    0x0,

    /* U+7403 "球" */
    0x0, 0x0, 0x0, 0x0, 0x0, 0xdf, 0x1a, 0x40,
    0x0, 0xdd, 0xdd, 0xd4, 0x0, 0xd, 0xf2, 0xdf,
    0x50, 0xf, 0xff, 0xff, 0x73, 0x33, 0xdf, 0x45,
    0xfa, 0x20, 0x26, 0xfb, 0x28, 0xff, 0xff, 0xff,
    0xff, 0xf9, 0x0, 0x4f, 0xa0, 0x5a, 0xaa, 0xff,
    0xba, 0xaa, 0x60, 0x4, 0xfa, 0x0, 0x70, 0xd,
    0xf5, 0x2, 0x40, 0x2, 0x5f, 0xb2, 0x7f, 0x60,
    0xdf, 0xa0, 0xcf, 0x30, 0xef, 0xff, 0xf2, 0xdf,
    0x2d, 0xff, 0xbf, 0xa0, 0xb, 0xdf, 0xed, 0x14,
    0xf4, 0xdf, 0xff, 0xb0, 0x0, 0x4, 0xfa, 0x0,
    0x2, 0xbf, 0xfe, 0xf2, 0x0, 0x0, 0x4f, 0xa0,
    0x3, 0xef, 0xff, 0x5f, 0xc0, 0x0, 0x4, 0xfa,
    0x6, 0xff, 0x7d, 0xf1, 0xbf, 0x90, 0x0, 0x6f,
    0xed, 0x6d, 0x30, 0xdf, 0x11, 0xef, 0x81, 0xff,
    0xff, 0xf3, 0x0, 0xd, 0xf1, 0x3, 0xf5, 0xf,
    0xc9, 0x63, 0x2, 0xee, 0xff, 0x0, 0x2, 0x0,
    0x0, 0x0, 0x0, 0xf, 0xfe, 0x70, 0x0, 0x0,

    /* U+7406 "理" */
    0x0, 0x0, 0x0, 0x3f, 0xff, 0xff, 0xff, 0xff,
    0x10, 0xff, 0xff, 0xf7, 0xfe, 0xcf, 0xfd, 0xcf,
    0xf1, 0xe, 0xef, 0xfe, 0x7f, 0x90, 0xbf, 0x30,
    0xdf, 0x10, 0x4, 0xf9, 0x3, 0xfa, 0xb, 0xf4,
    0xd, 0xf1, 0x0, 0x4f, 0x90, 0x3f, 0xff, 0xff,
    0xff, 0xff, 0x10, 0x4, 0xf9, 0x3, 0xfd, 0xae,
    0xfb, 0xae, 0xf1, 0x8, 0xbf, 0xd9, 0x4f, 0x90,
    0xbf, 0x30, 0xdf, 0x10, 0xef, 0xff, 0xf5, 0xfe,
    0xbe, 0xfc, 0xbf, 0xf1, 0x3, 0x7f, 0xb4, 0x4f,
    0xff, 0xff, 0xff, 0xff, 0x10, 0x4, 0xf9, 0x0,
    0x0, 0xb, 0xf4, 0x0, 0x0, 0x0, 0x4f, 0x90,
    0x3a, 0xaa, 0xef, 0xba, 0xaa, 0x30, 0x4, 0xf9,
    0x26, 0xff, 0xff, 0xff, 0xff, 0xf5, 0x0, 0x6f,
    0xff, 0x52, 0x22, 0xbf, 0x52, 0x22, 0x1, 0xff,
    0xff, 0xf6, 0x0, 0xb, 0xf4, 0x0, 0x0, 0xf,
    0xfc, 0x86, 0xff, 0xff, 0xff, 0xff, 0xff, 0xd0,
    0x40, 0x0, 0x2c, 0xcc, 0xcc, 0xcc, 0xcc, 0xca,

    /* U+751F "生" */
    0x0, 0x5, 0x10, 0xa, 0xf8, 0x0, 0x0, 0x0,
    0x0, 0x3, 0xff, 0x0, 0xaf, 0x80, 0x0, 0x0,
    0x0, 0x0, 0x8f, 0xa0, 0xa, 0xf8, 0x0, 0x0,
    0x0, 0x0, 0xe, 0xff, 0xff, 0xff, 0xff, 0xff,
    0xff, 0x50, 0x5, 0xff, 0xff, 0xff, 0xff, 0xff,
    0xff, 0xf5, 0x0, 0xdf, 0x60, 0x0, 0xaf, 0x80,
    0x0, 0x0, 0x0, 0x8f, 0xd0, 0x0, 0xa, 0xf8,
    0x0, 0x0, 0x0, 0x0, 0x83, 0x0, 0x0, 0xaf,
    0x80, 0x0, 0x0, 0x0, 0x1, 0xff, 0xff, 0xff,
    0xff, 0xff, 0xff, 0xa0, 0x0, 0x2f, 0xff, 0xff,
    0xff, 0xff, 0xff, 0xfb, 0x0, 0x0, 0x11, 0x11,
    0x1b, 0xf8, 0x11, 0x11, 0x10, 0x0, 0x0, 0x0,
    0x0, 0xaf, 0x80, 0x0, 0x0, 0x0, 0x0, 0x0,
    0x0, 0xa, 0xf8, 0x0, 0x0, 0x0, 0x1, 0x33,
    0x33, 0x33, 0xbf, 0xa3, 0x33, 0x33, 0x30, 0x8f,
    0xff, 0xff, 0xff, 0xff, 0xff, 0xff, 0xff, 0x6,
    0xcc, 0xcc, 0xcc, 0xcc, 0xcc, 0xcc, 0xcc, 0xc0,

    /* U+7528 "用" */
    0x0, 0xcf, 0xff, 0xff, 0xff, 0xff, 0xff, 0xfe,
    0x0, 0xcf, 0xff, 0xff, 0xff, 0xff, 0xff, 0xfe,
    0x0, 0xcf, 0x50, 0x1, 0xff, 0x0, 0x2, 0xfe,
    0x0, 0xcf, 0x50, 0x1, 0xff, 0x0, 0x2, 0xfe,
    0x0, 0xcf, 0x50, 0x1, 0xff, 0x0, 0x2, 0xfe,
    0x0, 0xcf, 0xff, 0xff, 0xff, 0xff, 0xff, 0xfe,
    0x0, 0xcf, 0xff, 0xff, 0xff, 0xff, 0xff, 0xfe,
    0x0, 0xcf, 0x50, 0x1, 0xff, 0x0, 0x2, 0xfe,
    0x0, 0xcf, 0x50, 0x1, 0xff, 0x0, 0x2, 0xfe,
    0x0, 0xcf, 0xdd, 0xdd, 0xff, 0xdd, 0xdd, 0xfe,
    0x0, 0xdf, 0xff, 0xff, 0xff, 0xff, 0xff, 0xfe,
    0x0, 0xff, 0x42, 0x23, 0xff, 0x22, 0x24, 0xfe,
    0x2, 0xff, 0x0, 0x1, 0xff, 0x0, 0x2, 0xfe,
    0x6, 0xfc, 0x0, 0x1, 0xff, 0x0, 0x4, 0xfe,
    0xd, 0xf6, 0x0, 0x1, 0xff, 0xc, 0xff, 0xfd,
    0x2d, 0xe0, 0x0, 0x1, 0xff, 0x9, 0xff, 0xe5,
    0x0, 0x10, 0x0, 0x0, 0x0, 0x0, 0x0, 0x0,

    /* U+7531 "由" */
    0x0, 0x0, 0x0, 0xf, 0xf1, 0x0, 0x0, 0x0,
    0x0, 0x0, 0x0, 0xff, 0x10, 0x0, 0x0, 0xd,
    0xdd, 0xdd, 0xdf, 0xfd, 0xdd, 0xdd, 0xd0, 0xff,
    0xff, 0xff, 0xff, 0xff, 0xff, 0xff, 0xf, 0xf2,
    0x22, 0x2f, 0xf3, 0x22, 0x3f, 0xf0, 0xff, 0x0,
    0x0, 0xff, 0x10, 0x1, 0xff, 0xf, 0xf0, 0x0,
    0xf, 0xf1, 0x0, 0x1f, 0xf0, 0xff, 0x10, 0x1,
    0xff, 0x10, 0x1, 0xff, 0xf, 0xff, 0xff, 0xff,
    0xff, 0xff, 0xff, 0xf0, 0xff, 0xee, 0xee, 0xff,
    0xee, 0xee, 0xff, 0xf, 0xf0, 0x0, 0xf, 0xf1,
    0x0, 0x1f, 0xf0, 0xff, 0x0, 0x0, 0xff, 0x10,
    0x1, 0xff, 0xf, 0xf0, 0x0, 0xf, 0xf1, 0x0,
    0x1f, 0xf0, 0xff, 0xff, 0xff, 0xff, 0xff, 0xff,
    0xff, 0xf, 0xff, 0xff, 0xff, 0xff, 0xff, 0xff,
    0xf0, 0xff, 0x10, 0x0, 0x0, 0x0, 0x1, 0xff,

    /* U+7535 "电" */
    0x0, 0x0, 0x0, 0x5f, 0xc0, 0x0, 0x0, 0x0,
    0x0, 0x0, 0x0, 0x5, 0xfc, 0x0, 0x0, 0x0,
    0x0, 0x2f, 0xff, 0xff, 0xff, 0xff, 0xff, 0xff,
    0x20, 0x2, 0xff, 0xdd, 0xde, 0xff, 0xdd, 0xdf,
    0xf2, 0x0, 0x2f, 0xf0, 0x0, 0x5f, 0xc0, 0x0,
    0xef, 0x20, 0x2, 0xff, 0x0, 0x5, 0xfc, 0x0,
    0xe, 0xf2, 0x0, 0x2f, 0xff, 0xff, 0xff, 0xff,
    0xff, 0xff, 0x20, 0x2, 0xff, 0xee, 0xee, 0xff,
    0xee, 0xef, 0xf2, 0x0, 0x2f, 0xf0, 0x0, 0x5f,
    0xc0, 0x0, 0xef, 0x20, 0x2, 0xff, 0x0, 0x5,
    0xfc, 0x0, 0xe, 0xf2, 0x0, 0x2f, 0xff, 0xff,
    0xff, 0xff, 0xff, 0xff, 0x30, 0x1, 0xee, 0xee,
    0xee, 0xff, 0xee, 0xee, 0xef, 0xd0, 0x0, 0x0,
    0x0, 0x5f, 0xc0, 0x0, 0x0, 0xff, 0x0, 0x0,
    0x0, 0x5, 0xfd, 0x0, 0x0, 0x2f, 0xf0, 0x0,
    0x0, 0x0, 0x3f, 0xff, 0xee, 0xef, 0xfc, 0x0,
    0x0, 0x0, 0x0, 0x9e, 0xff, 0xff, 0xfd, 0x30,

    /* U+753B "画" */
    0xff, 0xff, 0xff, 0xff, 0xff, 0xff, 0xff, 0xff,
    0xde, 0xee, 0xee, 0xee, 0xee, 0xee, 0xee, 0xed,
    0x0, 0x0, 0x0, 0x0, 0x0, 0x0, 0x0, 0x0,
    0x16, 0x41, 0x88, 0x88, 0x88, 0x88, 0x14, 0x62,
    0x4f, 0xa2, 0xff, 0xff, 0xff, 0xff, 0x39, 0xf5,
    0x4f, 0xa2, 0xfa, 0xc, 0xd0, 0x9f, 0x39, 0xf5,
    0x4f, 0xa2, 0xf9, 0xc, 0xd0, 0x9f, 0x39, 0xf5,
    0x4f, 0xa2, 0xff, 0xff, 0xff, 0xff, 0x39, 0xf5,
    0x4f, 0xa2, 0xfd, 0x9e, 0xe9, 0xdf, 0x39, 0xf5,
    0x4f, 0xa2, 0xf9, 0xc, 0xd0, 0x9f, 0x39, 0xf5,
    0x4f, 0xa2, 0xfc, 0x8e, 0xe8, 0xcf, 0x39, 0xf5,
    0x4f, 0xa2, 0xff, 0xff, 0xff, 0xff, 0x39, 0xf5,
    0x4f, 0xa0, 0x11, 0x11, 0x11, 0x11, 0x9, 0xf5,
    0x4f, 0xb3, 0x33, 0x33, 0x33, 0x33, 0x3a, 0xf5,
    0x4f, 0xff, 0xff, 0xff, 0xff, 0xff, 0xff, 0xf5,
    0x3a, 0xaa, 0xaa, 0xaa, 0xaa, 0xaa, 0xad, 0xf5,

    /* U+754C "界" */
    0x0, 0xcf, 0xff, 0xff, 0xff, 0xff, 0xff, 0xf9,
    0x0, 0x0, 0xcf, 0xcb, 0xbb, 0xff, 0xbb, 0xbd,
    0xf9, 0x0, 0x0, 0xcf, 0x40, 0x1, 0xff, 0x0,
    0x6, 0xf9, 0x0, 0x0, 0xcf, 0xa8, 0x89, 0xff,
    0x88, 0x8b, 0xf9, 0x0, 0x0, 0xcf, 0xff, 0xff,
    0xff, 0xff, 0xff, 0xf9, 0x0, 0x0, 0xcf, 0x40,
    0x1, 0xff, 0x0, 0x6, 0xf9, 0x0, 0x0, 0xcf,
    0xcb, 0xbb, 0xff, 0xbb, 0xbd, 0xf9, 0x0, 0x0,
    0xcf, 0xff, 0xff, 0xff, 0xff, 0xff, 0xf9, 0x0,
    0x0, 0x0, 0x4, 0xef, 0xde, 0xfc, 0x20, 0x0,
    0x0, 0x0, 0x4, 0xcf, 0xf9, 0x1, 0xaf, 0xfa,
    0x40, 0x0, 0x29, 0xef, 0xff, 0xa0, 0x0, 0xb,
    0xff, 0xfe, 0xa0, 0x1f, 0xfb, 0x3f, 0xf0, 0x0,
    0x1f, 0xe4, 0xaf, 0xb0, 0x4, 0x20, 0x2f, 0xe0,
    0x0, 0x1f, 0xe0, 0x1, 0x20, 0x0, 0x0, 0xcf,
    0x80, 0x0, 0x1f, 0xe0, 0x0, 0x0, 0x0, 0x5e,
    0xfd, 0x0, 0x0, 0x1f, 0xe0, 0x0, 0x0, 0x0,
    0x2f, 0xb1, 0x0, 0x0, 0x1f, 0xe0, 0x0, 0x0,
    0x0, 0x1, 0x0, 0x0, 0x0, 0x0, 0x0, 0x0,
    0x0,

    /* U+7559 "留" */
    0x0, 0x1, 0x47, 0xb2, 0x0, 0x0, 0x0, 0x0,
    0xc, 0xef, 0xff, 0xf8, 0xff, 0xff, 0xff, 0xf4,
    0xf, 0xfd, 0xa7, 0x30, 0x9f, 0xe9, 0x9d, 0xf3,
    0xf, 0xe0, 0x1e, 0x80, 0xf, 0xc0, 0xa, 0xf2,
    0xf, 0xe0, 0xd, 0xf1, 0x2f, 0xa0, 0xc, 0xf1,
    0xf, 0xe6, 0xdf, 0xf9, 0x7f, 0x70, 0xe, 0xf0,
    0x3f, 0xff, 0xfd, 0xba, 0xff, 0x6d, 0xef, 0xd0,
    0x2f, 0xfb, 0x40, 0xc, 0xf7, 0x3f, 0xfe, 0x50,
    0x7, 0x30, 0x0, 0x2, 0x70, 0x0, 0x0, 0x0,
    0x8, 0xff, 0xff, 0xff, 0xff, 0xff, 0xff, 0x80,
    0x8, 0xfc, 0x99, 0x9f, 0xf9, 0x99, 0xcf, 0x80,
    0x8, 0xf8, 0x0, 0xf, 0xf0, 0x0, 0x8f, 0x80,
    0x8, 0xff, 0xff, 0xff, 0xff, 0xff, 0xff, 0x80,
    0x8, 0xfc, 0x88, 0x8f, 0xf8, 0x88, 0xcf, 0x80,
    0x8, 0xf8, 0x0, 0xf, 0xf0, 0x0, 0x8f, 0x80,
    0x8, 0xff, 0xff, 0xff, 0xff, 0xff, 0xff, 0x80,
    0x8, 0xfc, 0x99, 0x99, 0x99, 0x99, 0xcf, 0x80,

    /* U+7565 "略" */
    0x0, 0x0, 0x0, 0x0, 0x2, 0x20, 0x0, 0x0,
    0x0, 0x0, 0x0, 0x0, 0x0, 0xcf, 0x30, 0x0,
    0x0, 0x7f, 0xff, 0xff, 0xe0, 0x4f, 0xfd, 0xdd,
    0xd6, 0x7, 0xfb, 0xfd, 0xee, 0xd, 0xfe, 0xee,
    0xff, 0x70, 0x7f, 0xf, 0x69, 0xe8, 0xff, 0x30,
    0x1e, 0xf1, 0x7, 0xf0, 0xf6, 0x9f, 0xfd, 0xfd,
    0x2d, 0xf6, 0x0, 0x7f, 0xf, 0x69, 0xe5, 0x25,
    0xff, 0xf9, 0x0, 0x7, 0xf5, 0xf9, 0xbe, 0x1,
    0x9f, 0xff, 0x92, 0x0, 0x7f, 0xff, 0xff, 0xf9,
    0xff, 0xd7, 0xdf, 0xfd, 0x17, 0xf7, 0xfa, 0xce,
    0xed, 0x70, 0x0, 0x5b, 0xe0, 0x7f, 0xf, 0x69,
    0xe2, 0xbc, 0xcc, 0xcc, 0xc0, 0x7, 0xf0, 0xf6,
    0x9e, 0xe, 0xff, 0xff, 0xff, 0x0, 0x7f, 0xf,
    0x69, 0xe0, 0xed, 0x0, 0xb, 0xf0, 0x7, 0xf5,
    0xf9, 0xbe, 0xe, 0xd0, 0x0, 0xbf, 0x0, 0x7f,
    0xff, 0xff, 0xe0, 0xee, 0x44, 0x4c, 0xf0, 0x7,
    0xf9, 0x99, 0x98, 0xe, 0xff, 0xff, 0xff, 0x0,
    0x5b, 0x0, 0x0, 0x0, 0xee, 0x88, 0x8d, 0xf0,
    0x0,

    /* U+7597 "疗" */
    0x0, 0x0, 0x0, 0x0, 0x5, 0x75, 0x0, 0x0,
    0x0, 0x0, 0x0, 0x0, 0x0, 0x8, 0xfe, 0x0,
    0x0, 0x0, 0x0, 0x2, 0xff, 0xff, 0xff, 0xff,
    0xff, 0xff, 0xf4, 0x8, 0x92, 0xff, 0xff, 0xff,
    0xff, 0xff, 0xff, 0xf4, 0xa, 0xe2, 0xfc, 0x0,
    0x0, 0x0, 0x0, 0x0, 0x0, 0x6, 0xf5, 0xfc,
    0x0, 0x0, 0x0, 0x0, 0x0, 0x0, 0x3, 0xf9,
    0xfc, 0x6f, 0xff, 0xff, 0xff, 0xff, 0x90, 0x0,
    0xe9, 0xfc, 0x5d, 0xdd, 0xdd, 0xdf, 0xff, 0x80,
    0x0, 0x5, 0xfc, 0x0, 0x0, 0x0, 0x7f, 0xf9,
    0x0, 0x4, 0xcf, 0xfb, 0x0, 0x0, 0x1c, 0xfe,
    0x40, 0x0, 0xd, 0xff, 0xfa, 0x0, 0x0, 0x2f,
    0xf1, 0x0, 0x0, 0x8, 0x87, 0xf9, 0x0, 0x0,
    0x2f, 0xe0, 0x0, 0x0, 0x0, 0xa, 0xf6, 0x0,
    0x0, 0x2f, 0xe0, 0x0, 0x0, 0x0, 0xf, 0xf2,
    0x0, 0x0, 0x2f, 0xe0, 0x0, 0x0, 0x0, 0x7f,
    0xc0, 0x0, 0x0, 0x4f, 0xe0, 0x0, 0x0, 0x1,
    0xef, 0x50, 0x2, 0xff, 0xff, 0xd0, 0x0, 0x0,
    0x3, 0xdc, 0x0, 0x0, 0xff, 0xfe, 0x50, 0x0,
    0x0, 0x0, 0x1, 0x0, 0x0, 0x0, 0x0, 0x0,
    0x0, 0x0,

    /* U+7684 "的" */
    0x0, 0x5, 0x62, 0x0, 0x0, 0x96, 0x0, 0x0,
    0x0, 0x0, 0xdf, 0x80, 0x0, 0x3f, 0xf0, 0x0,
    0x0, 0x0, 0x1f, 0xf4, 0x0, 0x8, 0xfa, 0x0,
    0x0, 0x2, 0xdd, 0xff, 0xdd, 0xa0, 0xef, 0xfe,
    0xee, 0xe0, 0x2f, 0xff, 0xff, 0xfc, 0x5f, 0xff,
    0xff, 0xff, 0x2, 0xfd, 0x11, 0x4f, 0xdd, 0xf7,
    0x22, 0x2f, 0xf0, 0x2f, 0xd0, 0x3, 0xff, 0xfe,
    0x0, 0x0, 0xfe, 0x2, 0xfd, 0x0, 0x3f, 0xc2,
    0x61, 0x0, 0x1f, 0xe0, 0x2f, 0xd2, 0x25, 0xfc,
    0xa, 0xe1, 0x1, 0xfd, 0x2, 0xff, 0xff, 0xff,
    0xc0, 0xcf, 0xa0, 0x2f, 0xd0, 0x2f, 0xfe, 0xee,
    0xfc, 0x2, 0xff, 0x63, 0xfc, 0x2, 0xfd, 0x0,
    0x3f, 0xc0, 0x6, 0xfb, 0x3f, 0xc0, 0x2f, 0xd0,
    0x3, 0xfc, 0x0, 0x4, 0x4, 0xfb, 0x2, 0xfd,
    0x0, 0x3f, 0xc0, 0x0, 0x0, 0x4f, 0xb0, 0x2f,
    0xff, 0xff, 0xfc, 0x0, 0x1, 0x19, 0xfa, 0x2,
    0xff, 0xff, 0xff, 0xc0, 0xd, 0xff, 0xff, 0x70,
    0x2f, 0xd1, 0x11, 0x10, 0x0, 0xaf, 0xff, 0xb1,
    0x0,

    /* U+76D6 "盖" */
    0x0, 0x2, 0x76, 0x0, 0x0, 0x69, 0x30, 0x0,
    0x0, 0x0, 0x4f, 0xf3, 0x0, 0x2f, 0xf4, 0x0,
    0x0, 0x4a, 0xaa, 0xff, 0xea, 0xad, 0xff, 0xaa,
    0xa5, 0x6, 0xff, 0xff, 0xff, 0xff, 0xff, 0xff,
    0xff, 0x80, 0x0, 0x0, 0x0, 0xf, 0xf2, 0x0,
    0x0, 0x0, 0x0, 0x4a, 0xaa, 0xaa, 0xff, 0xba,
    0xaa, 0xa6, 0x0, 0x6, 0xff, 0xff, 0xff, 0xff,
    0xff, 0xff, 0x90, 0x0, 0x0, 0x0, 0x0, 0xff,
    0x20, 0x0, 0x0, 0x0, 0xbf, 0xff, 0xff, 0xff,
    0xff, 0xff, 0xff, 0xfe, 0x8, 0xbb, 0xbb, 0xbb,
    0xbb, 0xbb, 0xbb, 0xbb, 0xa0, 0x0, 0x0, 0x0,
    0x0, 0x0, 0x0, 0x0, 0x0, 0x0, 0x7f, 0xff,
    0xff, 0xff, 0xff, 0xff, 0xf9, 0x0, 0x7, 0xfe,
    0xad, 0xfb, 0xaf, 0xea, 0xdf, 0x90, 0x0, 0x7f,
    0xa0, 0x8f, 0x31, 0xfb, 0x8, 0xf9, 0x0, 0x7,
    0xfa, 0x8, 0xf3, 0x1f, 0xb0, 0x8f, 0x90, 0xc,
    0xef, 0xec, 0xef, 0xdc, 0xfe, 0xce, 0xfe, 0xc1,
    0xff, 0xff, 0xff, 0xff, 0xff, 0xff, 0xff, 0xff,
    0x20,

    /* U+76EE "目" */
    0x2f, 0xff, 0xff, 0xff, 0xff, 0xff, 0xf2, 0x2f,
    0xff, 0xff, 0xff, 0xff, 0xff, 0xf2, 0x2f, 0xe0,
    0x0, 0x0, 0x0, 0xe, 0xf2, 0x2f, 0xe0, 0x0,
    0x0, 0x0, 0xe, 0xf2, 0x2f, 0xe0, 0x0, 0x0,
    0x0, 0xe, 0xf2, 0x2f, 0xff, 0xff, 0xff, 0xff,
    0xff, 0xf2, 0x2f, 0xfe, 0xee, 0xee, 0xee, 0xef,
    0xf2, 0x2f, 0xe0, 0x0, 0x0, 0x0, 0xe, 0xf2,
    0x2f, 0xe0, 0x0, 0x0, 0x0, 0xe, 0xf2, 0x2f,
    0xff, 0xff, 0xff, 0xff, 0xff, 0xf2, 0x2f, 0xfe,
    0xee, 0xee, 0xee, 0xef, 0xf2, 0x2f, 0xe0, 0x0,
    0x0, 0x0, 0xe, 0xf2, 0x2f, 0xe0, 0x0, 0x0,
    0x0, 0xe, 0xf2, 0x2f, 0xff, 0xff, 0xff, 0xff,
    0xff, 0xf2, 0x2f, 0xff, 0xff, 0xff, 0xff, 0xff,
    0xf2, 0x2f, 0xe0, 0x0, 0x0, 0x0, 0xe, 0xf2,
    0x0, 0x0, 0x0, 0x0, 0x0, 0x0, 0x0,

    /* U+76F4 "直" */
    0x0, 0x0, 0x0, 0x1, 0xff, 0x0, 0x0, 0x0,
    0x0, 0x9, 0xff, 0xff, 0xff, 0xff, 0xff, 0xff,
    0xff, 0xa0, 0x5, 0xaa, 0xaa, 0xaa, 0xff, 0xaa,
    0xaa, 0xaa, 0x60, 0x0, 0x0, 0x0, 0x1, 0xff,
    0x0, 0x0, 0x0, 0x0, 0x0, 0xf, 0xff, 0xff,
    0xff, 0xff, 0xff, 0xf2, 0x0, 0x0, 0xf, 0xfa,
    0x99, 0x99, 0x99, 0x9f, 0xf2, 0x0, 0x0, 0xf,
    0xf9, 0x88, 0x88, 0x88, 0x8f, 0xf2, 0x0, 0x0,
    0xf, 0xff, 0xff, 0xff, 0xff, 0xff, 0xf2, 0x0,
    0x0, 0xf, 0xf2, 0x0, 0x0, 0x0, 0xf, 0xf2,
    0x0, 0x0, 0xf, 0xff, 0xff, 0xff, 0xff, 0xff,
    0xf2, 0x0, 0x0, 0xf, 0xf8, 0x77, 0x77, 0x77,
    0x7f, 0xf2, 0x0, 0x0, 0xf, 0xf9, 0x99, 0x99,
    0x99, 0x9f, 0xf2, 0x0, 0x0, 0xf, 0xff, 0xff,
    0xff, 0xff, 0xff, 0xf2, 0x0, 0x0, 0xf, 0xf1,
    0x0, 0x0, 0x0, 0xf, 0xf2, 0x0, 0xf, 0xff,
    0xff, 0xff, 0xff, 0xff, 0xff, 0xff, 0xf0, 0xb,
    0xbb, 0xbb, 0xbb, 0xbb, 0xbb, 0xbb, 0xbb, 0xb0,

    /* U+76F8 "相" */
    0x0, 0xd, 0xf1, 0x2, 0xff, 0xff, 0xff, 0xff,
    0x10, 0x0, 0xdf, 0x10, 0x2f, 0xff, 0xff, 0xff,
    0xf1, 0xa, 0xbf, 0xfb, 0xb2, 0xfc, 0x0, 0x0,
    0xdf, 0x10, 0xef, 0xff, 0xff, 0x2f, 0xc0, 0x0,
    0xd, 0xf1, 0xb, 0xdf, 0xfd, 0xd2, 0xfc, 0x0,
    0x0, 0xdf, 0x10, 0x1, 0xff, 0x10, 0x2f, 0xff,
    0xff, 0xff, 0xf1, 0x0, 0x7f, 0xf4, 0x2, 0xff,
    0xdd, 0xdd, 0xff, 0x10, 0xe, 0xff, 0xf7, 0x2f,
    0xc0, 0x0, 0xd, 0xf1, 0x7, 0xff, 0xff, 0xfa,
    0xfc, 0x0, 0x0, 0xdf, 0x10, 0xff, 0xef, 0x4c,
    0x3f, 0xff, 0xff, 0xff, 0xf1, 0xf, 0x8d, 0xf1,
    0x2, 0xff, 0xee, 0xee, 0xff, 0x10, 0xb0, 0xdf,
    0x10, 0x2f, 0xc0, 0x0, 0xd, 0xf1, 0x1, 0xd,
    0xf1, 0x2, 0xfc, 0x0, 0x0, 0xdf, 0x10, 0x0,
    0xdf, 0x10, 0x2f, 0xfe, 0xee, 0xef, 0xf1, 0x0,
    0xd, 0xf1, 0x2, 0xff, 0xff, 0xff, 0xff, 0x10,
    0x0, 0xdf, 0x10, 0x2f, 0xc0, 0x0, 0xd, 0xf1,

    /* U+770B "看" */
    0x0, 0x0, 0x0, 0x0, 0x0, 0x12, 0x45, 0x67,
    0x0, 0x1b, 0xcc, 0xde, 0xef, 0xff, 0xff, 0xff,
    0xf0, 0x0, 0xed, 0xdc, 0xbf, 0xf9, 0x87, 0x65,
    0x42, 0x0, 0x1, 0x22, 0x24, 0xff, 0x22, 0x22,
    0x22, 0x20, 0x0, 0xbf, 0xff, 0xff, 0xff, 0xff,
    0xff, 0xfc, 0x0, 0x4, 0x66, 0x6e, 0xf9, 0x66,
    0x66, 0x66, 0x50, 0x7, 0x88, 0x89, 0xff, 0x98,
    0x88, 0x88, 0x88, 0x80, 0xef, 0xff, 0xff, 0xff,
    0xff, 0xff, 0xff, 0xff, 0x0, 0x0, 0x8f, 0xe3,
    0x22, 0x22, 0x22, 0x20, 0x0, 0x0, 0x6f, 0xff,
    0xff, 0xff, 0xff, 0xff, 0x30, 0x0, 0x8f, 0xfe,
    0x33, 0x33, 0x33, 0x3c, 0xf3, 0x0, 0xcf, 0xff,
    0xff, 0xff, 0xff, 0xff, 0xff, 0x30, 0xd, 0xd4,
    0xfe, 0x44, 0x44, 0x44, 0x4c, 0xf3, 0x0, 0x41,
    0x1f, 0xfe, 0xee, 0xee, 0xee, 0xff, 0x30, 0x0,
    0x1, 0xfe, 0x44, 0x44, 0x44, 0x4c, 0xf3, 0x0,
    0x0, 0x1f, 0xfe, 0xee, 0xee, 0xee, 0xff, 0x30,
    0x0, 0x1, 0xfe, 0x66, 0x66, 0x66, 0x6d, 0xf3,
    0x0, 0x0, 0x0, 0x0, 0x0, 0x0, 0x0, 0x0,
    0x0,

    /* U+771F "真" */
    0x0, 0x0, 0x0, 0x1, 0xff, 0x0, 0x0, 0x0,
    0x0, 0xa, 0xff, 0xff, 0xff, 0xff, 0xff, 0xff,
    0xff, 0xb0, 0x5, 0x88, 0x88, 0x88, 0xff, 0x88,
    0x88, 0x88, 0x50, 0x0, 0x6, 0x66, 0x67, 0xff,
    0x66, 0x66, 0x60, 0x0, 0x0, 0xe, 0xfe, 0xee,
    0xee, 0xee, 0xef, 0xf0, 0x0, 0x0, 0xe, 0xf5,
    0x44, 0x44, 0x44, 0x4f, 0xf0, 0x0, 0x0, 0xe,
    0xfe, 0xee, 0xee, 0xee, 0xef, 0xf0, 0x0, 0x0,
    0xe, 0xf5, 0x33, 0x33, 0x33, 0x4f, 0xf0, 0x0,
    0x0, 0xe, 0xff, 0xff, 0xff, 0xff, 0xff, 0xf0,
    0x0, 0x0, 0xe, 0xf5, 0x44, 0x44, 0x44, 0x5f,
    0xf0, 0x0, 0x0, 0xe, 0xfc, 0xcc, 0xcc, 0xcc,
    0xcf, 0xf0, 0x0, 0x7, 0x7f, 0xf8, 0x77, 0x77,
    0x77, 0x8f, 0xf7, 0x70, 0xf, 0xff, 0xff, 0xff,
    0xff, 0xff, 0xff, 0xff, 0xf0, 0x0, 0x1, 0x7e,
    0xf5, 0x0, 0x6f, 0xc7, 0x20, 0x0, 0x5, 0xbf,
    0xff, 0xa2, 0x0, 0x4a, 0xff, 0xfb, 0x40, 0x8,
    0xfd, 0x81, 0x0, 0x0, 0x0, 0x16, 0xcf, 0x50,
    0x1, 0x40, 0x0, 0x0, 0x0, 0x0, 0x0, 0x2,
    0x0,

    /* U+7720 "眠" */
    0x7c, 0xcc, 0xc7, 0xaf, 0xff, 0xff, 0xff, 0xf0,
    0x9f, 0xff, 0xfa, 0xaf, 0xff, 0xff, 0xff, 0xf0,
    0x9f, 0x43, 0xfa, 0xaf, 0x30, 0x0, 0x8, 0xf0,
    0x9f, 0x21, 0xfa, 0xaf, 0x30, 0x0, 0x8, 0xf0,
    0x9f, 0x32, 0xfa, 0xaf, 0xbb, 0xbb, 0xbd, 0xf0,
    0x9f, 0xff, 0xfa, 0xaf, 0xff, 0xff, 0xff, 0xf0,
    0x9f, 0xcb, 0xfa, 0xaf, 0x75, 0x7f, 0xc5, 0x50,
    0x9f, 0x21, 0xfa, 0xaf, 0x30, 0x1f, 0xb0, 0x0,
    0x9f, 0x43, 0xfa, 0xaf, 0xcb, 0xcf, 0xeb, 0xb6,
    0x9f, 0xff, 0xfa, 0xaf, 0xff, 0xff, 0xff, 0xf9,
    0x9f, 0xbb, 0xfa, 0xaf, 0x52, 0x2d, 0xe2, 0x21,
    0x9f, 0x21, 0xfa, 0xaf, 0x30, 0xa, 0xf1, 0x10,
    0x9f, 0x43, 0xfa, 0xaf, 0x30, 0x27, 0xf4, 0x9c,
    0x9f, 0xff, 0xfa, 0xaf, 0xae, 0xe3, 0xfb, 0xdb,
    0x9f, 0xcb, 0xb7, 0xcf, 0xff, 0xc0, 0xdf, 0xf7,
    0x9f, 0x20, 0x0, 0xac, 0x72, 0x0, 0x3e, 0xc1,
    0x0, 0x0, 0x0, 0x0, 0x0, 0x0, 0x0, 0x0,

    /* U+7728 "眨" */
    0x0, 0x0, 0x0, 0x0, 0x0, 0x0, 0x0, 0x41,
    0x9f, 0xff, 0xfb, 0x0, 0x2, 0x58, 0xcf, 0xf4,
    0x9f, 0xee, 0xfb, 0x5d, 0xff, 0xff, 0xff, 0xf5,
    0x9f, 0x20, 0xfb, 0x6f, 0xfe, 0xca, 0x74, 0x0,
    0x9f, 0x20, 0xfb, 0x12, 0x3, 0xba, 0x0, 0x0,
    0x9f, 0x53, 0xfb, 0x0, 0x2, 0xff, 0x0, 0x0,
    0x9f, 0xff, 0xfb, 0x12, 0x22, 0xef, 0x52, 0x20,
    0x9f, 0xbb, 0xfb, 0x7f, 0xff, 0xff, 0xff, 0xf0,
    0x9f, 0x20, 0xfb, 0x5c, 0xcc, 0xcc, 0xef, 0xf0,
    0x9f, 0x32, 0xfb, 0x0, 0x0, 0x3, 0xef, 0x50,
    0x9f, 0xff, 0xfb, 0x0, 0x0, 0x3f, 0xf6, 0x0,
    0x9f, 0xbb, 0xfb, 0x0, 0x5, 0xff, 0x60, 0x0,
    0x9f, 0x20, 0xfb, 0x4, 0x9f, 0xf4, 0x0, 0x0,
    0x9f, 0x32, 0xfb, 0x5f, 0xfe, 0x30, 0x0, 0x0,
    0x9f, 0xff, 0xfc, 0xef, 0xfc, 0x10, 0x0, 0x0,
    0x9f, 0xbb, 0xbe, 0xf9, 0x9f, 0xff, 0xff, 0xfb,
    0x8d, 0x10, 0x2, 0xc0, 0x9, 0xef, 0xff, 0xf9,
    0x0, 0x0, 0x0, 0x0, 0x0, 0x0, 0x0, 0x0,

    /* U+7736 "眶" */
    0x9d, 0xdd, 0xd1, 0xdf, 0xff, 0xff, 0xff, 0xf9,
    0xaf, 0xff, 0xf2, 0xdf, 0xee, 0xee, 0xee, 0xe8,
    0xaf, 0x1a, 0xf2, 0xdf, 0x10, 0x0, 0x0, 0x0,
    0xaf, 0x1a, 0xf2, 0xdf, 0x28, 0x88, 0x88, 0x82,
    0xaf, 0x1a, 0xf2, 0xdf, 0x3f, 0xff, 0xff, 0xf4,
    0xaf, 0xff, 0xf2, 0xdf, 0x29, 0x9e, 0xf9, 0x92,
    0xaf, 0xde, 0xf2, 0xdf, 0x10, 0xd, 0xf0, 0x0,
    0xaf, 0x1a, 0xf2, 0xdf, 0x19, 0xaf, 0xfa, 0xa0,
    0xaf, 0x1a, 0xf2, 0xdf, 0x1d, 0xff, 0xff, 0xf0,
    0xaf, 0xff, 0xf2, 0xdf, 0x11, 0x1d, 0xf1, 0x10,
    0xaf, 0xce, 0xf2, 0xdf, 0x10, 0xd, 0xf0, 0x0,
    0xaf, 0x1a, 0xf2, 0xdf, 0x5f, 0xff, 0xff, 0xf6,
    0xaf, 0x1a, 0xf2, 0xdf, 0x4c, 0xcc, 0xcc, 0xc4,
    0xaf, 0xff, 0xf2, 0xdf, 0x10, 0x0, 0x0, 0x0,
    0xaf, 0xee, 0xe1, 0xdf, 0xee, 0xee, 0xee, 0xe9,
    0xaf, 0x10, 0x0, 0xdf, 0xff, 0xff, 0xff, 0xfa,
    0x12, 0x0, 0x0, 0x0, 0x0, 0x0, 0x0, 0x0,

    /* U+773C "眼" */
    0x8f, 0xff, 0xf7, 0x1f, 0xff, 0xff, 0xff, 0xd0,
    0x9f, 0xdd, 0xf8, 0x1f, 0xfc, 0xcc, 0xcf, 0xd0,
    0x9f, 0x11, 0xf8, 0x1f, 0xd0, 0x0, 0xf, 0xd0,
    0x9f, 0x11, 0xf8, 0x1f, 0xe6, 0x66, 0x7f, 0xd0,
    0x9f, 0xa9, 0xf8, 0x1f, 0xff, 0xff, 0xff, 0xd0,
    0x9f, 0xff, 0xf8, 0x1f, 0xe6, 0x66, 0x6f, 0xd0,
    0x9f, 0x32, 0xf8, 0x1f, 0xd0, 0x0, 0xf, 0xd0,
    0x9f, 0x11, 0xf8, 0x1f, 0xfe, 0xee, 0xef, 0xd0,
    0x9f, 0x32, 0xf8, 0x1f, 0xff, 0xff, 0xff, 0xd0,
    0x9f, 0xff, 0xf8, 0x1f, 0xd6, 0xf9, 0x33, 0x90,
    0x9f, 0xaa, 0xf8, 0x1f, 0xd0, 0xed, 0x2c, 0xf6,
    0x9f, 0x11, 0xf8, 0x1f, 0xd0, 0x8f, 0xff, 0x90,
    0x9f, 0x11, 0xf8, 0x1f, 0xd0, 0x1e, 0xf8, 0x0,
    0x9f, 0xff, 0xf8, 0x1f, 0xd7, 0xe7, 0xff, 0x70,
    0x9f, 0xbb, 0xb5, 0x5f, 0xff, 0xf3, 0x5f, 0xfc,
    0x9f, 0x10, 0x0, 0x5f, 0xe7, 0x10, 0x2, 0xc3,
    0x0, 0x0, 0x0, 0x5, 0x0, 0x0, 0x0, 0x0,

    /* U+7741 "睁" */
    0x0, 0x0, 0x0, 0x2, 0xeb, 0x0, 0x0, 0x0,
    0x9f, 0xff, 0xf1, 0xa, 0xff, 0xee, 0xea, 0x0,
    0x9f, 0xde, 0xf1, 0x5f, 0xed, 0xde, 0xfb, 0x0,
    0x9f, 0x18, 0xf5, 0xff, 0x20, 0xd, 0xf4, 0x0,
    0x9f, 0x18, 0xfe, 0xfa, 0x22, 0x7f, 0xc2, 0x20,
    0x9f, 0x18, 0xf4, 0xff, 0xff, 0xff, 0xff, 0xf0,
    0x9f, 0xff, 0xf1, 0x8d, 0xdf, 0xfd, 0xdf, 0xf0,
    0x9f, 0xbd, 0xf1, 0x0, 0xd, 0xf0, 0xd, 0xf0,
    0x9f, 0x18, 0xf5, 0xaa, 0xaf, 0xfa, 0xae, 0xfa,
    0x9f, 0x28, 0xf8, 0xff, 0xff, 0xff, 0xff, 0xff,
    0x9f, 0xff, 0xf1, 0x11, 0x1d, 0xf2, 0x1d, 0xf1,
    0x9f, 0xbd, 0xf1, 0x56, 0x6e, 0xf6, 0x6e, 0xf0,
    0x9f, 0x18, 0xf1, 0xef, 0xff, 0xff, 0xff, 0xf0,
    0x9f, 0x18, 0xf1, 0x45, 0x5e, 0xf5, 0x55, 0x40,
    0x9f, 0xff, 0xf1, 0x0, 0xd, 0xf0, 0x0, 0x0,
    0x9f, 0xbb, 0xb0, 0x5d, 0xef, 0xf0, 0x0, 0x0,
    0x8e, 0x10, 0x0, 0x4f, 0xff, 0x80, 0x0, 0x0,

    /* U+7751 "睑" */
    0xaf, 0xff, 0xfa, 0x0, 0x3, 0xfc, 0x0, 0x0,
    0xa, 0xfe, 0xef, 0xa0, 0x0, 0xdb, 0xf6, 0x0,
    0x0, 0xaf, 0x21, 0xfa, 0x0, 0xaf, 0x18, 0xf3,
    0x0, 0xa, 0xf2, 0x1f, 0xa0, 0x9f, 0x80, 0xe,
    0xf4, 0x0, 0xaf, 0x76, 0xfb, 0xcf, 0xc0, 0x0,
    0x4f, 0xf7, 0xa, 0xff, 0xff, 0xcf, 0xfe, 0xdd,
    0xdd, 0xff, 0xe0, 0xaf, 0x98, 0xfa, 0x57, 0xff,
    0xff, 0xfe, 0x55, 0xa, 0xf2, 0x1f, 0xa0, 0x10,
    0x26, 0x0, 0x30, 0x0, 0xaf, 0x22, 0xfa, 0x7f,
    0x1a, 0xf1, 0xe, 0xe0, 0xa, 0xff, 0xff, 0xa5,
    0xf5, 0x6f, 0x53, 0xfa, 0x0, 0xaf, 0xcc, 0xfa,
    0x1f, 0xa2, 0xf9, 0x8f, 0x50, 0xa, 0xf2, 0x1f,
    0xa0, 0xce, 0xe, 0xcd, 0xf0, 0x0, 0xaf, 0x22,
    0xfa, 0x8, 0xf2, 0x78, 0xfb, 0x0, 0xa, 0xff,
    0xff, 0xa1, 0x33, 0x22, 0x8f, 0x72, 0x10, 0xaf,
    0xdd, 0xd8, 0xef, 0xff, 0xff, 0xff, 0xfb, 0xa,
    0xf2, 0x0, 0xa, 0xcc, 0xcc, 0xcc, 0xcc, 0x80,

    /* U+775B "睛" */
    0xaf, 0xff, 0xf1, 0xaa, 0xab, 0xfe, 0xaa, 0xa5,
    0xaf, 0xde, 0xf1, 0xcc, 0xcc, 0xfe, 0xcc, 0xc6,
    0xaf, 0x19, 0xf1, 0x23, 0x36, 0xfb, 0x33, 0x30,
    0xaf, 0x19, 0xf1, 0xaf, 0xff, 0xff, 0xff, 0xf2,
    0xaf, 0x4a, 0xf1, 0x36, 0x68, 0xfc, 0x66, 0x60,
    0xaf, 0xff, 0xf3, 0x77, 0x79, 0xfd, 0x77, 0x76,
    0xaf, 0xbd, 0xf6, 0xff, 0xff, 0xff, 0xff, 0xfe,
    0xaf, 0x19, 0xf1, 0x1, 0x11, 0x11, 0x11, 0x10,
    0xaf, 0x4a, 0xf1, 0x7f, 0xff, 0xff, 0xff, 0xf0,
    0xaf, 0xff, 0xf1, 0x7f, 0x84, 0x44, 0x4e, 0xf0,
    0xaf, 0x9d, 0xf1, 0x7f, 0xff, 0xff, 0xff, 0xf0,
    0xaf, 0x19, 0xf1, 0x7f, 0x96, 0x66, 0x6e, 0xf0,
    0xaf, 0x19, 0xf1, 0x7f, 0xdc, 0xcc, 0xcf, 0xf0,
    0xaf, 0xff, 0xf1, 0x7f, 0xdc, 0xcc, 0xcf, 0xf0,
    0xaf, 0xcc, 0xc0, 0x7f, 0x50, 0x37, 0x8f, 0xf0,
    0xaf, 0x10, 0x0, 0x7f, 0x50, 0x3f, 0xff, 0x80,
    0x0, 0x0, 0x0, 0x1, 0x0, 0x0, 0x0, 0x0,

    /* U+7761 "睡" */
    0x25, 0x55, 0x50, 0x22, 0x45, 0x67, 0x9b, 0xc0,
    0x8f, 0xff, 0xf1, 0xff, 0xff, 0xff, 0xff, 0xf1,
    0x8f, 0x9c, 0xf0, 0x98, 0x87, 0xfc, 0x31, 0x0,
    0x8f, 0x18, 0xf0, 0x0, 0x1, 0xfb, 0x0, 0x0,
    0x8f, 0x28, 0xf6, 0xff, 0xff, 0xff, 0xff, 0xfb,
    0x8f, 0xff, 0xf4, 0xdf, 0xaa, 0xfe, 0x9f, 0xd6,
    0x8f, 0x9c, 0xf0, 0x8f, 0x11, 0xfb, 0xf, 0x90,
    0x8f, 0x18, 0xf8, 0xdf, 0xbb, 0xfe, 0xbf, 0xeb,
    0x8f, 0x6a, 0xfb, 0xff, 0xff, 0xff, 0xff, 0xfe,
    0x8f, 0xff, 0xf0, 0x8f, 0x11, 0xfb, 0xf, 0x90,
    0x8f, 0x8b, 0xf0, 0x9f, 0x11, 0xfb, 0xf, 0xa0,
    0x8f, 0x18, 0xf8, 0xff, 0xff, 0xff, 0xff, 0xfb,
    0x8f, 0x5a, 0xf4, 0x99, 0x9a, 0xfd, 0x99, 0x96,
    0x8f, 0xff, 0xf0, 0x0, 0x1, 0xfb, 0x0, 0x0,
    0x8f, 0x87, 0x73, 0xff, 0xff, 0xff, 0xff, 0xf4,
    0x7d, 0x10, 0x2, 0xaa, 0xaa, 0xaa, 0xaa, 0xa3,

    /* U+77AC "瞬" */
    0x0, 0x0, 0x0, 0x0, 0x1, 0x23, 0x56, 0x82,
    0x8f, 0xff, 0xf4, 0xef, 0xff, 0xff, 0xff, 0xf6,
    0x8f, 0xdf, 0xf2, 0xbd, 0xa9, 0xe7, 0x59, 0x80,
    0x8f, 0x19, 0xf0, 0x9f, 0x7, 0xf5, 0xd, 0xe0,
    0x8f, 0x19, 0xf0, 0x7f, 0x62, 0xfa, 0x3f, 0xa0,
    0x8f, 0x19, 0xf0, 0x3f, 0x71, 0xd8, 0x8f, 0x61,
    0x8f, 0xff, 0xf7, 0xff, 0xff, 0xff, 0xff, 0xfb,
    0x8f, 0x6c, 0xf7, 0xf9, 0x22, 0x22, 0x47, 0xfb,
    0x8f, 0x19, 0xf4, 0xcf, 0x40, 0x0, 0x7f, 0xb7,
    0x8f, 0x1a, 0xf0, 0x9f, 0xee, 0x7c, 0xef, 0xd9,
    0x8f, 0xff, 0xf1, 0xfa, 0x8f, 0x6a, 0xdf, 0xb7,
    0x8f, 0xce, 0xf9, 0xf5, 0x8f, 0x69, 0x7f, 0x30,
    0x8f, 0x19, 0xff, 0xff, 0xeb, 0xa9, 0x8f, 0x41,
    0x8f, 0x19, 0xf3, 0x2d, 0xf3, 0xdf, 0xff, 0xff,
    0x8f, 0xff, 0xf0, 0x5f, 0xa0, 0x56, 0xaf, 0x86,
    0x8f, 0xee, 0xd5, 0xfc, 0x0, 0x0, 0x7f, 0x30,
    0x8f, 0x10, 0xa, 0xc1, 0x0, 0x0, 0x7f, 0x30,
    0x0, 0x0, 0x0, 0x0, 0x0, 0x0, 0x0, 0x0,

    /* U+77B3 "瞳" */
    0x0, 0x0, 0x0, 0x0, 0x0, 0x10, 0x0, 0x0,
    0x0, 0x0, 0x0, 0x0, 0xb, 0xf5, 0x0, 0x0,
    0xaf, 0xff, 0xf0, 0x0, 0x9, 0xf8, 0x0, 0x0,
    0xaf, 0xef, 0xf2, 0xff, 0xff, 0xff, 0xff, 0xf2,
    0xaf, 0x19, 0xf1, 0x8e, 0xf9, 0x89, 0xfe, 0x81,
    0xaf, 0x19, 0xf2, 0x4c, 0xf7, 0x47, 0xfb, 0x43,
    0xaf, 0x5b, 0xf8, 0xff, 0xff, 0xff, 0xff, 0xfb,
    0xaf, 0xff, 0xf2, 0x44, 0x44, 0x44, 0x44, 0x42,
    0xaf, 0xad, 0xf0, 0xef, 0xff, 0xff, 0xff, 0xe0,
    0xaf, 0x19, 0xf0, 0xfd, 0x59, 0xf9, 0x5d, 0xf0,
    0xaf, 0x5b, 0xf0, 0xff, 0xee, 0xfe, 0xef, 0xf0,
    0xaf, 0xff, 0xf0, 0xfd, 0x48, 0xf9, 0x4c, 0xf0,
    0xaf, 0x9d, 0xf0, 0xff, 0xff, 0xff, 0xff, 0xf0,
    0xaf, 0x19, 0xf0, 0x44, 0x48, 0xf9, 0x44, 0x40,
    0xaf, 0x5b, 0xf0, 0xee, 0xef, 0xff, 0xee, 0xe0,
    0xaf, 0xff, 0xf0, 0x55, 0x59, 0xf9, 0x55, 0x50,
    0xaf, 0x87, 0x7a, 0xee, 0xee, 0xfe, 0xee, 0xe9,
    0x36, 0x0, 0x6, 0x88, 0x88, 0x88, 0x88, 0x85,

    /* U+77E2 "矢" */
    0x0, 0x2, 0x10, 0x0, 0x0, 0x0, 0x0, 0x0,
    0x0, 0x0, 0xcf, 0x60, 0x0, 0x0, 0x0, 0x0,
    0x0, 0x0, 0x3f, 0xf3, 0x11, 0x11, 0x11, 0x11,
    0x10, 0x0, 0x9, 0xff, 0xff, 0xff, 0xff, 0xff,
    0xfe, 0x0, 0x2, 0xff, 0xff, 0xff, 0xff, 0xff,
    0xff, 0xd0, 0x0, 0xaf, 0xc0, 0x0, 0xcf, 0x50,
    0x0, 0x0, 0x0, 0x2f, 0xf3, 0x0, 0xc, 0xf4,
    0x0, 0x0, 0x0, 0x0, 0x16, 0x0, 0x0, 0xdf,
    0x40, 0x0, 0x0, 0x0, 0xcf, 0xff, 0xff, 0xff,
    0xff, 0xff, 0xff, 0xfe, 0xc, 0xff, 0xff, 0xff,
    0xff, 0xff, 0xff, 0xff, 0xe0, 0x1, 0x11, 0x11,
    0x5f, 0xfb, 0x11, 0x11, 0x11, 0x0, 0x0, 0x0,
    0xd, 0xff, 0xf3, 0x0, 0x0, 0x0, 0x0, 0x0,
    0xb, 0xfe, 0x9f, 0xe3, 0x0, 0x0, 0x0, 0x0,
    0x3d, 0xff, 0x40, 0xcf, 0xf6, 0x0, 0x0, 0x4,
    0xbf, 0xfe, 0x40, 0x0, 0xbf, 0xfe, 0x83, 0xa,
    0xff, 0xfb, 0x20, 0x0, 0x0, 0x7f, 0xff, 0xc0,
    0x3f, 0xc4, 0x0, 0x0, 0x0, 0x0, 0x19, 0xf4,
    0x0, 0x10, 0x0, 0x0, 0x0, 0x0, 0x0, 0x0,
    0x0,

    /* U+77E5 "知" */
    0x0, 0x0, 0x0, 0x0, 0x0, 0x0, 0x0, 0x0,
    0x0, 0x5, 0xf8, 0x0, 0x0, 0x0, 0x0, 0x0,
    0x0, 0x0, 0xaf, 0x60, 0x0, 0x7, 0xcc, 0xcc,
    0xcc, 0x10, 0xe, 0xff, 0xff, 0xf7, 0x9f, 0xff,
    0xff, 0xf1, 0x6, 0xff, 0xff, 0xee, 0x69, 0xf8,
    0x44, 0xff, 0x10, 0xdf, 0x3a, 0xf5, 0x0, 0x9f,
    0x60, 0xe, 0xf1, 0x9, 0xc0, 0xaf, 0x50, 0x9,
    0xf6, 0x0, 0xef, 0x10, 0x1, 0xa, 0xf5, 0x0,
    0x9f, 0x60, 0xe, 0xf1, 0xf, 0xff, 0xff, 0xff,
    0xc9, 0xf6, 0x0, 0xef, 0x10, 0xee, 0xef, 0xfe,
    0xeb, 0x9f, 0x60, 0xe, 0xf1, 0x0, 0x0, 0xef,
    0x10, 0x9, 0xf6, 0x0, 0xef, 0x10, 0x0, 0x2f,
    0xf5, 0x0, 0x9f, 0x60, 0xe, 0xf1, 0x0, 0x9,
    0xff, 0xf4, 0x9, 0xf6, 0x0, 0xef, 0x10, 0x3,
    0xff, 0x7f, 0xf3, 0x9f, 0xfe, 0xef, 0xf1, 0x1,
    0xdf, 0x70, 0x9f, 0xb9, 0xff, 0xff, 0xff, 0x10,
    0xcf, 0xd0, 0x0, 0xa1, 0x9f, 0x60, 0xe, 0xf1,
    0xa, 0xf2, 0x0, 0x0, 0x9, 0xf6, 0x0, 0xef,
    0x10, 0x3, 0x0, 0x0, 0x0, 0x0, 0x0, 0x0,
    0x0,

    /* U+786E "确" */
    0x0, 0x0, 0x0, 0x0, 0x2, 0x30, 0x0, 0x0,
    0x0, 0x11, 0x11, 0x11, 0x0, 0xbf, 0x70, 0x0,
    0x0, 0xb, 0xff, 0xff, 0xf1, 0x5f, 0xff, 0xff,
    0xf5, 0x0, 0x7b, 0xff, 0xbb, 0x3e, 0xfa, 0xaa,
    0xff, 0x40, 0x0, 0x2f, 0xa0, 0x1d, 0xf8, 0x0,
    0xaf, 0x90, 0x0, 0x7, 0xf5, 0x9, 0xff, 0xff,
    0xff, 0xff, 0xfa, 0x0, 0xcf, 0x54, 0x3c, 0xfd,
    0xcf, 0xfc, 0xcf, 0xa0, 0x3f, 0xff, 0xf7, 0x6f,
    0x50, 0xce, 0x1, 0xfa, 0xb, 0xfd, 0x7f, 0x76,
    0xfc, 0xae, 0xfa, 0xaf, 0xa2, 0xff, 0xc0, 0xf7,
    0x6f, 0xff, 0xff, 0xff, 0xfa, 0xe, 0xec, 0xf,
    0x76, 0xf5, 0xc, 0xe0, 0x1f, 0xa0, 0x3d, 0xc0,
    0xf7, 0x6f, 0x84, 0xdf, 0x45, 0xfa, 0x0, 0xdc,
    0xf, 0x77, 0xff, 0xff, 0xff, 0xff, 0xa0, 0xd,
    0xc2, 0xf7, 0xaf, 0x98, 0xef, 0x89, 0xfa, 0x0,
    0xdf, 0xff, 0x7d, 0xf0, 0xc, 0xe0, 0x1f, 0xa0,
    0xd, 0xea, 0xa9, 0xfb, 0x0, 0xce, 0x8d, 0xf9,
    0x0, 0xa9, 0x0, 0x6f, 0x30, 0xc, 0xe7, 0xfe,
    0x30, 0x0, 0x0, 0x0, 0x0, 0x0, 0x0, 0x0,
    0x0,

    /* U+788E "碎" */
    0x0, 0x0, 0x0, 0x0, 0x0, 0x16, 0x60, 0x0,
    0x0, 0x34, 0x44, 0x44, 0x0, 0x3, 0xff, 0x0,
    0x0, 0xe, 0xff, 0xff, 0xf7, 0xbb, 0xbf, 0xfb,
    0xbb, 0x50, 0x8a, 0xfe, 0x99, 0x9f, 0xff, 0xff,
    0xff, 0xf8, 0x0, 0x5f, 0x90, 0x1, 0x3f, 0xd3,
    0x3c, 0xf3, 0x10, 0xa, 0xf4, 0x0, 0x4, 0xf9,
    0x0, 0xfc, 0x0, 0x0, 0xff, 0x10, 0x0, 0xaf,
    0x70, 0x5f, 0xc0, 0x0, 0x7f, 0xff, 0xfb, 0x2f,
    0xff, 0x2b, 0xff, 0x80, 0x1e, 0xfe, 0xbf, 0xbb,
    0xfb, 0xfd, 0xfb, 0xcf, 0x54, 0xff, 0xb0, 0xed,
    0xeb, 0x5, 0x59, 0x10, 0xa4, 0x1d, 0xfb, 0xe,
    0xb0, 0x0, 0xf, 0xe0, 0x0, 0x0, 0x2f, 0xb0,
    0xeb, 0x9b, 0xbb, 0xff, 0xbb, 0xb9, 0x0, 0xfb,
    0xe, 0xbe, 0xff, 0xff, 0xff, 0xff, 0xd0, 0xf,
    0xd7, 0xfb, 0x34, 0x45, 0xfe, 0x44, 0x43, 0x0,
    0xff, 0xff, 0xb0, 0x0, 0xf, 0xe0, 0x0, 0x0,
    0xf, 0xd8, 0x85, 0x0, 0x0, 0xfe, 0x0, 0x0,
    0x0, 0x75, 0x0, 0x0, 0x0, 0xf, 0xe0, 0x0,
    0x0,

    /* U+78C1 "磁" */
    0x0, 0x0, 0x0, 0x0, 0x0, 0x0, 0x0, 0x0,
    0x0, 0x0, 0x0, 0x0, 0x0, 0x8f, 0x20, 0x7,
    0xe4, 0x0, 0xd, 0xff, 0xff, 0xb0, 0x7f, 0x90,
    0xd, 0xf2, 0x0, 0xa, 0xcf, 0xfc, 0x80, 0x1f,
    0xc0, 0x5f, 0xb0, 0x0, 0x0, 0x1f, 0xc0, 0x3c,
    0xcf, 0xdc, 0xef, 0xec, 0xc0, 0x0, 0x5f, 0x80,
    0x4f, 0xff, 0xff, 0xff, 0xff, 0xf1, 0x0, 0x9f,
    0x50, 0x0, 0xdd, 0x0, 0x2f, 0xa0, 0x0, 0x0,
    0xef, 0x10, 0x3, 0xf7, 0x30, 0x7f, 0x32, 0x0,
    0x5, 0xff, 0xff, 0x5a, 0xf1, 0xe9, 0xec, 0x1f,
    0x70, 0xd, 0xfe, 0xdf, 0x7f, 0x97, 0xf9, 0xf7,
    0x8f, 0x20, 0x1f, 0xfa, 0x2f, 0xaf, 0xff, 0xc8,
    0xff, 0xfb, 0x0, 0xe, 0xfa, 0x2f, 0x69, 0xcf,
    0x52, 0x8b, 0xf4, 0x0, 0x4, 0xea, 0x2f, 0x50,
    0xdd, 0x0, 0xc, 0xe2, 0x0, 0x0, 0xea, 0x2f,
    0x55, 0xfc, 0xe0, 0x4f, 0xed, 0x0, 0x0, 0xea,
    0x2f, 0x5e, 0xd4, 0xf2, 0xbe, 0x5f, 0x20, 0x0,
    0xef, 0xff, 0xcf, 0xb9, 0xfa, 0xfb, 0x9f, 0x70,
    0x0, 0xee, 0xbb, 0x8f, 0xff, 0xfc, 0xff, 0xff,
    0xc0, 0x0, 0xea, 0x0, 0x5, 0x31, 0x9d, 0x64,
    0x38, 0xe0, 0x0, 0x0, 0x0, 0x0, 0x0, 0x21,
    0x0, 0x0, 0x0,

    /* U+793A "示" */
    0x0, 0x6f, 0xff, 0xff, 0xff, 0xff, 0xff, 0xfa,
    0x0, 0x0, 0x6f, 0xff, 0xff, 0xff, 0xff, 0xff,
    0xfa, 0x0, 0x0, 0x1, 0x11, 0x11, 0x11, 0x11,
    0x11, 0x11, 0x0, 0x0, 0x0, 0x0, 0x0, 0x0,
    0x0, 0x0, 0x0, 0x0, 0x0, 0x0, 0x0, 0x0,
    0x0, 0x0, 0x0, 0x0, 0x0, 0xc, 0xee, 0xee,
    0xee, 0xee, 0xee, 0xee, 0xee, 0xe0, 0xd, 0xff,
    0xff, 0xff, 0xff, 0xff, 0xff, 0xff, 0xf0, 0x2,
    0x22, 0x22, 0x22, 0xef, 0x72, 0x22, 0x22, 0x20,
    0x0, 0x0, 0x95, 0x0, 0xef, 0x60, 0x48, 0x0,
    0x0, 0x0, 0x4, 0xff, 0x10, 0xef, 0x61, 0xff,
    0x60, 0x0, 0x0, 0xe, 0xf8, 0x0, 0xef, 0x60,
    0x7f, 0xf2, 0x0, 0x0, 0xaf, 0xe0, 0x0, 0xef,
    0x60, 0xc, 0xfc, 0x0, 0x6, 0xff, 0x40, 0x0,
    0xef, 0x60, 0x2, 0xff, 0x80, 0xe, 0xf9, 0x2,
    0x23, 0xff, 0x50, 0x0, 0x7f, 0xd0, 0x1, 0x90,
    0xd, 0xff, 0xff, 0x40, 0x0, 0x8, 0x10, 0x0,
    0x0, 0xa, 0xff, 0xf9, 0x0, 0x0, 0x0, 0x0,

    /* U+79BB "离" */
    0x0, 0x0, 0x0, 0x3, 0x30, 0x0, 0x0, 0x0,
    0x0, 0x0, 0x0, 0x4f, 0xf0, 0x0, 0x0, 0x0,
    0xab, 0xbb, 0xbb, 0xbf, 0xfc, 0xbb, 0xbb, 0xb6,
    0xef, 0xff, 0xff, 0xff, 0xff, 0xff, 0xff, 0xf8,
    0x4, 0x93, 0xbc, 0x61, 0x28, 0xe4, 0x79, 0x10,
    0x8, 0xf6, 0x29, 0xff, 0xff, 0x60, 0xcf, 0x20,
    0x8, 0xf6, 0xbf, 0xf9, 0xaf, 0xe6, 0xcf, 0x20,
    0x8, 0xf9, 0xca, 0x54, 0x46, 0xc9, 0xdf, 0x20,
    0x8, 0xff, 0xff, 0xff, 0xff, 0xff, 0xff, 0x20,
    0x3, 0x66, 0x66, 0xbf, 0xb6, 0x66, 0x66, 0x0,
    0x3a, 0xaa, 0xaa, 0xef, 0xba, 0xaa, 0xaa, 0x90,
    0x4f, 0xff, 0xff, 0xff, 0xff, 0xff, 0xff, 0xe0,
    0x4f, 0xb0, 0x4f, 0xd1, 0x3e, 0x90, 0x1f, 0xe0,
    0x4f, 0xb0, 0xef, 0xa8, 0x9f, 0xf6, 0x1f, 0xe0,
    0x4f, 0xb0, 0xef, 0xff, 0xed, 0xee, 0x2f, 0xe0,
    0x4f, 0xb0, 0x21, 0x0, 0x0, 0x89, 0xaf, 0xd0,
    0x4f, 0xb0, 0x0, 0x0, 0x0, 0x8f, 0xfe, 0x60,
    0x0, 0x0, 0x0, 0x0, 0x0, 0x0, 0x0, 0x0,

    /* U+79C1 "私" */
    0x0, 0x0, 0x36, 0xa1, 0x0, 0x99, 0x20, 0x0,
    0x6, 0xce, 0xff, 0xff, 0x40, 0xf, 0xf2, 0x0,
    0x0, 0x8f, 0xff, 0xf8, 0x51, 0x2, 0xfe, 0x0,
    0x0, 0x2, 0x21, 0xfe, 0x0, 0x0, 0x6f, 0xb0,
    0x0, 0x0, 0x23, 0x4f, 0xe3, 0x31, 0xa, 0xf7,
    0x0, 0x0, 0xc, 0xff, 0xff, 0xff, 0x80, 0xef,
    0x20, 0x0, 0x0, 0x9b, 0xdf, 0xfb, 0xb5, 0x3f,
    0xe0, 0x0, 0x0, 0x0, 0xc, 0xfe, 0x0, 0x8,
    0xf9, 0x3b, 0x80, 0x0, 0x4, 0xff, 0xfd, 0x20,
    0xdf, 0x41, 0xfe, 0x0, 0x0, 0xcf, 0xff, 0xff,
    0x6f, 0xf0, 0xc, 0xf4, 0x0, 0x8f, 0x9f, 0xe6,
    0xd8, 0xfa, 0x0, 0x6f, 0x90, 0xd, 0xe1, 0xfe,
    0x0, 0xdf, 0x50, 0x1, 0xff, 0x0, 0x83, 0x1f,
    0xe0, 0x4f, 0xf1, 0x23, 0x5d, 0xf4, 0x0, 0x1,
    0xfe, 0x7, 0xff, 0xff, 0xff, 0xff, 0xa0, 0x0,
    0x1f, 0xe0, 0x2f, 0xed, 0xb9, 0x86, 0xff, 0x0,
    0x1, 0xfe, 0x0, 0x0, 0x0, 0x0, 0xa, 0x91,

    /* U+79D2 "秒" */
    0x0, 0x0, 0x3, 0x61, 0x0, 0x1f, 0xe0, 0x0,
    0x0, 0x7, 0xac, 0xff, 0xf4, 0x0, 0x1f, 0xe0,
    0x0, 0x0, 0xd, 0xff, 0xfb, 0x72, 0x16, 0x2f,
    0xe5, 0xb0, 0x0, 0x5, 0x4d, 0xf1, 0x0, 0x7f,
    0xaf, 0xea, 0xf6, 0x0, 0x1, 0x1d, 0xf2, 0x10,
    0xcf, 0x5f, 0xe3, 0xfd, 0x0, 0x1f, 0xff, 0xff,
    0xf5, 0xfe, 0x1f, 0xe0, 0xcf, 0x50, 0x1e, 0xef,
    0xfe, 0xeb, 0xf9, 0x1f, 0xe0, 0x4f, 0xc0, 0x0,
    0x3f, 0xf1, 0xe, 0xf3, 0x1f, 0xe0, 0xd, 0xd1,
    0x0, 0xaf, 0xf7, 0x2e, 0xc0, 0x1f, 0xe0, 0xa6,
    0x0, 0x3, 0xff, 0xff, 0xc2, 0x20, 0x1f, 0xe7,
    0xfe, 0x0, 0xc, 0xff, 0xfc, 0xf8, 0x0, 0x7,
    0xdf, 0xf3, 0x0, 0x3f, 0x9d, 0xf1, 0x61, 0x0,
    0x8, 0xff, 0x60, 0x0, 0xd, 0x1d, 0xf1, 0x0,
    0x3, 0xcf, 0xf5, 0x0, 0x0, 0x1, 0xd, 0xf1,
    0x3, 0xaf, 0xfe, 0x40, 0x0, 0x0, 0x0, 0xd,
    0xf1, 0x9f, 0xff, 0x80, 0x0, 0x0, 0x0, 0x0,
    0xd, 0xf1, 0x3e, 0x81, 0x0, 0x0, 0x0, 0x0,
    0x0, 0x0, 0x0, 0x0, 0x0, 0x0, 0x0, 0x0,
    0x0,

    /* U+79DF "租" */
    0x0, 0x0, 0x0, 0x40, 0x0, 0x0, 0x0, 0x0,
    0x0, 0x46, 0x9c, 0xff, 0x2f, 0xff, 0xff, 0xff,
    0xc0, 0xf, 0xff, 0xfe, 0xa2, 0xff, 0xee, 0xee,
    0xfc, 0x0, 0xb9, 0xef, 0x10, 0xf, 0xf0, 0x0,
    0x4f, 0xc0, 0x0, 0xd, 0xf1, 0x0, 0xff, 0x0,
    0x4, 0xfc, 0x0, 0x77, 0xef, 0x77, 0x2f, 0xf0,
    0x0, 0x4f, 0xc0, 0x1f, 0xff, 0xff, 0xf5, 0xff,
    0xff, 0xff, 0xfc, 0x0, 0x8a, 0xff, 0x98, 0x2f,
    0xfd, 0xdd, 0xdf, 0xc0, 0x0, 0x8f, 0xf4, 0x0,
    0xff, 0x0, 0x4, 0xfc, 0x0, 0xe, 0xff, 0xf6,
    0xf, 0xf0, 0x0, 0x4f, 0xc0, 0x7, 0xff, 0xfe,
    0xf7, 0xff, 0xdd, 0xdd, 0xfc, 0x2, 0xfe, 0xdf,
    0x3b, 0x1f, 0xff, 0xff, 0xff, 0xc0, 0x3f, 0x6d,
    0xf1, 0x0, 0xff, 0x0, 0x4, 0xfc, 0x0, 0xc0,
    0xdf, 0x10, 0xf, 0xf0, 0x0, 0x4f, 0xc0, 0x1,
    0xd, 0xf1, 0x1, 0xff, 0x0, 0x4, 0xfc, 0x0,
    0x0, 0xdf, 0x19, 0xff, 0xff, 0xff, 0xff, 0xfe,
    0x0, 0xd, 0xf1, 0x8e, 0xee, 0xee, 0xee, 0xee,
    0xd0,

    /* U+79F0 "称" */
    0x0, 0x0, 0x0, 0x0, 0x0, 0x0, 0x0, 0x0,
    0x0, 0x0, 0x0, 0x25, 0x70, 0x2f, 0xb0, 0x0,
    0x0, 0x0, 0x9, 0xdf, 0xff, 0xf0, 0x8f, 0xb0,
    0x0, 0x0, 0x0, 0xb, 0xff, 0xf8, 0x40, 0xdf,
    0xff, 0xff, 0xff, 0xb0, 0x0, 0xe, 0xf0, 0x6,
    0xff, 0xdd, 0xdd, 0xef, 0xb0, 0x2, 0x2e, 0xf2,
    0x2e, 0xf5, 0x4, 0x30, 0x8f, 0x60, 0xe, 0xff,
    0xff, 0xef, 0xd0, 0x1f, 0xe1, 0xfe, 0x0, 0xb,
    0xdf, 0xfd, 0xa4, 0x40, 0x1f, 0xe0, 0x56, 0x0,
    0x0, 0x4f, 0xf1, 0x0, 0x30, 0x1f, 0xe0, 0x40,
    0x0, 0x0, 0xbf, 0xfe, 0x41, 0xfd, 0x1f, 0xe8,
    0xf3, 0x0, 0x3, 0xff, 0xff, 0xe8, 0xf7, 0x1f,
    0xe2, 0xfa, 0x0, 0xc, 0xff, 0xf3, 0x5d, 0xf2,
    0x1f, 0xe0, 0xcf, 0x10, 0xf, 0x8e, 0xf0, 0x5f,
    0xb0, 0x1f, 0xe0, 0x6f, 0x70, 0x7, 0xe, 0xf0,
    0xdf, 0x40, 0x1f, 0xe0, 0xf, 0xd0, 0x0, 0xe,
    0xf1, 0xcc, 0x0, 0x3f, 0xe0, 0x9, 0xb0, 0x0,
    0xe, 0xf0, 0x0, 0x6f, 0xff, 0xc0, 0x0, 0x0,
    0x0, 0xe, 0xf0, 0x0, 0x2e, 0xed, 0x40, 0x0,
    0x0,

    /* U+79FB "移" */
    0x0, 0x0, 0x0, 0x0, 0x0, 0x32, 0x0, 0x0,
    0x0, 0x0, 0x25, 0x8a, 0x0, 0x1e, 0xf1, 0x0,
    0x0, 0xc, 0xff, 0xff, 0xf0, 0xc, 0xff, 0xff,
    0xff, 0x70, 0xde, 0xff, 0x40, 0x1c, 0xfc, 0xbb,
    0xbf, 0xf7, 0x0, 0xe, 0xf0, 0x1d, 0xff, 0x60,
    0x7, 0xfd, 0x10, 0x0, 0xef, 0x0, 0xca, 0xef,
    0x39, 0xfe, 0x20, 0xf, 0xff, 0xff, 0xe1, 0x3,
    0xbe, 0xfd, 0x20, 0x0, 0xcd, 0xff, 0xdb, 0x38,
    0xef, 0xfa, 0x0, 0x0, 0x0, 0x3f, 0xf0, 0x1f,
    0xfd, 0xaf, 0xd0, 0x0, 0x0, 0xb, 0xff, 0xe3,
    0x63, 0x2e, 0xff, 0xff, 0xfd, 0x3, 0xff, 0xff,
    0xe0, 0x2e, 0xfb, 0xbb, 0xdf, 0xd0, 0xce, 0xef,
    0x34, 0x7f, 0xfd, 0x10, 0x1d, 0xf5, 0x1f, 0x6e,
    0xf0, 0x7f, 0xe9, 0xfc, 0x2d, 0xf7, 0x0, 0x90,
    0xef, 0x0, 0x91, 0x6, 0xaf, 0xf7, 0x0, 0x0,
    0xe, 0xf0, 0x0, 0x39, 0xef, 0xd3, 0x0, 0x0,
    0x0, 0xef, 0x9, 0xef, 0xfd, 0x60, 0x0, 0x0,
    0x0, 0xe, 0xf0, 0x9e, 0x93, 0x0, 0x0, 0x0,
    0x0, 0x0, 0x0, 0x0, 0x0, 0x0, 0x0, 0x0,
    0x0,

    /* U+7A0B "程" */
    0x0, 0x0, 0x1, 0x30, 0x0, 0x0, 0x0, 0x0,
    0x0, 0x4, 0x8a, 0xdf, 0xc5, 0xff, 0xff, 0xff,
    0xff, 0x10, 0xb, 0xff, 0xfe, 0x95, 0xfe, 0xbb,
    0xbb, 0xff, 0x10, 0x8, 0x9e, 0xf0, 0x5, 0xfa,
    0x0, 0x0, 0xdf, 0x10, 0x0, 0xd, 0xf0, 0x5,
    0xfa, 0x0, 0x0, 0xdf, 0x10, 0x5, 0x6e, 0xf6,
    0x55, 0xfe, 0xbb, 0xbb, 0xff, 0x10, 0xf, 0xff,
    0xff, 0xe5, 0xff, 0xff, 0xff, 0xff, 0x10, 0x9,
    0xaf, 0xfa, 0x80, 0x0, 0x0, 0x0, 0x0, 0x0,
    0x0, 0x4f, 0xf0, 0x9, 0xcc, 0xcc, 0xcc, 0xcc,
    0x70, 0x0, 0xbf, 0xfb, 0x1c, 0xff, 0xff, 0xff,
    0xff, 0x90, 0x4, 0xff, 0xff, 0xe1, 0x0, 0x1f,
    0xe0, 0x0, 0x0, 0xd, 0xfe, 0xf5, 0x96, 0xaa,
    0xaf, 0xfa, 0xaa, 0x20, 0x1f, 0x7d, 0xf0, 0x9,
    0xff, 0xff, 0xff, 0xff, 0x30, 0xa, 0xd, 0xf0,
    0x0, 0x0, 0x1f, 0xe0, 0x0, 0x0, 0x0, 0xd,
    0xf0, 0x0, 0x0, 0x1f, 0xe0, 0x0, 0x0, 0x0,
    0xd, 0xf0, 0x9f, 0xff, 0xff, 0xff, 0xff, 0xf0,
    0x0, 0xd, 0xf0, 0x6b, 0xbb, 0xbb, 0xbb, 0xbb,
    0xb0,

    /* U+7A7A "空" */
    0x0, 0x0, 0x0, 0x2, 0x66, 0x0, 0x0, 0x0,
    0x0, 0x0, 0x0, 0x0, 0x5f, 0xf0, 0x0, 0x0,
    0x0, 0x7, 0xbb, 0xbb, 0xbc, 0xff, 0xcb, 0xbb,
    0xbb, 0x30, 0xaf, 0xff, 0xff, 0xff, 0xff, 0xff,
    0xff, 0xf4, 0xa, 0xf8, 0x33, 0x33, 0x33, 0x33,
    0x33, 0xdf, 0x40, 0xaf, 0x60, 0x2d, 0x20, 0xa,
    0x81, 0xd, 0xf4, 0x0, 0x0, 0x7f, 0xfa, 0x1,
    0xff, 0xe7, 0x11, 0x0, 0x4, 0xdf, 0xfa, 0x10,
    0x2, 0xbf, 0xfd, 0x40, 0xb, 0xff, 0xe4, 0x0,
    0x0, 0x0, 0x5e, 0xff, 0x90, 0xcf, 0xb2, 0x11,
    0x11, 0x11, 0x11, 0x29, 0xf5, 0x4, 0x3f, 0xff,
    0xff, 0xff, 0xff, 0xff, 0x93, 0x0, 0x0, 0xdd,
    0xdd, 0xef, 0xfd, 0xdd, 0xd7, 0x0, 0x0, 0x0,
    0x0, 0x4, 0xfe, 0x0, 0x0, 0x0, 0x0, 0x0,
    0x0, 0x0, 0x4f, 0xe0, 0x0, 0x0, 0x0, 0x1,
    0x11, 0x11, 0x15, 0xfe, 0x11, 0x11, 0x11, 0x0,
    0xef, 0xff, 0xff, 0xff, 0xff, 0xff, 0xff, 0xf7,
    0xc, 0xee, 0xee, 0xee, 0xee, 0xee, 0xee, 0xee,
    0x60,

    /* U+7A97 "窗" */
    0x0, 0x0, 0x0, 0x1, 0x56, 0x0, 0x0, 0x0,
    0x0, 0x0, 0x0, 0x0, 0x6, 0xff, 0x10, 0x0,
    0x0, 0x0, 0xb, 0xff, 0xff, 0xff, 0xff, 0xff,
    0xff, 0xff, 0x90, 0xb, 0xfa, 0x99, 0xaa, 0x99,
    0xba, 0x99, 0xcf, 0x90, 0x9, 0xc3, 0x4a, 0xf9,
    0x0, 0xcf, 0xa5, 0x6c, 0x70, 0x2, 0x8e, 0xff,
    0xa4, 0x96, 0x4a, 0xff, 0xe9, 0x30, 0x1f, 0xfe,
    0x82, 0x7, 0xfb, 0x0, 0x17, 0xdf, 0xd0, 0x8,
    0xef, 0xff, 0xff, 0xff, 0xff, 0xff, 0xfc, 0x40,
    0x0, 0xef, 0x87, 0x7c, 0x97, 0x77, 0x79, 0xfb,
    0x0, 0x0, 0xef, 0x10, 0x8f, 0xc8, 0x88, 0x84,
    0xfb, 0x0, 0x0, 0xef, 0x1a, 0xff, 0xff, 0xff,
    0xf4, 0xfb, 0x0, 0x0, 0xef, 0xaf, 0x79, 0x61,
    0xaf, 0x73, 0xfb, 0x0, 0x0, 0xef, 0x24, 0x1c,
    0xff, 0xf6, 0x3, 0xfb, 0x0, 0x0, 0xef, 0x27,
    0xcf, 0xea, 0xff, 0x93, 0xfb, 0x0, 0x0, 0xef,
    0x2e, 0xb6, 0x10, 0x18, 0x64, 0xfb, 0x0, 0x0,
    0xef, 0xff, 0xff, 0xff, 0xff, 0xff, 0xfb, 0x0,
    0x0, 0xef, 0x99, 0x99, 0x99, 0x99, 0x9a, 0xfb,
    0x0,

    /* U+7ACB "立" */
    0x0, 0x0, 0x0, 0x0, 0x10, 0x0, 0x0, 0x0,
    0x0, 0x0, 0x0, 0x5f, 0xe0, 0x0, 0x0, 0x0,
    0x0, 0x0, 0x0, 0x2f, 0xf3, 0x0, 0x0, 0x0,
    0x15, 0x55, 0x55, 0x5e, 0xf9, 0x55, 0x55, 0x52,
    0x5f, 0xff, 0xff, 0xff, 0xff, 0xff, 0xff, 0xf7,
    0x4c, 0xcc, 0xcc, 0xcc, 0xcc, 0xcc, 0xcc, 0xc5,
    0x0, 0x3, 0x30, 0x0, 0x0, 0x6, 0x60, 0x0,
    0x0, 0x6f, 0xb0, 0x0, 0x0, 0xd, 0xf8, 0x0,
    0x0, 0x1f, 0xf2, 0x0, 0x0, 0x3f, 0xf2, 0x0,
    0x0, 0xa, 0xf8, 0x0, 0x0, 0x9f, 0xc0, 0x0,
    0x0, 0x4, 0xfe, 0x0, 0x0, 0xef, 0x60, 0x0,
    0x0, 0x0, 0xef, 0x40, 0x4, 0xff, 0x10, 0x0,
    0x0, 0x0, 0x9f, 0xa0, 0xa, 0xfa, 0x0, 0x0,
    0x0, 0x0, 0x4c, 0x50, 0x1f, 0xf3, 0x0, 0x0,
    0x33, 0x33, 0x33, 0x33, 0x8f, 0xe3, 0x33, 0x33,
    0xef, 0xff, 0xff, 0xff, 0xff, 0xff, 0xff, 0xff,
    0xbd, 0xdd, 0xdd, 0xdd, 0xdd, 0xdd, 0xdd, 0xdc,

    /* U+7AD6 "竖" */
    0x3f, 0xb0, 0xcf, 0x2e, 0xff, 0xff, 0xff, 0xf3,
    0x3f, 0xb0, 0xcf, 0x2e, 0xfd, 0xdd, 0xdf, 0xf3,
    0x3f, 0xb0, 0xcf, 0x27, 0xfb, 0x0, 0x7f, 0xd0,
    0x3f, 0xb0, 0xcf, 0x20, 0xcf, 0xa7, 0xff, 0x20,
    0x3f, 0xb0, 0xcf, 0x20, 0x1e, 0xff, 0xf3, 0x0,
    0x3f, 0xb0, 0xcf, 0x25, 0xcf, 0xff, 0xfc, 0x61,
    0x3f, 0xb0, 0xcf, 0x7f, 0xfd, 0x57, 0xff, 0xfc,
    0x18, 0x50, 0xcf, 0x2a, 0x70, 0x0, 0x2b, 0xf7,
    0x0, 0x0, 0x57, 0x1c, 0xf2, 0x0, 0x0, 0x21,
    0xb, 0xcc, 0xcc, 0xcf, 0xfd, 0xcc, 0xcc, 0xb0,
    0xe, 0xff, 0xff, 0xff, 0xff, 0xff, 0xff, 0xe0,
    0x0, 0x4, 0xc9, 0x0, 0x0, 0x9b, 0x30, 0x0,
    0x0, 0x3, 0xff, 0x20, 0x1, 0xff, 0x40, 0x0,
    0x0, 0x0, 0xbf, 0x80, 0xa, 0xfb, 0x0, 0x0,
    0xcd, 0xdd, 0xef, 0xdd, 0xdf, 0xfe, 0xdd, 0xdc,
    0xef, 0xff, 0xff, 0xff, 0xff, 0xff, 0xff, 0xff,

    /* U+7AEF "端" */
    0x0, 0x4, 0x10, 0x0, 0x0, 0x0, 0x0, 0x0,
    0x0, 0x0, 0x7f, 0x80, 0xd, 0xf0, 0x4f, 0x80,
    0x7f, 0x60, 0x0, 0x1f, 0xd0, 0xd, 0xf0, 0x4f,
    0x80, 0x7f, 0x60, 0xa, 0xac, 0xaa, 0x5d, 0xf8,
    0xaf, 0xc8, 0xcf, 0x60, 0xf, 0xff, 0xff, 0x8d,
    0xff, 0xff, 0xff, 0xff, 0x60, 0x4, 0x44, 0x44,
    0x23, 0x33, 0x33, 0x33, 0x33, 0x10, 0xa, 0xc0,
    0x4f, 0x89, 0x99, 0x99, 0x99, 0x99, 0x90, 0x8,
    0xf0, 0x7f, 0x7f, 0xff, 0xff, 0xff, 0xff, 0xf1,
    0x6, 0xf2, 0x9f, 0x2, 0x22, 0xbf, 0x52, 0x22,
    0x20, 0x3, 0xf5, 0xcc, 0x1, 0x11, 0xef, 0x11,
    0x11, 0x0, 0x0, 0xf8, 0xf9, 0x1f, 0xff, 0xff,
    0xff, 0xff, 0xa0, 0x0, 0xdd, 0xf6, 0x1f, 0xcc,
    0xf9, 0xfd, 0x9f, 0xa0, 0x0, 0x8c, 0xf3, 0x1f,
    0x87, 0xf1, 0xe9, 0x1f, 0xa0, 0x1, 0x3b, 0xfc,
    0x7f, 0x87, 0xf1, 0xe9, 0x1f, 0xa0, 0x2f, 0xff,
    0xff, 0x9f, 0x87, 0xf1, 0xe9, 0x1f, 0xa0, 0xf,
    0xc9, 0x63, 0x1f, 0x87, 0xf1, 0xed, 0xbf, 0x90,
    0x0, 0x0, 0x0, 0x1f, 0x84, 0x90, 0x7f, 0xfd,
    0x30,

    /* U+7B11 "笑" */
    0x0, 0x3, 0x30, 0x0, 0x0, 0x24, 0x10, 0x0,
    0x0, 0x0, 0xdf, 0x50, 0x0, 0xa, 0xf8, 0x0,
    0x0, 0x0, 0x6f, 0xfc, 0xcc, 0xc2, 0xff, 0xdc,
    0xcc, 0xb0, 0x1e, 0xff, 0xff, 0xff, 0xaf, 0xff,
    0xff, 0xfe, 0xa, 0xfb, 0x3f, 0xe1, 0x2f, 0xf3,
    0xaf, 0x80, 0x0, 0xbf, 0x20, 0xaf, 0x55, 0xfa,
    0x1, 0xea, 0x0, 0x0, 0x40, 0x1, 0x41, 0x24,
    0x55, 0x69, 0x91, 0x0, 0x5, 0xff, 0xff, 0xff,
    0xff, 0xff, 0xff, 0x40, 0x0, 0x4e, 0xdd, 0xcb,
    0xff, 0x98, 0x76, 0x41, 0x0, 0x0, 0x0, 0x0,
    0xf, 0xf0, 0x0, 0x0, 0x0, 0xa, 0xdd, 0xdd,
    0xdd, 0xff, 0xdd, 0xdd, 0xdd, 0xa0, 0xcf, 0xff,
    0xff, 0xff, 0xff, 0xff, 0xff, 0xfc, 0x0, 0x0,
    0x0, 0x1d, 0xff, 0xe3, 0x0, 0x0, 0x0, 0x0,
    0x0, 0x3d, 0xfd, 0xaf, 0xf6, 0x0, 0x0, 0x0,
    0x4, 0xaf, 0xfd, 0x20, 0xaf, 0xfc, 0x50, 0x0,
    0xaf, 0xff, 0xf8, 0x0, 0x0, 0x6f, 0xff, 0xfa,
    0x9, 0xfd, 0x71, 0x0, 0x0, 0x0, 0x7, 0xdf,
    0x80, 0x12, 0x0, 0x0, 0x0, 0x0, 0x0, 0x0,
    0x21,

    /* U+7B49 "等" */
    0x0, 0x3, 0x30, 0x0, 0x0, 0x23, 0x10, 0x0,
    0x0, 0x0, 0xef, 0x40, 0x0, 0xb, 0xf5, 0x0,
    0x0, 0x0, 0x7f, 0xff, 0xff, 0xf6, 0xff, 0xff,
    0xff, 0xd0, 0x3f, 0xfc, 0xfe, 0xab, 0xef, 0xbe,
    0xfc, 0xa9, 0xd, 0xf5, 0x1e, 0xf1, 0x2d, 0xb0,
    0x5f, 0xa0, 0x0, 0x27, 0x0, 0x57, 0x2b, 0xb1,
    0x0, 0x83, 0x0, 0x0, 0xbf, 0xff, 0xff, 0xff,
    0xff, 0xff, 0xf9, 0x0, 0x5, 0x88, 0x88, 0x8f,
    0xf8, 0x88, 0x88, 0x40, 0x0, 0x0, 0x0, 0x2,
    0xff, 0x0, 0x0, 0x0, 0x0, 0xff, 0xff, 0xff,
    0xff, 0xff, 0xff, 0xff, 0xfe, 0x9, 0x99, 0x99,
    0x99, 0x99, 0x9d, 0xfc, 0x99, 0x80, 0x1, 0x11,
    0x11, 0x11, 0x11, 0x9f, 0x81, 0x10, 0x6, 0xff,
    0xff, 0xff, 0xff, 0xff, 0xff, 0xff, 0x60, 0x39,
    0x9f, 0xd9, 0x99, 0x99, 0xdf, 0xc9, 0x93, 0x0,
    0x2, 0xef, 0xa1, 0x0, 0x9, 0xf7, 0x0, 0x0,
    0x0, 0x1, 0xbd, 0xa, 0xbc, 0xff, 0x60, 0x0,
    0x0, 0x0, 0x0, 0x0, 0xbf, 0xff, 0xb1, 0x0,
    0x0,

    /* U+7B80 "简" */
    0x0, 0x3, 0x41, 0x0, 0x0, 0x5, 0x20, 0x0,
    0x0, 0x0, 0xdf, 0x30, 0x0, 0x8, 0xfa, 0x0,
    0x0, 0x0, 0x7f, 0xff, 0xff, 0xf2, 0xff, 0xff,
    0xff, 0xd0, 0x3f, 0xfa, 0xff, 0xab, 0xdf, 0xcc,
    0xfd, 0xa8, 0xe, 0xf6, 0xa, 0xd1, 0x5f, 0xd1,
    0xd, 0xa0, 0x0, 0x58, 0xbb, 0x6, 0xaa, 0xbc,
    0xaa, 0xaa, 0xa0, 0x0, 0xb, 0xf9, 0x9f, 0xff,
    0xff, 0xff, 0xff, 0x0, 0x5, 0x59, 0x10, 0x11,
    0x11, 0x11, 0x1f, 0xf0, 0x0, 0xff, 0x5, 0x88,
    0x88, 0x88, 0x50, 0xff, 0x0, 0xf, 0xf0, 0xaf,
    0xff, 0xff, 0xfa, 0xf, 0xf0, 0x0, 0xff, 0xa,
    0xf2, 0x0, 0x2f, 0xa0, 0xff, 0x0, 0xf, 0xf0,
    0xaf, 0xff, 0xff, 0xfa, 0xf, 0xf0, 0x0, 0xff,
    0xa, 0xf9, 0x88, 0x9f, 0xa0, 0xff, 0x0, 0xf,
    0xf0, 0xaf, 0x64, 0x46, 0xfa, 0xf, 0xf0, 0x0,
    0xff, 0xa, 0xff, 0xff, 0xff, 0xa0, 0xff, 0x0,
    0xf, 0xf0, 0x12, 0x22, 0x22, 0x79, 0x9f, 0xf0,
    0x0, 0xff, 0x0, 0x0, 0x0, 0x7, 0xff, 0xe7,
    0x0,

    /* U+7B97 "算" */
    0x0, 0x2, 0x52, 0x0, 0x0, 0x25, 0x10, 0x0,
    0x0, 0x0, 0xcf, 0x61, 0x11, 0xb, 0xf7, 0x11,
    0x11, 0x0, 0x7f, 0xff, 0xff, 0xf7, 0xff, 0xff,
    0xff, 0xe0, 0x4f, 0xe5, 0xef, 0x67, 0xff, 0x6d,
    0xf6, 0x55, 0xd, 0xf3, 0x16, 0xb2, 0x3b, 0x71,
    0x5c, 0x20, 0x0, 0x26, 0xff, 0xff, 0xff, 0xff,
    0xff, 0xff, 0x30, 0x0, 0x2f, 0xd4, 0x44, 0x44,
    0x44, 0x4d, 0xf3, 0x0, 0x2, 0xff, 0xff, 0xff,
    0xff, 0xff, 0xff, 0x30, 0x0, 0x2f, 0xd3, 0x33,
    0x33, 0x33, 0x3c, 0xf3, 0x0, 0x2, 0xff, 0xff,
    0xff, 0xff, 0xff, 0xff, 0x30, 0x0, 0x2f, 0xd3,
    0x33, 0x33, 0x33, 0x3d, 0xf3, 0x0, 0x2, 0xff,
    0xff, 0xff, 0xff, 0xff, 0xff, 0x30, 0x0, 0x3,
    0x4f, 0xf3, 0x33, 0x3a, 0xf8, 0x30, 0x0, 0x99,
    0x9a, 0xff, 0x99, 0x99, 0xdf, 0xc9, 0x99, 0xf,
    0xff, 0xff, 0xff, 0xff, 0xff, 0xff, 0xff, 0xf0,
    0x0, 0x2d, 0xf5, 0x0, 0x0, 0x9f, 0x60, 0x0,
    0x0, 0x4f, 0xf6, 0x0, 0x0, 0x9, 0xf6, 0x0,
    0x0, 0x0, 0x11, 0x0, 0x0, 0x0, 0x0, 0x0,
    0x0,

    /* U+7C27 "簧" */
    0x0, 0x22, 0x0, 0x0, 0x1, 0x20, 0x0, 0x0,
    0x0, 0xcf, 0x50, 0x0, 0xa, 0xf4, 0x0, 0x0,
    0x5, 0xff, 0xff, 0xff, 0x3f, 0xff, 0xff, 0xfe,
    0x2f, 0xf5, 0xef, 0x55, 0xbf, 0x6c, 0xf8, 0x55,
    0xbf, 0x60, 0x9f, 0x24, 0xfb, 0x5, 0xf9, 0x0,
    0x1a, 0x0, 0x7a, 0x20, 0x75, 0x85, 0x60, 0x0,
    0x1f, 0xff, 0xff, 0xff, 0xff, 0xff, 0xff, 0xf1,
    0x6, 0x66, 0xbf, 0x96, 0x68, 0xfb, 0x66, 0x60,
    0x9a, 0xaa, 0xdf, 0xca, 0xab, 0xfd, 0xaa, 0xa9,
    0xde, 0xee, 0xee, 0xef, 0xfe, 0xee, 0xee, 0xed,
    0x1, 0x55, 0x55, 0x5f, 0xf5, 0x55, 0x55, 0x10,
    0x4, 0xff, 0xff, 0xff, 0xff, 0xff, 0xff, 0x50,
    0x4, 0xfb, 0x44, 0x4f, 0xf4, 0x44, 0xaf, 0x50,
    0x4, 0xfe, 0xcc, 0xcf, 0xfc, 0xcc, 0xef, 0x50,
    0x4, 0xfc, 0x66, 0x6f, 0xf6, 0x66, 0xbf, 0x50,
    0x3, 0xee, 0xee, 0xee, 0xee, 0xee, 0xee, 0x40,
    0x1, 0x47, 0xbe, 0x80, 0x8, 0xfc, 0x96, 0x20,
    0x8f, 0xff, 0xd9, 0x40, 0x4, 0x8c, 0xff, 0xfa,
    0x39, 0x51, 0x0, 0x0, 0x0, 0x0, 0x3, 0x74,

    /* U+7C92 "粒" */
    0x0, 0x0, 0x0, 0x0, 0x0, 0x0, 0x10, 0x0,
    0x0, 0x0, 0x7, 0xf5, 0x0, 0x0, 0x1f, 0xf0,
    0x0, 0x0, 0xb, 0x67, 0xf5, 0x8a, 0x0, 0xd,
    0xf4, 0x0, 0x0, 0xd, 0xc7, 0xf5, 0xeb, 0xbb,
    0xbe, 0xfd, 0xbb, 0x80, 0x7, 0xf8, 0xfa, 0xf5,
    0xff, 0xff, 0xff, 0xff, 0xb0, 0x2, 0xeb, 0xfd,
    0xe0, 0x33, 0x33, 0x33, 0x33, 0x20, 0x0, 0x17,
    0xf5, 0x20, 0x5b, 0x40, 0x0, 0xea, 0x0, 0xe,
    0xff, 0xff, 0xfc, 0x7f, 0x80, 0x3, 0xfd, 0x0,
    0xc, 0xdf, 0xfe, 0xda, 0x3f, 0xb0, 0x7, 0xfa,
    0x0, 0x0, 0x1f, 0xf5, 0x0, 0xf, 0xf0, 0xa,
    0xf6, 0x0, 0x0, 0x9f, 0xff, 0x50, 0xc, 0xf2,
    0xd, 0xf2, 0x0, 0x1, 0xff, 0xff, 0xf8, 0x9,
    0xf6, 0x1f, 0xe0, 0x0, 0xb, 0xfb, 0xf8, 0xd9,
    0x5, 0xf9, 0x5f, 0xb0, 0x0, 0x2f, 0xa7, 0xf5,
    0x11, 0x2, 0xf9, 0x8f, 0x70, 0x0, 0xb, 0x17,
    0xf5, 0x1, 0x22, 0x22, 0xcf, 0x52, 0x20, 0x0,
    0x7, 0xf5, 0xb, 0xff, 0xff, 0xff, 0xff, 0xf0,
    0x0, 0x7, 0xf5, 0x8, 0xbb, 0xbb, 0xbb, 0xbb,
    0xb0,

    /* U+7CFB "系" */
    0x0, 0x0, 0x0, 0x0, 0x1, 0x23, 0x45, 0x67,
    0x0, 0x3c, 0xcd, 0xde, 0xff, 0xff, 0xff, 0xff,
    0xf0, 0x3, 0xff, 0xff, 0xff, 0xfd, 0xba, 0x99,
    0x76, 0x0, 0x2, 0x10, 0x5f, 0xf8, 0x0, 0x9,
    0xc0, 0x0, 0x0, 0x0, 0x9f, 0xf5, 0x0, 0x1c,
    0xff, 0x60, 0x0, 0x4, 0xef, 0xfa, 0x89, 0xae,
    0xff, 0x50, 0x0, 0x0, 0x8f, 0xff, 0xff, 0xff,
    0xfc, 0x20, 0x0, 0x0, 0x3, 0x98, 0x69, 0xff,
    0xf7, 0xb, 0x40, 0x0, 0x0, 0x0, 0x1a, 0xff,
    0xb2, 0x6, 0xff, 0x30, 0x0, 0x1, 0x9f, 0xfd,
    0x50, 0x11, 0x2d, 0xfe, 0x20, 0x0, 0xef, 0xff,
    0xef, 0xff, 0xff, 0xff, 0xfd, 0x10, 0xb, 0xfe,
    0xdd, 0xcf, 0xfb, 0x98, 0x7c, 0xf5, 0x0, 0x0,
    0x57, 0x0, 0xef, 0x32, 0xc3, 0x5, 0x0, 0x1,
    0xaf, 0xf2, 0xe, 0xf3, 0xaf, 0xf8, 0x0, 0x6,
    0xef, 0xe4, 0x0, 0xff, 0x30, 0x8f, 0xfe, 0x41,
    0xff, 0xa1, 0x9e, 0xff, 0xf3, 0x0, 0x2b, 0xfa,
    0x5, 0x40, 0x6, 0xff, 0xfa, 0x0, 0x0, 0x6,
    0x20,

    /* U+7D20 "素" */
    0x0, 0x22, 0x22, 0x22, 0xff, 0x22, 0x22, 0x22,
    0x0, 0x4f, 0xff, 0xff, 0xff, 0xff, 0xff, 0xff,
    0xf4, 0x1, 0x44, 0x44, 0x44, 0xff, 0x54, 0x44,
    0x44, 0x10, 0x4, 0xcc, 0xcc, 0xcf, 0xfc, 0xcc,
    0xcc, 0x50, 0x0, 0x3a, 0xaa, 0xaa, 0xff, 0xaa,
    0xaa, 0xa4, 0x0, 0x78, 0x88, 0x88, 0x8f, 0xf8,
    0x88, 0x88, 0x88, 0xe, 0xff, 0xff, 0xff, 0xff,
    0xff, 0xff, 0xff, 0xf0, 0x0, 0x16, 0xdf, 0x93,
    0x3, 0xaf, 0xa0, 0x0, 0x0, 0x1f, 0xff, 0xee,
    0xff, 0xff, 0x91, 0x0, 0x0, 0x0, 0x87, 0x9e,
    0xff, 0xc6, 0x1c, 0xa0, 0x0, 0x0, 0x16, 0xcf,
    0xfb, 0x65, 0x67, 0xdf, 0xd2, 0x0, 0xb, 0xff,
    0xff, 0xff, 0xff, 0xff, 0xff, 0xe3, 0x0, 0x46,
    0x9d, 0x43, 0xbf, 0x45, 0xb3, 0x19, 0x0, 0x5,
    0xbf, 0xf3, 0xa, 0xf4, 0x9f, 0xfc, 0x50, 0xd,
    0xff, 0xa3, 0xcc, 0xff, 0x30, 0x3a, 0xff, 0xc0,
    0x68, 0x10, 0xe, 0xff, 0xb0, 0x0, 0x1, 0x85,

    /* U+7D22 "索" */
    0x0, 0x0, 0x0, 0x2, 0xfe, 0x0, 0x0, 0x0,
    0x0, 0x4f, 0xff, 0xff, 0xff, 0xff, 0xff, 0xff,
    0xa0, 0x3, 0xbb, 0xbb, 0xbb, 0xff, 0xbb, 0xbb,
    0xb7, 0x0, 0x0, 0x0, 0x0, 0x2f, 0xe0, 0x0,
    0x0, 0x0, 0xc, 0xff, 0xff, 0xff, 0xff, 0xff,
    0xff, 0xff, 0x20, 0xcf, 0xba, 0xac, 0xff, 0xca,
    0xaa, 0xaf, 0xf2, 0xc, 0xf4, 0x6, 0xff, 0x60,
    0x1b, 0x70, 0xef, 0x20, 0x56, 0x8e, 0xff, 0x98,
    0x9e, 0xf9, 0x6, 0x70, 0x0, 0xc, 0xfe, 0xef,
    0xff, 0xa3, 0x81, 0x0, 0x0, 0x0, 0x26, 0xaf,
    0xf9, 0x20, 0x5f, 0xe3, 0x0, 0x0, 0xdf, 0xff,
    0xfe, 0xef, 0xff, 0xff, 0xf6, 0x0, 0xa, 0xdc,
    0xdb, 0xae, 0xfa, 0x98, 0x6d, 0xa0, 0x0, 0x2,
    0xae, 0x10, 0xcf, 0x39, 0xe6, 0x10, 0x0, 0x3a,
    0xff, 0xc2, 0xd, 0xf3, 0x9f, 0xfd, 0x50, 0x2f,
    0xfe, 0x53, 0xcd, 0xff, 0x10, 0x1a, 0xff, 0x60,
    0x96, 0x0, 0xf, 0xfe, 0x80, 0x0, 0x2, 0xa0,

    /* U+7D2B "紫" */
    0x0, 0x0, 0x0, 0x0, 0x0, 0x0, 0x0, 0x0,
    0x0, 0x0, 0xcf, 0xc, 0xf1, 0x4, 0xfb, 0x0,
    0x6b, 0x0, 0x0, 0xcf, 0xc, 0xff, 0xf5, 0xfc,
    0x8e, 0xff, 0x20, 0x0, 0xcf, 0xc, 0xfa, 0xa4,
    0xff, 0xfd, 0x78, 0x30, 0x0, 0xcf, 0xc, 0xf1,
    0x4, 0xfd, 0x30, 0xe, 0xd0, 0x0, 0xcf, 0x5e,
    0xfd, 0xf4, 0xfd, 0x22, 0x4f, 0xc0, 0xd, 0xff,
    0xff, 0xff, 0xb2, 0xff, 0xff, 0xff, 0x80, 0x8,
    0x86, 0x33, 0xaf, 0xb0, 0x38, 0xe8, 0x75, 0x0,
    0x0, 0x4, 0xbf, 0xd7, 0x33, 0x7e, 0xfa, 0x0,
    0x0, 0x0, 0x1f, 0xff, 0xff, 0xff, 0xfc, 0x90,
    0x0, 0x0, 0x0, 0x4, 0x49, 0xef, 0xe9, 0x35,
    0xfd, 0x20, 0x0, 0x0, 0x5b, 0xff, 0xfc, 0x88,
    0x9a, 0xff, 0xf5, 0x0, 0x0, 0x9f, 0xff, 0xff,
    0xff, 0xed, 0xdc, 0xef, 0x30, 0x0, 0x13, 0x8d,
    0x10, 0xef, 0x17, 0xb4, 0x16, 0x0, 0x1, 0x7d,
    0xfe, 0x30, 0xff, 0x1a, 0xff, 0xd6, 0x0, 0xe,
    0xfe, 0x73, 0xbc, 0xff, 0x0, 0x3a, 0xff, 0xd0,
    0x6, 0x60, 0x1, 0xff, 0xf9, 0x0, 0x0, 0x18,
    0x60,

    /* U+7EA4 "纤" */
    0x0, 0x0, 0x10, 0x0, 0x0, 0x0, 0x0, 0x0,
    0x0, 0x0, 0x0, 0xec, 0x10, 0x0, 0x0, 0x3,
    0x69, 0x40, 0x0, 0x8, 0xfb, 0x0, 0x79, 0xce,
    0xff, 0xff, 0x80, 0x0, 0x1f, 0xf2, 0x0, 0xdf,
    0xff, 0xfd, 0xa7, 0x30, 0x0, 0xbf, 0x80, 0xd9,
    0x65, 0x3c, 0xf5, 0x0, 0x0, 0x8, 0xfe, 0x49,
    0xfd, 0x0, 0xb, 0xf5, 0x0, 0x0, 0xb, 0xff,
    0xff, 0xf3, 0x0, 0xb, 0xf5, 0x0, 0x0, 0x7,
    0xba, 0xff, 0x80, 0x11, 0x1c, 0xf6, 0x11, 0x10,
    0x0, 0xa, 0xfc, 0x6, 0xff, 0xff, 0xff, 0xff,
    0xf1, 0x0, 0x8f, 0xe2, 0x6, 0xff, 0xff, 0xff,
    0xff, 0xf0, 0x5, 0xff, 0xcb, 0xd4, 0x0, 0xb,
    0xf5, 0x0, 0x0, 0x4, 0xff, 0xff, 0xe4, 0x0,
    0xb, 0xf5, 0x0, 0x0, 0x1, 0x75, 0x30, 0x0,
    0x0, 0xb, 0xf5, 0x0, 0x0, 0x0, 0x3, 0x58,
    0xaa, 0x0, 0xb, 0xf5, 0x0, 0x0, 0xe, 0xff,
    0xff, 0xfe, 0x0, 0xb, 0xf5, 0x0, 0x0, 0xe,
    0xfd, 0xb8, 0x53, 0x0, 0xb, 0xf5, 0x0, 0x0,
    0x2, 0x0, 0x0, 0x0, 0x0, 0xb, 0xf5, 0x0,
    0x0,

    /* U+7EA6 "约" */
    0x0, 0x0, 0x41, 0x0, 0x2, 0x61, 0x0, 0x0,
    0x0, 0x0, 0x1f, 0xe0, 0x0, 0x8f, 0x90, 0x0,
    0x0, 0x0, 0x9, 0xf8, 0x0, 0xe, 0xf3, 0x0,
    0x0, 0x0, 0x3, 0xfe, 0x3, 0x6, 0xff, 0xdd,
    0xdd, 0xd3, 0x0, 0xdf, 0x51, 0xfd, 0xef, 0xff,
    0xff, 0xff, 0x30, 0xaf, 0xd6, 0xcf, 0xff, 0xd2,
    0x22, 0x2d, 0xf3, 0xc, 0xff, 0xff, 0xda, 0xf5,
    0x0, 0x0, 0xdf, 0x20, 0x69, 0xaf, 0xf3, 0x6,
    0x51, 0x0, 0xd, 0xf2, 0x0, 0xc, 0xf8, 0x0,
    0x5f, 0xa0, 0x0, 0xef, 0x10, 0xa, 0xfc, 0x1,
    0x10, 0xef, 0x50, 0xe, 0xf1, 0x6, 0xff, 0xde,
    0xf6, 0x4, 0xfe, 0x10, 0xff, 0x0, 0x6f, 0xff,
    0xfe, 0x50, 0xa, 0xc2, 0xf, 0xf0, 0x2, 0x85,
    0x31, 0x0, 0x0, 0x0, 0x0, 0xff, 0x0, 0x0,
    0x0, 0x36, 0x40, 0x0, 0x0, 0x1f, 0xf0, 0x7,
    0xad, 0xff, 0xf8, 0x0, 0x11, 0x16, 0xfe, 0x0,
    0xef, 0xff, 0xeb, 0x50, 0xf, 0xff, 0xff, 0xc0,
    0x7, 0x64, 0x10, 0x0, 0x0, 0xcf, 0xff, 0xc3,
    0x0,

    /* U+7EA7 "级" */
    0x0, 0x2, 0xa3, 0x0, 0x0, 0x0, 0x0, 0x0,
    0x0, 0x0, 0x9, 0xf6, 0x1f, 0xff, 0xff, 0xff,
    0xf8, 0x0, 0x0, 0x1f, 0xe0, 0x1e, 0xff, 0xee,
    0xee, 0xf8, 0x0, 0x0, 0x9f, 0x73, 0x20, 0xdf,
    0x20, 0xa, 0xf3, 0x0, 0x2, 0xfd, 0xb, 0xf2,
    0xdf, 0x10, 0x1f, 0xd0, 0x0, 0xc, 0xf8, 0x6f,
    0xd0, 0xef, 0x20, 0x8f, 0x60, 0x0, 0xf, 0xff,
    0xff, 0x40, 0xff, 0x60, 0xdf, 0xee, 0x70, 0xa,
    0xce, 0xfa, 0x0, 0xff, 0xb0, 0xdf, 0xff, 0x70,
    0x0, 0x2f, 0xe1, 0x1, 0xff, 0xf1, 0x0, 0x9f,
    0x40, 0x0, 0xcf, 0x50, 0x4, 0xff, 0xf8, 0x1,
    0xfd, 0x0, 0x9, 0xfe, 0xad, 0x87, 0xf9, 0xef,
    0x2a, 0xf6, 0x0, 0x9, 0xff, 0xff, 0x8b, 0xf5,
    0x6f, 0xdf, 0xd0, 0x0, 0x3, 0x74, 0x10, 0x1f,
    0xf1, 0xc, 0xff, 0x30, 0x0, 0x0, 0x26, 0xad,
    0xbf, 0xa0, 0x4e, 0xff, 0x90, 0x0, 0xf, 0xff,
    0xff, 0xff, 0x36, 0xff, 0xae, 0xfc, 0x20, 0xe,
    0xd9, 0x6e, 0xfb, 0xcf, 0xf7, 0x2, 0xef, 0xe0,
    0x0, 0x0, 0x4, 0xd1, 0xce, 0x40, 0x0, 0x1b,
    0x80, 0x0, 0x0, 0x0, 0x0, 0x11, 0x0, 0x0,
    0x0, 0x0,

    /* U+7EB9 "纹" */
    0x0, 0x0, 0x61, 0x0, 0x0, 0x36, 0x30, 0x0,
    0x0, 0x0, 0x6, 0xf9, 0x0, 0x0, 0x9f, 0xa0,
    0x0, 0x0, 0x0, 0xd, 0xf1, 0x0, 0x0, 0x4f,
    0xf0, 0x0, 0x0, 0x0, 0x7f, 0x90, 0x2d, 0xdd,
    0xdf, 0xfd, 0xdd, 0xd0, 0x1, 0xfe, 0x19, 0xdf,
    0xff, 0xff, 0xff, 0xff, 0xf1, 0xb, 0xfa, 0x7f,
    0xe2, 0xdf, 0x31, 0x18, 0xf8, 0x10, 0xd, 0xff,
    0xff, 0x60, 0xaf, 0x40, 0xa, 0xf5, 0x0, 0x6,
    0x8b, 0xfd, 0x0, 0x7f, 0x80, 0xd, 0xf1, 0x0,
    0x0, 0x2f, 0xf3, 0x0, 0x3f, 0xd0, 0x2f, 0xd0,
    0x0, 0x0, 0xcf, 0x81, 0x40, 0xd, 0xf3, 0x8f,
    0x80, 0x0, 0x7, 0xff, 0xff, 0xf0, 0x7, 0xfc,
    0xff, 0x20, 0x0, 0x4, 0xff, 0xec, 0x90, 0x0,
    0xef, 0xfa, 0x0, 0x0, 0x0, 0x30, 0x0, 0x0,
    0x0, 0xaf, 0xf6, 0x0, 0x0, 0x0, 0x36, 0x9c,
    0xf2, 0x9, 0xff, 0xff, 0x80, 0x0, 0xf, 0xff,
    0xff, 0xf7, 0xdf, 0xf4, 0x8f, 0xfd, 0x40, 0xd,
    0xc9, 0x63, 0xaf, 0xfc, 0x20, 0x6, 0xff, 0xe0,
    0x0, 0x0, 0x0, 0x3f, 0x70, 0x0, 0x0, 0x1a,
    0x50, 0x0, 0x0, 0x0, 0x0, 0x0, 0x0, 0x0,
    0x0, 0x0,

    /* U+7EBF "线" */
    0x0, 0x0, 0x10, 0x0, 0x0, 0x0, 0x0, 0x0,
    0x0, 0x0, 0x2f, 0x90, 0x0, 0xff, 0xa, 0xb0,
    0x0, 0x0, 0xb, 0xf5, 0x0, 0xf, 0xf0, 0x9f,
    0xc0, 0x0, 0x4, 0xfc, 0x0, 0x0, 0xff, 0x10,
    0x9a, 0x41, 0x0, 0xef, 0x36, 0xe7, 0x7f, 0xfd,
    0xef, 0xff, 0x60, 0xaf, 0xc5, 0xef, 0x9f, 0xff,
    0xec, 0xb9, 0x72, 0xc, 0xff, 0xff, 0x81, 0x3c,
    0xf4, 0x0, 0x0, 0x10, 0x58, 0xaf, 0xe0, 0x13,
    0xbf, 0xba, 0xce, 0xfc, 0x0, 0x1e, 0xf4, 0xd,
    0xff, 0xff, 0xff, 0xec, 0x90, 0xc, 0xf9, 0x24,
    0x89, 0xaf, 0xc2, 0x9, 0xb0, 0x7, 0xff, 0xff,
    0xe0, 0x1, 0xfd, 0xa, 0xfc, 0x0, 0x4f, 0xfc,
    0xa7, 0x0, 0xe, 0xfc, 0xfc, 0x20, 0x0, 0x10,
    0x0, 0x10, 0x0, 0xbf, 0xfa, 0xe, 0x90, 0x14,
    0x7b, 0xee, 0x5, 0xdf, 0xfe, 0x2, 0xfa, 0xf,
    0xff, 0xff, 0xcd, 0xff, 0xcd, 0xf9, 0x9f, 0x60,
    0xa9, 0x63, 0x0, 0x7c, 0x50, 0x3f, 0xff, 0xf1,
    0x0, 0x0, 0x0, 0x0, 0x0, 0x0, 0x4d, 0xe6,
    0x0,

    /* U+7EC6 "细" */
    0x0, 0x0, 0x20, 0x0, 0x0, 0x0, 0x0, 0x0,
    0x0, 0x0, 0x6f, 0x60, 0x0, 0x0, 0x0, 0x0,
    0x0, 0x0, 0xd, 0xf1, 0x1f, 0xff, 0xff, 0xff,
    0xff, 0x20, 0x5, 0xf9, 0x1, 0xff, 0xee, 0xff,
    0xef, 0xf2, 0x0, 0xdf, 0x18, 0x7f, 0xc0, 0x1f,
    0xb0, 0xbf, 0x20, 0x8f, 0x83, 0xfe, 0xfc, 0x1,
    0xfb, 0xb, 0xf2, 0xd, 0xff, 0xff, 0x6f, 0xc0,
    0x1f, 0xb0, 0xbf, 0x20, 0x8c, 0xdf, 0xc1, 0xfc,
    0x1, 0xfb, 0xb, 0xf2, 0x0, 0x1e, 0xf2, 0x1f,
    0xff, 0xff, 0xff, 0xff, 0x20, 0xb, 0xf7, 0x1,
    0xff, 0xee, 0xff, 0xef, 0xf2, 0x6, 0xff, 0xbe,
    0x5f, 0xc0, 0x1f, 0xb0, 0xbf, 0x20, 0x6f, 0xff,
    0xf4, 0xfc, 0x1, 0xfb, 0xb, 0xf2, 0x1, 0x64,
    0x10, 0x1f, 0xc0, 0x1f, 0xb0, 0xbf, 0x20, 0x0,
    0x25, 0x75, 0xfc, 0x1, 0xfb, 0xb, 0xf2, 0xd,
    0xff, 0xff, 0x8f, 0xfe, 0xef, 0xfe, 0xff, 0x20,
    0xef, 0xeb, 0x84, 0xff, 0xff, 0xff, 0xff, 0xf2,
    0x2, 0x0, 0x0, 0x1f, 0xc0, 0x0, 0x0, 0xbf,
    0x20,

    /* U+7ECF "经" */
    0x0, 0x0, 0x0, 0x0, 0x0, 0x0, 0x0, 0x0,
    0x0, 0x0, 0x2, 0xe7, 0x0, 0x0, 0x0, 0x0,
    0x0, 0x0, 0x0, 0x9, 0xf7, 0x8, 0xff, 0xff,
    0xff, 0xfa, 0x0, 0x0, 0x1f, 0xe0, 0x7, 0xee,
    0xee, 0xef, 0xf9, 0x0, 0x0, 0x9f, 0x82, 0x30,
    0x0, 0x0, 0x9f, 0xe1, 0x0, 0x2, 0xfe, 0xa,
    0xf5, 0x0, 0x9, 0xff, 0x30, 0x0, 0xb, 0xfb,
    0x9f, 0xe0, 0x3, 0xdf, 0xfc, 0x10, 0x0, 0xd,
    0xff, 0xff, 0x71, 0x9f, 0xfe, 0xff, 0xf7, 0x0,
    0x7, 0xac, 0xfd, 0x7f, 0xff, 0xa1, 0x2c, 0xff,
    0xd1, 0x0, 0x1e, 0xf4, 0x2f, 0xc4, 0x0, 0x0,
    0x7f, 0xb0, 0x0, 0xbf, 0x90, 0x3, 0x0, 0x0,
    0x0, 0x3, 0x20, 0x6, 0xff, 0x9b, 0x6b, 0xff,
    0xff, 0xff, 0xff, 0x30, 0x6, 0xff, 0xff, 0x79,
    0xdd, 0xef, 0xfd, 0xdd, 0x30, 0x2, 0x96, 0x41,
    0x0, 0x0, 0x4f, 0xd0, 0x0, 0x0, 0x0, 0x0,
    0x14, 0x40, 0x0, 0x4f, 0xd0, 0x0, 0x0, 0x9,
    0xcf, 0xff, 0xa1, 0x11, 0x4f, 0xd1, 0x11, 0x10,
    0xf, 0xff, 0xeb, 0xdf, 0xff, 0xff, 0xff, 0xff,
    0xf1, 0x5, 0x31, 0x0, 0x7d, 0xdd, 0xdd, 0xdd,
    0xdd, 0xd0,

    /* U+7ED3 "结" */
    0x0, 0x0, 0x0, 0x0, 0x0, 0x0, 0x0, 0x0,
    0x0, 0x3f, 0x70, 0x0, 0x2, 0xfe, 0x0, 0x0,
    0x0, 0xbf, 0x40, 0x0, 0x2, 0xfe, 0x0, 0x0,
    0x3, 0xfc, 0x0, 0xff, 0xff, 0xff, 0xff, 0xff,
    0xc, 0xf3, 0x44, 0xdd, 0xdd, 0xff, 0xdd, 0xdc,
    0x6f, 0xa1, 0xef, 0x20, 0x2, 0xfe, 0x0, 0x0,
    0xdf, 0xff, 0xf9, 0x0, 0x2, 0xfe, 0x0, 0x0,
    0x9e, 0xdf, 0xe1, 0xaf, 0xff, 0xff, 0xff, 0xf8,
    0x0, 0xcf, 0x60, 0x8d, 0xdd, 0xdd, 0xdd, 0xd6,
    0x8, 0xfb, 0x0, 0x0, 0x0, 0x0, 0x0, 0x0,
    0x5f, 0xfc, 0xe9, 0x4e, 0xee, 0xee, 0xee, 0xe1,
    0x5f, 0xff, 0xf8, 0x5f, 0xff, 0xff, 0xff, 0xf2,
    0x16, 0x41, 0x0, 0x5f, 0x90, 0x0, 0xd, 0xf2,
    0x0, 0x25, 0x77, 0x5f, 0x90, 0x0, 0xd, 0xf2,
    0xcf, 0xff, 0xfd, 0x5f, 0xeb, 0xbb, 0xbf, 0xf2,
    0xdf, 0xc9, 0x73, 0x5f, 0xff, 0xff, 0xff, 0xf2,
    0x10, 0x0, 0x0, 0x5f, 0xa1, 0x11, 0x1d, 0xf2,

    /* U+7ED5 "绕" */
    0x0, 0x0, 0x20, 0x0, 0x24, 0x0, 0x0, 0x0,
    0x0, 0x0, 0x6, 0xf6, 0x0, 0x9f, 0x50, 0x0,
    0x2, 0x10, 0x0, 0xd, 0xf1, 0x0, 0x7f, 0xb9,
    0xbe, 0xff, 0x50, 0x0, 0x6f, 0x90, 0x2f, 0xff,
    0xff, 0xfe, 0xca, 0x30, 0x1, 0xee, 0x17, 0x6c,
    0xad, 0xf5, 0x11, 0xb8, 0x0, 0xa, 0xf9, 0x5f,
    0xe0, 0x6, 0xf9, 0x7f, 0xfa, 0x0, 0xd, 0xff,
    0xff, 0x60, 0x4, 0xff, 0xfd, 0x57, 0xc1, 0x7,
    0x9c, 0xfc, 0x2a, 0xef, 0xff, 0xf6, 0x2c, 0xe0,
    0x0, 0x2f, 0xf2, 0x2f, 0xfa, 0x46, 0xff, 0xff,
    0x70, 0x0, 0xdf, 0x71, 0x3, 0x0, 0x0, 0x28,
    0xa7, 0x0, 0x7, 0xff, 0xef, 0x7f, 0xff, 0xff,
    0xff, 0xff, 0xe0, 0x5, 0xff, 0xec, 0x5d, 0xef,
    0xed, 0xff, 0xdd, 0xc0, 0x1, 0x41, 0x0, 0x0,
    0x6f, 0x62, 0xfb, 0x2, 0x20, 0x0, 0x3, 0x7a,
    0x60, 0xaf, 0x42, 0xfb, 0x6, 0xf1, 0xc, 0xff,
    0xff, 0x84, 0xfe, 0x2, 0xfb, 0x6, 0xf1, 0xd,
    0xda, 0x76, 0xaf, 0xf4, 0x1, 0xff, 0xbe, 0xf0,
    0x0, 0x0, 0x1, 0xee, 0x40, 0x0, 0xaf, 0xff,
    0x70, 0x0, 0x0, 0x0, 0x20, 0x0, 0x0, 0x0,
    0x0, 0x0,

    /* U+7ED8 "绘" */
    0x0, 0x0, 0x0, 0x0, 0x0, 0x0, 0x0, 0x0,
    0x0, 0x0, 0x2, 0xe6, 0x0, 0x0, 0x6f, 0xb0,
    0x0, 0x0, 0x0, 0xa, 0xf5, 0x0, 0x1, 0xef,
    0xf5, 0x0, 0x0, 0x0, 0x4f, 0xc0, 0x0, 0xb,
    0xf9, 0xff, 0x20, 0x0, 0x0, 0xdf, 0x2a, 0xc2,
    0xaf, 0xb0, 0x7f, 0xe2, 0x0, 0xa, 0xfb, 0x7f,
    0xdb, 0xfc, 0x0, 0x8, 0xfe, 0x50, 0xc, 0xff,
    0xff, 0xcf, 0xfa, 0x99, 0x99, 0xdf, 0xe0, 0x5,
    0x8d, 0xfa, 0x2b, 0x9f, 0xff, 0xff, 0xa4, 0x60,
    0x0, 0x3f, 0xf1, 0x0, 0x12, 0x22, 0x22, 0x10,
    0x0, 0x1, 0xdf, 0x70, 0x0, 0x0, 0x0, 0x0,
    0x0, 0x0, 0x8, 0xff, 0xcf, 0x6f, 0xff, 0xff,
    0xff, 0xff, 0x70, 0x6, 0xff, 0xfe, 0x5b, 0xbf,
    0xfc, 0xbb, 0xbb, 0x50, 0x2, 0x63, 0x10, 0x0,
    0x3f, 0xd0, 0x2c, 0x40, 0x0, 0x0, 0x2, 0x58,
    0x40, 0xdf, 0x40, 0x3f, 0xe0, 0x0, 0xb, 0xef,
    0xff, 0x79, 0xfa, 0x34, 0x5d, 0xf9, 0x0, 0xe,
    0xfe, 0xb8, 0x3e, 0xff, 0xff, 0xff, 0xff, 0x30,
    0x4, 0x20, 0x0, 0x7, 0xa9, 0x87, 0x65, 0x7e,
    0x30, 0x0, 0x0, 0x0, 0x0, 0x0, 0x0, 0x0,
    0x1, 0x0,

    /* U+7EDC "络" */
    0x0, 0x2, 0x0, 0x0, 0x15, 0x0, 0x0, 0x0,
    0x0, 0x2, 0xfa, 0x0, 0x9, 0xfa, 0x0, 0x0,
    0x0, 0x0, 0xaf, 0x60, 0x2, 0xff, 0xed, 0xdd,
    0xd5, 0x0, 0x3f, 0xd0, 0x30, 0xcf, 0xff, 0xff,
    0xff, 0x60, 0xc, 0xf4, 0x5f, 0xdf, 0xf9, 0x0,
    0x2f, 0xf1, 0x7, 0xfc, 0x4e, 0xfe, 0xec, 0xf7,
    0x2e, 0xf6, 0x0, 0xaf, 0xff, 0xf7, 0x43, 0x1d,
    0xff, 0xf7, 0x0, 0x5, 0x9b, 0xfd, 0x0, 0x6,
    0xdf, 0xff, 0x94, 0x0, 0x1, 0xef, 0x33, 0xbf,
    0xff, 0x97, 0xef, 0xff, 0x40, 0xbf, 0x70, 0x3f,
    0xd7, 0x10, 0x0, 0x5a, 0xe0, 0x6f, 0xfd, 0xf9,
    0x2c, 0xcc, 0xcc, 0xcc, 0xc0, 0x5, 0xff, 0xfe,
    0x71, 0xff, 0xff, 0xff, 0xff, 0x10, 0x6, 0x31,
    0x0, 0x1f, 0xd0, 0x0, 0xe, 0xf1, 0x0, 0x3,
    0x68, 0x91, 0xfd, 0x0, 0x0, 0xef, 0x10, 0xcf,
    0xff, 0xff, 0x1f, 0xfa, 0xaa, 0xaf, 0xf1, 0xb,
    0xec, 0x97, 0x41, 0xff, 0xff, 0xff, 0xff, 0x10,
    0x0, 0x0, 0x0, 0x1f, 0xd1, 0x11, 0x1e, 0xf1,
    0x0,

    /* U+7EDF "统" */
    0x0, 0x0, 0x0, 0x0, 0x0, 0x11, 0x0, 0x0,
    0x0, 0x2, 0xd6, 0x0, 0x0, 0xbf, 0x90, 0x0,
    0x0, 0x0, 0xaf, 0x50, 0x11, 0x17, 0xfe, 0x11,
    0x11, 0x0, 0x2f, 0xd0, 0x3f, 0xff, 0xff, 0xff,
    0xff, 0xe0, 0xb, 0xf4, 0x46, 0xbb, 0xdf, 0xeb,
    0xbb, 0xba, 0x5, 0xfb, 0x1e, 0xf2, 0x1e, 0xf3,
    0x7, 0x20, 0x0, 0xcf, 0xff, 0xf9, 0xc, 0xf6,
    0x4, 0xfc, 0x0, 0x9, 0xee, 0xfe, 0x1a, 0xf9,
    0x0, 0x1b, 0xf9, 0x0, 0x0, 0xcf, 0x54, 0xff,
    0xff, 0xff, 0xff, 0xf4, 0x0, 0x8f, 0xa0, 0xf,
    0xff, 0xec, 0xfe, 0x9f, 0x90, 0x4f, 0xf9, 0xa6,
    0x4, 0xf9, 0x1f, 0xd0, 0x30, 0x6, 0xff, 0xff,
    0x80, 0x6f, 0x81, 0xfd, 0x0, 0x0, 0x18, 0x53,
    0x0, 0x8, 0xf6, 0x1f, 0xd0, 0x47, 0x10, 0x2,
    0x58, 0x80, 0xdf, 0x21, 0xfd, 0x7, 0xf3, 0xbf,
    0xff, 0xfd, 0x8f, 0xc0, 0xf, 0xd0, 0x8f, 0x2c,
    0xfe, 0xb9, 0xff, 0xf2, 0x0, 0xff, 0xcf, 0xf1,
    0x21, 0x0, 0xb, 0xe3, 0x0, 0x8, 0xff, 0xf9,
    0x0, 0x0, 0x0, 0x11, 0x0, 0x0, 0x0, 0x0,
    0x0,

    /* U+7EE7 "继" */
    0x0, 0x1, 0x0, 0x0, 0x0, 0x0, 0x0, 0x0,
    0x0, 0x4, 0xf6, 0x1f, 0xd1, 0x20, 0xfe, 0x2,
    0x0, 0x0, 0xce, 0x1, 0xfd, 0xeb, 0xf, 0xe0,
    0xdd, 0x0, 0x4f, 0x71, 0x1f, 0xd8, 0xf3, 0xfe,
    0x4f, 0x80, 0xd, 0xe0, 0xcc, 0xfd, 0x1f, 0xbf,
    0xec, 0xe1, 0x8, 0xfa, 0x7f, 0xcf, 0xd0, 0x52,
    0xfe, 0x35, 0x0, 0xbf, 0xff, 0xf3, 0xfd, 0x9c,
    0xcf, 0xfc, 0xca, 0x5, 0x8c, 0xf9, 0x1f, 0xdc,
    0xff, 0xff, 0xff, 0xd0, 0x1, 0xff, 0x11, 0xfd,
    0x11, 0x9f, 0xe1, 0x11, 0x0, 0xbf, 0x70, 0x1f,
    0xd0, 0x2f, 0xff, 0x70, 0x0, 0x6f, 0xfc, 0xf5,
    0xfd, 0x1d, 0xff, 0xff, 0xa0, 0x5, 0xff, 0xff,
    0x5f, 0xdc, 0xf9, 0xff, 0xdf, 0xd0, 0x17, 0x52,
    0x1, 0xfd, 0xdd, 0xf, 0xe1, 0xcb, 0x0, 0x0,
    0x36, 0x3f, 0xd5, 0x10, 0xfe, 0x0, 0x10, 0x8d,
    0xff, 0xf7, 0xfd, 0x0, 0x8, 0x80, 0x0, 0xb,
    0xff, 0xec, 0x5f, 0xff, 0xff, 0xff, 0xff, 0xf2,
    0x44, 0x10, 0x1, 0xff, 0xff, 0xff, 0xff, 0xff,
    0x30,

    /* U+7EEA "绪" */
    0x0, 0x0, 0x0, 0x0, 0x0, 0x0, 0x0, 0x0,
    0x0, 0x0, 0x7, 0xd3, 0x0, 0x5, 0xf9, 0x0,
    0x1, 0x0, 0x0, 0xe, 0xe0, 0x5, 0xbc, 0xfe,
    0xb9, 0x4f, 0x80, 0x0, 0x7f, 0x61, 0x8, 0xff,
    0xff, 0xfe, 0xef, 0x40, 0x1, 0xed, 0xc, 0xc1,
    0x6, 0xfa, 0xb, 0xfb, 0x0, 0xa, 0xf6, 0x5f,
    0xb0, 0x6, 0xfa, 0x6f, 0xf2, 0x0, 0xf, 0xff,
    0xff, 0x8f, 0xff, 0xff, 0xff, 0xff, 0xf0, 0xc,
    0xce, 0xf9, 0x3b, 0xbb, 0xff, 0xfb, 0xbb, 0xb0,
    0x0, 0x2f, 0xe1, 0x0, 0x1b, 0xff, 0x50, 0x0,
    0x0, 0x0, 0xcf, 0x50, 0x7, 0xff, 0xff, 0xff,
    0xfc, 0x0, 0x8, 0xff, 0xdf, 0xcf, 0xfe, 0xaa,
    0xab, 0xfc, 0x0, 0x8, 0xff, 0xfe, 0x7c, 0xfc,
    0x0, 0x1, 0xfc, 0x0, 0x3, 0x74, 0x10, 0x1,
    0xff, 0xff, 0xff, 0xfc, 0x0, 0x0, 0x2, 0x69,
    0x51, 0xfe, 0x88, 0x88, 0xfc, 0x0, 0xc, 0xff,
    0xff, 0x71, 0xfc, 0x0, 0x2, 0xfc, 0x0, 0xe,
    0xfe, 0xb8, 0x31, 0xff, 0xff, 0xff, 0xfc, 0x0,
    0x3, 0x10, 0x0, 0x1, 0xfe, 0x99, 0x99, 0xfc,
    0x0,

    /* U+7EED "续" */
    0x0, 0x0, 0x0, 0x0, 0x0, 0x0, 0x0, 0x0,
    0x0, 0x0, 0x7e, 0x30, 0x0, 0x4, 0xfb, 0x0,
    0x0, 0x0, 0xe, 0xe0, 0xd, 0xff, 0xff, 0xff,
    0xff, 0x40, 0x7, 0xf6, 0x0, 0x9a, 0xac, 0xfe,
    0xaa, 0xa3, 0x1, 0xfd, 0xa, 0x70, 0x0, 0x4f,
    0xb0, 0x0, 0x0, 0xbf, 0x65, 0xfc, 0xff, 0xff,
    0xff, 0xff, 0xfb, 0xf, 0xff, 0xff, 0x3b, 0xcb,
    0xbb, 0xbb, 0xbf, 0xc0, 0x9a, 0xdf, 0x80, 0x5f,
    0x93, 0x9f, 0x55, 0xf7, 0x0, 0x3f, 0xd0, 0x3,
    0x4c, 0xca, 0xf5, 0x7d, 0x10, 0x1d, 0xf3, 0x12,
    0xfc, 0x41, 0xaf, 0x40, 0x0, 0xa, 0xff, 0xef,
    0x22, 0xaf, 0x2b, 0xf4, 0x0, 0x0, 0xaf, 0xfe,
    0xb6, 0xaa, 0xca, 0xef, 0xba, 0xa9, 0x3, 0x41,
    0x0, 0x8f, 0xff, 0xff, 0xff, 0xff, 0xe0, 0x2,
    0x58, 0xb2, 0x0, 0x1c, 0xfe, 0x50, 0x0, 0xf,
    0xff, 0xff, 0x30, 0x6e, 0xfd, 0xff, 0xc4, 0x0,
    0xdd, 0xa7, 0x4c, 0xff, 0xf9, 0x2, 0xaf, 0xfa,
    0x0, 0x0, 0x0, 0xae, 0x92, 0x0, 0x0, 0x3c,
    0x50, 0x0, 0x0, 0x0, 0x0, 0x0, 0x0, 0x0,
    0x0,

    /* U+7EF4 "维" */
    0x0, 0x7, 0x10, 0x0, 0x62, 0x1, 0x20, 0x0,
    0x0, 0x6, 0xf9, 0x0, 0x5f, 0x90, 0xfe, 0x0,
    0x0, 0x0, 0xef, 0x10, 0x9, 0xf4, 0xb, 0xf3,
    0x0, 0x0, 0x6f, 0x90, 0x0, 0xef, 0xcc, 0xef,
    0xdc, 0xc1, 0x1f, 0xf1, 0xbc, 0x5f, 0xff, 0xff,
    0xff, 0xff, 0x1a, 0xfb, 0x7f, 0xbb, 0xfa, 0x0,
    0xbf, 0x10, 0x0, 0xcf, 0xff, 0xf7, 0xff, 0xa0,
    0xb, 0xf1, 0x0, 0x6, 0xbc, 0xf9, 0xcf, 0xff,
    0xff, 0xff, 0xff, 0xd0, 0x1, 0xee, 0x15, 0xdf,
    0xeb, 0xbe, 0xfc, 0xb9, 0x0, 0xaf, 0x50, 0x14,
    0xfa, 0x0, 0xbf, 0x10, 0x0, 0x5f, 0xfd, 0xf8,
    0x3f, 0xeb, 0xbe, 0xfb, 0xb8, 0x4, 0xff, 0xfd,
    0x53, 0xff, 0xff, 0xff, 0xff, 0xd0, 0x5, 0x20,
    0x0, 0x3f, 0xa1, 0x1b, 0xf2, 0x11, 0x0, 0x3,
    0x69, 0x83, 0xfa, 0x0, 0xbf, 0x10, 0x0, 0xbf,
    0xff, 0xfb, 0x3f, 0xec, 0xce, 0xfc, 0xcc, 0x3a,
    0xec, 0x96, 0x33, 0xff, 0xff, 0xff, 0xff, 0xf4,
    0x0, 0x0, 0x0, 0x3f, 0xa0, 0x0, 0x0, 0x0,
    0x0,

    /* U+7F13 "缓" */
    0x0, 0x6, 0x70, 0x0, 0x0, 0x0, 0x13, 0x46,
    0x20, 0x0, 0xe, 0xe0, 0x6d, 0xde, 0xff, 0xff,
    0xff, 0x80, 0x0, 0x5f, 0x80, 0x5c, 0xca, 0x9b,
    0x76, 0x84, 0x10, 0x0, 0xcf, 0x20, 0x6, 0xe0,
    0x5f, 0x40, 0xde, 0x0, 0x4, 0xfa, 0x1e, 0x55,
    0xf6, 0x1f, 0x93, 0xf8, 0x0, 0xd, 0xf6, 0x9f,
    0x89, 0xf9, 0x9d, 0x9c, 0xfa, 0x40, 0xe, 0xff,
    0xfd, 0x4f, 0xff, 0xff, 0xff, 0xff, 0x80, 0x8,
    0xae, 0xf5, 0x0, 0x6f, 0x60, 0x0, 0x0, 0x0,
    0x0, 0x3f, 0xc0, 0xbf, 0xff, 0xff, 0xff, 0xff,
    0xe0, 0x0, 0xdf, 0x20, 0x57, 0xef, 0x77, 0x77,
    0x77, 0x70, 0xa, 0xfe, 0xce, 0x2, 0xfe, 0x99,
    0x99, 0x98, 0x0, 0xa, 0xff, 0xfe, 0x8, 0xff,
    0xff, 0xff, 0xfd, 0x0, 0x4, 0x64, 0x10, 0x1e,
    0xed, 0xe1, 0xa, 0xf7, 0x0, 0x0, 0x14, 0x7a,
    0x9f, 0x63, 0xfd, 0xbf, 0x90, 0x0, 0xe, 0xff,
    0xff, 0xfc, 0x2, 0xbf, 0xfd, 0x20, 0x0, 0xe,
    0xeb, 0x9f, 0xfb, 0xcf, 0xfc, 0xbf, 0xfd, 0x90,
    0x1, 0x0, 0x7, 0x5e, 0xfb, 0x40, 0x3, 0xaf,
    0xb0, 0x0, 0x0, 0x0, 0x2, 0x0, 0x0, 0x0,
    0x0, 0x20,

    /* U+7F18 "缘" */
    0x0, 0x0, 0x0, 0x0, 0x0, 0x0, 0x0, 0x0,
    0x0, 0x0, 0x9, 0xf1, 0x0, 0xbf, 0xff, 0xff,
    0xf8, 0x0, 0x0, 0x1f, 0xa0, 0x0, 0xeb, 0x77,
    0x7a, 0xf5, 0x0, 0x0, 0x7f, 0x30, 0x3, 0xf6,
    0x0, 0x7, 0xf3, 0x0, 0x0, 0xeb, 0xc, 0x57,
    0xff, 0xff, 0xff, 0xf1, 0x0, 0x9, 0xf6, 0x8f,
    0x83, 0x66, 0x66, 0x6e, 0xf0, 0x0, 0xf, 0xff,
    0xff, 0x58, 0x88, 0x88, 0x8f, 0xe8, 0x70, 0xb,
    0xde, 0xf7, 0x8f, 0xff, 0xff, 0xff, 0xff, 0xe0,
    0x0, 0x1f, 0xd0, 0x0, 0x4b, 0xfe, 0x20, 0x8,
    0x0, 0x0, 0xbf, 0x40, 0x6e, 0xfd, 0xbf, 0x44,
    0xef, 0x60, 0x7, 0xff, 0xcc, 0x6b, 0x57, 0xff,
    0xff, 0xf6, 0x0, 0x8, 0xff, 0xfb, 0x6, 0xef,
    0x8c, 0xfc, 0xf6, 0x0, 0x2, 0x53, 0x0, 0xbf,
    0xb4, 0xbf, 0xf3, 0xec, 0x0, 0x0, 0x2, 0x57,
    0x32, 0x6e, 0xfb, 0xf4, 0x8f, 0x70, 0xc, 0xff,
    0xff, 0x6d, 0xfd, 0x36, 0xf4, 0x1f, 0xf1, 0xc,
    0xfc, 0xa7, 0xce, 0x69, 0xaf, 0xf3, 0x5, 0xa0,
    0x1, 0x0, 0x0, 0x20, 0xc, 0xff, 0x90, 0x0,
    0x10,

    /* U+7F1D "缝" */
    0x0, 0x0, 0x0, 0x0, 0x0, 0x10, 0x0, 0x0,
    0x0, 0x8, 0x91, 0x12, 0x0, 0x1f, 0xa0, 0x0,
    0x0, 0x0, 0xee, 0xd, 0xd0, 0xb, 0xff, 0xff,
    0xf6, 0x0, 0x4f, 0x80, 0x8f, 0x38, 0xfe, 0x66,
    0xbf, 0x40, 0xa, 0xf2, 0x13, 0xf9, 0xed, 0xf9,
    0x7f, 0xa0, 0x2, 0xfa, 0x2f, 0x5b, 0x64, 0x1a,
    0xff, 0xc0, 0x0, 0xaf, 0x7a, 0xf2, 0x0, 0x5b,
    0xff, 0xff, 0xc7, 0x1c, 0xff, 0xfc, 0x44, 0x3f,
    0xfa, 0x22, 0x9f, 0xf1, 0x7b, 0xef, 0x6f, 0xf9,
    0x53, 0x2d, 0xe2, 0x25, 0x0, 0x2f, 0xb1, 0x9f,
    0x98, 0xff, 0xff, 0xff, 0x90, 0xb, 0xf2, 0x2,
    0xf9, 0x13, 0x3d, 0xf3, 0x31, 0x6, 0xff, 0xec,
    0x2f, 0x95, 0xff, 0xff, 0xff, 0x50, 0x4f, 0xfe,
    0xa2, 0xf9, 0x14, 0x4d, 0xf4, 0x41, 0x0, 0x41,
    0x0, 0x2f, 0x9c, 0xee, 0xff, 0xee, 0xe1, 0x2,
    0x59, 0xc6, 0xfa, 0x57, 0x7e, 0xf7, 0x77, 0xd,
    0xff, 0xff, 0xff, 0xf8, 0x0, 0x9a, 0x0, 0x0,
    0xaa, 0x74, 0xef, 0x8e, 0xff, 0xed, 0xdd, 0xdd,
    0x30, 0x0, 0x7, 0xa0, 0x18, 0xdf, 0xff, 0xff,
    0xf1, 0x0, 0x0, 0x0, 0x0, 0x0, 0x0, 0x0,
    0x0, 0x0,

    /* U+7F29 "缩" */
    0x0, 0x1, 0x0, 0x0, 0x0, 0x24, 0x20, 0x0,
    0x0, 0x0, 0xce, 0x20, 0x0, 0x6, 0xfa, 0x0,
    0x0, 0x0, 0x3f, 0xc0, 0x5b, 0xbb, 0xcf, 0xfb,
    0xbb, 0x70, 0xa, 0xf4, 0x8, 0xff, 0xff, 0xff,
    0xff, 0xfa, 0x3, 0xfc, 0x8, 0x9f, 0x71, 0x0,
    0x0, 0x2f, 0xa0, 0xcf, 0x89, 0xf8, 0x5f, 0xfa,
    0xaa, 0xaa, 0xa7, 0xe, 0xff, 0xfe, 0x7, 0xfb,
    0xff, 0xff, 0xff, 0xb0, 0x78, 0xef, 0x60, 0xef,
    0x0, 0xd, 0xc0, 0x0, 0x0, 0x4f, 0xc0, 0x8f,
    0xe0, 0xaa, 0xfe, 0xaa, 0x10, 0x1e, 0xf3, 0x2f,
    0xfe, 0xf, 0xff, 0xff, 0xf2, 0x9, 0xff, 0xda,
    0xff, 0xe0, 0xfb, 0x0, 0xaf, 0x20, 0x7f, 0xff,
    0x78, 0xce, 0xf, 0xe9, 0x9d, 0xf2, 0x2, 0x42,
    0x0, 0xc, 0xe0, 0xff, 0xff, 0xff, 0x20, 0x0,
    0x1, 0x40, 0xce, 0xf, 0xb0, 0xa, 0xf2, 0x8,
    0xbe, 0xff, 0xc, 0xe0, 0xfb, 0x0, 0xaf, 0x20,
    0xef, 0xfe, 0xb0, 0xce, 0xf, 0xff, 0xff, 0xf2,
    0x6, 0x41, 0x0, 0xc, 0xe0, 0xfd, 0x99, 0xdf,
    0x20, 0x0, 0x0, 0x0, 0x1, 0x0, 0x0, 0x0,
    0x0,

    /* U+7F51 "网" */
    0x1f, 0xff, 0xff, 0xff, 0xff, 0xff, 0xff, 0xf2,
    0x1f, 0xfd, 0xdd, 0xdd, 0xdd, 0xdd, 0xdf, 0xf2,
    0x1f, 0xe0, 0x0, 0x0, 0x0, 0x0, 0xd, 0xf2,
    0x1f, 0xe4, 0x80, 0x3f, 0x50, 0xa, 0x9d, 0xf2,
    0x1f, 0xeb, 0xf1, 0x9f, 0xc9, 0x1f, 0xad, 0xf2,
    0x1f, 0xe3, 0xfa, 0xed, 0xcf, 0x8f, 0x5d, 0xf2,
    0x1f, 0xe0, 0xbf, 0xf7, 0x4f, 0xfe, 0xd, 0xf2,
    0x1f, 0xe0, 0x4f, 0xf1, 0xc, 0xf9, 0xd, 0xf2,
    0x1f, 0xe0, 0x3f, 0xf1, 0xb, 0xf8, 0xd, 0xf2,
    0x1f, 0xe0, 0xcf, 0xf8, 0x3f, 0xff, 0xd, 0xf2,
    0x1f, 0xe5, 0xfb, 0xdf, 0xcf, 0xaf, 0x7d, 0xf2,
    0x1f, 0xed, 0xf2, 0x69, 0xfb, 0xe, 0xee, 0xf2,
    0x1f, 0xff, 0x90, 0xd, 0xf2, 0x8, 0x8e, 0xf2,
    0x1f, 0xe3, 0x10, 0x3, 0x70, 0x0, 0xe, 0xf2,
    0x1f, 0xe0, 0x0, 0x0, 0x0, 0xee, 0xff, 0xf0,
    0x1f, 0xe0, 0x0, 0x0, 0x0, 0xdf, 0xfe, 0x70,
    0x1, 0x0, 0x0, 0x0, 0x0, 0x0, 0x0, 0x0,

    /* U+7F6E "置" */
    0x1, 0xff, 0xff, 0xff, 0xff, 0xff, 0xff, 0xff,
    0x10, 0x1, 0xff, 0x44, 0xff, 0x44, 0xff, 0x44,
    0xef, 0x10, 0x1, 0xff, 0x77, 0xff, 0x77, 0xff,
    0x77, 0xff, 0x10, 0x1, 0xee, 0xee, 0xee, 0xff,
    0xee, 0xee, 0xee, 0x10, 0x1, 0x33, 0x33, 0x33,
    0xff, 0x43, 0x33, 0x33, 0x10, 0x9, 0xff, 0xff,
    0xff, 0xff, 0xff, 0xff, 0xff, 0x90, 0x0, 0x13,
    0x33, 0x33, 0xff, 0x33, 0x33, 0x31, 0x0, 0x0,
    0xf, 0xff, 0xff, 0xff, 0xff, 0xff, 0xf0, 0x0,
    0x0, 0xf, 0xf4, 0x44, 0x44, 0x44, 0x4f, 0xf0,
    0x0, 0x0, 0xf, 0xff, 0xff, 0xff, 0xff, 0xff,
    0xf0, 0x0, 0x0, 0xf, 0xf3, 0x33, 0x33, 0x33,
    0x3f, 0xf0, 0x0, 0x0, 0xf, 0xff, 0xff, 0xff,
    0xff, 0xff, 0xf0, 0x0, 0x0, 0xf, 0xf3, 0x33,
    0x33, 0x33, 0x3f, 0xf0, 0x0, 0x0, 0xf, 0xfe,
    0xee, 0xee, 0xee, 0xef, 0xf0, 0x0, 0x6, 0x6f,
    0xf6, 0x66, 0x66, 0x66, 0x6f, 0xf6, 0x60, 0xf,
    0xff, 0xff, 0xff, 0xff, 0xff, 0xff, 0xff, 0xf1,

    /* U+8003 "考" */
    0x0, 0x0, 0x0, 0x7f, 0x90, 0x0, 0x3, 0x60,
    0x0, 0x5, 0xbb, 0xbd, 0xfd, 0xbb, 0xb4, 0xef,
    0x50, 0x0, 0x8f, 0xff, 0xff, 0xff, 0xff, 0xff,
    0xb0, 0x0, 0x0, 0x0, 0x8, 0xf9, 0x0, 0xbf,
    0xe1, 0x0, 0x1, 0x22, 0x22, 0x8f, 0xa2, 0x9f,
    0xf5, 0x22, 0x10, 0xff, 0xff, 0xff, 0xff, 0xff,
    0xff, 0xff, 0xfe, 0x9, 0x99, 0x99, 0x9d, 0xff,
    0xd9, 0x99, 0x99, 0x80, 0x0, 0x0, 0x2a, 0xff,
    0xe9, 0x99, 0x99, 0x90, 0x0, 0x3, 0x9f, 0xff,
    0xff, 0xff, 0xff, 0xff, 0x0, 0x6c, 0xff, 0xff,
    0x41, 0x11, 0x11, 0x11, 0x0, 0xf, 0xfe, 0x9f,
    0xfb, 0xaa, 0xaa, 0xaa, 0x60, 0x0, 0x97, 0x4,
    0xff, 0xff, 0xff, 0xff, 0xf8, 0x0, 0x0, 0x0,
    0x0, 0x0, 0x0, 0x0, 0xbf, 0x50, 0x0, 0x0,
    0x0, 0x0, 0x0, 0x0, 0xe, 0xf3, 0x0, 0x0,
    0x0, 0x0, 0x2c, 0xcc, 0xce, 0xfe, 0x0, 0x0,
    0x0, 0x0, 0x0, 0xff, 0xff, 0xfd, 0x40, 0x0,

    /* U+800C "而" */
    0xef, 0xff, 0xff, 0xff, 0xff, 0xff, 0xff, 0xfa,
    0xde, 0xee, 0xee, 0xff, 0xfe, 0xee, 0xee, 0xe9,
    0x0, 0x0, 0x0, 0xbf, 0x90, 0x0, 0x0, 0x0,
    0x0, 0x0, 0x0, 0xef, 0x50, 0x0, 0x0, 0x0,
    0x1, 0x11, 0x13, 0xff, 0x31, 0x11, 0x11, 0x0,
    0x1f, 0xff, 0xff, 0xff, 0xff, 0xff, 0xff, 0xe0,
    0x1f, 0xff, 0xff, 0xff, 0xff, 0xff, 0xff, 0xe0,
    0x1f, 0xf0, 0x1f, 0xd0, 0x2f, 0xd0, 0x3f, 0xe0,
    0x1f, 0xf0, 0x1f, 0xd0, 0x2f, 0xd0, 0x3f, 0xe0,
    0x1f, 0xf0, 0x1f, 0xd0, 0x2f, 0xd0, 0x3f, 0xe0,
    0x1f, 0xf0, 0x1f, 0xd0, 0x2f, 0xd0, 0x3f, 0xe0,
    0x1f, 0xf0, 0x1f, 0xd0, 0x2f, 0xd0, 0x3f, 0xe0,
    0x1f, 0xf0, 0x1f, 0xd0, 0x2f, 0xd0, 0x3f, 0xe0,
    0x1f, 0xf0, 0x1f, 0xd0, 0x2f, 0xd0, 0x3f, 0xd0,
    0x1f, 0xf0, 0x1f, 0xd0, 0x2f, 0xfe, 0xff, 0xd0,
    0x1f, 0xf0, 0x6, 0x50, 0x6, 0x7f, 0xfe, 0x50,
    0x1, 0x10, 0x0, 0x0, 0x0, 0x0, 0x0, 0x0,

    /* U+8033 "耳" */
    0xe, 0xff, 0xff, 0xff, 0xff, 0xff, 0xff, 0xff,
    0x80, 0xd, 0xff, 0xff, 0xff, 0xff, 0xff, 0xff,
    0xff, 0x70, 0x0, 0xf, 0xf3, 0x0, 0x0, 0x0,
    0xcf, 0x50, 0x0, 0x0, 0xf, 0xf3, 0x0, 0x0,
    0x0, 0xcf, 0x50, 0x0, 0x0, 0xf, 0xfd, 0xdd,
    0xdd, 0xdd, 0xff, 0x50, 0x0, 0x0, 0xf, 0xff,
    0xff, 0xff, 0xff, 0xff, 0x50, 0x0, 0x0, 0xf,
    0xf3, 0x0, 0x0, 0x0, 0xcf, 0x50, 0x0, 0x0,
    0xf, 0xf3, 0x0, 0x0, 0x0, 0xcf, 0x50, 0x0,
    0x0, 0xf, 0xfd, 0xdd, 0xdd, 0xdd, 0xff, 0x50,
    0x0, 0x0, 0xf, 0xff, 0xff, 0xff, 0xff, 0xff,
    0x50, 0x0, 0x0, 0xf, 0xf3, 0x0, 0x0, 0x0,
    0xcf, 0x50, 0x0, 0x0, 0xf, 0xf3, 0x0, 0x1,
    0x22, 0xdf, 0x96, 0x60, 0xb, 0xcf, 0xfe, 0xff,
    0xff, 0xff, 0xff, 0xff, 0xf0, 0xf, 0xff, 0xff,
    0xff, 0xfe, 0xdd, 0xff, 0xca, 0x90, 0x4, 0x32,
    0x21, 0x0, 0x0, 0x0, 0xcf, 0x50, 0x0, 0x0,
    0x0, 0x0, 0x0, 0x0, 0x0, 0xcf, 0x50, 0x0,

    /* U+8046 "聆" */
    0xf, 0xff, 0xff, 0xfe, 0x0, 0xe, 0xf1, 0x0,
    0x0, 0xd, 0xfe, 0xdf, 0xfc, 0x0, 0x8f, 0xda,
    0x0, 0x0, 0x3, 0xf8, 0xb, 0xf0, 0x3, 0xf9,
    0x5f, 0x50, 0x0, 0x3, 0xf8, 0xb, 0xf0, 0x2e,
    0xe0, 0xc, 0xf3, 0x0, 0x3, 0xfd, 0xae, 0xf2,
    0xdf, 0x46, 0x2, 0xee, 0x30, 0x3, 0xff, 0xff,
    0xfd, 0xf7, 0x5f, 0xa0, 0x3f, 0xf0, 0x3, 0xf8,
    0xb, 0xf6, 0x90, 0xc, 0xf4, 0x5, 0x90, 0x3,
    0xf8, 0xb, 0xf0, 0x11, 0x14, 0xa1, 0x11, 0x0,
    0x3, 0xff, 0xff, 0xf1, 0xff, 0xff, 0xff, 0xff,
    0x20, 0x3, 0xfd, 0xae, 0xf0, 0xcc, 0xcc, 0xcd,
    0xff, 0x20, 0x3, 0xf8, 0xb, 0xf0, 0x1, 0x0,
    0xb, 0xf9, 0x0, 0x3, 0xfa, 0x5d, 0xfb, 0x5f,
    0x70, 0x8f, 0xb0, 0x0, 0x1f, 0xff, 0xff, 0xfe,
    0x4e, 0xfd, 0xfd, 0x10, 0x0, 0xd, 0xc9, 0x7d,
    0xf0, 0x1, 0xbf, 0xf9, 0x0, 0x0, 0x0, 0x0,
    0xb, 0xf0, 0x0, 0x6, 0xff, 0xb0, 0x0, 0x0,
    0x0, 0xb, 0xf0, 0x0, 0x0, 0x2c, 0x40, 0x0,
    0x0, 0x0, 0x0, 0x0, 0x0, 0x0, 0x0, 0x0,
    0x0,

    /* U+80FD "能" */
    0x0, 0x2, 0x0, 0x0, 0x0, 0x0, 0x0, 0x0,
    0x0, 0x3, 0xfd, 0x10, 0x0, 0xff, 0x0, 0x5,
    0x0, 0x0, 0xdf, 0x66, 0x80, 0xf, 0xf1, 0x7e,
    0xf5, 0x0, 0xbf, 0x80, 0xcf, 0x60, 0xff, 0xff,
    0xf9, 0x20, 0x8f, 0xf9, 0xac, 0xff, 0x3f, 0xfd,
    0x61, 0x75, 0x8, 0xff, 0xff, 0xed, 0xfc, 0xff,
    0x0, 0xd, 0xf0, 0x13, 0x21, 0x0, 0x6, 0x1e,
    0xf6, 0x55, 0xfd, 0x1, 0xff, 0xff, 0xff, 0xe0,
    0xcf, 0xff, 0xff, 0xa0, 0x1f, 0xea, 0xaa, 0xfe,
    0x1, 0x66, 0x66, 0x50, 0x1, 0xfc, 0x22, 0x2e,
    0xe0, 0xac, 0x0, 0x6, 0x0, 0x1f, 0xff, 0xff,
    0xfe, 0xe, 0xf0, 0x6e, 0xf8, 0x1, 0xfc, 0x55,
    0x5f, 0xe0, 0xef, 0xef, 0xf9, 0x10, 0x1f, 0xd8,
    0x88, 0xfe, 0xe, 0xfe, 0x81, 0x53, 0x1, 0xff,
    0xff, 0xff, 0xe0, 0xef, 0x0, 0xb, 0xf0, 0x1f,
    0xb0, 0x0, 0xfe, 0xe, 0xf0, 0x0, 0xdf, 0x1,
    0xfb, 0x9, 0xdf, 0xe0, 0xdf, 0xdc, 0xcf, 0xd0,
    0x1f, 0xb0, 0x8f, 0xf7, 0x6, 0xff, 0xff, 0xe5,
    0x0, 0x10, 0x0, 0x0, 0x0, 0x0, 0x0, 0x0,
    0x0,

    /* U+8111 "脑" */
    0x0, 0x0, 0x0, 0x0, 0x0, 0x0, 0x0, 0x0,
    0x0, 0x0, 0x0, 0x0, 0x0, 0x0, 0x3c, 0xb0,
    0x0, 0x0, 0x1, 0xff, 0xff, 0xa0, 0x0, 0x1f,
    0xf0, 0x0, 0x0, 0x1, 0xff, 0xdf, 0xa0, 0x0,
    0xe, 0xf4, 0x0, 0x0, 0x1, 0xf9, 0xf, 0xac,
    0xff, 0xff, 0xff, 0xff, 0xf2, 0x1, 0xf9, 0xf,
    0xa9, 0xcc, 0xcc, 0xcc, 0xcc, 0xc2, 0x1, 0xfa,
    0xf, 0xa0, 0x3, 0x90, 0x8, 0x70, 0x0, 0x1,
    0xff, 0xff, 0xa4, 0xaa, 0xf6, 0x2f, 0xab, 0x70,
    0x1, 0xfd, 0xaf, 0xa7, 0xf5, 0xce, 0xbf, 0x3f,
    0xb0, 0x1, 0xf9, 0xf, 0xa7, 0xf5, 0x3f, 0xfa,
    0x1f, 0xb0, 0x1, 0xf9, 0xf, 0xa7, 0xf5, 0xe,
    0xf4, 0x1f, 0xb0, 0x1, 0xff, 0xff, 0xa7, 0xf5,
    0x7f, 0xfb, 0x1f, 0xb0, 0x2, 0xfe, 0xcf, 0xa7,
    0xf7, 0xfd, 0x9f, 0x5f, 0xb0, 0x3, 0xf8, 0xf,
    0xa7, 0xff, 0xf4, 0x1f, 0xef, 0xb0, 0x5, 0xf7,
    0xf, 0xa7, 0xfa, 0xa0, 0x9, 0xbf, 0xb0, 0x9,
    0xf3, 0xf, 0xa7, 0xf6, 0x11, 0x11, 0x2f, 0xb0,
    0xe, 0xe6, 0xef, 0xa7, 0xff, 0xff, 0xff, 0xff,
    0xb0, 0x1b, 0x84, 0xfe, 0x45, 0xbb, 0xbb, 0xbb,
    0xbf, 0xb0, 0x0, 0x0, 0x0, 0x0, 0x0, 0x0,
    0x0, 0x0, 0x0,

    /* U+819C "膜" */
    0x0, 0xff, 0xff, 0xe1, 0x3b, 0xf4, 0x3c, 0xf3,
    0x30, 0x0, 0xff, 0xff, 0xe8, 0xff, 0xff, 0xff,
    0xff, 0xf2, 0x0, 0xfb, 0x3c, 0xe7, 0xde, 0xfd,
    0xdf, 0xfd, 0xd2, 0x0, 0xfa, 0xb, 0xe0, 0x8,
    0xc0, 0x8, 0xc0, 0x0, 0x0, 0xfb, 0x3c, 0xe0,
    0xdd, 0xdd, 0xdd, 0xdd, 0x50, 0x0, 0xff, 0xff,
    0xe0, 0xfb, 0x55, 0x55, 0x8f, 0x60, 0x0, 0xfc,
    0x6d, 0xe0, 0xfe, 0xdd, 0xdd, 0xef, 0x60, 0x0,
    0xfa, 0xb, 0xe0, 0xfc, 0x66, 0x66, 0x8f, 0x60,
    0x0, 0xfb, 0x1b, 0xe0, 0xfd, 0x99, 0x99, 0xbf,
    0x60, 0x0, 0xff, 0xff, 0xe0, 0xff, 0xff, 0xff,
    0xff, 0x60, 0x1, 0xfe, 0xcf, 0xe0, 0x0, 0xd,
    0xf1, 0x0, 0x0, 0x2, 0xf8, 0xb, 0xeb, 0xff,
    0xff, 0xff, 0xff, 0xf3, 0x3, 0xf7, 0xb, 0xe6,
    0x99, 0xdf, 0xfd, 0x99, 0x92, 0x7, 0xf4, 0xb,
    0xe0, 0x5, 0xff, 0xef, 0x70, 0x0, 0xd, 0xf7,
    0xcf, 0xf7, 0xdf, 0xf5, 0x2e, 0xfe, 0x82, 0x9,
    0xb6, 0xff, 0x9f, 0xfa, 0x20, 0x1, 0x9f, 0xf3,
    0x0, 0x10, 0x0, 0x4, 0x10, 0x0, 0x0, 0x1,
    0x50,

    /* U+81EA "自" */
    0x0, 0x0, 0x0, 0x0, 0x0, 0x0, 0x0, 0x0,
    0x0, 0x8, 0xfd, 0x0, 0x0, 0x0, 0x1, 0x11,
    0x1d, 0xfb, 0x11, 0x11, 0x11, 0x4f, 0xff, 0xff,
    0xff, 0xff, 0xff, 0xfe, 0x4f, 0xfd, 0xdd, 0xdd,
    0xdd, 0xde, 0xfe, 0x4f, 0xd0, 0x0, 0x0, 0x0,
    0x3, 0xfe, 0x4f, 0xd2, 0x22, 0x22, 0x22, 0x25,
    0xfe, 0x4f, 0xff, 0xff, 0xff, 0xff, 0xff, 0xfe,
    0x4f, 0xfa, 0xaa, 0xaa, 0xaa, 0xab, 0xfe, 0x4f,
    0xd0, 0x0, 0x0, 0x0, 0x3, 0xfe, 0x4f, 0xfc,
    0xcc, 0xcc, 0xcc, 0xcd, 0xfe, 0x4f, 0xff, 0xff,
    0xff, 0xff, 0xff, 0xfe, 0x4f, 0xd0, 0x0, 0x0,
    0x0, 0x4, 0xfe, 0x4f, 0xd0, 0x0, 0x0, 0x0,
    0x3, 0xfe, 0x4f, 0xfd, 0xdd, 0xdd, 0xdd, 0xde,
    0xfe, 0x4f, 0xff, 0xff, 0xff, 0xff, 0xff, 0xfe,
    0x4f, 0xd0, 0x0, 0x0, 0x0, 0x4, 0xfe, 0x1,
    0x0, 0x0, 0x0, 0x0, 0x0, 0x0,

    /* U+820D "舍" */
    0x0, 0x0, 0x0, 0x4f, 0xfa, 0x0, 0x0, 0x0,
    0x0, 0x0, 0x0, 0x6f, 0xff, 0xfb, 0x10, 0x0,
    0x0, 0x0, 0x2, 0xbf, 0xf6, 0x2d, 0xfe, 0x60,
    0x0, 0x0, 0x39, 0xff, 0xe4, 0x0, 0x19, 0xff,
    0xd7, 0x10, 0xaf, 0xff, 0xff, 0xff, 0xff, 0xff,
    0xff, 0xff, 0x25, 0xe8, 0x19, 0x99, 0xef, 0xb9,
    0x94, 0x3b, 0xa0, 0x1, 0x0, 0x0, 0xc, 0xf4,
    0x0, 0x0, 0x0, 0x6, 0xff, 0xff, 0xff, 0xff,
    0xff, 0xff, 0xff, 0xd0, 0x4b, 0xbb, 0xbb, 0xbf,
    0xfc, 0xbb, 0xbb, 0xb9, 0x0, 0x0, 0x0, 0x0,
    0xcf, 0x40, 0x0, 0x0, 0x0, 0x0, 0xbf, 0xff,
    0xff, 0xff, 0xff, 0xff, 0x20, 0x0, 0xc, 0xfd,
    0xcc, 0xcc, 0xcc, 0xcf, 0xf3, 0x0, 0x0, 0xcf,
    0x40, 0x0, 0x0, 0x0, 0xdf, 0x30, 0x0, 0xc,
    0xf4, 0x0, 0x0, 0x0, 0xd, 0xf3, 0x0, 0x0,
    0xcf, 0xff, 0xff, 0xff, 0xff, 0xff, 0x30, 0x0,
    0xc, 0xfb, 0xaa, 0xaa, 0xaa, 0xae, 0xf3, 0x0,

    /* U+826F "良" */
    0x0, 0x0, 0x1, 0x45, 0x0, 0x0, 0x0, 0x0,
    0x0, 0x0, 0x4f, 0xf1, 0x0, 0x0, 0x0, 0x3c,
    0xcc, 0xcc, 0xff, 0xdc, 0xcc, 0xc1, 0x4, 0xff,
    0xff, 0xff, 0xff, 0xff, 0xff, 0x20, 0x4f, 0xc0,
    0x0, 0x0, 0x0, 0xe, 0xf2, 0x4, 0xfe, 0xaa,
    0xaa, 0xaa, 0xaa, 0xff, 0x20, 0x4f, 0xff, 0xff,
    0xff, 0xff, 0xff, 0xf2, 0x4, 0xfc, 0x11, 0x11,
    0x11, 0x11, 0xef, 0x20, 0x4f, 0xc0, 0x0, 0x0,
    0x0, 0xe, 0xf2, 0x4, 0xff, 0xff, 0xff, 0xff,
    0xff, 0xff, 0x20, 0x4f, 0xeb, 0xdf, 0xfb, 0xbb,
    0xbc, 0xf1, 0x4, 0xfc, 0x0, 0xdf, 0x50, 0x5,
    0xef, 0x70, 0x4f, 0xc0, 0x4, 0xff, 0x6c, 0xff,
    0xa1, 0x4, 0xfc, 0x0, 0x9, 0xff, 0xfb, 0x30,
    0x0, 0x4f, 0xc5, 0xaf, 0xd5, 0xff, 0xe8, 0x30,
    0xa, 0xff, 0xff, 0xfb, 0x2, 0xaf, 0xff, 0xf8,
    0x8f, 0xfb, 0x62, 0x0, 0x0, 0x17, 0xcf, 0x61,
    0x50, 0x0, 0x0, 0x0, 0x0, 0x0, 0x10,

    /* U+8272 "色" */
    0x0, 0x0, 0x16, 0x10, 0x0, 0x0, 0x0, 0x0,
    0x0, 0x0, 0x9, 0xfc, 0x0, 0x0, 0x0, 0x0,
    0x0, 0x0, 0x4, 0xff, 0xff, 0xff, 0xff, 0xf1,
    0x0, 0x0, 0x2, 0xef, 0xdc, 0xcc, 0xcf, 0xff,
    0x10, 0x0, 0x1, 0xdf, 0xb0, 0x0, 0x6, 0xff,
    0x50, 0x0, 0x2, 0xef, 0xf4, 0x33, 0x36, 0xff,
    0x93, 0x32, 0x0, 0x7f, 0xff, 0xff, 0xff, 0xff,
    0xff, 0xff, 0xe0, 0x0, 0x8f, 0xeb, 0xbb, 0xff,
    0xbb, 0xbb, 0xfe, 0x0, 0x4, 0xfc, 0x0, 0xe,
    0xf1, 0x0, 0x1f, 0xe0, 0x0, 0x4f, 0xc0, 0x0,
    0xef, 0x10, 0x1, 0xfe, 0x0, 0x4, 0xff, 0xff,
    0xff, 0xff, 0xff, 0xff, 0xe0, 0x0, 0x4f, 0xfc,
    0xcc, 0xcc, 0xcc, 0xcc, 0xcb, 0x0, 0x4, 0xfc,
    0x0, 0x0, 0x0, 0x0, 0x0, 0x78, 0x10, 0x4f,
    0xc0, 0x0, 0x0, 0x0, 0x0, 0xa, 0xf3, 0x3,
    0xfe, 0x10, 0x0, 0x0, 0x0, 0x0, 0xdf, 0x20,
    0x1f, 0xff, 0xee, 0xee, 0xee, 0xee, 0xff, 0xf0,
    0x0, 0x5d, 0xff, 0xff, 0xff, 0xff, 0xff, 0xe6,
    0x0,

    /* U+82E5 "若" */
    0x0, 0x0, 0x2f, 0xd0, 0x0, 0x8, 0xf8, 0x0,
    0x0, 0x69, 0x9a, 0xff, 0x99, 0x99, 0xcf, 0xc9,
    0x98, 0xb, 0xff, 0xff, 0xff, 0xff, 0xff, 0xff,
    0xff, 0xe0, 0x45, 0x57, 0xfe, 0x55, 0x55, 0xbf,
    0xb5, 0x55, 0x0, 0x0, 0x19, 0x8d, 0xc2, 0x5,
    0x95, 0x0, 0x0, 0x8b, 0xbb, 0xbc, 0xff, 0xbb,
    0xbb, 0xbb, 0xbb, 0xc, 0xff, 0xff, 0xff, 0xff,
    0xff, 0xff, 0xff, 0xf0, 0x22, 0x22, 0xbf, 0xb2,
    0x22, 0x22, 0x22, 0x22, 0x0, 0x0, 0x6f, 0xf2,
    0x0, 0x0, 0x0, 0x0, 0x0, 0x0, 0x6f, 0xff,
    0xcc, 0xcc, 0xcc, 0xcc, 0x40, 0x0, 0x9f, 0xff,
    0xff, 0xff, 0xff, 0xff, 0xf6, 0x0, 0xdf, 0xef,
    0xf1, 0x0, 0x0, 0x0, 0xbf, 0x60, 0x8, 0xa1,
    0xff, 0x0, 0x0, 0x0, 0xb, 0xf6, 0x0, 0x0,
    0xf, 0xfb, 0xbb, 0xbb, 0xbb, 0xef, 0x60, 0x0,
    0x0, 0xff, 0xff, 0xff, 0xff, 0xff, 0xf6, 0x0,
    0x0, 0xf, 0xf1, 0x11, 0x11, 0x11, 0xbf, 0x60,

    /* U+836F "药" */
    0x0, 0x0, 0xdf, 0x20, 0x1, 0xfe, 0x0, 0x0,
    0x78, 0x88, 0xef, 0x98, 0x89, 0xff, 0x88, 0x87,
    0xef, 0xff, 0xff, 0xff, 0xff, 0xff, 0xff, 0xfe,
    0x44, 0x44, 0xdf, 0x64, 0x45, 0xff, 0x44, 0x44,
    0x0, 0x4c, 0x84, 0x0, 0x3a, 0x94, 0x0, 0x0,
    0x1, 0xee, 0x17, 0x70, 0xbf, 0xdb, 0xbb, 0xb1,
    0x1d, 0xe4, 0x6f, 0xc6, 0xff, 0xff, 0xff, 0xf1,
    0xaf, 0xff, 0xfe, 0x4f, 0xe1, 0x11, 0x1c, 0xf0,
    0x5a, 0xaf, 0xf4, 0x6f, 0x43, 0x0, 0xd, 0xf0,
    0x3, 0xef, 0x60, 0x2, 0x8f, 0x60, 0xd, 0xf0,
    0x3f, 0xfe, 0xbd, 0x90, 0x2e, 0xf6, 0xe, 0xf0,
    0x4f, 0xff, 0xfe, 0x80, 0x2, 0xe9, 0xf, 0xe0,
    0x6, 0x42, 0x0, 0x0, 0x0, 0x10, 0xf, 0xe0,
    0x13, 0x57, 0x9b, 0xd1, 0x0, 0x0, 0x4f, 0xd0,
    0xdf, 0xff, 0xff, 0xf1, 0xa, 0xff, 0xff, 0xa0,
    0x8a, 0x75, 0x31, 0x0, 0x8, 0xff, 0xfc, 0x20,

    /* U+843D "落" */
    0x0, 0x0, 0xe, 0xf1, 0x0, 0x2f, 0xc0, 0x0,
    0x0, 0xe, 0xee, 0xef, 0xfe, 0xee, 0xef, 0xfe,
    0xee, 0xd0, 0xd, 0xdd, 0xdf, 0xfd, 0xdd, 0xdf,
    0xfd, 0xdd, 0xc0, 0x0, 0x31, 0xc, 0xe1, 0x97,
    0x2b, 0x80, 0x0, 0x0, 0x1, 0xee, 0x50, 0x8,
    0xff, 0x99, 0x99, 0x95, 0x0, 0x0, 0x7f, 0xf5,
    0x7f, 0xff, 0xff, 0xff, 0xf9, 0x0, 0x0, 0x2,
    0xa9, 0xff, 0xf6, 0x1, 0x9f, 0xe3, 0x0, 0xa,
    0xc3, 0x8, 0xd3, 0xbf, 0xde, 0xfb, 0x10, 0x0,
    0x9, 0xff, 0x60, 0x48, 0xcf, 0xff, 0xfb, 0x85,
    0x20, 0x0, 0x4e, 0x4f, 0xff, 0xe9, 0x44, 0xaf,
    0xff, 0xe0, 0x0, 0x7, 0x18, 0xdc, 0x99, 0x99,
    0x99, 0xdc, 0x60, 0x0, 0x3f, 0xb0, 0xbf, 0xff,
    0xff, 0xff, 0xf8, 0x0, 0x0, 0x8f, 0x50, 0xbf,
    0x40, 0x0, 0x7, 0xf8, 0x0, 0x0, 0xef, 0x0,
    0xbf, 0x40, 0x0, 0x7, 0xf8, 0x0, 0x3, 0xfa,
    0x0, 0xbf, 0xff, 0xff, 0xff, 0xf8, 0x0, 0x5,
    0xd4, 0x0, 0xbf, 0xa8, 0x88, 0x8b, 0xf8, 0x0,

    /* U+84DD "蓝" */
    0xff, 0xff, 0xff, 0xff, 0xff, 0xff, 0xff, 0xff,
    0xf, 0xff, 0xff, 0xff, 0xff, 0xff, 0xff, 0xff,
    0xf0, 0x66, 0x66, 0xdf, 0x86, 0x67, 0xfe, 0x66,
    0x66, 0x0, 0x0, 0x6, 0x91, 0x0, 0x29, 0x70,
    0x0, 0x0, 0x9, 0xb0, 0x6f, 0x90, 0x2f, 0xd0,
    0x0, 0x0, 0x0, 0xef, 0x6, 0xf9, 0x9, 0xff,
    0xff, 0xff, 0xc0, 0xe, 0xf0, 0x6f, 0x92, 0xff,
    0x9d, 0x99, 0x97, 0x0, 0xef, 0x6, 0xf9, 0xcf,
    0x94, 0xfc, 0x30, 0x0, 0xe, 0xf0, 0x6f, 0xad,
    0xe1, 0x9, 0xff, 0x40, 0x0, 0x12, 0x1, 0x42,
    0x2, 0x0, 0x3, 0x90, 0x0, 0x6, 0xff, 0xff,
    0xff, 0xff, 0xff, 0xff, 0x80, 0x0, 0x7f, 0xdb,
    0xef, 0xbb, 0xfe, 0xbd, 0xf8, 0x0, 0x7, 0xf9,
    0xa, 0xf2, 0x2f, 0xa0, 0x8f, 0x80, 0x0, 0x7f,
    0x90, 0xaf, 0x22, 0xfa, 0x8, 0xf8, 0x0, 0xce,
    0xfe, 0xce, 0xfd, 0xcf, 0xec, 0xef, 0xec, 0xf,
    0xff, 0xff, 0xff, 0xff, 0xff, 0xff, 0xff, 0xf0,

    /* U+85CF "藏" */
    0x0, 0x0, 0x7, 0xf6, 0x0, 0xbf, 0x30, 0x0,
    0x0, 0xb, 0xcc, 0xce, 0xfe, 0xcc, 0xef, 0xdc,
    0xcc, 0xc0, 0xc, 0xdd, 0xde, 0xfe, 0xdd, 0xff,
    0xed, 0xdd, 0xd0, 0x4, 0xb1, 0x28, 0xf8, 0x33,
    0xbf, 0xb7, 0x6c, 0x40, 0x5, 0xf2, 0xdf, 0xff,
    0xff, 0xff, 0xff, 0xff, 0xf0, 0x5, 0xf2, 0xdd,
    0x55, 0x55, 0x55, 0xfd, 0x55, 0x50, 0x5, 0xfe,
    0xfb, 0x8f, 0xff, 0xf9, 0xeb, 0x7, 0x30, 0x4,
    0xcc, 0xfb, 0x9f, 0x9e, 0xc5, 0xdc, 0x2f, 0x90,
    0x1, 0x11, 0xdb, 0x9e, 0xd, 0x80, 0xce, 0x8f,
    0x20, 0xf, 0xff, 0xfb, 0x9f, 0xff, 0xfa, 0xaf,
    0xfb, 0x0, 0x8, 0xfb, 0xfb, 0x9e, 0x55, 0xda,
    0x8f, 0xf3, 0x0, 0x2, 0xf5, 0xea, 0x9f, 0x88,
    0xea, 0x7f, 0x90, 0x0, 0x6, 0xf3, 0xf8, 0x9f,
    0xcf, 0xec, 0xff, 0x73, 0xb1, 0xd, 0xe3, 0xf5,
    0x9e, 0xd, 0x83, 0xce, 0xd8, 0xf0, 0x8, 0x89,
    0xf2, 0x9f, 0xff, 0xff, 0x8, 0xff, 0xb0, 0x0,
    0x8, 0xb0, 0x48, 0x88, 0x88, 0x0, 0xbe, 0x30,
    0x0, 0x0, 0x0, 0x0, 0x0, 0x0, 0x0, 0x0,
    0x0,

    /* U+865A "虚" */
    0x0, 0x0, 0x0, 0xd, 0xff, 0xff, 0xff, 0xfa,
    0x0, 0x0, 0x0, 0x0, 0xdf, 0x88, 0x88, 0x88,
    0x50, 0x0, 0x0, 0x0, 0xd, 0xf1, 0x0, 0x0,
    0x0, 0x0, 0xc, 0xff, 0xff, 0xff, 0xff, 0xff,
    0xff, 0xf8, 0x0, 0xcf, 0x88, 0x8b, 0xd8, 0x88,
    0x88, 0xcf, 0x70, 0xc, 0xf2, 0x23, 0xcf, 0x76,
    0x78, 0x2a, 0xf1, 0x0, 0xcf, 0x9f, 0xff, 0xff,
    0xfe, 0xd4, 0x83, 0x0, 0xc, 0xf3, 0x43, 0xbf,
    0x72, 0x22, 0x5f, 0x90, 0x0, 0xcf, 0x10, 0x6,
    0xff, 0xff, 0xff, 0xf5, 0x0, 0xc, 0xf0, 0x0,
    0x1, 0x33, 0x33, 0x32, 0x0, 0x0, 0xdf, 0x4b,
    0xa, 0xf3, 0x1f, 0xc0, 0xab, 0x0, 0xf, 0xe7,
    0xf8, 0xaf, 0x31, 0xfc, 0x5f, 0xa0, 0x3, 0xfc,
    0xc, 0xfb, 0xf3, 0x1f, 0xde, 0xe1, 0x0, 0x7f,
    0x80, 0x23, 0xaf, 0x31, 0xfc, 0x34, 0x0, 0x1e,
    0xf5, 0xaa, 0xae, 0xfb, 0xaf, 0xea, 0xaa, 0x62,
    0xeb, 0x4f, 0xff, 0xff, 0xff, 0xff, 0xff, 0xf9,
    0x3, 0x20, 0x0, 0x0, 0x0, 0x0, 0x0, 0x0,
    0x0,

    /* U+8679 "虹" */
    0x0, 0x0, 0xff, 0x0, 0x0, 0x0, 0x0, 0x0,
    0x0, 0x0, 0x0, 0xff, 0x0, 0xd, 0xff, 0xff,
    0xff, 0xc0, 0x6, 0xcc, 0xff, 0xcc, 0x5c, 0xee,
    0xff, 0xee, 0xb0, 0x8, 0xff, 0xff, 0xff, 0x70,
    0x1, 0xfe, 0x0, 0x0, 0x8, 0xf1, 0xcd, 0x1f,
    0x70, 0x1, 0xfe, 0x0, 0x0, 0x8, 0xf1, 0xcd,
    0x1f, 0x70, 0x1, 0xfe, 0x0, 0x0, 0x8, 0xf1,
    0xcd, 0x1f, 0x70, 0x1, 0xfe, 0x0, 0x0, 0x8,
    0xf1, 0xcd, 0x1f, 0x70, 0x1, 0xfe, 0x0, 0x0,
    0x8, 0xff, 0xff, 0xff, 0x70, 0x1, 0xfe, 0x0,
    0x0, 0x6, 0xcc, 0xff, 0xcc, 0x60, 0x1, 0xfe,
    0x0, 0x0, 0x0, 0x0, 0xff, 0x5, 0x10, 0x1,
    0xfe, 0x0, 0x0, 0x0, 0x0, 0xff, 0x1f, 0x70,
    0x1, 0xfe, 0x0, 0x0, 0x0, 0x24, 0xff, 0x9f,
    0xc0, 0x1, 0xfe, 0x0, 0x0, 0x1f, 0xff, 0xff,
    0xff, 0xfc, 0xcc, 0xff, 0xcc, 0xc1, 0xf, 0xdb,
    0x97, 0x55, 0xdf, 0xff, 0xff, 0xff, 0xf2, 0x0,
    0x0, 0x0, 0x0, 0x4, 0x44, 0x44, 0x44, 0x40,

    /* U+87BA "螺" */
    0x0, 0xf, 0x80, 0xa, 0xff, 0xff, 0xff, 0xff,
    0x10, 0x0, 0x1f, 0x80, 0xa, 0xf8, 0x8f, 0xc8,
    0xdf, 0x10, 0xe, 0xff, 0xff, 0x5a, 0xf6, 0x6f,
    0xc6, 0xcf, 0x10, 0xe, 0xff, 0xff, 0x5a, 0xfe,
    0xef, 0xfe, 0xff, 0x10, 0xe, 0x5e, 0x4e, 0x5a,
    0xf0, 0xf, 0x90, 0xaf, 0x10, 0xe, 0x5e, 0x4e,
    0x5a, 0xff, 0xff, 0xff, 0xff, 0x10, 0xe, 0x5e,
    0x4e, 0x54, 0x7a, 0xff, 0x7a, 0xa7, 0x0, 0xe,
    0x6e, 0x5e, 0x50, 0x7f, 0xd4, 0x6f, 0xe1, 0x0,
    0xe, 0xff, 0xff, 0x55, 0xff, 0xff, 0xfc, 0x40,
    0x0, 0xc, 0xdf, 0xed, 0x41, 0x6c, 0xff, 0x76,
    0xf2, 0x0, 0x0, 0x2f, 0x64, 0x6, 0xef, 0xe8,
    0x8b, 0xfe, 0x10, 0x0, 0x2f, 0x6f, 0x3a, 0xff,
    0xff, 0xfe, 0xdf, 0xa0, 0x0, 0x2f, 0x8d, 0x61,
    0x89, 0x1f, 0xb4, 0x85, 0x10, 0x3c, 0xef, 0xff,
    0xba, 0xfd, 0x2f, 0xba, 0xfc, 0x20, 0x3f, 0xeb,
    0x9b, 0xff, 0xaa, 0xdf, 0xa0, 0x7f, 0xd0, 0x1,
    0x0, 0x1, 0x45, 0x9, 0xfe, 0x40, 0x4, 0x40,

    /* U+884C "行" */
    0x0, 0x0, 0x0, 0x0, 0x0, 0x0, 0x0, 0x0,
    0x0, 0x0, 0x5, 0xa0, 0x0, 0x0, 0x0, 0x0,
    0x0, 0x0, 0x3, 0xff, 0x63, 0xff, 0xff, 0xff,
    0xff, 0x50, 0x2, 0xef, 0xc0, 0x3f, 0xff, 0xff,
    0xff, 0xf5, 0x3, 0xef, 0xe1, 0x0, 0x0, 0x0,
    0x0, 0x0, 0x0, 0xef, 0xe2, 0x0, 0x0, 0x0,
    0x0, 0x0, 0x0, 0x9, 0xe2, 0x2b, 0x10, 0x0,
    0x0, 0x0, 0x0, 0x0, 0x22, 0xd, 0xf8, 0x1,
    0x11, 0x11, 0x11, 0x10, 0x0, 0xa, 0xfd, 0xe,
    0xff, 0xff, 0xff, 0xff, 0xf0, 0x8, 0xff, 0x40,
    0xdf, 0xff, 0xff, 0xff, 0xfe, 0x7, 0xff, 0xf1,
    0x0, 0x0, 0x0, 0xcf, 0x60, 0x2, 0xff, 0xff,
    0x10, 0x0, 0x0, 0xc, 0xf6, 0x0, 0xc, 0x5e,
    0xf1, 0x0, 0x0, 0x0, 0xcf, 0x60, 0x0, 0x0,
    0xef, 0x10, 0x0, 0x0, 0xc, 0xf6, 0x0, 0x0,
    0xe, 0xf1, 0x0, 0x0, 0x0, 0xcf, 0x60, 0x0,
    0x0, 0xef, 0x10, 0x1, 0x22, 0x3e, 0xf5, 0x0,
    0x0, 0xe, 0xf1, 0x0, 0x4f, 0xff, 0xff, 0x30,
    0x0, 0x0, 0xef, 0x10, 0x1, 0xee, 0xec, 0x70,
    0x0,

    /* U+8861 "衡" */
    0x0, 0x0, 0x0, 0x5, 0x20, 0x0, 0x0, 0x0,
    0x0, 0x0, 0xa, 0xc1, 0x5f, 0xb2, 0x21, 0x1,
    0x22, 0x10, 0x0, 0x5f, 0xd1, 0xdf, 0xff, 0xf9,
    0xf, 0xff, 0xe0, 0x3, 0xff, 0x39, 0xf9, 0x5b,
    0xf5, 0xc, 0xcc, 0xb0, 0xe, 0xf7, 0x4f, 0xf6,
    0x7f, 0xd6, 0x0, 0x0, 0x0, 0xb, 0x92, 0x3a,
    0xff, 0xff, 0xff, 0x20, 0x0, 0x0, 0x2, 0xc,
    0xfa, 0xf0, 0xc8, 0x4f, 0x4a, 0xaa, 0xa1, 0x0,
    0x5f, 0xc7, 0xff, 0xff, 0xff, 0x5f, 0xff, 0xf2,
    0x1, 0xef, 0x37, 0xf5, 0xda, 0x7f, 0x25, 0xfe,
    0x40, 0xb, 0xff, 0x17, 0xf7, 0xeb, 0x9f, 0x21,
    0xfd, 0x0, 0x4f, 0xff, 0x17, 0xff, 0xff, 0xff,
    0x11, 0xfd, 0x0, 0xe, 0xdf, 0x10, 0x1, 0xc8,
    0x0, 0x1, 0xfd, 0x0, 0x2, 0xbf, 0x3f, 0xff,
    0xff, 0xff, 0xe1, 0xfd, 0x0, 0x0, 0xbf, 0x28,
    0x8c, 0xff, 0x98, 0x71, 0xfd, 0x0, 0x0, 0xbf,
    0x12, 0x9f, 0xef, 0xf7, 0x2, 0xfd, 0x0, 0x0,
    0xbf, 0x3f, 0xfb, 0x13, 0xdc, 0xdf, 0xfc, 0x0,
    0x0, 0xbf, 0x17, 0x50, 0x0, 0x2, 0xaf, 0xd5,
    0x0,

    /* U+8865 "补" */
    0x0, 0x0, 0x1, 0x0, 0x0, 0x0, 0x0, 0x0,
    0x0, 0x0, 0x5, 0xfa, 0x0, 0x0, 0x5f, 0xc0,
    0x0, 0x0, 0x0, 0x1, 0xff, 0x10, 0x0, 0x5f,
    0xc0, 0x0, 0x0, 0x0, 0x0, 0xab, 0x30, 0x0,
    0x5f, 0xc0, 0x0, 0x0, 0x6, 0xff, 0xff, 0xf8,
    0x0, 0x5f, 0xc0, 0x0, 0x0, 0x5, 0xee, 0xef,
    0xf8, 0x0, 0x5f, 0xc0, 0x0, 0x0, 0x0, 0x0,
    0x2f, 0xf2, 0x0, 0x5f, 0xf9, 0x0, 0x0, 0x0,
    0x0, 0xdf, 0x63, 0x90, 0x5f, 0xff, 0xd3, 0x0,
    0x0, 0xb, 0xfd, 0x2e, 0xf3, 0x5f, 0xdc, 0xff,
    0x70, 0x0, 0xbf, 0xff, 0xef, 0x50, 0x5f, 0xc0,
    0x9f, 0xf7, 0xb, 0xff, 0xff, 0xfd, 0x10, 0x5f,
    0xc0, 0x5, 0xd1, 0xb, 0xd5, 0xfd, 0xcf, 0xe4,
    0x5f, 0xc0, 0x0, 0x0, 0x4, 0x13, 0xfc, 0x8,
    0xe1, 0x5f, 0xc0, 0x0, 0x0, 0x0, 0x3, 0xfc,
    0x0, 0x0, 0x5f, 0xc0, 0x0, 0x0, 0x0, 0x3,
    0xfc, 0x0, 0x0, 0x5f, 0xc0, 0x0, 0x0, 0x0,
    0x3, 0xfc, 0x0, 0x0, 0x5f, 0xc0, 0x0, 0x0,
    0x0, 0x3, 0xfc, 0x0, 0x0, 0x5f, 0xc0, 0x0,
    0x0, 0x0, 0x0, 0x0, 0x0, 0x0, 0x0, 0x0,
    0x0, 0x0,

    /* U+8868 "表" */
    0x0, 0x0, 0x0, 0x1, 0xff, 0x0, 0x0, 0x0,
    0x0, 0x4, 0xbb, 0xbb, 0xbb, 0xff, 0xbb, 0xbb,
    0xbb, 0x40, 0x5, 0xff, 0xff, 0xff, 0xff, 0xff,
    0xff, 0xff, 0x50, 0x0, 0x0, 0x0, 0x1, 0xff,
    0x0, 0x0, 0x0, 0x0, 0x0, 0x7b, 0xbb, 0xbb,
    0xff, 0xbb, 0xbb, 0xb7, 0x0, 0x0, 0x9f, 0xff,
    0xff, 0xff, 0xff, 0xff, 0xf9, 0x0, 0x0, 0x0,
    0x0, 0x1, 0xff, 0x0, 0x0, 0x0, 0x0, 0xb,
    0xbb, 0xbb, 0xbb, 0xff, 0xbb, 0xbb, 0xbb, 0xb0,
    0xf, 0xff, 0xff, 0xff, 0xff, 0xff, 0xff, 0xff,
    0xf0, 0x0, 0x0, 0x1, 0xbf, 0xff, 0x70, 0x1,
    0xa4, 0x0, 0x0, 0x0, 0x5e, 0xfc, 0x3f, 0xf2,
    0x6e, 0xfc, 0x0, 0x0, 0x3b, 0xff, 0xf0, 0x7,
    0xff, 0xff, 0x91, 0x0, 0xd, 0xff, 0xdf, 0xf0,
    0x0, 0xaf, 0xf9, 0x0, 0x0, 0xc, 0xe7, 0xf,
    0xf2, 0x7d, 0x88, 0xff, 0xe8, 0x30, 0x1, 0x0,
    0x2f, 0xff, 0xff, 0x80, 0x3b, 0xff, 0xc0, 0x0,
    0x0, 0x4f, 0xfc, 0x72, 0x0, 0x0, 0x28, 0x40,
    0x0, 0x0, 0x5, 0x10, 0x0, 0x0, 0x0, 0x0,
    0x0,

    /* U+886C "衬" */
    0x0, 0x0, 0x10, 0x0, 0x0, 0x0, 0x0, 0x0,
    0x0, 0x0, 0xde, 0x0, 0x0, 0x0, 0x0, 0xcf,
    0x40, 0x0, 0xb, 0xf5, 0x0, 0x0, 0x0, 0xc,
    0xf4, 0x0, 0x23, 0x7c, 0x62, 0x0, 0x0, 0x0,
    0xcf, 0x40, 0xc, 0xff, 0xff, 0xe3, 0xff, 0xff,
    0xff, 0xff, 0xe0, 0x8b, 0xbd, 0xfe, 0x3f, 0xff,
    0xff, 0xff, 0xfe, 0x0, 0x0, 0xcf, 0x60, 0x1,
    0x0, 0xc, 0xf4, 0x0, 0x0, 0x7f, 0xc0, 0x23,
    0xd4, 0x0, 0xcf, 0x40, 0x0, 0x4f, 0xf4, 0x9f,
    0x6f, 0xc0, 0xc, 0xf4, 0x0, 0x4f, 0xff, 0xaf,
    0xb0, 0xbf, 0x50, 0xcf, 0x40, 0x1f, 0xff, 0xff,
    0xe0, 0x3, 0xfe, 0xc, 0xf4, 0x0, 0xd8, 0xbf,
    0xff, 0xb1, 0xa, 0xa1, 0xcf, 0x40, 0x3, 0xb,
    0xf4, 0xbf, 0x10, 0x0, 0xc, 0xf4, 0x0, 0x0,
    0xbf, 0x30, 0x30, 0x0, 0x0, 0xcf, 0x40, 0x0,
    0xb, 0xf3, 0x0, 0x0, 0x0, 0xe, 0xf4, 0x0,
    0x0, 0xbf, 0x30, 0x0, 0x1f, 0xff, 0xff, 0x20,
    0x0, 0xb, 0xf3, 0x0, 0x0, 0xef, 0xfe, 0x80,
    0x0, 0x0, 0x12, 0x0, 0x0, 0x0, 0x0, 0x0,
    0x0,

    /* U+88C1 "裁" */
    0x0, 0x0, 0x4f, 0xb0, 0x0, 0xbf, 0x34, 0x50,
    0x0, 0x3, 0xaa, 0xcf, 0xea, 0xa7, 0xbf, 0x4d,
    0xf6, 0x0, 0x4, 0xff, 0xff, 0xff, 0xfa, 0xaf,
    0x41, 0xdf, 0x50, 0x0, 0x0, 0x4f, 0xb0, 0x0,
    0xaf, 0x50, 0x1a, 0x0, 0x1d, 0xdd, 0xdf, 0xfd,
    0xdd, 0xef, 0xed, 0xdd, 0xd0, 0x1f, 0xff, 0xff,
    0xff, 0xff, 0xff, 0xff, 0xff, 0xf0, 0x0, 0x0,
    0x3b, 0x80, 0x0, 0x6f, 0x80, 0x66, 0x0, 0x8,
    0x99, 0xbf, 0xe9, 0x99, 0x6f, 0xa0, 0xef, 0x10,
    0xe, 0xff, 0xff, 0xff, 0xff, 0x5f, 0xc6, 0xf9,
    0x0, 0x0, 0x5, 0xff, 0x30, 0x57, 0xf, 0xfe,
    0xf1, 0x0, 0x0, 0x6f, 0xf7, 0xea, 0xfd, 0x1c,
    0xff, 0x60, 0x0, 0x1b, 0xff, 0xd1, 0xdf, 0xf1,
    0xa, 0xfc, 0x8, 0xd0, 0xf, 0xcf, 0xd0, 0x2b,
    0xf8, 0x7f, 0xfc, 0xb, 0xe0, 0x4, 0xf, 0xea,
    0xf1, 0x9b, 0xfe, 0xdf, 0x6f, 0xb0, 0x0, 0x3f,
    0xff, 0xb1, 0xaf, 0xe2, 0x4f, 0xff, 0x60, 0x0,
    0xc, 0x71, 0x0, 0x1a, 0x10, 0x8, 0xfb, 0x0,

    /* U+8981 "要" */
    0xa, 0xff, 0xff, 0xff, 0xff, 0xff, 0xff, 0xff,
    0xa0, 0x7b, 0xbb, 0xbf, 0xfb, 0xbf, 0xfb, 0xbb,
    0xb7, 0x0, 0x0, 0x0, 0xfe, 0x0, 0xef, 0x0,
    0x0, 0x0, 0x9, 0x99, 0x9f, 0xf9, 0x9f, 0xf9,
    0x99, 0x90, 0x1, 0xff, 0xff, 0xff, 0xff, 0xff,
    0xff, 0xff, 0x0, 0x1f, 0xc0, 0xf, 0xe0, 0xe,
    0xf0, 0xd, 0xf0, 0x1, 0xfe, 0xaa, 0xff, 0xaa,
    0xff, 0xaa, 0xff, 0x0, 0x1f, 0xff, 0xff, 0xff,
    0xff, 0xff, 0xff, 0xf0, 0x0, 0x0, 0x5, 0xfc,
    0x10, 0x0, 0x0, 0x0, 0x0, 0x99, 0x99, 0xef,
    0xe9, 0x99, 0x99, 0x99, 0x99, 0xf, 0xff, 0xff,
    0xff, 0xff, 0xff, 0xff, 0xff, 0xf0, 0x0, 0x4f,
    0xf7, 0x0, 0x3, 0xff, 0x50, 0x0, 0x0, 0x9,
    0xff, 0xfe, 0xa7, 0xff, 0x90, 0x0, 0x0, 0x0,
    0x0, 0x4c, 0xff, 0xff, 0xf7, 0x20, 0x0, 0x4,
    0x9b, 0xdf, 0xff, 0xfa, 0xcf, 0xff, 0xd8, 0x0,
    0x5f, 0xff, 0xc8, 0x40, 0x0, 0x16, 0xbf, 0xd0,
    0x0, 0x41, 0x0, 0x0, 0x0, 0x0, 0x0, 0x13,
    0x0,

    /* U+8986 "覆" */
    0xb, 0xff, 0xff, 0xff, 0xff, 0xff, 0xff, 0xff,
    0xe0, 0x3, 0x44, 0x44, 0xef, 0x54, 0xdf, 0x54,
    0x44, 0x40, 0x0, 0xce, 0xee, 0xff, 0xee, 0xff,
    0xee, 0xee, 0x10, 0x0, 0xef, 0x33, 0xdf, 0x33,
    0xdf, 0x43, 0xdf, 0x10, 0x0, 0xef, 0xff, 0xff,
    0xff, 0xff, 0xff, 0xff, 0x10, 0x0, 0x14, 0xe4,
    0x1d, 0xc4, 0x44, 0x44, 0x44, 0x10, 0x0, 0x2e,
    0xf4, 0x9f, 0xff, 0xff, 0xff, 0xff, 0x90, 0x4,
    0xff, 0x57, 0xff, 0x66, 0x66, 0x66, 0x65, 0x0,
    0xa, 0xf5, 0x97, 0xff, 0xc9, 0x99, 0x99, 0xfd,
    0x0, 0x1, 0x39, 0xf6, 0x7f, 0xec, 0xcc, 0xcc,
    0xfd, 0x0, 0x0, 0x8f, 0xb0, 0x7f, 0xc9, 0x99,
    0x99, 0xfd, 0x0, 0x9, 0xff, 0x80, 0x2c, 0xfb,
    0x77, 0x77, 0x76, 0x0, 0xd, 0xdf, 0x81, 0xaf,
    0xff, 0xff, 0xff, 0xfd, 0x0, 0x3, 0x3f, 0x8c,
    0xe8, 0xde, 0x84, 0x9f, 0xb3, 0x0, 0x0, 0x3f,
    0x86, 0x67, 0xaf, 0xff, 0xfe, 0x97, 0x50, 0x0,
    0x3f, 0x8c, 0xec, 0x96, 0x21, 0x48, 0xbe, 0xe0,
    0x0, 0x0, 0x0, 0x0, 0x0, 0x0, 0x0, 0x0,
    0x0,

    /* U+89C1 "见" */
    0x0, 0xf, 0xff, 0xff, 0xff, 0xff, 0xff, 0xf0,
    0x0, 0x0, 0xff, 0xff, 0xff, 0xff, 0xff, 0xff,
    0x0, 0x0, 0xf, 0xf1, 0x0, 0x0, 0x0, 0x1f,
    0xf0, 0x0, 0x0, 0xff, 0x10, 0x9, 0x90, 0x1,
    0xff, 0x0, 0x0, 0xf, 0xf1, 0x1, 0xff, 0x0,
    0x1f, 0xf0, 0x0, 0x0, 0xff, 0x10, 0x1f, 0xf0,
    0x1, 0xff, 0x0, 0x0, 0xf, 0xf1, 0x2, 0xff,
    0x0, 0x1f, 0xf0, 0x0, 0x0, 0xff, 0x10, 0x3f,
    0xe0, 0x1, 0xff, 0x0, 0x0, 0xf, 0xf1, 0x5,
    0xfc, 0x0, 0x1f, 0xf0, 0x0, 0x0, 0xff, 0x10,
    0x9f, 0xfc, 0x0, 0xff, 0x0, 0x0, 0x4, 0x40,
    0x1f, 0xff, 0xf0, 0x0, 0x9, 0x50, 0x0, 0x0,
    0xc, 0xf9, 0xff, 0x0, 0x1, 0xfe, 0x0, 0x0,
    0x2c, 0xfc, 0x2f, 0xf0, 0x0, 0x1f, 0xd0, 0x1,
    0x8f, 0xfc, 0x1, 0xff, 0x10, 0x4, 0xfc, 0x8,
    0xff, 0xf8, 0x0, 0xf, 0xff, 0xff, 0xff, 0xa0,
    0x7f, 0xc3, 0x0, 0x0, 0x5e, 0xff, 0xff, 0xc2,
    0x0, 0x40, 0x0, 0x0, 0x0, 0x0, 0x0, 0x0,
    0x0,

    /* U+89C6 "视" */
    0x0, 0x29, 0x70, 0x0, 0x0, 0x0, 0x0, 0x0,
    0x0, 0x0, 0x2f, 0xd0, 0xd, 0xff, 0xff, 0xff,
    0xff, 0x10, 0x0, 0xc, 0xf3, 0xd, 0xff, 0xff,
    0xff, 0xff, 0x10, 0x0, 0x2, 0x10, 0xd, 0xf1,
    0x0, 0x0, 0xdf, 0x10, 0xa, 0xee, 0xee, 0x5d,
    0xf1, 0x1d, 0xb0, 0xdf, 0x10, 0xb, 0xff, 0xff,
    0x6d, 0xf1, 0x1f, 0xd0, 0xdf, 0x10, 0x0, 0x1,
    0xef, 0x2d, 0xf1, 0x1f, 0xd0, 0xdf, 0x10, 0x0,
    0xa, 0xf8, 0xd, 0xf1, 0x2f, 0xc0, 0xdf, 0x10,
    0x0, 0x4f, 0xf2, 0xd, 0xf1, 0x3f, 0xc0, 0xdf,
    0x10, 0x2, 0xef, 0xfd, 0x2d, 0xf1, 0x4f, 0xa0,
    0xdf, 0x10, 0xe, 0xff, 0xff, 0xed, 0xf1, 0x8f,
    0xc2, 0xdf, 0x10, 0xc, 0x6f, 0xd6, 0x72, 0x30,
    0xcf, 0xf5, 0x23, 0x0, 0x1, 0xf, 0xd0, 0x0,
    0x5, 0xff, 0xf5, 0xb, 0xd0, 0x0, 0xf, 0xd0,
    0x0, 0x3f, 0xfa, 0xf5, 0xb, 0xf0, 0x0, 0xf,
    0xd0, 0x6, 0xff, 0x56, 0xf5, 0xc, 0xf0, 0x0,
    0xf, 0xd1, 0xcf, 0xe4, 0x5, 0xff, 0xef, 0xe0,
    0x0, 0xf, 0xd0, 0xba, 0x10, 0x1, 0xcf, 0xff,
    0x70, 0x0, 0x0, 0x0, 0x0, 0x0, 0x0, 0x0,
    0x0, 0x0,

    /* U+89C8 "览" */
    0x0, 0x0, 0x0, 0x0, 0x1, 0x10, 0x0, 0x0,
    0x1, 0xfd, 0x2, 0xfd, 0x0, 0xcf, 0x74, 0x44,
    0x40, 0x1f, 0xd0, 0x2f, 0xd0, 0x3f, 0xff, 0xff,
    0xff, 0x11, 0xfd, 0x2, 0xfd, 0xc, 0xfb, 0xda,
    0x99, 0x91, 0x1f, 0xd0, 0x2f, 0xd7, 0xfe, 0x4f,
    0xd3, 0x0, 0x1, 0xfd, 0x2, 0xfd, 0xdf, 0x61,
    0xcf, 0xf7, 0x0, 0x7, 0x60, 0x2f, 0xd2, 0xc0,
    0x0, 0xbf, 0x90, 0x0, 0x2, 0x22, 0x44, 0x22,
    0x22, 0x22, 0xb1, 0x0, 0x0, 0xef, 0xff, 0xff,
    0xff, 0xff, 0xff, 0x0, 0x0, 0xe, 0xfd, 0xcc,
    0xcc, 0xcc, 0xcf, 0xf0, 0x0, 0x0, 0xef, 0x50,
    0xb, 0xe1, 0x1, 0xff, 0x0, 0x0, 0xe, 0xf5,
    0x0, 0xff, 0x30, 0x1f, 0xf0, 0x0, 0x0, 0xef,
    0x50, 0x5f, 0xff, 0x1, 0xff, 0x85, 0x0, 0xa,
    0xb3, 0x4f, 0xff, 0xf0, 0x8, 0x8f, 0xf0, 0x0,
    0x16, 0xbf, 0xfc, 0xff, 0x0, 0x2, 0xff, 0x8,
    0xdf, 0xff, 0xf9, 0xd, 0xff, 0xee, 0xff, 0xd0,
    0x8f, 0xfd, 0x82, 0x0, 0x5e, 0xff, 0xff, 0xe5,
    0x2, 0x51, 0x0, 0x0, 0x0, 0x0, 0x0, 0x0,
    0x0,

    /* U+89C9 "觉" */
    0x0, 0x0, 0x0, 0x0, 0x10, 0x0, 0x0, 0x0,
    0x0, 0x7, 0xe3, 0x3, 0xdd, 0x0, 0xa, 0xc4,
    0x0, 0x0, 0x8f, 0xd0, 0xe, 0xf7, 0x4, 0xff,
    0x20, 0x0, 0x12, 0xee, 0x41, 0x7d, 0x62, 0xef,
    0x81, 0x10, 0x4f, 0xff, 0xff, 0xff, 0xff, 0xff,
    0xff, 0xfe, 0x4, 0xfe, 0xbb, 0xbb, 0xbb, 0xbb,
    0xbb, 0xcf, 0xe0, 0x4f, 0xc0, 0x0, 0x0, 0x0,
    0x0, 0x3, 0xfe, 0x3, 0xac, 0xff, 0xff, 0xff,
    0xff, 0xff, 0xfa, 0x90, 0x0, 0x4f, 0xec, 0xcc,
    0xcc, 0xcc, 0xfd, 0x0, 0x0, 0x4, 0xfa, 0x0,
    0x78, 0x10, 0x1f, 0xd0, 0x0, 0x0, 0x4f, 0xa0,
    0xf, 0xf1, 0x1, 0xfd, 0x0, 0x0, 0x4, 0xfa,
    0x2, 0xff, 0x20, 0x1f, 0xd0, 0x0, 0x0, 0x4f,
    0xa0, 0x9f, 0xff, 0x1, 0xfd, 0x98, 0x10, 0x1,
    0x54, 0x8f, 0xff, 0xf0, 0x5, 0x4e, 0xf3, 0x0,
    0x28, 0xef, 0xf8, 0xff, 0x0, 0x0, 0xff, 0x26,
    0xef, 0xff, 0xe4, 0xf, 0xfe, 0xcc, 0xef, 0xf0,
    0x5f, 0xfb, 0x50, 0x0, 0x7e, 0xff, 0xff, 0xe6,
    0x0, 0x51, 0x0, 0x0, 0x0, 0x0, 0x0, 0x0,
    0x0,

    /* U+89E3 "解" */
    0x0, 0x4, 0x93, 0x0, 0x0, 0x0, 0x0, 0x0,
    0x0, 0x0, 0xb, 0xf4, 0x0, 0x6, 0xff, 0xff,
    0xff, 0xc0, 0x0, 0x3f, 0xff, 0xff, 0x84, 0xbf,
    0xfb, 0xbf, 0xb0, 0x0, 0xcf, 0xa9, 0xff, 0x60,
    0x1f, 0xa0, 0x2f, 0xa0, 0x6, 0xfc, 0x6, 0xfb,
    0x0, 0x7f, 0x60, 0x4f, 0x90, 0xd, 0xfe, 0xcf,
    0xfd, 0xb3, 0xfd, 0x6b, 0xef, 0x70, 0x5, 0xfe,
    0xef, 0xde, 0xec, 0xe2, 0x5f, 0xfc, 0x10, 0x1,
    0xf9, 0x7f, 0x1a, 0xe1, 0xa5, 0x3d, 0x60, 0x0,
    0x1, 0xfd, 0xcf, 0xad, 0xe0, 0xfb, 0x5f, 0x80,
    0x0, 0x1, 0xff, 0xff, 0xff, 0xe4, 0xff, 0xff,
    0xff, 0xf0, 0x1, 0xf9, 0x7f, 0x1a, 0xe9, 0xfb,
    0xcf, 0xdb, 0xa0, 0x1, 0xfc, 0xbf, 0x8d, 0xe9,
    0xb0, 0x4f, 0x80, 0x0, 0x2, 0xff, 0xff, 0xef,
    0xe7, 0xbb, 0xcf, 0xdb, 0xb2, 0x4, 0xf6, 0x7f,
    0x1a, 0xeb, 0xff, 0xff, 0xff, 0xf3, 0x7, 0xf4,
    0x7f, 0x1a, 0xe0, 0x0, 0x5f, 0x80, 0x0, 0xc,
    0xf0, 0x7f, 0xae, 0xe0, 0x0, 0x4f, 0x80, 0x0,
    0xa, 0x90, 0x3, 0xff, 0x90, 0x0, 0x4f, 0x80,
    0x0, 0x0, 0x0, 0x0, 0x0, 0x0, 0x0, 0x0,
    0x0, 0x0,

    /* U+8BA1 "计" */
    0x0, 0x0, 0x0, 0x0, 0x0, 0x0, 0x0, 0x0,
    0x0, 0x3d, 0x30, 0x0, 0x0, 0x5f, 0xc0, 0x0,
    0x0, 0x9, 0xfe, 0x10, 0x0, 0x5, 0xfc, 0x0,
    0x0, 0x0, 0xc, 0xfc, 0x0, 0x0, 0x5f, 0xc0,
    0x0, 0x0, 0x0, 0x1e, 0xd2, 0x0, 0x5, 0xfc,
    0x0, 0x0, 0x0, 0x0, 0x31, 0x0, 0x0, 0x5f,
    0xc0, 0x0, 0x0, 0x89, 0x98, 0x2, 0x33, 0x37,
    0xfd, 0x33, 0x33, 0xf, 0xff, 0xf0, 0x9f, 0xff,
    0xff, 0xff, 0xff, 0xf0, 0x79, 0xff, 0x8, 0xdd,
    0xde, 0xff, 0xdd, 0xdd, 0x0, 0x2f, 0xf0, 0x0,
    0x0, 0x5f, 0xc0, 0x0, 0x0, 0x2, 0xff, 0x0,
    0x0, 0x5, 0xfc, 0x0, 0x0, 0x0, 0x2f, 0xf0,
    0x2, 0x0, 0x5f, 0xc0, 0x0, 0x0, 0x2, 0xff,
    0x2c, 0xa0, 0x5, 0xfc, 0x0, 0x0, 0x0, 0x2f,
    0xfe, 0xfc, 0x0, 0x5f, 0xc0, 0x0, 0x0, 0x3,
    0xff, 0xf8, 0x0, 0x5, 0xfc, 0x0, 0x0, 0x0,
    0x4f, 0xe4, 0x0, 0x0, 0x5f, 0xc0, 0x0, 0x0,
    0x0, 0x51, 0x0, 0x0, 0x5, 0xfc, 0x0, 0x0,
    0x0,

    /* U+8BA4 "认" */
    0x0, 0x0, 0x0, 0x0, 0x0, 0x0, 0x0, 0x0,
    0x0, 0x5e, 0x30, 0x0, 0x0, 0xef, 0x30, 0x0,
    0x0, 0x8, 0xfe, 0x10, 0x0, 0xe, 0xf3, 0x0,
    0x0, 0x0, 0xb, 0xfd, 0x0, 0x0, 0xff, 0x20,
    0x0, 0x0, 0x0, 0xd, 0x90, 0x0, 0xf, 0xf3,
    0x0, 0x0, 0x0, 0x0, 0x10, 0x0, 0x0, 0xff,
    0x50, 0x0, 0x0, 0xce, 0xed, 0x0, 0x0, 0x2f,
    0xf7, 0x0, 0x0, 0xe, 0xff, 0xe0, 0x0, 0x4,
    0xff, 0xa0, 0x0, 0x0, 0x13, 0xfe, 0x0, 0x0,
    0x7f, 0xfe, 0x0, 0x0, 0x0, 0x1f, 0xe0, 0x0,
    0xb, 0xff, 0xf3, 0x0, 0x0, 0x1, 0xfe, 0x1,
    0x1, 0xff, 0x7f, 0xa0, 0x0, 0x0, 0x1f, 0xe6,
    0xb0, 0x7f, 0xb0, 0xff, 0x30, 0x0, 0x1, 0xff,
    0xff, 0x1e, 0xf3, 0x8, 0xfc, 0x0, 0x0, 0x1f,
    0xff, 0x5a, 0xfb, 0x0, 0x1f, 0xf8, 0x0, 0x5,
    0xff, 0x48, 0xfe, 0x10, 0x0, 0x6f, 0xf7, 0x0,
    0x9, 0x43, 0xff, 0x50, 0x0, 0x0, 0xaf, 0xc0,
    0x0, 0x0, 0xa, 0x70, 0x0, 0x0, 0x0, 0xa2,
    0x0, 0x0, 0x0, 0x0, 0x0, 0x0, 0x0, 0x0,
    0x0,

    /* U+8BAE "议" */
    0x0, 0x0, 0x0, 0x0, 0x2, 0x0, 0x0, 0x0,
    0x0, 0x6e, 0x20, 0x0, 0x7, 0xf5, 0x0, 0x0,
    0x0, 0x8, 0xfc, 0x0, 0x52, 0x6f, 0xd0, 0x9,
    0xb3, 0x0, 0xc, 0xf8, 0x9f, 0x60, 0xef, 0x60,
    0xcf, 0x30, 0x0, 0x2d, 0x35, 0xfa, 0x6, 0xfc,
    0xf, 0xf0, 0x0, 0x0, 0x0, 0x1f, 0xf0, 0x7,
    0x3, 0xfc, 0x0, 0xcf, 0xfc, 0x0, 0xbf, 0x50,
    0x0, 0x8f, 0x70, 0xd, 0xff, 0xd0, 0x5, 0xfc,
    0x0, 0xd, 0xf3, 0x0, 0x2, 0xfd, 0x0, 0xe,
    0xf3, 0x4, 0xfd, 0x0, 0x0, 0x1f, 0xd0, 0x0,
    0x6f, 0xd0, 0xcf, 0x60, 0x0, 0x1, 0xfd, 0x0,
    0x0, 0xdf, 0xcf, 0xe0, 0x0, 0x0, 0x1f, 0xd0,
    0x50, 0x3, 0xff, 0xf5, 0x0, 0x0, 0x1, 0xfd,
    0xbf, 0x0, 0x4f, 0xff, 0x70, 0x0, 0x0, 0x1f,
    0xff, 0xd1, 0x8f, 0xfd, 0xff, 0xa0, 0x0, 0x4,
    0xff, 0xc5, 0xdf, 0xfa, 0x6, 0xff, 0xe5, 0x0,
    0x1d, 0xa7, 0xff, 0xf6, 0x0, 0x4, 0xef, 0xf3,
    0x0, 0x10, 0x1e, 0xa1, 0x0, 0x0, 0x1, 0x9b,
    0x0, 0x0, 0x0, 0x10, 0x0, 0x0, 0x0, 0x0,
    0x0,

    /* U+8BAF "讯" */
    0x0, 0x61, 0x0, 0x0, 0x0, 0x0, 0x0, 0x0,
    0x0, 0x8, 0xfb, 0x1, 0xff, 0xff, 0xff, 0xff,
    0xb0, 0x0, 0x1, 0xef, 0x91, 0xff, 0xff, 0xff,
    0xff, 0xb0, 0x0, 0x0, 0x4f, 0xf3, 0x2, 0xfd,
    0x0, 0x4f, 0xb0, 0x0, 0x0, 0x7, 0x30, 0x2,
    0xfd, 0x0, 0x4f, 0xb0, 0x0, 0x0, 0x0, 0x0,
    0x2, 0xfd, 0x0, 0x4f, 0xb0, 0x0, 0x4e, 0xee,
    0x20, 0x2, 0xfd, 0x0, 0x4f, 0xb0, 0x0, 0x4f,
    0xff, 0x20, 0x13, 0xfd, 0x11, 0x4f, 0xb0, 0x0,
    0x15, 0xef, 0x2a, 0xff, 0xff, 0xff, 0x6f, 0xb0,
    0x0, 0x0, 0xdf, 0x2a, 0xff, 0xff, 0xff, 0x5f,
    0xb0, 0x0, 0x0, 0xdf, 0x20, 0x2, 0xfd, 0x0,
    0x3f, 0xb0, 0x0, 0x0, 0xdf, 0x20, 0x2, 0xfd,
    0x0, 0x3f, 0xc1, 0x20, 0x0, 0xdf, 0x23, 0x2,
    0xfd, 0x0, 0x2f, 0xc4, 0xf4, 0x0, 0xdf, 0xbf,
    0x42, 0xfd, 0x0, 0xf, 0xe6, 0xf3, 0x0, 0xef,
    0xfe, 0x42, 0xfd, 0x0, 0xd, 0xfe, 0xf0, 0x1,
    0xff, 0xb1, 0x2, 0xfd, 0x0, 0x8, 0xff, 0xc0,
    0x0, 0x55, 0x0, 0x2, 0xfd, 0x0, 0x1, 0xce,
    0x40, 0x0, 0x0, 0x0, 0x0, 0x21, 0x0, 0x0,
    0x0, 0x0,

    /* U+8BB0 "记" */
    0x0, 0x70, 0x0, 0x0, 0x0, 0x0, 0x0, 0x0,
    0x0, 0xbf, 0xb0, 0x5, 0xff, 0xff, 0xff, 0xff,
    0x10, 0x4, 0xff, 0x80, 0x5f, 0xff, 0xff, 0xff,
    0xf1, 0x0, 0x8, 0xff, 0x20, 0x11, 0x11, 0x11,
    0xef, 0x10, 0x0, 0xc, 0x60, 0x0, 0x0, 0x0,
    0xe, 0xf1, 0x0, 0x0, 0x0, 0x0, 0x0, 0x0,
    0x0, 0xef, 0x10, 0xcf, 0xfe, 0x0, 0x0, 0x0,
    0x0, 0xe, 0xf1, 0xc, 0xff, 0xe0, 0x3, 0xff,
    0xff, 0xff, 0xff, 0x10, 0x13, 0xfe, 0x0, 0x3f,
    0xff, 0xff, 0xff, 0xf1, 0x0, 0x2f, 0xe0, 0x3,
    0xfc, 0x11, 0x11, 0x11, 0x0, 0x2, 0xfe, 0x0,
    0x3f, 0xc0, 0x0, 0x0, 0x0, 0x0, 0x2f, 0xe0,
    0x3, 0xfc, 0x0, 0x0, 0x6, 0x30, 0x2, 0xfe,
    0x2a, 0x3f, 0xc0, 0x0, 0x0, 0xff, 0x10, 0x2f,
    0xfe, 0xf4, 0xfc, 0x0, 0x0, 0xf, 0xf0, 0x2,
    0xff, 0xfc, 0x4f, 0xe0, 0x0, 0x2, 0xff, 0x0,
    0x4f, 0xf9, 0x1, 0xff, 0xff, 0xff, 0xff, 0xd0,
    0x0, 0x85, 0x0, 0x8, 0xef, 0xff, 0xff, 0xe5,
    0x0,

    /* U+8BB6 "讶" */
    0x0, 0x83, 0x0, 0x0, 0x0, 0x0, 0x0, 0x0,
    0x0, 0x7f, 0xe1, 0xf, 0xff, 0xff, 0xff, 0xff,
    0xfa, 0x0, 0xdf, 0xc0, 0xff, 0xff, 0xff, 0xff,
    0xff, 0x90, 0x2, 0xfe, 0x20, 0x20, 0x0, 0xb,
    0xf5, 0x0, 0x0, 0x4, 0x10, 0xf, 0xf1, 0x0,
    0xbf, 0x50, 0x0, 0x22, 0x20, 0x4, 0xfd, 0x0,
    0xb, 0xf5, 0x0, 0x4f, 0xff, 0x40, 0x8f, 0x90,
    0x0, 0xbf, 0x50, 0x4, 0xff, 0xf4, 0xa, 0xff,
    0xff, 0xff, 0xff, 0xfc, 0x2, 0xcf, 0x40, 0xaf,
    0xff, 0xff, 0xff, 0xff, 0xd0, 0xb, 0xf4, 0x0,
    0x0, 0x2e, 0xff, 0xf6, 0x0, 0x0, 0xbf, 0x40,
    0x0, 0xb, 0xfb, 0xbf, 0x50, 0x0, 0xb, 0xf4,
    0x50, 0x9, 0xfe, 0x1b, 0xf5, 0x0, 0x0, 0xbf,
    0xaf, 0x3b, 0xff, 0x30, 0xbf, 0x50, 0x0, 0xc,
    0xff, 0xff, 0xff, 0x40, 0xb, 0xf5, 0x0, 0x1,
    0xff, 0xff, 0xfe, 0x30, 0x11, 0xdf, 0x50, 0x0,
    0xc, 0xe3, 0xbc, 0x10, 0xbf, 0xff, 0xf4, 0x0,
    0x0, 0x22, 0x0, 0x0, 0x8, 0xff, 0xfa, 0x0,
    0x0,

    /* U+8BBE "设" */
    0x0, 0x50, 0x0, 0x0, 0x0, 0x0, 0x0, 0x0,
    0x0, 0xaf, 0x80, 0x0, 0xff, 0xff, 0xff, 0xf1,
    0x0, 0x6, 0xff, 0x40, 0xf, 0xfd, 0xdd, 0xff,
    0x10, 0x0, 0xa, 0xfe, 0x0, 0xff, 0x0, 0xf,
    0xf1, 0x0, 0x0, 0xc, 0x50, 0x5f, 0xd0, 0x0,
    0xff, 0x20, 0x0, 0x0, 0x0, 0x4f, 0xf7, 0x0,
    0xf, 0xff, 0xf1, 0xab, 0xb9, 0x8, 0xfb, 0x0,
    0x0, 0x6c, 0xdc, 0xe, 0xff, 0xd0, 0x5, 0x0,
    0x0, 0x0, 0x0, 0x0, 0x25, 0xfd, 0x0, 0xff,
    0xff, 0xff, 0xff, 0xf1, 0x0, 0x2f, 0xd0, 0xf,
    0xfd, 0xdd, 0xdd, 0xff, 0x10, 0x2, 0xfd, 0x0,
    0x9f, 0xa0, 0x0, 0x9f, 0xb0, 0x0, 0x2f, 0xd0,
    0x11, 0xef, 0x50, 0x4f, 0xf2, 0x0, 0x2, 0xfd,
    0x6c, 0x4, 0xff, 0x9f, 0xf6, 0x0, 0x0, 0x2f,
    0xff, 0xf0, 0x6, 0xff, 0xf9, 0x0, 0x0, 0x4,
    0xff, 0xf4, 0x18, 0xff, 0xff, 0xf9, 0x30, 0x0,
    0x5f, 0xd5, 0xbf, 0xff, 0xa3, 0x9f, 0xff, 0xe2,
    0x0, 0x61, 0x1f, 0xfa, 0x30, 0x0, 0x19, 0xfd,
    0x0, 0x0, 0x0, 0x41, 0x0, 0x0, 0x0, 0x0,
    0x20,

    /* U+8BC4 "评" */
    0x0, 0x53, 0x0, 0x0, 0x0, 0x0, 0x0, 0x0,
    0x0, 0x4f, 0xe1, 0x9, 0xff, 0xff, 0xff, 0xff,
    0xf4, 0x0, 0xbf, 0xc0, 0x9f, 0xff, 0xff, 0xff,
    0xff, 0x40, 0x1, 0xdf, 0x60, 0x0, 0xa, 0xf5,
    0x0, 0x0, 0x0, 0x3, 0x60, 0x6e, 0x10, 0xaf,
    0x50, 0x7e, 0x40, 0x0, 0x0, 0x8, 0xf9, 0xa,
    0xf5, 0xe, 0xf2, 0x3f, 0xff, 0x30, 0x1f, 0xf1,
    0xaf, 0x55, 0xfa, 0x3, 0xff, 0xf4, 0x0, 0x9f,
    0x9a, 0xf5, 0xdf, 0x30, 0x1, 0xbf, 0x40, 0x2,
    0xd5, 0xaf, 0x57, 0xb0, 0x0, 0xb, 0xf4, 0x2,
    0x22, 0x2b, 0xf6, 0x22, 0x21, 0x0, 0xbf, 0x44,
    0xff, 0xff, 0xff, 0xff, 0xff, 0xe0, 0xb, 0xf4,
    0x4d, 0xdd, 0xdf, 0xfe, 0xdd, 0xdc, 0x0, 0xbf,
    0x45, 0x0, 0x0, 0xaf, 0x50, 0x0, 0x0, 0xb,
    0xfc, 0xf7, 0x0, 0xa, 0xf5, 0x0, 0x0, 0x0,
    0xcf, 0xfe, 0x30, 0x0, 0xaf, 0x50, 0x0, 0x0,
    0xd, 0xfb, 0x10, 0x0, 0xa, 0xf5, 0x0, 0x0,
    0x0, 0x17, 0x0, 0x0, 0x0, 0xaf, 0x50, 0x0,
    0x0,

    /* U+8BC6 "识" */
    0x4, 0x80, 0x0, 0x0, 0x0, 0x0, 0x0, 0x0,
    0x0, 0xef, 0x60, 0xe, 0xff, 0xff, 0xff, 0xff,
    0x10, 0x4, 0xff, 0x30, 0xef, 0xee, 0xee, 0xef,
    0xf1, 0x0, 0x8, 0xf7, 0xe, 0xf1, 0x0, 0x0,
    0xef, 0x10, 0x0, 0x5, 0x0, 0xef, 0x10, 0x0,
    0xe, 0xf1, 0x5, 0x66, 0x50, 0xe, 0xf1, 0x0,
    0x0, 0xef, 0x10, 0xdf, 0xfc, 0x0, 0xef, 0x10,
    0x0, 0xe, 0xf1, 0x8, 0xbf, 0xc0, 0xe, 0xf4,
    0x33, 0x33, 0xef, 0x10, 0x3, 0xfc, 0x0, 0xef,
    0xff, 0xff, 0xff, 0xf1, 0x0, 0x3f, 0xc0, 0x9,
    0xaa, 0xaa, 0xaa, 0xaa, 0x0, 0x3, 0xfc, 0x0,
    0x1, 0x70, 0x0, 0x72, 0x0, 0x0, 0x3f, 0xc8,
    0x60, 0xaf, 0x90, 0x7f, 0xc0, 0x0, 0x3, 0xff,
    0xfa, 0x5f, 0xf2, 0x1, 0xef, 0x80, 0x0, 0x4f,
    0xfd, 0x4f, 0xf7, 0x0, 0x4, 0xff, 0x40, 0x5,
    0xfd, 0x3d, 0xfb, 0x0, 0x0, 0x9, 0xfe, 0x10,
    0x6, 0x15, 0xfe, 0x10, 0x0, 0x0, 0xe, 0xf3,
    0x0, 0x0, 0x5, 0x20, 0x0, 0x0, 0x0, 0x32,
    0x0,

    /* U+8BCD "词" */
    0x0, 0x62, 0x0, 0x0, 0x0, 0x0, 0x0, 0x0,
    0x0, 0x6f, 0xc0, 0x2f, 0xff, 0xff, 0xff, 0xff,
    0xf0, 0x0, 0xef, 0x72, 0xee, 0xee, 0xee, 0xee,
    0xff, 0x0, 0x5, 0xfd, 0x0, 0x0, 0x0, 0x0,
    0xf, 0xf0, 0x0, 0x8, 0x10, 0x0, 0x0, 0x0,
    0x0, 0xff, 0x0, 0x0, 0x0, 0x9f, 0xff, 0xff,
    0xff, 0x1f, 0xf0, 0x2a, 0xaa, 0x17, 0xdd, 0xdd,
    0xdd, 0xd1, 0xff, 0x4, 0xff, 0xf2, 0x0, 0x0,
    0x0, 0x0, 0xf, 0xf0, 0x15, 0xdf, 0x20, 0xbb,
    0xbb, 0xbb, 0x30, 0xff, 0x0, 0xc, 0xf2, 0xf,
    0xff, 0xff, 0xf4, 0xf, 0xf0, 0x0, 0xcf, 0x20,
    0xfe, 0x0, 0x8f, 0x40, 0xff, 0x0, 0xc, 0xf2,
    0xf, 0xe0, 0x8, 0xf4, 0xf, 0xf0, 0x0, 0xcf,
    0x32, 0xfe, 0x11, 0x9f, 0x40, 0xff, 0x0, 0xc,
    0xfd, 0x7f, 0xff, 0xff, 0xf4, 0xf, 0xf0, 0x0,
    0xdf, 0xf8, 0x9a, 0xaa, 0xaa, 0x20, 0xff, 0x0,
    0xe, 0xf8, 0x0, 0x0, 0x1, 0xdd, 0xef, 0xf0,
    0x0, 0x25, 0x0, 0x0, 0x0, 0xe, 0xff, 0xe6,
    0x0,

    /* U+8BDD "话" */
    0x0, 0x0, 0x0, 0x0, 0x0, 0x0, 0x0, 0x0,
    0x0, 0x5b, 0x0, 0x0, 0x0, 0x12, 0x35, 0x68,
    0x60, 0xe, 0xf9, 0x4, 0xef, 0xff, 0xff, 0xff,
    0xfc, 0x0, 0x3f, 0xf6, 0x3f, 0xfe, 0xff, 0xe9,
    0x86, 0x30, 0x0, 0x6f, 0x50, 0x0, 0x7, 0xfa,
    0x0, 0x0, 0x0, 0x0, 0x10, 0x55, 0x55, 0xaf,
    0xc5, 0x55, 0x51, 0x9b, 0xb8, 0xf, 0xff, 0xff,
    0xff, 0xff, 0xff, 0x4d, 0xff, 0xb0, 0x77, 0x77,
    0xbf, 0xd7, 0x77, 0x72, 0x37, 0xfb, 0x0, 0x0,
    0x7, 0xfa, 0x0, 0x0, 0x0, 0x4f, 0xb0, 0x0,
    0x0, 0x7f, 0xa0, 0x0, 0x0, 0x4, 0xfb, 0x0,
    0xdf, 0xff, 0xff, 0xff, 0xf4, 0x0, 0x4f, 0xb0,
    0xd, 0xfd, 0xdd, 0xdd, 0xff, 0x40, 0x4, 0xfb,
    0x43, 0xdf, 0x30, 0x0, 0xc, 0xf4, 0x0, 0x4f,
    0xff, 0x9d, 0xf3, 0x0, 0x0, 0xcf, 0x40, 0x5,
    0xff, 0xf5, 0xdf, 0xcb, 0xbb, 0xbf, 0xf4, 0x0,
    0x7f, 0xe3, 0xd, 0xff, 0xff, 0xff, 0xff, 0x40,
    0x0, 0x71, 0x0, 0xdf, 0x52, 0x22, 0x2d, 0xf4,
    0x0,

    /* U+8BE5 "该" */
    0x0, 0x0, 0x0, 0x0, 0x0, 0x1, 0x0, 0x0,
    0x0, 0x1a, 0x20, 0x0, 0x0, 0x1e, 0xf3, 0x0,
    0x0, 0x9, 0xfd, 0x10, 0x0, 0x0, 0xdf, 0x80,
    0x0, 0x0, 0xc, 0xfc, 0x3f, 0xff, 0xff, 0xff,
    0xff, 0xfe, 0x0, 0x1e, 0xd4, 0xdd, 0xdf, 0xfd,
    0xdd, 0xdd, 0xb0, 0x0, 0x20, 0x0, 0xb, 0xfa,
    0x0, 0xc8, 0x0, 0x3d, 0xdd, 0x10, 0x9, 0xfb,
    0x0, 0x8f, 0xa0, 0x4, 0xff, 0xf2, 0x9, 0xff,
    0xcd, 0xef, 0xe1, 0x0, 0x13, 0xcf, 0x20, 0x8f,
    0xff, 0xff, 0xf4, 0x32, 0x0, 0xc, 0xf2, 0x1,
    0x31, 0x6f, 0xf5, 0x2e, 0xf1, 0x0, 0xcf, 0x20,
    0x0, 0xaf, 0xf5, 0x1d, 0xf8, 0x0, 0xc, 0xf2,
    0x25, 0xef, 0xe3, 0x1d, 0xfb, 0x0, 0x0, 0xcf,
    0xbb, 0x9f, 0xa1, 0x3e, 0xfc, 0x0, 0x0, 0xc,
    0xff, 0xe1, 0x40, 0x8f, 0xff, 0xe3, 0x0, 0x1,
    0xff, 0xe2, 0x7, 0xef, 0xf8, 0xcf, 0xf8, 0x0,
    0xb, 0xd1, 0x3e, 0xff, 0xc2, 0x0, 0x9f, 0xfb,
    0x0, 0x11, 0x0, 0xcc, 0x40, 0x0, 0x0, 0x4e,
    0x30, 0x0, 0x0, 0x1, 0x0, 0x0, 0x0, 0x0,
    0x0,

    /* U+8BED "语" */
    0x2, 0x40, 0x0, 0x0, 0x0, 0x0, 0x0, 0x0,
    0x1f, 0xf2, 0xe, 0xff, 0xff, 0xff, 0xff, 0xf5,
    0x9, 0xfc, 0xb, 0xcc, 0xff, 0xcc, 0xcc, 0xc4,
    0x0, 0xdf, 0x60, 0x3, 0xfb, 0x0, 0x0, 0x0,
    0x0, 0x39, 0x0, 0x16, 0xfa, 0x11, 0x11, 0x0,
    0x0, 0x0, 0x9, 0xff, 0xff, 0xff, 0xff, 0x60,
    0x57, 0x75, 0x6, 0xae, 0xfb, 0xaa, 0xdf, 0x60,
    0xcf, 0xfb, 0x0, 0xe, 0xf1, 0x0, 0xaf, 0x50,
    0x14, 0xfb, 0x5f, 0xff, 0xff, 0xff, 0xff, 0xff,
    0x3, 0xfb, 0x5d, 0xdd, 0xdd, 0xdd, 0xdd, 0xdd,
    0x3, 0xfb, 0x0, 0x0, 0x0, 0x0, 0x0, 0x0,
    0x3, 0xfb, 0x4, 0xff, 0xff, 0xff, 0xff, 0xe0,
    0x3, 0xfb, 0x54, 0xfe, 0xbb, 0xbb, 0xbf, 0xe0,
    0x3, 0xfe, 0xf7, 0xfa, 0x0, 0x0, 0xf, 0xe0,
    0x3, 0xff, 0xf7, 0xfb, 0x22, 0x22, 0x2f, 0xe0,
    0x6, 0xfe, 0x34, 0xff, 0xff, 0xff, 0xff, 0xe0,
    0x0, 0x91, 0x4, 0xfd, 0x99, 0x99, 0x9f, 0xe0,

    /* U+8BF7 "请" */
    0x0, 0x84, 0x0, 0x0, 0x0, 0xff, 0x0, 0x0,
    0x0, 0x4f, 0xe2, 0x5f, 0xff, 0xff, 0xff, 0xff,
    0xf8, 0x0, 0x8f, 0xc1, 0x33, 0x33, 0xff, 0x33,
    0x33, 0x10, 0x0, 0xc6, 0xe, 0xff, 0xff, 0xff,
    0xff, 0xf1, 0x0, 0x0, 0x0, 0x55, 0x55, 0xff,
    0x55, 0x55, 0x3, 0xdd, 0xd1, 0x9b, 0xbb, 0xbf,
    0xfb, 0xbb, 0xba, 0x4f, 0xff, 0x19, 0xcc, 0xcc,
    0xcc, 0xcc, 0xcc, 0xb1, 0x4d, 0xf1, 0x4, 0x55,
    0x55, 0x55, 0x55, 0x40, 0x0, 0xdf, 0x10, 0xcf,
    0xff, 0xff, 0xff, 0xfc, 0x0, 0xd, 0xf1, 0xc,
    0xf5, 0x22, 0x22, 0x4f, 0xc0, 0x0, 0xdf, 0x10,
    0xcf, 0xff, 0xff, 0xff, 0xfc, 0x0, 0xd, 0xf3,
    0x4c, 0xf5, 0x33, 0x33, 0x5f, 0xc0, 0x0, 0xdf,
    0xf9, 0xcf, 0xff, 0xff, 0xff, 0xfc, 0x0, 0xd,
    0xff, 0x7c, 0xf8, 0x66, 0x66, 0x7f, 0xc0, 0x0,
    0xef, 0x60, 0xcf, 0x30, 0x4, 0x79, 0xfb, 0x0,
    0x5, 0x50, 0xc, 0xf3, 0x0, 0x6f, 0xfe, 0x50,
    0x0, 0x0, 0x0, 0x1, 0x0, 0x0, 0x0, 0x0,
    0x0,

    /* U+8BFB "读" */
    0x0, 0x82, 0x0, 0x0, 0x0, 0x9f, 0x50, 0x0,
    0x0, 0x6f, 0xd1, 0x7, 0xaa, 0xad, 0xfc, 0xaa,
    0xa5, 0x0, 0xbf, 0xc0, 0xaf, 0xff, 0xff, 0xff,
    0xff, 0x70, 0x0, 0xde, 0x30, 0x0, 0x9, 0xf5,
    0x0, 0x0, 0x0, 0x2, 0x15, 0xff, 0xff, 0xff,
    0xff, 0xff, 0xd3, 0xcc, 0xc0, 0x3a, 0xda, 0xaa,
    0xaa, 0xaa, 0xfd, 0x4f, 0xff, 0x10, 0x1f, 0xd7,
    0x8, 0xb2, 0x7f, 0x70, 0x2d, 0xf1, 0x3, 0x4b,
    0xf7, 0xdf, 0x28, 0xe1, 0x0, 0xdf, 0x10, 0xee,
    0x73, 0xd, 0xf2, 0x0, 0x0, 0xd, 0xf1, 0x3,
    0xbf, 0xb0, 0xef, 0x10, 0x0, 0x0, 0xdf, 0x13,
    0xaa, 0xdc, 0xaf, 0xfa, 0xaa, 0x90, 0xd, 0xf1,
    0x5f, 0xff, 0xff, 0xff, 0xff, 0xff, 0x0, 0xdf,
    0xc8, 0x0, 0x2, 0xef, 0xc2, 0x0, 0x0, 0xd,
    0xff, 0xc0, 0x17, 0xff, 0xff, 0xfa, 0x20, 0x1,
    0xff, 0xb6, 0xcf, 0xff, 0x90, 0x5d, 0xff, 0x90,
    0x6, 0x80, 0x4f, 0xe9, 0x20, 0x0, 0x6, 0xe6,
    0x0, 0x0, 0x0, 0x30, 0x0, 0x0, 0x0, 0x0,
    0x0,

    /* U+8C31 "谱" */
    0x0, 0x0, 0x0, 0x0, 0x41, 0x0, 0x15, 0x0,
    0x0, 0x1, 0xb7, 0x0, 0x5, 0xfb, 0x0, 0xaf,
    0x70, 0x0, 0x3, 0xff, 0x34, 0x99, 0xff, 0xaa,
    0xff, 0x99, 0x60, 0x0, 0x7f, 0xd9, 0xff, 0xff,
    0xff, 0xff, 0xff, 0xa0, 0x0, 0xc, 0x71, 0xa5,
    0x6f, 0x55, 0xf6, 0x2c, 0x20, 0x0, 0x0, 0x0,
    0xde, 0x7f, 0x55, 0xf5, 0xcf, 0x30, 0x19, 0x99,
    0x0, 0x4e, 0x9f, 0x55, 0xf7, 0xe8, 0x0, 0x1f,
    0xff, 0x19, 0x9a, 0xbf, 0xbb, 0xfb, 0xa9, 0x91,
    0x8, 0xef, 0x1f, 0xff, 0xff, 0xff, 0xff, 0xff,
    0xf1, 0x0, 0xbf, 0x10, 0x0, 0x0, 0x0, 0x0,
    0x0, 0x0, 0x0, 0xbf, 0x10, 0x9f, 0xff, 0xff,
    0xff, 0xfb, 0x0, 0x0, 0xbf, 0x10, 0x9f, 0xa8,
    0x88, 0x89, 0xfb, 0x0, 0x0, 0xbf, 0x23, 0x9f,
    0x96, 0x66, 0x68, 0xfb, 0x0, 0x0, 0xbf, 0xe9,
    0x9f, 0xff, 0xff, 0xff, 0xfb, 0x0, 0x0, 0xcf,
    0xf6, 0x9f, 0x40, 0x0, 0x3, 0xfb, 0x0, 0x0,
    0xef, 0x60, 0x9f, 0xff, 0xff, 0xff, 0xfb, 0x0,
    0x0, 0x35, 0x0, 0x9f, 0xb9, 0x99, 0x9a, 0xfb,
    0x0,

    /* U+8D1D "贝" */
    0x3, 0xff, 0xff, 0xff, 0xff, 0xff, 0xff, 0x20,
    0x3, 0xff, 0xff, 0xff, 0xff, 0xff, 0xff, 0x20,
    0x3, 0xff, 0x0, 0x0, 0x0, 0x0, 0xff, 0x20,
    0x3, 0xff, 0x0, 0x1e, 0xe0, 0x0, 0xff, 0x20,
    0x3, 0xff, 0x0, 0x1f, 0xf1, 0x0, 0xff, 0x20,
    0x3, 0xff, 0x0, 0x1f, 0xf1, 0x0, 0xff, 0x20,
    0x3, 0xff, 0x0, 0x1f, 0xf1, 0x0, 0xff, 0x20,
    0x3, 0xff, 0x0, 0x1f, 0xf0, 0x0, 0xff, 0x20,
    0x3, 0xff, 0x0, 0x2f, 0xf0, 0x0, 0xff, 0x20,
    0x3, 0xff, 0x0, 0x6f, 0xd0, 0x0, 0xff, 0x20,
    0x2, 0x98, 0x0, 0xcf, 0xf8, 0x10, 0x89, 0x10,
    0x0, 0x0, 0xa, 0xff, 0xff, 0xe6, 0x0, 0x0,
    0x0, 0x6, 0xef, 0xf6, 0x3c, 0xff, 0xd4, 0x0,
    0x4a, 0xff, 0xfe, 0x40, 0x0, 0x5e, 0xff, 0xb2,
    0x6f, 0xfe, 0x81, 0x0, 0x0, 0x0, 0x9f, 0xf2,
    0xa, 0x60, 0x0, 0x0, 0x0, 0x0, 0x3, 0x60,

    /* U+8D25 "败" */
    0x0, 0x0, 0x0, 0x0, 0x0, 0x4a, 0x50, 0x0,
    0x0, 0x7, 0xff, 0xff, 0xff, 0x10, 0xaf, 0x70,
    0x0, 0x0, 0x7, 0xff, 0xff, 0xff, 0x10, 0xef,
    0x30, 0x0, 0x0, 0x7, 0xf1, 0x0, 0x7f, 0x15,
    0xff, 0xdd, 0xdd, 0xc0, 0x7, 0xf1, 0xf9, 0x7f,
    0x1c, 0xff, 0xff, 0xff, 0xf0, 0x7, 0xf1, 0xfa,
    0x7f, 0x5f, 0xf3, 0x24, 0xfb, 0x10, 0x7, 0xf1,
    0xfa, 0x7f, 0xef, 0xf0, 0x5, 0xf8, 0x0, 0x7,
    0xf1, 0xfa, 0x7f, 0xff, 0xf4, 0x9, 0xf5, 0x0,
    0x7, 0xf1, 0xfa, 0x7f, 0x57, 0xf9, 0xe, 0xf1,
    0x0, 0x7, 0xf1, 0xf9, 0x7f, 0x10, 0xef, 0x6f,
    0xb0, 0x0, 0x7, 0xf2, 0xf9, 0x7f, 0x10, 0x7f,
    0xff, 0x50, 0x0, 0x5, 0xb4, 0xfa, 0x4a, 0x0,
    0xe, 0xfc, 0x0, 0x0, 0x0, 0xb, 0xff, 0x90,
    0x0, 0x5f, 0xff, 0x30, 0x0, 0x0, 0x7f, 0xbc,
    0xf9, 0x6, 0xff, 0xbf, 0xf4, 0x0, 0x8, 0xfe,
    0x20, 0xda, 0x9f, 0xf7, 0x9, 0xff, 0x80, 0x2f,
    0xe3, 0x0, 0x17, 0xff, 0x50, 0x0, 0x8f, 0xe1,
    0x5, 0x20, 0x0, 0x0, 0x93, 0x0, 0x0, 0x5,
    0x40,

    /* U+8D44 "资" */
    0x0, 0x0, 0x0, 0x1, 0x63, 0x0, 0x0, 0x0,
    0x0, 0x1, 0xe9, 0x10, 0xa, 0xf7, 0x0, 0x0,
    0x0, 0x0, 0x2, 0xef, 0xe1, 0x2f, 0xff, 0xff,
    0xff, 0xff, 0x60, 0x0, 0xa, 0xa1, 0xdf, 0xbb,
    0xfe, 0xaa, 0xef, 0x60, 0x0, 0x0, 0x47, 0xfb,
    0x6, 0xfb, 0x4, 0xfd, 0x0, 0x0, 0x9, 0xf6,
    0x60, 0x3e, 0xff, 0x81, 0x42, 0x0, 0x2, 0xcf,
    0xd3, 0x5b, 0xff, 0x9e, 0xfe, 0x95, 0x10, 0xe,
    0xfb, 0xb, 0xff, 0xd5, 0x1, 0x8f, 0xff, 0xd0,
    0x7, 0x70, 0x4, 0x94, 0x0, 0x0, 0x1, 0x6a,
    0x50, 0x0, 0xe, 0xff, 0xff, 0xff, 0xff, 0xff,
    0xf0, 0x0, 0x0, 0xe, 0xfb, 0xbb, 0xbb, 0xbb,
    0xbf, 0xf0, 0x0, 0x0, 0xe, 0xf1, 0x0, 0xdd,
    0x10, 0xf, 0xf0, 0x0, 0x0, 0xe, 0xf1, 0x2,
    0xff, 0x0, 0xf, 0xf0, 0x0, 0x0, 0xc, 0xe0,
    0x1b, 0xff, 0x82, 0xe, 0xd0, 0x0, 0x0, 0x0,
    0x38, 0xef, 0xee, 0xff, 0xc7, 0x10, 0x0, 0x7,
    0xcf, 0xff, 0xfa, 0x10, 0x5b, 0xff, 0xfb, 0x40,
    0x6, 0xff, 0xc7, 0x10, 0x0, 0x0, 0x28, 0xef,
    0x50, 0x0, 0x40, 0x0, 0x0, 0x0, 0x0, 0x0,
    0x5, 0x0,

    /* U+8D77 "起" */
    0x0, 0x0, 0xcf, 0x10, 0x8, 0xff, 0xff, 0xff,
    0x0, 0x0, 0x0, 0xcf, 0x20, 0x7, 0xee, 0xee,
    0xff, 0x0, 0x8, 0xff, 0xff, 0xff, 0x90, 0x0,
    0x0, 0xef, 0x0, 0x5, 0xbb, 0xff, 0xbb, 0x60,
    0x0, 0x0, 0xef, 0x0, 0x0, 0x0, 0xcf, 0x10,
    0x0, 0x11, 0x11, 0xef, 0x0, 0xa, 0xaa, 0xef,
    0xba, 0xa5, 0xff, 0xff, 0xff, 0x0, 0xf, 0xff,
    0xff, 0xff, 0xf6, 0xfe, 0xbb, 0xbb, 0x0, 0x3,
    0x33, 0x4f, 0xd3, 0x35, 0xf9, 0x0, 0x0, 0x0,
    0x2, 0xe9, 0x1f, 0xc0, 0x5, 0xf9, 0x0, 0x18,
    0x30, 0x2, 0xf9, 0x1f, 0xe7, 0x65, 0xf9, 0x0,
    0x2f, 0xb0, 0x3, 0xf9, 0x1f, 0xff, 0xe4, 0xfa,
    0x0, 0x4f, 0xa0, 0x4, 0xfc, 0x1f, 0xd6, 0x52,
    0xff, 0xfe, 0xff, 0x70, 0x7, 0xff, 0x6f, 0xc0,
    0x0, 0x8e, 0xff, 0xeb, 0x10, 0xa, 0xff, 0xff,
    0xc0, 0x0, 0x0, 0x0, 0x0, 0x0, 0xe, 0xe4,
    0xff, 0xff, 0xee, 0xee, 0xee, 0xee, 0xd0, 0x1e,
    0x90, 0x29, 0xde, 0xff, 0xff, 0xff, 0xff, 0xc0,
    0x0, 0x10, 0x0, 0x0, 0x0, 0x0, 0x0, 0x0,
    0x0,

    /* U+8D8B "趋" */
    0x0, 0x0, 0x0, 0x0, 0x0, 0x0, 0x0, 0x0,
    0x0, 0x0, 0xe, 0xe0, 0x0, 0xe, 0xd0, 0x0,
    0x0, 0x0, 0x0, 0xee, 0x0, 0x6, 0xff, 0xee,
    0xe7, 0x0, 0x5f, 0xff, 0xff, 0xf1, 0xff, 0xdd,
    0xef, 0x70, 0x3, 0xbb, 0xff, 0xba, 0xcf, 0x60,
    0x1e, 0xe1, 0x0, 0x0, 0xe, 0xe0, 0x4, 0xc2,
    0x2b, 0xf7, 0x20, 0x2, 0x33, 0xee, 0x33, 0x7f,
    0xff, 0xff, 0xff, 0x10, 0xef, 0xff, 0xff, 0xf8,
    0x99, 0x99, 0x9e, 0xf1, 0x8, 0x88, 0xbf, 0xb8,
    0x20, 0x0, 0x0, 0xdf, 0x10, 0x7, 0x46, 0xf6,
    0x1, 0xff, 0xff, 0xff, 0xf1, 0x1, 0xf9, 0x6f,
    0x84, 0x2b, 0xbb, 0xbb, 0xff, 0x10, 0x2f, 0x86,
    0xff, 0xf3, 0x0, 0x0, 0xd, 0xf1, 0x3, 0xfb,
    0x6f, 0x95, 0x8f, 0xff, 0xff, 0xff, 0x10, 0x6f,
    0xfb, 0xf6, 0x5, 0xcc, 0xcc, 0xcc, 0xc0, 0xa,
    0xfe, 0xff, 0x70, 0x0, 0x0, 0x0, 0x0, 0x0,
    0xfd, 0x2e, 0xff, 0xfe, 0xee, 0xee, 0xee, 0xeb,
    0x1d, 0x80, 0x17, 0xce, 0xff, 0xff, 0xff, 0xff,
    0xa0, 0x11, 0x0, 0x0, 0x0, 0x0, 0x0, 0x0,
    0x0,

    /* U+8DB3 "足" */
    0x0, 0x3f, 0xff, 0xff, 0xff, 0xff, 0xff, 0xf3,
    0x0, 0x3, 0xff, 0xee, 0xee, 0xee, 0xee, 0xff,
    0x30, 0x0, 0x3f, 0xe0, 0x0, 0x0, 0x0, 0xe,
    0xf3, 0x0, 0x3, 0xfe, 0x0, 0x0, 0x0, 0x0,
    0xef, 0x30, 0x0, 0x3f, 0xe0, 0x0, 0x0, 0x0,
    0xe, 0xf3, 0x0, 0x3, 0xff, 0xee, 0xee, 0xee,
    0xee, 0xff, 0x30, 0x0, 0x3f, 0xff, 0xff, 0xff,
    0xff, 0xff, 0xf3, 0x0, 0x0, 0x11, 0x0, 0xe,
    0xf2, 0x0, 0x0, 0x0, 0x0, 0x9, 0xf6, 0x0,
    0xef, 0x20, 0x0, 0x0, 0x0, 0x0, 0xbf, 0x40,
    0xe, 0xfe, 0xdd, 0xdd, 0xd0, 0x0, 0xd, 0xf2,
    0x0, 0xef, 0xff, 0xff, 0xff, 0x0, 0x2, 0xff,
    0x80, 0xe, 0xf3, 0x0, 0x0, 0x0, 0x0, 0x7f,
    0xff, 0x20, 0xef, 0x20, 0x0, 0x0, 0x0, 0xd,
    0xfc, 0xff, 0x6e, 0xf2, 0x0, 0x0, 0x0, 0x8,
    0xfd, 0xa, 0xff, 0xff, 0xee, 0xee, 0xee, 0xc0,
    0xbf, 0x40, 0x4, 0xad, 0xff, 0xff, 0xff, 0xfa,
    0x0, 0x50, 0x0, 0x0, 0x0, 0x0, 0x0, 0x0,
    0x0,

    /* U+8DDF "跟" */
    0x4, 0xff, 0xff, 0xf0, 0xff, 0xff, 0xff, 0xff,
    0x0, 0x4, 0xfd, 0xbe, 0xf0, 0xff, 0xdd, 0xdd,
    0xff, 0x0, 0x4, 0xf7, 0x9, 0xf0, 0xfd, 0x0,
    0x0, 0xcf, 0x0, 0x4, 0xf7, 0x9, 0xf0, 0xfd,
    0x11, 0x11, 0xdf, 0x0, 0x4, 0xf8, 0x19, 0xf0,
    0xff, 0xff, 0xff, 0xff, 0x0, 0x4, 0xff, 0xff,
    0xf0, 0xff, 0xdd, 0xdd, 0xff, 0x0, 0x3, 0xbb,
    0xfe, 0xb0, 0xfd, 0x0, 0x0, 0xcf, 0x0, 0x3,
    0x61, 0xf9, 0x0, 0xff, 0xbb, 0xbb, 0xef, 0x0,
    0x7, 0xf1, 0xfd, 0x92, 0xff, 0xef, 0xed, 0xdd,
    0x0, 0x7, 0xf1, 0xff, 0xf4, 0xfd, 0xf, 0xc0,
    0x1c, 0x30, 0x7, 0xf1, 0xfa, 0x21, 0xfd, 0xa,
    0xf7, 0xef, 0x70, 0x7, 0xf1, 0xf9, 0x0, 0xfd,
    0x3, 0xff, 0xf5, 0x0, 0x7, 0xf1, 0xfb, 0x73,
    0xfd, 0x3, 0xbf, 0xc1, 0x0, 0xb, 0xfe, 0xff,
    0xf6, 0xfe, 0xcf, 0x6b, 0xfe, 0x70, 0xf, 0xff,
    0xeb, 0x98, 0xff, 0xfc, 0x30, 0x9f, 0xd0, 0x7,
    0x52, 0x0, 0x1, 0xfa, 0x30, 0x0, 0x4, 0x40,
    0x0, 0x0, 0x0, 0x0, 0x0, 0x0, 0x0, 0x0,
    0x0,

    /* U+8DEF "路" */
    0x0, 0x0, 0x0, 0x0, 0x3, 0xc6, 0x0, 0x0,
    0x0, 0x5, 0xff, 0xff, 0xf1, 0xb, 0xf8, 0x0,
    0x0, 0x0, 0x5, 0xfe, 0xdf, 0xf1, 0x4f, 0xff,
    0xff, 0xff, 0x20, 0x5, 0xf6, 0xb, 0xf3, 0xef,
    0xdd, 0xdd, 0xff, 0x20, 0x5, 0xf6, 0xb, 0xfd,
    0xff, 0xa0, 0x6, 0xfa, 0x0, 0x5, 0xfc, 0xae,
    0xfa, 0xaa, 0xf9, 0x8f, 0xd1, 0x0, 0x5, 0xff,
    0xff, 0xf1, 0x0, 0xdf, 0xfe, 0x10, 0x0, 0x0,
    0x23, 0xf9, 0x20, 0x3b, 0xff, 0xff, 0xc5, 0x10,
    0x5, 0xa2, 0xf9, 0xa, 0xff, 0xe5, 0x6e, 0xff,
    0xe0, 0x8, 0xf2, 0xfd, 0x98, 0xd6, 0x0, 0x0,
    0x5b, 0x80, 0x8, 0xf2, 0xff, 0xf3, 0xab, 0xbb,
    0xbb, 0xbb, 0x0, 0x8, 0xf2, 0xfa, 0x40, 0xdf,
    0xff, 0xff, 0xff, 0x0, 0x8, 0xf2, 0xf9, 0x0,
    0xdf, 0x10, 0x0, 0xff, 0x0, 0x8, 0xf2, 0xfa,
    0x54, 0xdf, 0x10, 0x0, 0xff, 0x0, 0x1c, 0xfe,
    0xff, 0xf9, 0xdf, 0xaa, 0xaa, 0xff, 0x0, 0x1f,
    0xff, 0xfc, 0xa5, 0xdf, 0xff, 0xff, 0xff, 0x0,
    0x6, 0x41, 0x0, 0x0, 0xdf, 0x10, 0x0, 0xff,
    0x0,

    /* U+8EAB "身" */
    0x0, 0x0, 0x0, 0x22, 0x0, 0x0, 0x0, 0x0,
    0x0, 0x0, 0x0, 0xe, 0xf5, 0x0, 0x0, 0x0,
    0x0, 0x0, 0xab, 0xbc, 0xff, 0xcb, 0xbb, 0xba,
    0x0, 0x0, 0xd, 0xff, 0xff, 0xff, 0xff, 0xff,
    0xe0, 0x0, 0x0, 0xdf, 0x10, 0x0, 0x0, 0x1,
    0xfe, 0x0, 0x0, 0xd, 0xff, 0xff, 0xff, 0xff,
    0xff, 0xe0, 0x0, 0x0, 0xdf, 0x88, 0x88, 0x88,
    0x88, 0xfe, 0x0, 0x0, 0xd, 0xf4, 0x44, 0x44,
    0x44, 0x5f, 0xe0, 0x30, 0x0, 0xdf, 0xff, 0xff,
    0xff, 0xff, 0xfe, 0xcf, 0x20, 0xd, 0xf4, 0x33,
    0x33, 0x33, 0x4f, 0xff, 0xa0, 0x7a, 0xff, 0xba,
    0xaa, 0xaa, 0xab, 0xff, 0x80, 0xa, 0xff, 0xff,
    0xff, 0xff, 0xff, 0xff, 0xe0, 0x0, 0x0, 0x0,
    0x0, 0x16, 0xdf, 0xfa, 0xfe, 0x0, 0x0, 0x0,
    0x4, 0x9e, 0xff, 0xa2, 0x1f, 0xe0, 0x0, 0x37,
    0xaf, 0xff, 0xf9, 0x20, 0x3, 0xfd, 0x0, 0xc,
    0xff, 0xfb, 0x50, 0xc, 0xee, 0xff, 0xc0, 0x0,
    0x69, 0x40, 0x0, 0x0, 0xaf, 0xff, 0xd3, 0x0,
    0x0,

    /* U+8F6E "轮" */
    0x0, 0x0, 0x0, 0x0, 0x0, 0x0, 0x0, 0x0,
    0x0, 0x6, 0xf5, 0x0, 0x0, 0x2f, 0xf1, 0x0,
    0x0, 0x0, 0xaf, 0x30, 0x0, 0xa, 0xff, 0x90,
    0x0, 0xd, 0xff, 0xff, 0xfe, 0x5, 0xff, 0xef,
    0x40, 0x0, 0xae, 0xfe, 0xdd, 0xb2, 0xff, 0x64,
    0xfe, 0x20, 0x0, 0xaf, 0x66, 0x12, 0xef, 0xb0,
    0x8, 0xfd, 0x20, 0x1f, 0xd6, 0xf4, 0xef, 0xc1,
    0x0, 0xa, 0xfe, 0x7, 0xf7, 0x6f, 0x38, 0xcf,
    0xc0, 0x5, 0x4a, 0x90, 0xcf, 0xdd, 0xfd, 0xa2,
    0xfc, 0x1a, 0xfd, 0x0, 0xc, 0xff, 0xff, 0xfd,
    0x2f, 0xef, 0xff, 0x50, 0x0, 0x1, 0x1b, 0xf4,
    0x12, 0xff, 0xfa, 0x10, 0x0, 0x0, 0x0, 0xbf,
    0x88, 0x2f, 0xe4, 0x0, 0x20, 0x0, 0x8c, 0xff,
    0xff, 0xf2, 0xfc, 0x0, 0xc, 0xf2, 0xc, 0xff,
    0xff, 0xb8, 0x2f, 0xc0, 0x0, 0xdf, 0x10, 0x56,
    0x3b, 0xf3, 0x2, 0xfd, 0x0, 0xe, 0xf0, 0x0,
    0x0, 0xaf, 0x30, 0xf, 0xff, 0xff, 0xfe, 0x0,
    0x0, 0xa, 0xf3, 0x0, 0x8e, 0xff, 0xfd, 0x50,
    0x0,

    /* U+8F7B "轻" */
    0x0, 0x8, 0xb1, 0x0, 0x0, 0x0, 0x0, 0x0,
    0x0, 0x0, 0xc, 0xf0, 0x0, 0xdf, 0xff, 0xff,
    0xfb, 0x0, 0x0, 0xf, 0xd0, 0x0, 0xcf, 0xff,
    0xff, 0xfb, 0x0, 0xf, 0xff, 0xff, 0xf9, 0x0,
    0x0, 0x6f, 0xf4, 0x0, 0xc, 0xef, 0xdc, 0xc7,
    0x0, 0x6, 0xff, 0x90, 0x0, 0x0, 0xdf, 0x55,
    0x0, 0x0, 0x8f, 0xff, 0x10, 0x0, 0x3, 0xfb,
    0xbe, 0x0, 0x3d, 0xff, 0xff, 0xd3, 0x0, 0x9,
    0xf6, 0xbe, 0x6, 0xff, 0xf8, 0x3c, 0xff, 0x90,
    0xe, 0xfa, 0xef, 0x95, 0xfc, 0x30, 0x0, 0x7f,
    0xc0, 0xe, 0xff, 0xff, 0xf6, 0x30, 0x0, 0x0,
    0x3, 0x20, 0x3, 0x44, 0xff, 0x41, 0xef, 0xff,
    0xff, 0xff, 0x30, 0x0, 0x0, 0xfe, 0x0, 0xdf,
    0xff, 0xff, 0xff, 0x30, 0x3, 0x58, 0xff, 0xf9,
    0x0, 0xe, 0xf2, 0x0, 0x0, 0x1f, 0xff, 0xff,
    0xfa, 0x0, 0xe, 0xf2, 0x0, 0x0, 0xd, 0xa8,
    0xfe, 0x10, 0x11, 0x1e, 0xf3, 0x11, 0x10, 0x0,
    0x0, 0xfe, 0xb, 0xff, 0xff, 0xff, 0xff, 0xf0,
    0x0, 0x0, 0xfe, 0x9, 0xdd, 0xdd, 0xdd, 0xdd,
    0xd0,

    /* U+8F83 "较" */
    0x0, 0x1, 0x0, 0x0, 0x0, 0x1, 0x10, 0x0,
    0x0, 0x0, 0xcf, 0x10, 0x0, 0x5, 0xfb, 0x0,
    0x0, 0x1, 0x1f, 0xd1, 0x10, 0x0, 0x2f, 0xf1,
    0x0, 0x0, 0xff, 0xff, 0xff, 0x8f, 0xff, 0xff,
    0xff, 0xfb, 0xc, 0xef, 0xcc, 0xc6, 0xdd, 0xdd,
    0xdd, 0xdd, 0x90, 0xe, 0xf5, 0x50, 0x0, 0x98,
    0x4, 0xd2, 0x0, 0x3, 0xfa, 0xcd, 0x0, 0x4f,
    0xe0, 0x7f, 0xe1, 0x0, 0xaf, 0x4c, 0xd0, 0x1e,
    0xf4, 0x0, 0x9f, 0xc0, 0xe, 0xfc, 0xff, 0xcd,
    0xfd, 0x50, 0x9, 0xef, 0xa0, 0xef, 0xff, 0xff,
    0x8c, 0xfd, 0x5, 0xfb, 0xd4, 0x0, 0x1, 0xfd,
    0x0, 0xb, 0xf6, 0xdf, 0x30, 0x0, 0x0, 0x1f,
    0xd4, 0x40, 0x3f, 0xff, 0xb0, 0x0, 0x18, 0xad,
    0xff, 0xfa, 0x0, 0xaf, 0xf2, 0x0, 0x1, 0xff,
    0xff, 0xf9, 0x50, 0x7f, 0xff, 0xd3, 0x0, 0x5,
    0x31, 0xfd, 0x2, 0xbf, 0xf6, 0xbf, 0xf9, 0x10,
    0x0, 0x1f, 0xd2, 0xff, 0xe3, 0x0, 0x9f, 0xfa,
    0x0, 0x1, 0xfd, 0x9, 0x80, 0x0, 0x0, 0x2a,
    0x10, 0x0, 0x0, 0x0, 0x0, 0x0, 0x0, 0x0,
    0x0,

    /* U+8F93 "输" */
    0x0, 0x0, 0x0, 0x0, 0x0, 0x0, 0x0, 0x0,
    0x0, 0x0, 0xe, 0x80, 0x0, 0x0, 0x7f, 0xc0,
    0x0, 0x0, 0x0, 0x3f, 0x80, 0x0, 0x4, 0xff,
    0xfa, 0x0, 0x0, 0xf, 0xff, 0xff, 0xa0, 0x5f,
    0xf3, 0xbf, 0xa0, 0x0, 0xc, 0xff, 0xcc, 0x99,
    0xff, 0x50, 0x1c, 0xfc, 0x30, 0x0, 0xfb, 0x0,
    0xdf, 0xef, 0xff, 0xff, 0xcf, 0xf1, 0x4, 0xf7,
    0xd2, 0x49, 0x17, 0x88, 0x88, 0x15, 0x70, 0xa,
    0xf2, 0xf3, 0x2e, 0xee, 0xe9, 0x49, 0x3f, 0x50,
    0xe, 0xfd, 0xfd, 0x6f, 0xa6, 0xea, 0x7e, 0x3f,
    0x50, 0xe, 0xff, 0xff, 0x7f, 0xb7, 0xea, 0x7e,
    0x3f, 0x50, 0x0, 0x8, 0xf3, 0x2f, 0xff, 0xfa,
    0x7e, 0x3f, 0x50, 0x0, 0x9, 0xf8, 0x5f, 0x70,
    0xca, 0x7e, 0x3f, 0x50, 0x2c, 0xff, 0xff, 0x8f,
    0xee, 0xfa, 0x7e, 0x3f, 0x50, 0x1f, 0xfe, 0xf8,
    0x4f, 0xca, 0xea, 0x7e, 0x3f, 0x50, 0x2, 0x8,
    0xf3, 0x2f, 0x70, 0xca, 0x0, 0x4f, 0x50, 0x0,
    0x8, 0xf3, 0x2f, 0x7c, 0xfa, 0x6d, 0xef, 0x40,
    0x0, 0x8, 0xf3, 0x2e, 0x6a, 0xb4, 0x4d, 0xda,
    0x0,

    /* U+8FB9 "边" */
    0x0, 0x7a, 0x0, 0x0, 0xf, 0xf1, 0x0, 0x0,
    0x0, 0x1, 0xef, 0x70, 0x0, 0xf, 0xf0, 0x0,
    0x0, 0x0, 0x0, 0x3f, 0xf4, 0x9c, 0xcf, 0xfc,
    0xcc, 0xcc, 0x20, 0x0, 0x7, 0xb1, 0xcf, 0xff,
    0xff, 0xff, 0xff, 0x20, 0x0, 0x0, 0x0, 0x34,
    0x6f, 0xe4, 0x44, 0xff, 0x10, 0x5, 0x55, 0x40,
    0x0, 0x4f, 0xc0, 0x0, 0xff, 0x0, 0xf, 0xff,
    0xe0, 0x0, 0x6f, 0xa0, 0x1, 0xff, 0x0, 0xc,
    0xcf, 0xe0, 0x0, 0x9f, 0x70, 0x2, 0xff, 0x0,
    0x0, 0x2f, 0xe0, 0x0, 0xef, 0x40, 0x3, 0xfe,
    0x0, 0x0, 0x2f, 0xe0, 0x7, 0xfe, 0x0, 0x5,
    0xfd, 0x0, 0x0, 0x2f, 0xe0, 0x4f, 0xf6, 0x13,
    0x3a, 0xfc, 0x0, 0x0, 0x2f, 0xe2, 0xff, 0xb0,
    0x6f, 0xff, 0xf8, 0x0, 0x0, 0x6f, 0xf2, 0x7d,
    0x10, 0x2d, 0xdc, 0x80, 0x0, 0x7, 0xff, 0xfe,
    0x74, 0x11, 0x11, 0x11, 0x11, 0x10, 0xe, 0xf7,
    0xbf, 0xff, 0xff, 0xff, 0xff, 0xff, 0xf0, 0x8,
    0x80, 0x6, 0xbe, 0xff, 0xff, 0xff, 0xff, 0xc0,
    0x0, 0x0, 0x0, 0x0, 0x0, 0x0, 0x0, 0x0,
    0x0,

    /* U+8FC7 "过" */
    0x0, 0x58, 0x0, 0x0, 0x0, 0x0, 0x5f, 0xb0,
    0x0, 0x0, 0xdf, 0x80, 0x0, 0x0, 0x0, 0x5f,
    0xb0, 0x0, 0x0, 0x2e, 0xf7, 0x6b, 0xbb, 0xbb,
    0xcf, 0xeb, 0xa0, 0x0, 0x4, 0xf5, 0x9f, 0xff,
    0xff, 0xff, 0xff, 0xe0, 0x0, 0x0, 0x10, 0x23,
    0x33, 0x33, 0x7f, 0xc3, 0x30, 0x2, 0x33, 0x30,
    0x4, 0x70, 0x0, 0x5f, 0xb0, 0x0, 0xf, 0xff,
    0xf1, 0x1f, 0xf4, 0x0, 0x5f, 0xb0, 0x0, 0xd,
    0xdf, 0xf1, 0x5, 0xff, 0x20, 0x5f, 0xb0, 0x0,
    0x0, 0xf, 0xf1, 0x0, 0x9f, 0xb0, 0x5f, 0xb0,
    0x0, 0x0, 0xf, 0xf1, 0x0, 0x8, 0x0, 0x5f,
    0xb0, 0x0, 0x0, 0xf, 0xf1, 0x0, 0x0, 0x0,
    0x8f, 0xa0, 0x0, 0x0, 0xf, 0xf1, 0x0, 0xf,
    0xff, 0xff, 0x90, 0x0, 0x0, 0x8f, 0xf6, 0x0,
    0xa, 0xee, 0xeb, 0x10, 0x0, 0x9, 0xff, 0xff,
    0x71, 0x0, 0x0, 0x0, 0x0, 0x0, 0xf, 0xf6,
    0x7f, 0xff, 0xfe, 0xee, 0xee, 0xee, 0xe0, 0xa,
    0x60, 0x3, 0xae, 0xff, 0xff, 0xff, 0xff, 0xd0,
    0x0, 0x0, 0x0, 0x0, 0x0, 0x0, 0x0, 0x0,
    0x0,

    /* U+8FD0 "运" */
    0x0, 0x56, 0x0, 0x0, 0x0, 0x0, 0x0, 0x0,
    0x0, 0x2, 0xff, 0x30, 0x3f, 0xff, 0xff, 0xff,
    0xff, 0x0, 0x0, 0x9f, 0xe1, 0x3e, 0xee, 0xee,
    0xee, 0xee, 0x0, 0x0, 0xc, 0xf7, 0x0, 0x0,
    0x0, 0x0, 0x0, 0x0, 0x0, 0x2, 0x80, 0x0,
    0x0, 0x0, 0x0, 0x0, 0x0, 0x0, 0x0, 0x0,
    0x55, 0x55, 0x55, 0x55, 0x55, 0x40, 0x3, 0x44,
    0x32, 0xff, 0xff, 0xff, 0xff, 0xff, 0xf0, 0xf,
    0xff, 0xe1, 0xdd, 0xdf, 0xfd, 0xdd, 0xdd, 0xc0,
    0xb, 0xcf, 0xe0, 0x0, 0x6f, 0xd0, 0x7, 0x20,
    0x0, 0x0, 0x2f, 0xe0, 0x0, 0xef, 0x50, 0x7f,
    0xa0, 0x0, 0x0, 0x2f, 0xe0, 0xa, 0xfb, 0x0,
    0xe, 0xf4, 0x0, 0x0, 0x2f, 0xe0, 0x6f, 0xf8,
    0x79, 0xae, 0xfd, 0x0, 0x0, 0x2f, 0xe0, 0x8f,
    0xff, 0xff, 0xff, 0xff, 0x60, 0x0, 0x7f, 0xf4,
    0x29, 0x87, 0x65, 0x32, 0x5f, 0x70, 0x8, 0xff,
    0xff, 0x83, 0x0, 0x0, 0x0, 0x2, 0x0, 0xd,
    0xf8, 0x6f, 0xff, 0xff, 0xff, 0xff, 0xff, 0xf0,
    0x8, 0x70, 0x3, 0xad, 0xff, 0xff, 0xff, 0xff,
    0xd0, 0x0, 0x0, 0x0, 0x0, 0x0, 0x0, 0x0,
    0x0, 0x0,

    /* U+8FD8 "还" */
    0x0, 0x0, 0x0, 0x0, 0x0, 0x0, 0x0, 0x0,
    0x0, 0x0, 0x88, 0x0, 0x0, 0x0, 0x0, 0x0,
    0x0, 0x0, 0x3, 0xff, 0x50, 0xff, 0xff, 0xff,
    0xff, 0xff, 0x90, 0x0, 0x7f, 0xf2, 0xef, 0xff,
    0xff, 0xff, 0xff, 0x80, 0x0, 0xb, 0xf4, 0x0,
    0x0, 0xdf, 0x60, 0x0, 0x0, 0x0, 0x1, 0x40,
    0x0, 0x7, 0xff, 0x10, 0x0, 0x0, 0x3, 0x33,
    0x30, 0x0, 0x2f, 0xff, 0x23, 0x0, 0x0, 0xf,
    0xff, 0xf0, 0x0, 0xdf, 0xff, 0xdf, 0x30, 0x0,
    0xb, 0xcf, 0xf0, 0xb, 0xfd, 0xff, 0xaf, 0xe2,
    0x0, 0x0, 0x1f, 0xf0, 0xaf, 0xf2, 0xef, 0x1a,
    0xfe, 0x10, 0x0, 0x1f, 0xfb, 0xff, 0x40, 0xef,
    0x10, 0xcf, 0xd0, 0x0, 0x1f, 0xf7, 0xf3, 0x0,
    0xef, 0x10, 0x1d, 0x70, 0x0, 0x1f, 0xf0, 0x10,
    0x0, 0xef, 0x10, 0x1, 0x0, 0x0, 0x7f, 0xf5,
    0x0, 0x0, 0xef, 0x10, 0x0, 0x0, 0x8, 0xff,
    0xff, 0x82, 0x0, 0x45, 0x0, 0x0, 0x0, 0xf,
    0xf7, 0x7f, 0xff, 0xfe, 0xee, 0xee, 0xee, 0xe0,
    0x9, 0x90, 0x4, 0xbe, 0xff, 0xff, 0xff, 0xff,
    0xc0, 0x1, 0x0, 0x0, 0x0, 0x0, 0x0, 0x0,
    0x0, 0x0,

    /* U+8FD9 "这" */
    0x0, 0x0, 0x0, 0x0, 0x0, 0x34, 0x0, 0x0,
    0x0, 0x1, 0xc9, 0x0, 0x0, 0x5, 0xfe, 0x0,
    0x0, 0x0, 0x1, 0xff, 0x40, 0x0, 0x0, 0xff,
    0x50, 0x0, 0x0, 0x0, 0x6f, 0xe2, 0xee, 0xee,
    0xff, 0xfe, 0xee, 0xb0, 0x0, 0xc, 0xb3, 0xff,
    0xff, 0xff, 0xff, 0xff, 0xd0, 0x0, 0x1, 0x0,
    0x2, 0x30, 0x0, 0x4f, 0xd0, 0x0, 0xb, 0xcc,
    0xb0, 0xd, 0xf4, 0x0, 0xaf, 0x70, 0x0, 0xf,
    0xff, 0xe0, 0x8, 0xff, 0x73, 0xff, 0x10, 0x0,
    0x4, 0x6f, 0xe0, 0x0, 0x7f, 0xff, 0xf7, 0x0,
    0x0, 0x0, 0x2f, 0xe0, 0x0, 0x6, 0xff, 0xf0,
    0x0, 0x0, 0x0, 0x2f, 0xe0, 0x0, 0x2d, 0xff,
    0xfb, 0x0, 0x0, 0x0, 0x2f, 0xe0, 0x7, 0xff,
    0xe6, 0xff, 0xc1, 0x0, 0x0, 0x2f, 0xe1, 0xef,
    0xfc, 0x10, 0x4f, 0xfd, 0x0, 0x0, 0xbf, 0xf4,
    0xbe, 0x60, 0x0, 0x3, 0xfa, 0x0, 0xb, 0xff,
    0xff, 0xa4, 0x11, 0x11, 0x11, 0x41, 0x10, 0xc,
    0xf5, 0x7f, 0xff, 0xff, 0xff, 0xff, 0xff, 0xf0,
    0x6, 0x60, 0x4, 0xbe, 0xff, 0xff, 0xff, 0xff,
    0xc0, 0x0, 0x0, 0x0, 0x0, 0x0, 0x0, 0x0,
    0x0, 0x0,

    /* U+8FDB "进" */
    0x0, 0x0, 0x0, 0x0, 0x0, 0x0, 0x0, 0x0,
    0x0, 0x8, 0x70, 0x0, 0x3f, 0xc0, 0x9, 0xf6,
    0x0, 0x3, 0xff, 0x20, 0x3, 0xfc, 0x0, 0x9f,
    0x60, 0x0, 0x9, 0xfd, 0x2, 0x5f, 0xc2, 0x2a,
    0xf8, 0x20, 0x0, 0xd, 0xf5, 0xef, 0xff, 0xff,
    0xff, 0xff, 0x40, 0x0, 0x37, 0xa, 0xcf, 0xeb,
    0xbe, 0xfd, 0xb3, 0x3, 0x33, 0x30, 0x3, 0xfc,
    0x0, 0x9f, 0x60, 0x0, 0xef, 0xfe, 0x0, 0x3f,
    0xc0, 0x9, 0xf6, 0x0, 0x7, 0x9f, 0xe5, 0xcd,
    0xff, 0xcc, 0xef, 0xdc, 0xa0, 0x1, 0xfe, 0x6f,
    0xff, 0xff, 0xff, 0xff, 0xfd, 0x0, 0x1f, 0xe0,
    0x27, 0xfa, 0x22, 0x9f, 0x82, 0x10, 0x1, 0xfe,
    0x0, 0x9f, 0x70, 0x9, 0xf6, 0x0, 0x0, 0x1f,
    0xe0, 0x3f, 0xf2, 0x0, 0x9f, 0x60, 0x0, 0x9,
    0xff, 0x4a, 0xfa, 0x0, 0x9, 0xf6, 0x0, 0x8,
    0xff, 0xff, 0x79, 0x10, 0x0, 0x12, 0x10, 0x0,
    0xef, 0x78, 0xff, 0xff, 0xff, 0xff, 0xff, 0xfe,
    0x6, 0x80, 0x5, 0xce, 0xff, 0xff, 0xff, 0xff,
    0xa0, 0x0, 0x0, 0x0, 0x0, 0x0, 0x0, 0x0,
    0x0,

    /* U+8FDE "连" */
    0x0, 0x10, 0x0, 0x0, 0x55, 0x10, 0x0, 0x0,
    0x1, 0xcc, 0x0, 0x0, 0xf, 0xf1, 0x0, 0x0,
    0x0, 0xe, 0xf7, 0x18, 0x8a, 0xfe, 0x88, 0x88,
    0x85, 0x0, 0x4f, 0xf5, 0xff, 0xff, 0xff, 0xff,
    0xff, 0xa0, 0x0, 0xaa, 0x14, 0x9f, 0xd4, 0x44,
    0x44, 0x43, 0x0, 0x0, 0x0, 0xd, 0xf5, 0x6f,
    0x90, 0x0, 0x0, 0x78, 0x87, 0x6, 0xfc, 0x6,
    0xfa, 0x0, 0x0, 0xe, 0xff, 0xe0, 0xcf, 0xed,
    0xef, 0xfd, 0xdd, 0x10, 0x79, 0xfe, 0xb, 0xff,
    0xff, 0xff, 0xff, 0xf2, 0x0, 0x1f, 0xe0, 0x0,
    0x0, 0x6f, 0xa0, 0x0, 0x0, 0x1, 0xfe, 0x14,
    0x44, 0x49, 0xfb, 0x44, 0x43, 0x0, 0x1f, 0xe6,
    0xff, 0xff, 0xff, 0xff, 0xff, 0xc0, 0x1, 0xfe,
    0x49, 0x99, 0x9c, 0xfd, 0x99, 0x97, 0x0, 0x8f,
    0xf3, 0x0, 0x0, 0x6f, 0xa0, 0x0, 0x0, 0x8f,
    0xff, 0xf7, 0x20, 0x2, 0x53, 0x0, 0x0, 0xc,
    0xf9, 0xbf, 0xff, 0xff, 0xff, 0xff, 0xff, 0xe0,
    0x69, 0x0, 0x6c, 0xef, 0xff, 0xff, 0xff, 0xfb,
    0x0, 0x0, 0x0, 0x0, 0x0, 0x0, 0x0, 0x0,
    0x0,

    /* U+8FDF "迟" */
    0x0, 0x14, 0x0, 0x0, 0x0, 0x0, 0x0, 0x0,
    0x0, 0x0, 0xef, 0x20, 0xe, 0xff, 0xff, 0xff,
    0xfe, 0x0, 0x0, 0x9f, 0xc0, 0xe, 0xfe, 0xee,
    0xee, 0xfe, 0x0, 0x0, 0x1e, 0xf7, 0xe, 0xf2,
    0x0, 0x1, 0xfe, 0x0, 0x0, 0x4, 0xe3, 0xe,
    0xf2, 0x0, 0x1, 0xfe, 0x0, 0x0, 0x0, 0x10,
    0xe, 0xf2, 0x0, 0x1, 0xfe, 0x0, 0x2, 0x22,
    0x20, 0xe, 0xf8, 0x77, 0x78, 0xfe, 0x0, 0xf,
    0xff, 0xf0, 0xe, 0xff, 0xff, 0xff, 0xfe, 0x0,
    0xd, 0xef, 0xf0, 0xf, 0xf8, 0x78, 0x77, 0x77,
    0x0, 0x0, 0xf, 0xf0, 0xf, 0xf0, 0x8d, 0x30,
    0x0, 0x0, 0x0, 0xf, 0xf0, 0x4f, 0xd0, 0xbf,
    0xf6, 0x0, 0x0, 0x0, 0xf, 0xf0, 0xaf, 0x80,
    0x8, 0xff, 0x90, 0x0, 0x0, 0xf, 0xf4, 0xff,
    0x20, 0x0, 0x5f, 0xfc, 0x20, 0x0, 0x5f, 0xf6,
    0xe9, 0x0, 0x0, 0x2, 0xdf, 0x30, 0x6, 0xff,
    0xfe, 0x72, 0x0, 0x0, 0x0, 0x14, 0x0, 0xe,
    0xfa, 0xaf, 0xff, 0xfe, 0xee, 0xee, 0xee, 0xe0,
    0x7, 0xa0, 0x5, 0xbe, 0xff, 0xff, 0xff, 0xff,
    0xd0, 0x0, 0x0, 0x0, 0x0, 0x0, 0x0, 0x0,
    0x0, 0x0,

    /* U+9000 "退" */
    0x1, 0x20, 0x0, 0x0, 0x0, 0x0, 0x0, 0x0,
    0x1, 0xec, 0x0, 0x1f, 0xff, 0xff, 0xff, 0xfc,
    0x0, 0xd, 0xf8, 0x1, 0xfe, 0xaa, 0xaa, 0xaf,
    0xc0, 0x0, 0x3f, 0xf4, 0x1f, 0xc0, 0x0, 0x1,
    0xfc, 0x0, 0x0, 0x8f, 0x51, 0xfe, 0x88, 0x88,
    0x9f, 0xc0, 0x0, 0x0, 0x30, 0x1f, 0xff, 0xff,
    0xff, 0xfc, 0x0, 0x67, 0x77, 0x1, 0xfc, 0x0,
    0x0, 0x1f, 0xc0, 0xc, 0xff, 0xe0, 0x1f, 0xff,
    0xff, 0xff, 0xfc, 0x0, 0x57, 0xfe, 0x1, 0xfe,
    0xab, 0xaa, 0xaa, 0xc2, 0x0, 0x1f, 0xe0, 0x1f,
    0xc1, 0xe8, 0x1, 0xaf, 0xa0, 0x1, 0xfe, 0x1,
    0xfc, 0x2d, 0xfd, 0xef, 0x80, 0x0, 0x1f, 0xe0,
    0x1f, 0xc0, 0x3d, 0xff, 0xb0, 0x0, 0x1, 0xfe,
    0x3, 0xfe, 0xef, 0xe3, 0xdf, 0xd3, 0x0, 0x6f,
    0xf3, 0x6f, 0xff, 0xb6, 0x0, 0x9f, 0x60, 0x6f,
    0xff, 0xe6, 0xb5, 0x10, 0x0, 0x0, 0x40, 0xc,
    0xf9, 0x8f, 0xff, 0xfe, 0xee, 0xee, 0xee, 0xe1,
    0x5b, 0x0, 0x5b, 0xef, 0xff, 0xff, 0xff, 0xfe,
    0x0, 0x0, 0x0, 0x0, 0x0, 0x0, 0x0, 0x0,
    0x0,

    /* U+9001 "送" */
    0x0, 0x0, 0x0, 0x2, 0x0, 0x0, 0x20, 0x0,
    0x7, 0x40, 0x0, 0xbf, 0x20, 0x1, 0xeb, 0x0,
    0x4f, 0xe1, 0x0, 0x7f, 0xd0, 0xa, 0xf9, 0x0,
    0xa, 0xfc, 0x1, 0x2d, 0xc3, 0x6f, 0xd2, 0x20,
    0x0, 0xdf, 0x3d, 0xff, 0xff, 0xff, 0xff, 0xf3,
    0x0, 0x34, 0x9, 0xbb, 0xcf, 0xfb, 0xbb, 0xb2,
    0x33, 0x33, 0x0, 0x0, 0x2f, 0xf0, 0x0, 0x0,
    0xef, 0xfe, 0x2, 0x22, 0x4f, 0xf2, 0x22, 0x21,
    0xac, 0xfe, 0x6f, 0xff, 0xff, 0xff, 0xff, 0xf9,
    0x1, 0xfe, 0x4b, 0xbb, 0xdf, 0xeb, 0xbb, 0xb6,
    0x1, 0xfe, 0x0, 0x0, 0xcf, 0xf8, 0x0, 0x0,
    0x1, 0xfe, 0x0, 0xa, 0xff, 0xef, 0xc1, 0x0,
    0x1, 0xfe, 0x5, 0xdf, 0xf4, 0x1c, 0xfe, 0x40,
    0x7, 0xff, 0x3e, 0xfc, 0x20, 0x0, 0xaf, 0xe0,
    0x7f, 0xff, 0xeb, 0x80, 0x0, 0x0, 0x7, 0x30,
    0xcf, 0x8a, 0xff, 0xff, 0xff, 0xff, 0xff, 0xfc,
    0x69, 0x0, 0x5b, 0xef, 0xff, 0xff, 0xff, 0xf9,
    0x0, 0x0, 0x0, 0x0, 0x0, 0x0, 0x0, 0x0,

    /* U+900F "透" */
    0x2, 0x40, 0x0, 0x0, 0x1, 0x23, 0x46, 0x80,
    0x3, 0xfe, 0x0, 0xaf, 0xff, 0xff, 0xff, 0xff,
    0x10, 0xd, 0xf7, 0x7, 0xaa, 0x9e, 0xf6, 0x43,
    0x10, 0x0, 0x4f, 0xf1, 0x0, 0x0, 0xcf, 0x10,
    0x0, 0x0, 0x0, 0xbd, 0x5f, 0xff, 0xff, 0xff,
    0xff, 0xfe, 0x0, 0x1, 0x1, 0x88, 0xcf, 0xff,
    0xff, 0x98, 0x70, 0x12, 0x21, 0x1, 0xaf, 0xdd,
    0xfd, 0xfe, 0x60, 0xc, 0xff, 0xca, 0xff, 0x80,
    0x79, 0x19, 0xff, 0xf2, 0xcf, 0xfc, 0xbc, 0xca,
    0xaa, 0xaa, 0xa7, 0xbe, 0x0, 0x1f, 0xc1, 0xf,
    0xff, 0xff, 0xff, 0x30, 0x10, 0x1, 0xfc, 0x0,
    0x3c, 0xf5, 0x3b, 0xf8, 0x73, 0x0, 0x1f, 0xc0,
    0x1, 0xfe, 0x0, 0xcf, 0xff, 0x40, 0x1, 0xfc,
    0x3, 0xdf, 0x60, 0x0, 0xa, 0xf1, 0x0, 0x5f,
    0xd3, 0xff, 0x80, 0xf, 0xff, 0xfc, 0x0, 0x5f,
    0xff, 0xc9, 0x30, 0x0, 0x78, 0x86, 0x10, 0xc,
    0xf9, 0xcf, 0xff, 0xee, 0xee, 0xee, 0xee, 0xe2,
    0x6a, 0x0, 0x7c, 0xef, 0xff, 0xff, 0xff, 0xff,
    0x0, 0x0, 0x0, 0x0, 0x0, 0x0, 0x0, 0x0,
    0x0,

    /* U+9010 "逐" */
    0x3, 0x40, 0x0, 0x0, 0x0, 0x0, 0x0, 0x0,
    0x2, 0xfe, 0x10, 0xef, 0xff, 0xff, 0xff, 0xff,
    0xc0, 0xa, 0xf9, 0xc, 0xdd, 0xef, 0xfe, 0xdd,
    0xda, 0x0, 0x1f, 0xf3, 0x0, 0x3d, 0xfc, 0x10,
    0x2, 0x0, 0x0, 0x7a, 0x0, 0x7f, 0xff, 0x60,
    0x4, 0xf2, 0x0, 0x0, 0x3, 0xef, 0xf9, 0xfe,
    0x3, 0xff, 0x60, 0x23, 0x33, 0x3f, 0xc3, 0x5f,
    0xf9, 0xff, 0x70, 0xb, 0xff, 0xd0, 0x41, 0xaf,
    0xdf, 0xff, 0x60, 0x0, 0x8c, 0xfd, 0x19, 0xff,
    0x93, 0xff, 0xf4, 0x0, 0x0, 0x1f, 0xd3, 0xfb,
    0x35, 0xff, 0xff, 0xf5, 0x0, 0x1, 0xfd, 0x3,
    0x1a, 0xfd, 0x9f, 0xaf, 0xf6, 0x0, 0x1f, 0xd1,
    0x8f, 0xfb, 0x15, 0xf7, 0x3f, 0xe0, 0x1, 0xfd,
    0x5f, 0xe6, 0x11, 0xbf, 0x60, 0x43, 0x0, 0x5f,
    0xf2, 0x60, 0x5f, 0xff, 0xf2, 0x0, 0x0, 0x6f,
    0xff, 0xd4, 0x1, 0x99, 0x83, 0x0, 0x0, 0xc,
    0xf6, 0x9f, 0xff, 0xdd, 0xdd, 0xdd, 0xdd, 0xd2,
    0x57, 0x0, 0x5c, 0xef, 0xff, 0xff, 0xff, 0xff,
    0x0, 0x0, 0x0, 0x0, 0x0, 0x0, 0x0, 0x0,
    0x0,

    /* U+9012 "递" */
    0x0, 0x0, 0x0, 0x1, 0x0, 0x0, 0x10, 0x0,
    0x0, 0x94, 0x0, 0x7, 0xf8, 0x0, 0x5f, 0x90,
    0x0, 0x5f, 0xe1, 0x0, 0x2f, 0xd1, 0x1e, 0xf2,
    0x0, 0x0, 0xaf, 0xb1, 0xff, 0xff, 0xff, 0xff,
    0xff, 0x10, 0x1, 0xed, 0x29, 0x99, 0x9e, 0xf9,
    0x9e, 0xf1, 0x0, 0x2, 0x0, 0x78, 0x88, 0xef,
    0x88, 0xdf, 0x10, 0x8b, 0xb8, 0xf, 0xff, 0xff,
    0xff, 0xff, 0xf1, 0xc, 0xff, 0xc0, 0xfd, 0x0,
    0xcf, 0x10, 0x0, 0x0, 0x47, 0xfc, 0x2f, 0xe8,
    0x8e, 0xf9, 0x88, 0x87, 0x0, 0x3f, 0xc4, 0xff,
    0xff, 0xff, 0xff, 0xff, 0xd0, 0x3, 0xfc, 0x0,
    0x8, 0xff, 0xf1, 0x4, 0xfc, 0x0, 0x3f, 0xc0,
    0x1a, 0xfd, 0xdf, 0x10, 0x6f, 0xb0, 0x3, 0xfc,
    0x5e, 0xfc, 0x1c, 0xf7, 0xff, 0xf8, 0x0, 0x7f,
    0xe6, 0xf7, 0x0, 0xcf, 0x3a, 0xa7, 0x0, 0x5f,
    0xff, 0xe6, 0x0, 0x6, 0x80, 0x0, 0x0, 0xd,
    0xf5, 0x8f, 0xff, 0xed, 0xdd, 0xdd, 0xdd, 0xd2,
    0x78, 0x0, 0x5b, 0xef, 0xff, 0xff, 0xff, 0xff,
    0x0, 0x0, 0x0, 0x0, 0x0, 0x0, 0x0, 0x0,
    0x0,

    /* U+9014 "途" */
    0x4, 0x90, 0x0, 0x0, 0x2f, 0xf5, 0x0, 0x0,
    0x0, 0xef, 0x80, 0x0, 0x1d, 0xff, 0xf5, 0x0,
    0x0, 0x4, 0xff, 0x30, 0x2d, 0xf9, 0x3f, 0xf8,
    0x0, 0x0, 0x8, 0xd3, 0x6f, 0xf8, 0x0, 0x3e,
    0xfd, 0x50, 0x0, 0x0, 0xaf, 0xff, 0xff, 0xff,
    0xff, 0xfe, 0x5, 0x77, 0x53, 0xb6, 0xbb, 0xff,
    0xbb, 0x75, 0x60, 0xcf, 0xfd, 0x0, 0x0, 0xd,
    0xf1, 0x0, 0x0, 0x8, 0xaf, 0xd1, 0xff, 0xff,
    0xff, 0xff, 0xff, 0x80, 0x2, 0xfd, 0x1c, 0xcc,
    0xcf, 0xfc, 0xcc, 0xc6, 0x0, 0x2f, 0xd0, 0xc,
    0x90, 0xdf, 0x17, 0x60, 0x0, 0x2, 0xfd, 0x8,
    0xfa, 0xd, 0xf2, 0xdf, 0x60, 0x0, 0x2f, 0xd6,
    0xfd, 0x21, 0xef, 0x12, 0xef, 0x40, 0x4, 0xfe,
    0x5d, 0x2e, 0xff, 0xf0, 0x3, 0xe4, 0x4, 0xff,
    0xfd, 0x40, 0x68, 0x83, 0x0, 0x1, 0x0, 0xcf,
    0x9b, 0xff, 0xff, 0xee, 0xee, 0xee, 0xee, 0x5,
    0xa0, 0x6, 0xce, 0xff, 0xff, 0xff, 0xff, 0xc0,
    0x0, 0x0, 0x0, 0x0, 0x0, 0x0, 0x0, 0x0,
    0x0,

    /* U+9017 "逗" */
    0x0, 0x11, 0x0, 0x0, 0x0, 0x0, 0x0, 0x0,
    0x0, 0x2, 0xdb, 0x0, 0xff, 0xff, 0xff, 0xff,
    0xff, 0xb0, 0x1, 0xff, 0x60, 0xdd, 0xdd, 0xdd,
    0xdd, 0xdd, 0x90, 0x0, 0x5f, 0xf2, 0x0, 0x0,
    0x0, 0x0, 0x0, 0x0, 0x0, 0xa, 0xc1, 0x28,
    0x88, 0x88, 0x88, 0x87, 0x0, 0x0, 0x1, 0x0,
    0x4f, 0xff, 0xff, 0xff, 0xfd, 0x0, 0x4, 0x55,
    0x40, 0x4f, 0xb0, 0x0, 0x1, 0xfd, 0x0, 0xe,
    0xff, 0xe0, 0x4f, 0xb0, 0x0, 0x1, 0xfd, 0x0,
    0xb, 0xdf, 0xe0, 0x4f, 0xff, 0xff, 0xff, 0xfd,
    0x0, 0x0, 0x1f, 0xe0, 0x28, 0xda, 0x88, 0x8d,
    0x97, 0x0, 0x0, 0x1f, 0xe0, 0x6, 0xfd, 0x0,
    0x3f, 0xd0, 0x0, 0x0, 0x1f, 0xe0, 0x0, 0xce,
    0x41, 0xdf, 0x60, 0x0, 0x0, 0x1f, 0xe4, 0xff,
    0xff, 0xff, 0xff, 0xff, 0xf0, 0x0, 0x8f, 0xf7,
    0xcc, 0xcc, 0xcc, 0xcc, 0xcc, 0xc0, 0x9, 0xff,
    0xff, 0x82, 0x10, 0x0, 0x0, 0x0, 0x0, 0xe,
    0xf7, 0x8f, 0xff, 0xff, 0xff, 0xff, 0xff, 0xf1,
    0x9, 0x90, 0x4, 0xbe, 0xff, 0xff, 0xff, 0xff,
    0xe0, 0x1, 0x0, 0x0, 0x0, 0x0, 0x0, 0x0,
    0x0, 0x0,

    /* U+901A "通" */
    0x0, 0x10, 0x0, 0x0, 0x0, 0x0, 0x0, 0x0,
    0x0, 0xbd, 0x0, 0xef, 0xff, 0xff, 0xff, 0xff,
    0x20, 0xb, 0xf7, 0x8, 0x9e, 0xb9, 0x9a, 0xff,
    0xf1, 0x0, 0x2f, 0xf1, 0x1, 0xfe, 0x43, 0xdf,
    0xd2, 0x0, 0x0, 0x9e, 0x30, 0x4, 0xef, 0xff,
    0x90, 0x0, 0x0, 0x1, 0x0, 0xdf, 0xff, 0xff,
    0xff, 0xff, 0x50, 0x68, 0x86, 0xe, 0xf8, 0x8e,
    0xf9, 0x8c, 0xf6, 0xd, 0xff, 0xc0, 0xef, 0x44,
    0xdf, 0x54, 0x9f, 0x60, 0x7a, 0xfc, 0xe, 0xff,
    0xff, 0xff, 0xff, 0xf6, 0x0, 0x3f, 0xc0, 0xef,
    0x22, 0xcf, 0x42, 0x9f, 0x60, 0x3, 0xfc, 0xe,
    0xf7, 0x7d, 0xf8, 0x7b, 0xf6, 0x0, 0x3f, 0xc0,
    0xef, 0xff, 0xff, 0xff, 0xff, 0x60, 0x3, 0xfc,
    0xe, 0xf0, 0xc, 0xf2, 0x9, 0xf5, 0x0, 0x9f,
    0xf2, 0xef, 0x0, 0x9c, 0x6f, 0xff, 0x30, 0x7f,
    0xff, 0xd8, 0x40, 0x0, 0x0, 0x65, 0x30, 0xb,
    0xf6, 0xaf, 0xff, 0xee, 0xee, 0xee, 0xee, 0xe1,
    0x48, 0x0, 0x6c, 0xff, 0xff, 0xff, 0xff, 0xff,
    0x0, 0x0, 0x0, 0x0, 0x0, 0x0, 0x0, 0x0,
    0x0,

    /* U+901F "速" */
    0x6, 0x70, 0x0, 0x0, 0xd, 0xf1, 0x0, 0x0,
    0x1, 0xff, 0x33, 0xcc, 0xcc, 0xff, 0xdc, 0xcc,
    0x80, 0x7, 0xfd, 0x4f, 0xff, 0xff, 0xff, 0xff,
    0xfa, 0x0, 0xd, 0xf3, 0x0, 0x0, 0xdf, 0x10,
    0x0, 0x0, 0x0, 0x21, 0xb, 0xff, 0xff, 0xff,
    0xff, 0xf1, 0x6, 0x77, 0x60, 0xcf, 0xaa, 0xff,
    0xaa, 0xef, 0x10, 0xdf, 0xfe, 0xc, 0xf1, 0xd,
    0xf1, 0xc, 0xf1, 0x8, 0xaf, 0xe0, 0xcf, 0xaa,
    0xff, 0xba, 0xef, 0x10, 0x2, 0xfe, 0xb, 0xff,
    0xff, 0xff, 0xff, 0xf1, 0x0, 0x2f, 0xe0, 0x0,
    0x5f, 0xff, 0xd4, 0x0, 0x0, 0x2, 0xfe, 0x0,
    0x7f, 0xff, 0xff, 0xfa, 0x10, 0x0, 0x2f, 0xe3,
    0xdf, 0xf4, 0xdf, 0x5d, 0xff, 0x40, 0x5, 0xff,
    0x5f, 0xd3, 0xd, 0xf1, 0xa, 0xf2, 0x4, 0xff,
    0xfe, 0xa1, 0x0, 0x9b, 0x10, 0x2, 0x0, 0xcf,
    0x89, 0xff, 0xff, 0xee, 0xee, 0xee, 0xed, 0x6,
    0x80, 0x5, 0xbe, 0xff, 0xff, 0xff, 0xff, 0xc0,
    0x0, 0x0, 0x0, 0x0, 0x0, 0x0, 0x0, 0x0,
    0x0,

    /* U+9020 "造" */
    0x4, 0x40, 0x0, 0x68, 0x11, 0xfe, 0x0, 0x0,
    0x3, 0xfe, 0x20, 0xd, 0xf2, 0x1f, 0xe0, 0x0,
    0x0, 0xb, 0xfd, 0x4, 0xff, 0xff, 0xff, 0xff,
    0xfa, 0x0, 0xd, 0xf6, 0xcf, 0xba, 0xaf, 0xfa,
    0xaa, 0x70, 0x0, 0x27, 0xa, 0xb0, 0x1, 0xfe,
    0x0, 0x0, 0x4, 0x66, 0x52, 0xff, 0xff, 0xff,
    0xff, 0xff, 0xf4, 0xcf, 0xfe, 0x2b, 0xbb, 0xbb,
    0xbb, 0xbb, 0xbb, 0x38, 0xcf, 0xe0, 0x0, 0x0,
    0x0, 0x0, 0x0, 0x0, 0x1, 0xfe, 0x1, 0xff,
    0xff, 0xff, 0xff, 0xf2, 0x0, 0x1f, 0xe0, 0x1f,
    0xf9, 0x99, 0x99, 0xef, 0x20, 0x1, 0xfe, 0x1,
    0xfe, 0x0, 0x0, 0xd, 0xf2, 0x0, 0x1f, 0xe0,
    0x1f, 0xfb, 0xbb, 0xbb, 0xff, 0x20, 0x5, 0xff,
    0x30, 0xff, 0xff, 0xff, 0xff, 0xf2, 0x5, 0xff,
    0xfe, 0x61, 0x0, 0x0, 0x0, 0x0, 0x0, 0xdf,
    0x98, 0xff, 0xff, 0xee, 0xee, 0xee, 0xee, 0x46,
    0xb0, 0x4, 0xbe, 0xff, 0xff, 0xff, 0xff, 0xf1,
    0x0, 0x0, 0x0, 0x0, 0x0, 0x0, 0x0, 0x0,
    0x0,

    /* U+9053 "道" */
    0x0, 0x0, 0x0, 0x0, 0x67, 0x0, 0x9, 0x50,
    0x0, 0x4, 0xe8, 0x0, 0x1, 0xef, 0x10, 0x6f,
    0xb0, 0x0, 0x4, 0xff, 0x43, 0x99, 0xdf, 0xb9,
    0xef, 0xa9, 0x90, 0x0, 0x8f, 0xe6, 0xff, 0xff,
    0xff, 0xff, 0xff, 0xf0, 0x0, 0xc, 0xb1, 0x0,
    0x0, 0xef, 0x10, 0x0, 0x0, 0x0, 0x1, 0x0,
    0x1c, 0xcc, 0xff, 0xcc, 0xca, 0x0, 0x3, 0x44,
    0x30, 0x2f, 0xfe, 0xee, 0xee, 0xfd, 0x0, 0xc,
    0xff, 0xe0, 0x2f, 0xc2, 0x22, 0x23, 0xfd, 0x0,
    0x9, 0xcf, 0xe0, 0x2f, 0xff, 0xff, 0xff, 0xfd,
    0x0, 0x0, 0x1f, 0xe0, 0x2f, 0xc2, 0x22, 0x23,
    0xfd, 0x0, 0x0, 0x1f, 0xe0, 0x2f, 0xff, 0xff,
    0xff, 0xfd, 0x0, 0x0, 0x1f, 0xe0, 0x2f, 0xd5,
    0x55, 0x56, 0xfd, 0x0, 0x0, 0x1f, 0xe0, 0x2f,
    0xe9, 0x99, 0x9a, 0xfd, 0x0, 0x0, 0x7f, 0xf2,
    0x2f, 0xff, 0xff, 0xff, 0xfc, 0x0, 0x6, 0xff,
    0xfe, 0x50, 0x0, 0x0, 0x0, 0x0, 0x0, 0xd,
    0xf8, 0xaf, 0xff, 0xdd, 0xdd, 0xdd, 0xdd, 0xd1,
    0x7, 0x90, 0x6, 0xcf, 0xff, 0xff, 0xff, 0xff,
    0xf0, 0x0, 0x0, 0x0, 0x0, 0x0, 0x0, 0x0,
    0x0, 0x0,

    /* U+906E "遮" */
    0x0, 0x0, 0x0, 0x0, 0x4, 0x70, 0x0, 0x0,
    0x0, 0xa7, 0x0, 0x0, 0x0, 0xbf, 0x40, 0x0,
    0x0, 0x4f, 0xf4, 0xc, 0xff, 0xff, 0xff, 0xff,
    0xfe, 0x0, 0x7f, 0xf3, 0xdf, 0xbd, 0xeb, 0xbd,
    0xeb, 0xa0, 0x0, 0xac, 0x1d, 0xf0, 0xbf, 0x10,
    0xbf, 0x10, 0x0, 0x0, 0x0, 0xdf, 0x9d, 0xfa,
    0x9d, 0xfa, 0x90, 0x45, 0x53, 0xd, 0xff, 0xff,
    0xff, 0xff, 0xff, 0xc, 0xff, 0xa0, 0xde, 0xb,
    0xf1, 0xb, 0xf2, 0x0, 0x69, 0xfa, 0xe, 0xe0,
    0xbf, 0x88, 0xdf, 0x10, 0x0, 0x3f, 0xa0, 0xfc,
    0xb, 0xff, 0xff, 0xf1, 0x0, 0x3, 0xfa, 0x3f,
    0x94, 0x21, 0x12, 0x22, 0x30, 0x0, 0x3f, 0xa8,
    0xf5, 0xe8, 0xf5, 0xe8, 0xbe, 0x0, 0x3, 0xfb,
    0xff, 0x3f, 0x4d, 0x7a, 0xd4, 0xf5, 0x0, 0x7f,
    0xc7, 0x88, 0xf0, 0xca, 0x6f, 0x1d, 0xc0, 0x6f,
    0xff, 0xa2, 0x37, 0x6, 0x51, 0x40, 0x43, 0xd,
    0xf9, 0xdf, 0xff, 0xed, 0xdd, 0xdd, 0xdd, 0xd2,
    0x79, 0x0, 0x7c, 0xef, 0xff, 0xff, 0xff, 0xff,
    0x0, 0x0, 0x0, 0x0, 0x0, 0x0, 0x0, 0x0,
    0x0,

    /* U+907F "避" */
    0x0, 0x30, 0x0, 0x0, 0x0, 0x0, 0x3a, 0x40,
    0x0, 0x7f, 0x30, 0x9f, 0xff, 0xf7, 0x3, 0xf9,
    0x0, 0x9, 0xfd, 0x9, 0xfb, 0xbf, 0x9b, 0xbf,
    0xeb, 0x70, 0x1e, 0xf6, 0x9f, 0x11, 0xf9, 0xff,
    0xff, 0xf9, 0x0, 0x5f, 0x69, 0xf1, 0x1f, 0x78,
    0xe0, 0x9e, 0x0, 0x0, 0x20, 0x9f, 0xbb, 0xf7,
    0x5f, 0xa, 0xb0, 0x4, 0x44, 0x9, 0xff, 0xff,
    0x73, 0xf4, 0xd9, 0x3, 0xff, 0xf1, 0xbf, 0x11,
    0x14, 0xff, 0xff, 0xfc, 0x2b, 0xef, 0x1d, 0xf8,
    0x88, 0x7b, 0xcf, 0xeb, 0x80, 0xb, 0xf2, 0xff,
    0xff, 0xf7, 0x3, 0xfa, 0x0, 0x0, 0xbf, 0x7f,
    0xfa, 0x2f, 0x8a, 0xbf, 0xda, 0x60, 0xb, 0xfe,
    0xed, 0xa0, 0xf9, 0xff, 0xff, 0xf9, 0x0, 0xbf,
    0x66, 0xdc, 0x5f, 0x70, 0x3f, 0xa0, 0x0, 0xd,
    0xf4, 0xd, 0xff, 0xf7, 0x3, 0xfa, 0x0, 0xb,
    0xff, 0xf6, 0x33, 0x33, 0x10, 0x19, 0x50, 0x3,
    0xfe, 0x6f, 0xff, 0xdc, 0xcc, 0xcc, 0xcc, 0xc9,
    0xc, 0x30, 0x29, 0xdf, 0xff, 0xff, 0xff, 0xff,
    0xa0, 0x0, 0x0, 0x0, 0x0, 0x0, 0x0, 0x0,
    0x0,

    /* U+90E8 "部" */
    0x0, 0x0, 0x8d, 0x40, 0x0, 0x0, 0x0, 0x0,
    0x0, 0x0, 0x0, 0x8f, 0x80, 0x0, 0x5f, 0xff,
    0xff, 0xe0, 0x7, 0xbb, 0xdf, 0xeb, 0xb6, 0x5f,
    0xff, 0xff, 0xe0, 0x9, 0xff, 0xff, 0xff, 0xf9,
    0x5f, 0x80, 0x4f, 0xb0, 0x0, 0x8f, 0x61, 0x5f,
    0xa0, 0x5f, 0x80, 0x8f, 0x60, 0x0, 0x4f, 0x90,
    0x8f, 0x50, 0x5f, 0x80, 0xcf, 0x10, 0x0, 0x2f,
    0xc0, 0xcf, 0x20, 0x5f, 0x81, 0xfb, 0x0, 0xf,
    0xff, 0xff, 0xff, 0xff, 0x6f, 0x85, 0xf8, 0x0,
    0xb, 0xbb, 0xbb, 0xbb, 0xbb, 0x6f, 0x84, 0xff,
    0x20, 0x0, 0x0, 0x0, 0x0, 0x0, 0x5f, 0x80,
    0x9f, 0x90, 0x3, 0xff, 0xff, 0xff, 0xf3, 0x5f,
    0x80, 0x1f, 0xe0, 0x3, 0xff, 0xdd, 0xdf, 0xf3,
    0x5f, 0x80, 0xd, 0xf0, 0x3, 0xfa, 0x0, 0xb,
    0xf3, 0x5f, 0x80, 0xe, 0xf0, 0x3, 0xfa, 0x0,
    0xb, 0xf3, 0x5f, 0x9b, 0xdf, 0xd0, 0x3, 0xfe,
    0xcc, 0xce, 0xf3, 0x5f, 0x8e, 0xfe, 0x40, 0x3,
    0xff, 0xff, 0xff, 0xf3, 0x5f, 0x82, 0x10, 0x0,
    0x3, 0xfa, 0x0, 0x0, 0x0, 0x5f, 0x80, 0x0,
    0x0,

    /* U+914D "配" */
    0xf, 0xff, 0xff, 0xff, 0xf8, 0xff, 0xff, 0xff,
    0x10, 0xaa, 0xdf, 0xbf, 0xca, 0x5e, 0xff, 0xff,
    0xf1, 0x0, 0xa, 0xf3, 0xf6, 0x0, 0x0, 0x0,
    0xdf, 0x10, 0x0, 0xaf, 0x4f, 0x60, 0x0, 0x0,
    0xd, 0xf1, 0x8, 0xff, 0xff, 0xff, 0xf4, 0x0,
    0x0, 0xdf, 0x10, 0x8f, 0xaf, 0xaf, 0xaf, 0x40,
    0x0, 0xd, 0xf1, 0x8, 0xf3, 0xf3, 0xe3, 0xf4,
    0xae, 0xee, 0xff, 0x10, 0x8f, 0x5d, 0x3e, 0x3f,
    0x4b, 0xff, 0xff, 0xf1, 0x8, 0xfc, 0xa2, 0xfe,
    0xf4, 0xbf, 0x10, 0x0, 0x0, 0x8f, 0xe4, 0x6,
    0xbf, 0x4b, 0xf1, 0x0, 0x0, 0x8, 0xf3, 0x11,
    0x16, 0xf4, 0xbf, 0x10, 0x2, 0x0, 0x8f, 0xff,
    0xff, 0xff, 0x4b, 0xf1, 0x1, 0xfb, 0x8, 0xf9,
    0x99, 0x9b, 0xf4, 0xbf, 0x10, 0x2f, 0xb0, 0x8f,
    0x20, 0x0, 0x6f, 0x4b, 0xf2, 0x4, 0xfa, 0x8,
    0xff, 0xff, 0xff, 0xf4, 0xaf, 0xff, 0xff, 0x80,
    0x8f, 0x98, 0x88, 0x88, 0x24, 0xef, 0xff, 0xd2,

    /* U+9192 "醒" */
    0xf, 0xff, 0xff, 0xff, 0x8c, 0xff, 0xff, 0xff,
    0x60, 0xb, 0xbf, 0xdf, 0xeb, 0x6c, 0xf8, 0x88,
    0xaf, 0x60, 0x0, 0xf, 0x7e, 0x90, 0xc, 0xf0,
    0x0, 0x5f, 0x60, 0x0, 0x1f, 0x8e, 0x91, 0xc,
    0xff, 0xff, 0xff, 0x60, 0xb, 0xff, 0xff, 0xff,
    0x3c, 0xf5, 0x55, 0x8f, 0x60, 0xb, 0xee, 0xdf,
    0xcf, 0x3c, 0xf9, 0x99, 0xbf, 0x60, 0xb, 0xaa,
    0x7e, 0x4f, 0x3b, 0xff, 0xff, 0xff, 0x50, 0xb,
    0xac, 0x6e, 0x4f, 0x36, 0xb0, 0x9a, 0x0, 0x0,
    0xb, 0xcf, 0x3d, 0xbf, 0x3c, 0xfb, 0xff, 0xbb,
    0x70, 0xb, 0xfd, 0x8, 0xef, 0x6f, 0xff, 0xff,
    0xff, 0xb0, 0xb, 0xe5, 0x33, 0x7f, 0xee, 0x0,
    0xce, 0x0, 0x0, 0xb, 0xff, 0xff, 0xff, 0x5c,
    0xff, 0xff, 0xff, 0x60, 0xb, 0xe5, 0x55, 0x8f,
    0x35, 0xbb, 0xff, 0xbb, 0x50, 0xb, 0xe3, 0x33,
    0x7f, 0x30, 0x0, 0xce, 0x0, 0x0, 0xb, 0xff,
    0xff, 0xff, 0x8f, 0xff, 0xff, 0xff, 0xf0, 0xb,
    0xe6, 0x66, 0x66, 0x4b, 0xbb, 0xbb, 0xbb, 0xb0,

    /* U+91CA "释" */
    0x0, 0x1, 0x24, 0x50, 0x0, 0x0, 0x0, 0x0,
    0x0, 0xef, 0xff, 0xff, 0x3e, 0xff, 0xff, 0xff,
    0xf2, 0xd, 0xff, 0xfc, 0x91, 0xef, 0xcb, 0xbc,
    0xff, 0x20, 0x74, 0x9f, 0x27, 0x46, 0xfb, 0x0,
    0x9f, 0xa0, 0xc, 0x99, 0xf3, 0xf6, 0xa, 0xfb,
    0x9f, 0xd1, 0x0, 0x6e, 0x9f, 0x9f, 0x0, 0xd,
    0xff, 0xf2, 0x0, 0x0, 0xaa, 0xf8, 0x72, 0x7d,
    0xff, 0xff, 0xe9, 0x40, 0xbc, 0xef, 0xcc, 0xaf,
    0xfb, 0x22, 0xaf, 0xfc, 0xe, 0xff, 0xff, 0xf4,
    0x92, 0xe, 0xf0, 0x16, 0x50, 0x57, 0xff, 0x86,
    0x11, 0x11, 0xef, 0x11, 0x10, 0x0, 0x8f, 0xf6,
    0x4, 0xff, 0xff, 0xff, 0xff, 0x60, 0x1f, 0xff,
    0xfb, 0x4a, 0xaa, 0xff, 0xaa, 0xa4, 0xb, 0xfc,
    0xfa, 0xf2, 0x0, 0xe, 0xf1, 0x0, 0x0, 0xfa,
    0x9f, 0x21, 0xdf, 0xff, 0xff, 0xff, 0xff, 0x9,
    0x9, 0xf2, 0x9, 0xbb, 0xbf, 0xfb, 0xbb, 0xb0,
    0x0, 0x9f, 0x20, 0x0, 0x0, 0xef, 0x0, 0x0,
    0x0, 0x9, 0xf2, 0x0, 0x0, 0xe, 0xf0, 0x0,
    0x0, 0x0, 0x0, 0x0, 0x0, 0x0, 0x0, 0x0,
    0x0,

    /* U+91CC "里" */
    0xa, 0xff, 0xff, 0xff, 0xff, 0xff, 0xff, 0xb0,
    0xa, 0xfe, 0xdd, 0xdf, 0xfd, 0xdd, 0xef, 0xb0,
    0xa, 0xf6, 0x0, 0xf, 0xf0, 0x0, 0x6f, 0xb0,
    0xa, 0xf6, 0x0, 0x1f, 0xf1, 0x0, 0x6f, 0xb0,
    0xa, 0xff, 0xff, 0xff, 0xff, 0xff, 0xff, 0xb0,
    0xa, 0xfc, 0x99, 0x9f, 0xf9, 0x99, 0xbf, 0xb0,
    0xa, 0xf6, 0x0, 0xf, 0xf0, 0x0, 0x6f, 0xb0,
    0xa, 0xfd, 0xcc, 0xcf, 0xfc, 0xcc, 0xdf, 0xb0,
    0xa, 0xff, 0xff, 0xff, 0xff, 0xff, 0xff, 0xb0,
    0x0, 0x0, 0x0, 0x1f, 0xf1, 0x0, 0x0, 0x0,
    0xa, 0xbb, 0xbb, 0xbf, 0xfb, 0xbb, 0xbb, 0xb0,
    0xf, 0xff, 0xff, 0xff, 0xff, 0xff, 0xff, 0xf0,
    0x1, 0x11, 0x11, 0x1f, 0xf1, 0x11, 0x11, 0x10,
    0x0, 0x0, 0x0, 0x1f, 0xf1, 0x0, 0x0, 0x0,
    0xff, 0xff, 0xff, 0xff, 0xff, 0xff, 0xff, 0xff,
    0xbc, 0xcc, 0xcc, 0xcc, 0xcc, 0xcc, 0xcc, 0xcc,

    /* U+91CD "重" */
    0x0, 0x0, 0x0, 0x0, 0x0, 0x1, 0x23, 0x20,
    0x0, 0x8c, 0xcd, 0xde, 0xef, 0xff, 0xff, 0xfa,
    0x0, 0x8, 0xcc, 0xcb, 0xbf, 0xf9, 0x87, 0x65,
    0x30, 0x5, 0x66, 0x66, 0x66, 0xff, 0x66, 0x66,
    0x66, 0x50, 0xff, 0xff, 0xff, 0xff, 0xff, 0xff,
    0xff, 0xff, 0x1, 0x22, 0x22, 0x22, 0xff, 0x22,
    0x22, 0x22, 0x10, 0x5, 0xff, 0xff, 0xff, 0xff,
    0xff, 0xff, 0x60, 0x0, 0x5f, 0xc6, 0x66, 0xff,
    0x66, 0x6b, 0xf6, 0x0, 0x5, 0xfb, 0x44, 0x4f,
    0xf5, 0x44, 0xbf, 0x60, 0x0, 0x5f, 0xff, 0xff,
    0xff, 0xff, 0xff, 0xf6, 0x0, 0x5, 0xfb, 0x44,
    0x4f, 0xf4, 0x44, 0xaf, 0x60, 0x0, 0x5f, 0xff,
    0xff, 0xff, 0xff, 0xff, 0xf6, 0x0, 0x1, 0x22,
    0x22, 0x2f, 0xf2, 0x22, 0x22, 0x10, 0x0, 0xef,
    0xff, 0xff, 0xff, 0xff, 0xff, 0xff, 0x0, 0x2,
    0x22, 0x22, 0x2f, 0xf3, 0x22, 0x22, 0x20, 0xe,
    0xff, 0xff, 0xff, 0xff, 0xff, 0xff, 0xff, 0xf0,
    0x77, 0x77, 0x77, 0x77, 0x77, 0x77, 0x77, 0x77,
    0x0,

    /* U+91CF "量" */
    0x0, 0x7f, 0xff, 0xff, 0xff, 0xff, 0xff, 0xf7,
    0x0, 0x0, 0x7f, 0xa3, 0x33, 0x33, 0x33, 0x3a,
    0xf7, 0x0, 0x0, 0x7f, 0xff, 0xff, 0xff, 0xff,
    0xff, 0xf7, 0x0, 0x0, 0x7f, 0xc8, 0x88, 0x88,
    0x88, 0x8c, 0xf7, 0x0, 0x0, 0x38, 0x88, 0x88,
    0x88, 0x88, 0x88, 0x83, 0x0, 0xd, 0xdd, 0xdd,
    0xdd, 0xdd, 0xdd, 0xdd, 0xdd, 0xd0, 0x6, 0x66,
    0x66, 0x66, 0x66, 0x66, 0x66, 0x66, 0x60, 0x0,
    0x4d, 0xdd, 0xdd, 0xdd, 0xdd, 0xdd, 0xd5, 0x0,
    0x0, 0x6f, 0xb5, 0x55, 0xff, 0x55, 0x5b, 0xf6,
    0x0, 0x0, 0x6f, 0xff, 0xff, 0xff, 0xff, 0xff,
    0xf6, 0x0, 0x0, 0x6f, 0xb4, 0x44, 0xff, 0x44,
    0x4b, 0xf6, 0x0, 0x0, 0x6f, 0xff, 0xff, 0xff,
    0xff, 0xff, 0xf6, 0x0, 0x0, 0x34, 0x44, 0x44,
    0xff, 0x44, 0x44, 0x43, 0x0, 0x0, 0xdf, 0xff,
    0xff, 0xff, 0xff, 0xff, 0xfd, 0x0, 0x3, 0x33,
    0x33, 0x33, 0xff, 0x33, 0x33, 0x33, 0x30, 0xf,
    0xff, 0xff, 0xff, 0xff, 0xff, 0xff, 0xff, 0xf0,

    /* U+949F "钟" */
    0x0, 0x0, 0x0, 0x0, 0x0, 0x0, 0x0, 0x0,
    0x0, 0x6, 0xf8, 0x0, 0x0, 0x0, 0xff, 0x0,
    0x0, 0x0, 0xbf, 0x50, 0x0, 0x0, 0xf, 0xf0,
    0x0, 0x0, 0x1f, 0xff, 0xfe, 0x0, 0x0, 0xff,
    0x0, 0x0, 0x7, 0xfd, 0xbb, 0xaa, 0xff, 0xff,
    0xff, 0xff, 0xc1, 0xff, 0x10, 0x0, 0xaf, 0xcb,
    0xff, 0xbc, 0xfc, 0xc, 0xfd, 0xdd, 0x6a, 0xf3,
    0xf, 0xf0, 0x1f, 0xc0, 0x4f, 0xff, 0xf7, 0xaf,
    0x30, 0xff, 0x1, 0xfc, 0x0, 0x2f, 0xd0, 0xa,
    0xf3, 0xf, 0xf0, 0x1f, 0xc0, 0x68, 0xfe, 0x75,
    0xaf, 0x30, 0xff, 0x1, 0xfc, 0xe, 0xff, 0xff,
    0xca, 0xfe, 0xdf, 0xfd, 0xdf, 0xc0, 0x57, 0xfe,
    0x64, 0xaf, 0xff, 0xff, 0xff, 0xfc, 0x0, 0x2f,
    0xd0, 0x0, 0x0, 0xf, 0xf0, 0x0, 0x0, 0x2,
    0xfd, 0x4a, 0x0, 0x0, 0xff, 0x0, 0x0, 0x0,
    0x3f, 0xff, 0xf0, 0x0, 0xf, 0xf0, 0x0, 0x0,
    0x9, 0xff, 0xb3, 0x0, 0x0, 0xff, 0x0, 0x0,
    0x0, 0x3c, 0x40, 0x0, 0x0, 0xf, 0xf0, 0x0,
    0x0, 0x0, 0x0, 0x0, 0x0, 0x0, 0x0, 0x0,
    0x0,

    /* U+952E "键" */
    0x0, 0x11, 0x0, 0x0, 0x0, 0x0, 0x0, 0x0,
    0x0, 0xc, 0xf0, 0x6f, 0xff, 0x47, 0x8f, 0xc7,
    0x70, 0x1, 0xfc, 0x5, 0xcd, 0xf6, 0xdd, 0xfe,
    0xef, 0x10, 0x6f, 0xff, 0x70, 0xbc, 0x0, 0x1f,
    0x86, 0xf1, 0xc, 0xfa, 0xa4, 0x4f, 0x54, 0x56,
    0xfb, 0x9f, 0x52, 0xf9, 0x0, 0xd, 0xe0, 0xef,
    0xff, 0xff, 0xfe, 0xb, 0xff, 0xf8, 0xfa, 0x30,
    0x1, 0xf8, 0x6f, 0x10, 0x6e, 0xfb, 0xaf, 0xff,
    0x6f, 0xff, 0xff, 0xf1, 0x0, 0xbf, 0x4, 0x8a,
    0xf3, 0x88, 0xfc, 0x88, 0x0, 0x7d, 0xf7, 0x32,
    0x6e, 0x48, 0x9f, 0xc8, 0x81, 0x1f, 0xff, 0xff,
    0xd8, 0xc7, 0xff, 0xff, 0xff, 0x30, 0x4c, 0xf4,
    0x8f, 0xe9, 0x0, 0x1f, 0x80, 0x0, 0x0, 0xbf,
    0x2, 0xff, 0x6f, 0xff, 0xff, 0xff, 0xa0, 0xb,
    0xf3, 0x3d, 0xf7, 0x77, 0x8f, 0xc7, 0x74, 0x0,
    0xbf, 0xfb, 0xff, 0xf8, 0x1, 0xd6, 0x0, 0x0,
    0xe, 0xff, 0xff, 0x8f, 0xff, 0xdc, 0xcc, 0xca,
    0x0, 0xbb, 0x4f, 0x80, 0x29, 0xdf, 0xff, 0xff,
    0xb0, 0x1, 0x0, 0x40, 0x0, 0x0, 0x0, 0x0,
    0x0,

    /* U+955C "镜" */
    0x0, 0x14, 0x0, 0x0, 0x0, 0x47, 0x10, 0x0,
    0x0, 0x0, 0x7f, 0x70, 0x0, 0x0, 0xaf, 0x70,
    0x0, 0x0, 0x0, 0xdf, 0x75, 0x4f, 0xff, 0xff,
    0xff, 0xff, 0x70, 0x3, 0xff, 0xff, 0x47, 0xcf,
    0x87, 0x8f, 0xd7, 0x30, 0xa, 0xf9, 0x88, 0x10,
    0x8f, 0x40, 0x4f, 0x80, 0x0, 0x1f, 0xb0, 0x0,
    0xbf, 0xff, 0xff, 0xff, 0xff, 0xe0, 0x9, 0xff,
    0xfd, 0x57, 0x77, 0x77, 0x77, 0x77, 0x60, 0x3,
    0xff, 0xfd, 0x8, 0x88, 0x88, 0x88, 0x88, 0x0,
    0x0, 0x5f, 0x60, 0xf, 0xff, 0xff, 0xff, 0xff,
    0x0, 0x5, 0x9f, 0xa6, 0x1f, 0xc3, 0x33, 0x33,
    0xdf, 0x0, 0xe, 0xff, 0xff, 0x3f, 0xfe, 0xee,
    0xee, 0xff, 0x0, 0x3, 0x8f, 0x84, 0x1f, 0xc3,
    0x33, 0x33, 0xdf, 0x0, 0x0, 0x5f, 0x60, 0xf,
    0xff, 0xff, 0xff, 0xff, 0x0, 0x0, 0x5f, 0x8b,
    0x3, 0x8f, 0x93, 0xfb, 0x36, 0x60, 0x0, 0x6f,
    0xff, 0x20, 0xcf, 0x30, 0xfa, 0x6, 0xf1, 0x0,
    0xaf, 0xe5, 0x6e, 0xfa, 0x0, 0xfe, 0x9d, 0xf0,
    0x0, 0x3a, 0x11, 0xff, 0x70, 0x0, 0xaf, 0xff,
    0x90, 0x0, 0x0, 0x0, 0x30, 0x0, 0x0, 0x0,
    0x0, 0x0,

    /* U+957F "长" */
    0x0, 0x6f, 0x90, 0x0, 0x0, 0x0, 0x77, 0x0,
    0x0, 0x6f, 0x90, 0x0, 0x0, 0x5d, 0xff, 0x10,
    0x0, 0x6f, 0x90, 0x0, 0x6d, 0xff, 0xe5, 0x0,
    0x0, 0x6f, 0x92, 0xaf, 0xff, 0xd6, 0x0, 0x0,
    0x0, 0x6f, 0x92, 0xff, 0xb4, 0x0, 0x0, 0x0,
    0x0, 0x6f, 0x90, 0x51, 0x0, 0x0, 0x0, 0x0,
    0xcd, 0xef, 0xed, 0xdd, 0xdd, 0xdd, 0xdd, 0xd9,
    0xef, 0xff, 0xff, 0xff, 0xff, 0xff, 0xff, 0xfb,
    0x33, 0x8f, 0xa3, 0x3b, 0xf9, 0x33, 0x33, 0x32,
    0x0, 0x6f, 0x90, 0x3, 0xff, 0x10, 0x0, 0x0,
    0x0, 0x6f, 0x90, 0x0, 0x9f, 0xc0, 0x0, 0x0,
    0x0, 0x6f, 0x90, 0x0, 0x1d, 0xfb, 0x10, 0x0,
    0x0, 0x6f, 0x90, 0x6c, 0x72, 0xef, 0xe6, 0x0,
    0x0, 0x7f, 0xef, 0xff, 0x80, 0x1c, 0xff, 0xe7,
    0x0, 0xef, 0xff, 0xb4, 0x0, 0x0, 0x6e, 0xf4,
    0x0, 0x8d, 0x71, 0x0, 0x0, 0x0, 0x0, 0x40,
    0x0, 0x0, 0x0, 0x0, 0x0, 0x0, 0x0, 0x0,

    /* U+95ED "闭" */
    0x0, 0xb2, 0x0, 0x0, 0x0, 0x0, 0x0, 0x0,
    0x8, 0xff, 0x40, 0xcf, 0xff, 0xff, 0xff, 0xfc,
    0x0, 0xaf, 0xf4, 0xcf, 0xff, 0xff, 0xff, 0xfc,
    0x0, 0xa, 0xd1, 0x0, 0x0, 0x0, 0x4, 0xfc,
    0x9, 0x80, 0x10, 0x0, 0xc, 0xf1, 0x4, 0xfc,
    0x1f, 0xe0, 0x0, 0x0, 0xd, 0xf1, 0x4, 0xfc,
    0x1f, 0xe0, 0xff, 0xff, 0xff, 0xff, 0xf4, 0xfc,
    0x1f, 0xe0, 0xcc, 0xcc, 0xff, 0xfc, 0xc4, 0xfc,
    0x1f, 0xe0, 0x0, 0x5, 0xff, 0xf1, 0x4, 0xfc,
    0x1f, 0xe0, 0x0, 0x3f, 0xee, 0xf1, 0x4, 0xfc,
    0x1f, 0xe0, 0x3, 0xef, 0x4d, 0xf1, 0x4, 0xfc,
    0x1f, 0xe0, 0x5f, 0xf7, 0xd, 0xf1, 0x4, 0xfc,
    0x1f, 0xe8, 0xff, 0x70, 0xd, 0xf1, 0x4, 0xfc,
    0x1f, 0xe4, 0xf6, 0x0, 0x1e, 0xf0, 0x4, 0xfc,
    0x1f, 0xe0, 0x0, 0x4f, 0xff, 0xe0, 0x7, 0xfb,
    0x1f, 0xe0, 0x0, 0x1b, 0xba, 0x6f, 0xff, 0xf9,
    0x1f, 0xe0, 0x0, 0x0, 0x0, 0xf, 0xff, 0xc2,

    /* U+95F2 "闲" */
    0x0, 0xa2, 0x0, 0x0, 0x0, 0x0, 0x0, 0x0,
    0x8, 0xff, 0x40, 0xff, 0xff, 0xff, 0xff, 0xfc,
    0x0, 0xaf, 0xf4, 0xde, 0xee, 0xee, 0xee, 0xfc,
    0x0, 0x9, 0xd1, 0x0, 0x0, 0x0, 0x2, 0xfc,
    0x18, 0x60, 0x10, 0xa, 0xc0, 0x0, 0x2, 0xfc,
    0x2f, 0xd0, 0x0, 0xd, 0xf1, 0x0, 0x2, 0xfc,
    0x2f, 0xd1, 0xff, 0xff, 0xff, 0xff, 0xc2, 0xfc,
    0x2f, 0xd1, 0xdd, 0xdf, 0xfd, 0xdd, 0xa2, 0xfc,
    0x2f, 0xd0, 0x0, 0x6f, 0xf2, 0x0, 0x2, 0xfc,
    0x2f, 0xd0, 0x2, 0xff, 0xfe, 0x40, 0x2, 0xfc,
    0x2f, 0xd0, 0x1d, 0xff, 0xff, 0xf8, 0x2, 0xfc,
    0x2f, 0xd1, 0xdf, 0xbd, 0xf4, 0xef, 0xc2, 0xfc,
    0x2f, 0xdb, 0xfe, 0x1d, 0xf1, 0x1c, 0xa2, 0xfc,
    0x2f, 0xd3, 0xd2, 0xd, 0xf1, 0x0, 0x12, 0xfc,
    0x2f, 0xd0, 0x0, 0xd, 0xf1, 0x0, 0x3, 0xfb,
    0x2f, 0xd0, 0x0, 0xd, 0xf1, 0x4d, 0xdf, 0xfa,
    0x2f, 0xd0, 0x0, 0x0, 0x0, 0x2f, 0xff, 0xd3,

    /* U+95F4 "间" */
    0x0, 0xa2, 0x0, 0x0, 0x0, 0x0, 0x0, 0x0,
    0x9, 0xfe, 0x20, 0xff, 0xff, 0xff, 0xff, 0xfc,
    0x1, 0xdf, 0xe2, 0xff, 0xff, 0xff, 0xff, 0xfc,
    0x0, 0x2f, 0xc0, 0x0, 0x0, 0x0, 0x4, 0xfc,
    0x6, 0x53, 0x0, 0x0, 0x0, 0x0, 0x4, 0xfc,
    0x1f, 0xe0, 0xaf, 0xff, 0xff, 0xfd, 0x4, 0xfc,
    0x1f, 0xe0, 0xbf, 0xdd, 0xdd, 0xfe, 0x4, 0xfc,
    0x1f, 0xe0, 0xbf, 0x30, 0x0, 0xfe, 0x4, 0xfc,
    0x1f, 0xe0, 0xbf, 0x40, 0x0, 0xfe, 0x4, 0xfc,
    0x1f, 0xe0, 0xbf, 0xff, 0xff, 0xfe, 0x4, 0xfc,
    0x1f, 0xe0, 0xbf, 0xcb, 0xbb, 0xfe, 0x4, 0xfc,
    0x1f, 0xe0, 0xbf, 0x30, 0x0, 0xfe, 0x4, 0xfc,
    0x1f, 0xe0, 0xbf, 0xdc, 0xcc, 0xfe, 0x4, 0xfc,
    0x1f, 0xe0, 0xbf, 0xff, 0xff, 0xfe, 0x4, 0xfc,
    0x1f, 0xe0, 0x0, 0x0, 0x0, 0x0, 0x6, 0xfc,
    0x1f, 0xe0, 0x0, 0x0, 0x0, 0x9e, 0xef, 0xfa,
    0x1f, 0xe0, 0x0, 0x0, 0x0, 0x7f, 0xff, 0xc2,

    /* U+95F9 "闹" */
    0x2, 0xa0, 0x0, 0x0, 0x0, 0x0, 0x0, 0x0,
    0xb, 0xfa, 0xa, 0xff, 0xff, 0xff, 0xff, 0xfc,
    0x1, 0xdf, 0x89, 0xee, 0xee, 0xee, 0xee, 0xfc,
    0x0, 0x2d, 0x20, 0x7, 0x80, 0x0, 0x3, 0xfc,
    0x7, 0x60, 0x0, 0xe, 0xf1, 0x0, 0x3, 0xfc,
    0x1f, 0xd5, 0xbb, 0xbe, 0xfc, 0xbb, 0xb4, 0xfc,
    0x1f, 0xd8, 0xff, 0xff, 0xff, 0xff, 0xf5, 0xfc,
    0x1f, 0xd0, 0x0, 0xb, 0xf0, 0x0, 0x3, 0xfc,
    0x1f, 0xd0, 0x99, 0x9e, 0xf9, 0x99, 0x53, 0xfc,
    0x1f, 0xd0, 0xff, 0xff, 0xff, 0xff, 0x93, 0xfc,
    0x1f, 0xd0, 0xf8, 0xb, 0xf0, 0x1f, 0x93, 0xfc,
    0x1f, 0xd0, 0xf8, 0xb, 0xf0, 0x1f, 0x93, 0xfc,
    0x1f, 0xd0, 0xf8, 0xb, 0xf1, 0x3f, 0x93, 0xfc,
    0x1f, 0xd0, 0xf8, 0xb, 0xf7, 0xff, 0x73, 0xfc,
    0x1f, 0xd0, 0x94, 0xb, 0xf2, 0x86, 0x5, 0xfb,
    0x1f, 0xd0, 0x0, 0xb, 0xf0, 0xc, 0xef, 0xf9,
    0x1f, 0xd0, 0x0, 0x3, 0x40, 0xa, 0xff, 0xc2,

    /* U+961F "队" */
    0x1f, 0xff, 0xff, 0xf0, 0x8, 0xf9, 0x0, 0x0,
    0x1, 0xff, 0xff, 0xff, 0x0, 0x8f, 0x90, 0x0,
    0x0, 0x1f, 0xb0, 0x3f, 0xb0, 0x8, 0xf8, 0x0,
    0x0, 0x1, 0xfb, 0x9, 0xf5, 0x0, 0x9f, 0x90,
    0x0, 0x0, 0x1f, 0xb0, 0xef, 0x0, 0x9, 0xfa,
    0x0, 0x0, 0x1, 0xfb, 0x4f, 0x90, 0x0, 0xbf,
    0xc0, 0x0, 0x0, 0x1f, 0xb4, 0xfd, 0x0, 0xc,
    0xff, 0x0, 0x0, 0x1, 0xfb, 0x8, 0xf7, 0x0,
    0xff, 0xf3, 0x0, 0x0, 0x1f, 0xb0, 0x1f, 0xd0,
    0x3f, 0xff, 0x80, 0x0, 0x1, 0xfb, 0x0, 0xdf,
    0x8, 0xfe, 0xfe, 0x0, 0x0, 0x1f, 0xb2, 0x4f,
    0xf1, 0xef, 0x5d, 0xf6, 0x0, 0x1, 0xfb, 0xef,
    0xfb, 0x8f, 0xd0, 0x6f, 0xe1, 0x0, 0x1f, 0xb8,
    0xb8, 0x5f, 0xf4, 0x0, 0xdf, 0xb0, 0x1, 0xfb,
    0x0, 0x2e, 0xfa, 0x0, 0x4, 0xff, 0x90, 0x1f,
    0xb0, 0xe, 0xfd, 0x0, 0x0, 0x8, 0xff, 0x41,
    0xfb, 0x0, 0x6d, 0x10, 0x0, 0x0, 0xa, 0xb0,
    0x0, 0x0, 0x0, 0x0, 0x0, 0x0, 0x0, 0x1,
    0x0,

    /* U+964D "降" */
    0x0, 0x0, 0x0, 0x0, 0x0, 0x0, 0x0, 0x0,
    0x0, 0x0, 0x0, 0x0, 0x8f, 0x60, 0x0, 0x0,
    0xaf, 0xff, 0xf9, 0x2, 0xff, 0x40, 0x0, 0x0,
    0xaf, 0xee, 0xf9, 0xc, 0xff, 0xff, 0xff, 0xe0,
    0xaf, 0x14, 0xf6, 0x9f, 0xfa, 0xaa, 0xbf, 0xe0,
    0xaf, 0x19, 0xf8, 0xff, 0xfa, 0x2, 0xdf, 0x40,
    0xaf, 0x1e, 0xb1, 0xb2, 0x9f, 0xef, 0xe4, 0x0,
    0xaf, 0x4f, 0x60, 0x16, 0xbf, 0xff, 0xe9, 0x52,
    0xaf, 0x6f, 0x69, 0xff, 0xfa, 0x47, 0xdf, 0xfd,
    0xaf, 0x1e, 0xd2, 0xa5, 0x11, 0xed, 0x2, 0x65,
    0xaf, 0x18, 0xf3, 0x9a, 0xaa, 0xff, 0xaa, 0xa3,
    0xaf, 0x15, 0xf6, 0xef, 0xff, 0xff, 0xff, 0xf6,
    0xaf, 0x14, 0xf7, 0x24, 0x12, 0xfe, 0x0, 0x0,
    0xaf, 0x7c, 0xf6, 0xcf, 0x11, 0xfe, 0x0, 0x0,
    0xaf, 0xbf, 0xf4, 0xff, 0xdd, 0xff, 0xdd, 0xd7,
    0xaf, 0x45, 0x22, 0xff, 0xff, 0xff, 0xff, 0xf8,
    0xaf, 0x10, 0x0, 0x0, 0x1, 0xfe, 0x0, 0x0,
    0xaf, 0x10, 0x0, 0x0, 0x1, 0xfe, 0x0, 0x0,
    0x0, 0x0, 0x0, 0x0, 0x0, 0x0, 0x0, 0x0,

    /* U+966A "陪" */
    0x0, 0x0, 0x0, 0x0, 0x7, 0xd6, 0x0, 0x0,
    0xaf, 0xff, 0xf9, 0x0, 0x8, 0xf9, 0x0, 0x0,
    0xaf, 0xff, 0xf8, 0xac, 0xcd, 0xfe, 0xcc, 0xc3,
    0xaf, 0x35, 0xf6, 0xef, 0xff, 0xff, 0xff, 0xf5,
    0xaf, 0x39, 0xf2, 0x1b, 0xf5, 0x11, 0xfd, 0x10,
    0xaf, 0x3d, 0xe0, 0x8, 0xf6, 0x2, 0xfa, 0x0,
    0xaf, 0x3f, 0xa0, 0x5, 0xf9, 0x5, 0xf8, 0x0,
    0xaf, 0x6f, 0x86, 0xdd, 0xff, 0xde, 0xfe, 0xda,
    0xaf, 0x3d, 0xe8, 0xff, 0xff, 0xff, 0xff, 0xfc,
    0xaf, 0x36, 0xf5, 0x0, 0x0, 0x0, 0x0, 0x0,
    0xaf, 0x31, 0xf8, 0x7c, 0xcc, 0xcc, 0xcc, 0x90,
    0xaf, 0x31, 0xf9, 0x9f, 0xff, 0xff, 0xff, 0xd0,
    0xaf, 0x7a, 0xf9, 0x9f, 0x50, 0x0, 0x1f, 0xd0,
    0xaf, 0xbf, 0xf6, 0x9f, 0x40, 0x0, 0x1f, 0xd0,
    0xaf, 0x7b, 0x70, 0x9f, 0x62, 0x22, 0x3f, 0xd0,
    0xaf, 0x30, 0x0, 0x9f, 0xff, 0xff, 0xff, 0xd0,
    0xaf, 0x30, 0x0, 0x9f, 0xca, 0xaa, 0xaf, 0xd0,

    /* U+968F "随" */
    0x0, 0x0, 0x3, 0x70, 0x0, 0x1c, 0x70, 0x0,
    0x9f, 0xff, 0xe9, 0xf2, 0x0, 0x4f, 0x70, 0x0,
    0x9f, 0xef, 0xe5, 0xf6, 0x8c, 0xdf, 0xdc, 0xca,
    0x9f, 0x1d, 0xc2, 0xfa, 0xaf, 0xff, 0xff, 0xfc,
    0x9f, 0x1f, 0x90, 0xda, 0x5, 0xf7, 0x0, 0x0,
    0x9f, 0x4f, 0x50, 0x0, 0xd, 0xff, 0xff, 0xf1,
    0x9f, 0x6f, 0x4a, 0xa6, 0x8f, 0xfb, 0xbe, 0xf1,
    0x9f, 0x9f, 0x4f, 0xfa, 0xff, 0xf4, 0x4a, 0xf1,
    0x9f, 0x4f, 0x75, 0xfa, 0xbc, 0xff, 0xff, 0xf1,
    0x9f, 0x1c, 0xc1, 0xfa, 0xb, 0xe2, 0x29, 0xf1,
    0x9f, 0x18, 0xe1, 0xfa, 0xb, 0xfe, 0xef, 0xf1,
    0x9f, 0x17, 0xf1, 0xfa, 0xb, 0xf6, 0x6b, 0xf1,
    0x9f, 0xae, 0xf1, 0xfa, 0xb, 0xe0, 0x4b, 0xf1,
    0x9f, 0xcf, 0xa4, 0xfc, 0xb, 0xe0, 0xff, 0xd0,
    0x9f, 0x21, 0x3f, 0xff, 0x92, 0x20, 0x11, 0x0,
    0x9f, 0x11, 0xff, 0x7c, 0xff, 0xdc, 0xcc, 0xcb,
    0x9f, 0x10, 0x86, 0x0, 0x8d, 0xff, 0xff, 0xfb,

    /* U+9690 "隐" */
    0x0, 0x0, 0x0, 0x2, 0xc8, 0x0, 0x0, 0x0,
    0x9, 0xff, 0xff, 0x60, 0xbf, 0x90, 0x0, 0x0,
    0x0, 0x9f, 0xcd, 0xf6, 0x4f, 0xff, 0xff, 0xfc,
    0x0, 0x9, 0xf1, 0x7f, 0x5e, 0xfa, 0xaa, 0xcf,
    0xb0, 0x0, 0x9f, 0x1b, 0xfd, 0xf9, 0x0, 0x2e,
    0xe1, 0x0, 0x9, 0xf1, 0xfc, 0xbf, 0xff, 0xff,
    0xff, 0xfe, 0x0, 0x9f, 0x4f, 0x81, 0x6a, 0xaa,
    0xaa, 0xaf, 0xe0, 0x9, 0xf6, 0xf6, 0x3, 0x55,
    0x55, 0x55, 0xde, 0x0, 0x9f, 0x1d, 0xd0, 0xaf,
    0xff, 0xff, 0xff, 0xe0, 0x9, 0xf1, 0x7f, 0x30,
    0x0, 0x0, 0x0, 0xde, 0x0, 0x9f, 0x13, 0xf6,
    0xbf, 0xff, 0xff, 0xff, 0xe0, 0x9, 0xf1, 0x3f,
    0x77, 0xaa, 0xcf, 0xaa, 0xa9, 0x0, 0x9f, 0x9d,
    0xf9, 0x56, 0xa6, 0xf6, 0x5, 0x80, 0x9, 0xfb,
    0xfc, 0xcd, 0xaf, 0x1c, 0xa9, 0xcf, 0x20, 0x9f,
    0x20, 0x1f, 0x9a, 0xf1, 0x1, 0xf9, 0xf9, 0x9,
    0xf1, 0x8, 0xf3, 0x9f, 0xba, 0xcf, 0x5b, 0xe0,
    0x9f, 0x10, 0x16, 0x3, 0xef, 0xff, 0xc1, 0x21,
    0x0,

    /* U+96C6 "集" */
    0x0, 0x0, 0x64, 0x0, 0x15, 0x40, 0x0, 0x0,
    0x0, 0x0, 0x5f, 0xc0, 0x3, 0xfe, 0x0, 0x0,
    0x0, 0x0, 0xd, 0xfc, 0xaa, 0xaf, 0xfb, 0xaa,
    0xaa, 0x10, 0x9, 0xfe, 0xcc, 0xcc, 0xff, 0xcc,
    0xcc, 0xc1, 0x5, 0xff, 0xc4, 0x44, 0x5f, 0xe4,
    0x44, 0x42, 0x3, 0xff, 0xff, 0xff, 0xff, 0xff,
    0xff, 0xff, 0x90, 0x2f, 0x7f, 0xb2, 0x22, 0x2f,
    0xd2, 0x22, 0x21, 0x0, 0x33, 0xff, 0xff, 0xff,
    0xff, 0xff, 0xff, 0x90, 0x0, 0x3f, 0xb2, 0x22,
    0x3f, 0xd2, 0x22, 0x21, 0x0, 0x3, 0xff, 0xff,
    0xff, 0xff, 0xff, 0xff, 0xf4, 0x0, 0x17, 0x77,
    0x77, 0xfe, 0x77, 0x77, 0x77, 0x20, 0x68, 0x88,
    0x88, 0x8f, 0xf8, 0x88, 0x88, 0x83, 0xd, 0xff,
    0xff, 0xff, 0xff, 0xff, 0xff, 0xff, 0x60, 0x11,
    0x11, 0x4c, 0xff, 0xff, 0xb4, 0x11, 0x10, 0x0,
    0x38, 0xdf, 0xf9, 0xfe, 0x9f, 0xfc, 0x73, 0x1,
    0xff, 0xfd, 0x71, 0x1f, 0xe0, 0x18, 0xef, 0xfa,
    0x9, 0x83, 0x0, 0x1, 0xfe, 0x0, 0x0, 0x49,
    0x40,

    /* U+96E8 "雨" */
    0xef, 0xff, 0xff, 0xff, 0xff, 0xff, 0xff, 0xf8,
    0xde, 0xee, 0xee, 0xef, 0xfe, 0xee, 0xee, 0xe7,
    0x0, 0x0, 0x0, 0x3f, 0xc0, 0x0, 0x0, 0x0,
    0x0, 0x0, 0x0, 0x3f, 0xc0, 0x0, 0x0, 0x0,
    0x4e, 0xee, 0xee, 0xef, 0xfe, 0xee, 0xee, 0xc0,
    0x5f, 0xff, 0xff, 0xff, 0xff, 0xff, 0xff, 0xe0,
    0x5f, 0x92, 0x10, 0x3f, 0xc2, 0x10, 0xf, 0xe0,
    0x5f, 0x9c, 0xe5, 0x3f, 0xcb, 0xf6, 0xf, 0xe0,
    0x5f, 0x95, 0xef, 0x9f, 0xc4, 0xef, 0x9f, 0xe0,
    0x5f, 0x90, 0x1a, 0x4f, 0xc0, 0xa, 0x3f, 0xe0,
    0x5f, 0x9a, 0x70, 0x3f, 0xc9, 0x80, 0xf, 0xe0,
    0x5f, 0xad, 0xfc, 0x5f, 0xdc, 0xfd, 0x3f, 0xe0,
    0x5f, 0x90, 0xaf, 0x7f, 0xc0, 0x8f, 0x4f, 0xe0,
    0x5f, 0x90, 0x3, 0x3f, 0xc0, 0x2, 0x1f, 0xe0,
    0x5f, 0x90, 0x0, 0x2f, 0xb0, 0x9d, 0xef, 0xd0,
    0x4f, 0x90, 0x0, 0x0, 0x0, 0x8f, 0xfd, 0x40,

    /* U+96EA "雪" */
    0x2f, 0xff, 0xff, 0xff, 0xff, 0xff, 0xff, 0x80,
    0x19, 0x99, 0x99, 0x9f, 0xf9, 0x99, 0x99, 0x40,
    0x45, 0x55, 0x55, 0x6f, 0xf5, 0x55, 0x55, 0x51,
    0xbf, 0xff, 0xff, 0xff, 0xff, 0xff, 0xff, 0xf3,
    0xbf, 0x43, 0x33, 0x4f, 0xe3, 0x33, 0x3b, 0xf3,
    0xbf, 0x2f, 0xff, 0x5f, 0xe7, 0xff, 0x8a, 0xf3,
    0x8c, 0x15, 0x55, 0x2f, 0xe2, 0x55, 0x28, 0xc2,
    0x0, 0x1d, 0xdd, 0x5f, 0xe7, 0xdd, 0x70, 0x0,
    0x0, 0x0, 0x0, 0x3, 0x20, 0x0, 0x0, 0x0,
    0xf, 0xff, 0xff, 0xff, 0xff, 0xff, 0xff, 0x20,
    0x9, 0x99, 0x99, 0x99, 0x99, 0x99, 0xef, 0x20,
    0x3, 0x55, 0x55, 0x55, 0x55, 0x55, 0xdf, 0x20,
    0xa, 0xff, 0xff, 0xff, 0xff, 0xff, 0xff, 0x20,
    0x0, 0x0, 0x0, 0x0, 0x0, 0x0, 0xcf, 0x20,
    0x3f, 0xff, 0xff, 0xff, 0xff, 0xff, 0xff, 0x20,
    0x29, 0x99, 0x99, 0x99, 0x99, 0x99, 0xef, 0x20,

    /* U+96F7 "雷" */
    0x1f, 0xff, 0xff, 0xff, 0xff, 0xff, 0xff, 0x80,
    0x7, 0x77, 0x77, 0x7f, 0xe7, 0x77, 0x77, 0x30,
    0x68, 0x88, 0x88, 0x8f, 0xe8, 0x88, 0x88, 0x81,
    0xcf, 0xff, 0xff, 0xff, 0xff, 0xff, 0xff, 0xf3,
    0xcf, 0x22, 0x22, 0x2f, 0xc1, 0x22, 0x1a, 0xf3,
    0xcf, 0x5f, 0xff, 0x4f, 0xc8, 0xff, 0xba, 0xf3,
    0x79, 0x25, 0x55, 0x2f, 0xc3, 0x55, 0x45, 0x92,
    0x0, 0x17, 0x77, 0x2d, 0xa4, 0x77, 0x50, 0x0,
    0x4, 0x77, 0x77, 0x77, 0x77, 0x77, 0x77, 0x0,
    0xa, 0xff, 0xff, 0xff, 0xff, 0xff, 0xff, 0x10,
    0xa, 0xf5, 0x0, 0x2f, 0xd0, 0x0, 0xdf, 0x10,
    0xa, 0xf9, 0x77, 0x8f, 0xe7, 0x77, 0xef, 0x10,
    0xa, 0xff, 0xee, 0xef, 0xfe, 0xee, 0xff, 0x10,
    0xa, 0xf5, 0x0, 0x1f, 0xd0, 0x0, 0xdf, 0x10,
    0xa, 0xff, 0xff, 0xff, 0xff, 0xff, 0xff, 0x10,
    0xa, 0xfb, 0x88, 0x88, 0x88, 0x88, 0xef, 0x10,

    /* U+96FE "雾" */
    0x0, 0xff, 0xff, 0xff, 0xff, 0xff, 0xff, 0xf6,
    0x0, 0x4, 0x44, 0x44, 0x5f, 0xd4, 0x44, 0x44,
    0x10, 0x9, 0xee, 0xee, 0xee, 0xff, 0xee, 0xee,
    0xee, 0x10, 0xaf, 0x65, 0x55, 0x6f, 0xd5, 0x55,
    0x5c, 0xf1, 0xa, 0xf4, 0xee, 0xe4, 0xfc, 0x7e,
    0xea, 0xaf, 0x10, 0x7b, 0x28, 0x88, 0x3f, 0xc4,
    0x88, 0x56, 0xa0, 0x0, 0x1, 0x7d, 0x91, 0x65,
    0x24, 0x43, 0x0, 0x0, 0x0, 0x7f, 0xff, 0xff,
    0xff, 0xff, 0xfb, 0x0, 0x8, 0xff, 0xdf, 0xd7,
    0x44, 0x8d, 0xfd, 0x40, 0x0, 0x59, 0x11, 0x8f,
    0xfe, 0xff, 0xe7, 0x10, 0x0, 0x2a, 0xce, 0xff,
    0xfd, 0xac, 0xff, 0xff, 0xfd, 0x80, 0xdb, 0x96,
    0x31, 0xb7, 0x0, 0x25, 0x79, 0xb5, 0x0, 0x8f,
    0xff, 0xff, 0xff, 0xff, 0xff, 0xc0, 0x0, 0x3,
    0x66, 0x9f, 0xe6, 0x66, 0x67, 0xfa, 0x0, 0x2,
    0x68, 0xcf, 0xe4, 0x18, 0x88, 0xbf, 0x70, 0x0,
    0x6f, 0xfc, 0x71, 0x0, 0xff, 0xff, 0xb1, 0x0,
    0x0, 0x40, 0x0, 0x0, 0x0, 0x0, 0x0, 0x0,
    0x0,

    /* U+9700 "需" */
    0xf, 0xff, 0xff, 0xff, 0xff, 0xff, 0xff, 0xc0,
    0x6, 0x66, 0x66, 0x7f, 0xe6, 0x66, 0x66, 0x50,
    0x58, 0x88, 0x88, 0x8f, 0xe8, 0x88, 0x88, 0x83,
    0xaf, 0xff, 0xff, 0xff, 0xff, 0xff, 0xff, 0xf7,
    0xaf, 0x43, 0x33, 0x1f, 0xd2, 0x33, 0x36, 0xf7,
    0xaf, 0x4d, 0xdd, 0x3f, 0xd5, 0xdd, 0xc6, 0xf7,
    0x35, 0x2b, 0xbb, 0x3f, 0xd4, 0xbb, 0xa2, 0x52,
    0x0, 0x4, 0x44, 0x17, 0x62, 0x44, 0x40, 0x0,
    0xef, 0xff, 0xff, 0xff, 0xff, 0xff, 0xff, 0xfb,
    0x67, 0x77, 0x77, 0xbf, 0xb7, 0x77, 0x77, 0x75,
    0x5, 0x77, 0x77, 0xdf, 0xa7, 0x77, 0x77, 0x40,
    0xc, 0xff, 0xff, 0xff, 0xff, 0xff, 0xff, 0x90,
    0xc, 0xf3, 0xd, 0xe0, 0x2f, 0xa0, 0x6f, 0x90,
    0xc, 0xf3, 0xd, 0xe0, 0x2f, 0xa0, 0x6f, 0x90,
    0xc, 0xf3, 0xd, 0xe0, 0x2f, 0xa9, 0xdf, 0x90,
    0xc, 0xf3, 0xd, 0xe0, 0x2f, 0xab, 0xfe, 0x30,
    0x0, 0x0, 0x0, 0x0, 0x0, 0x0, 0x0, 0x0,

    /* U+9759 "静" */
    0x0, 0x0, 0x0, 0x0, 0x0, 0x1, 0x0, 0x0,
    0x0, 0x0, 0x2f, 0xa0, 0x0, 0xa, 0xf4, 0x0,
    0x0, 0xb, 0xde, 0xff, 0xdd, 0x33, 0xff, 0xff,
    0xf2, 0x0, 0x68, 0x9f, 0xd8, 0x83, 0xdf, 0x99,
    0xff, 0x10, 0x4, 0xbc, 0xfe, 0xb9, 0x9f, 0x50,
    0x9f, 0x50, 0x0, 0x27, 0x8f, 0xc7, 0x52, 0xff,
    0xff, 0xff, 0xf1, 0xa, 0xab, 0xfe, 0xaa, 0x5b,
    0xbe, 0xfb, 0xdf, 0x10, 0xcc, 0xcc, 0xcc, 0xc4,
    0x0, 0xaf, 0x8, 0xf1, 0x2, 0x66, 0x66, 0x64,
    0x5a, 0xae, 0xfa, 0xdf, 0x90, 0x5f, 0xff, 0xff,
    0xb9, 0xff, 0xff, 0xff, 0xfe, 0x5, 0xf5, 0x11,
    0xfb, 0x0, 0xa, 0xf0, 0x8f, 0x10, 0x5f, 0xff,
    0xff, 0xb2, 0x77, 0xdf, 0x7c, 0xf1, 0x5, 0xf6,
    0x22, 0xfb, 0x6f, 0xff, 0xff, 0xff, 0x10, 0x5f,
    0xff, 0xff, 0xb0, 0x22, 0xbf, 0x22, 0x20, 0x5,
    0xf8, 0x55, 0xfb, 0x0, 0xa, 0xf0, 0x0, 0x0,
    0x5f, 0x46, 0x9f, 0xa0, 0xab, 0xfe, 0x0, 0x0,
    0x5, 0xf4, 0x7f, 0xe5, 0xe, 0xfe, 0x60, 0x0,
    0x0, 0x0, 0x0, 0x0, 0x0, 0x0, 0x0, 0x0,
    0x0,

    /* U+975E "非" */
    0x0, 0x0, 0x1f, 0xe0, 0xe, 0xf1, 0x0, 0x0,
    0x0, 0x0, 0x1f, 0xe0, 0xe, 0xf1, 0x0, 0x0,
    0x6d, 0xdd, 0xdf, 0xe0, 0xe, 0xfd, 0xdd, 0xd6,
    0x8f, 0xff, 0xff, 0xe0, 0xe, 0xff, 0xff, 0xf7,
    0x0, 0x0, 0x2f, 0xe0, 0xe, 0xf2, 0x0, 0x0,
    0x0, 0x0, 0x1f, 0xe0, 0xe, 0xf1, 0x0, 0x0,
    0x3, 0x33, 0x4f, 0xe0, 0xe, 0xf4, 0x33, 0x30,
    0x2f, 0xff, 0xff, 0xe0, 0xe, 0xff, 0xff, 0xf2,
    0x1b, 0xbb, 0xbf, 0xe0, 0xe, 0xfb, 0xbb, 0xb1,
    0x0, 0x0, 0x1f, 0xe0, 0xe, 0xf1, 0x0, 0x0,
    0x0, 0x0, 0x1f, 0xe0, 0xe, 0xf1, 0x0, 0x0,
    0xff, 0xff, 0xff, 0xe0, 0xe, 0xff, 0xff, 0xff,
    0xff, 0xff, 0xff, 0xe0, 0xe, 0xff, 0xff, 0xff,
    0x0, 0x0, 0x1f, 0xe0, 0xe, 0xf1, 0x0, 0x0,
    0x0, 0x0, 0x1f, 0xe0, 0xe, 0xf1, 0x0, 0x0,
    0x0, 0x0, 0x1f, 0xe0, 0xe, 0xf1, 0x0, 0x0,

    /* U+9762 "面" */
    0xef, 0xff, 0xff, 0xff, 0xff, 0xff, 0xff, 0xfc,
    0xbd, 0xdd, 0xdd, 0xef, 0xfd, 0xdd, 0xdd, 0xd9,
    0x0, 0x0, 0x0, 0x9f, 0x90, 0x0, 0x0, 0x0,
    0x0, 0x0, 0x0, 0xef, 0x50, 0x0, 0x0, 0x0,
    0x1f, 0xff, 0xff, 0xff, 0xff, 0xff, 0xff, 0xf0,
    0x1f, 0xfc, 0xdf, 0xdc, 0xce, 0xfd, 0xcf, 0xf0,
    0x1f, 0xc0, 0x6f, 0x70, 0x9, 0xf4, 0xf, 0xf0,
    0x1f, 0xc0, 0x6f, 0xff, 0xff, 0xf4, 0xf, 0xf0,
    0x1f, 0xc0, 0x6f, 0xc9, 0x9d, 0xf4, 0xf, 0xf0,
    0x1f, 0xc0, 0x6f, 0x70, 0x9, 0xf4, 0xf, 0xf0,
    0x1f, 0xc0, 0x6f, 0xc9, 0x9d, 0xf4, 0xf, 0xf0,
    0x1f, 0xc0, 0x6f, 0xff, 0xff, 0xf4, 0xf, 0xf0,
    0x1f, 0xc0, 0x6f, 0x70, 0x9, 0xf4, 0xf, 0xf0,
    0x1f, 0xfb, 0xdf, 0xdb, 0xbe, 0xfc, 0xbf, 0xf0,
    0x1f, 0xff, 0xff, 0xff, 0xff, 0xff, 0xff, 0xf0,
    0x1f, 0xc0, 0x0, 0x0, 0x0, 0x0, 0xf, 0xf0,

    /* U+97F3 "音" */
    0x0, 0x0, 0x0, 0x1, 0x57, 0x0, 0x0, 0x0,
    0x0, 0x0, 0x0, 0x0, 0x2, 0xff, 0x20, 0x0,
    0x0, 0x0, 0x3, 0xbb, 0xbb, 0xbb, 0xff, 0xdb,
    0xbb, 0xbb, 0x30, 0x4, 0xff, 0xff, 0xff, 0xff,
    0xff, 0xff, 0xff, 0x40, 0x0, 0x0, 0x6f, 0xb0,
    0x0, 0x9, 0xf8, 0x0, 0x0, 0x0, 0x0, 0x2f,
    0xf1, 0x0, 0xe, 0xf4, 0x0, 0x0, 0x2f, 0xff,
    0xff, 0xff, 0xff, 0xff, 0xff, 0xff, 0xf2, 0x1c,
    0xcc, 0xcc, 0xcc, 0xcc, 0xcc, 0xcc, 0xcc, 0xc1,
    0x0, 0x0, 0x0, 0x0, 0x0, 0x0, 0x0, 0x0,
    0x0, 0x0, 0x1f, 0xff, 0xff, 0xff, 0xff, 0xff,
    0xf2, 0x0, 0x0, 0x1f, 0xfb, 0xbb, 0xbb, 0xbb,
    0xbf, 0xf2, 0x0, 0x0, 0x1f, 0xf0, 0x0, 0x0,
    0x0, 0xe, 0xf2, 0x0, 0x0, 0x1f, 0xff, 0xff,
    0xff, 0xff, 0xff, 0xf2, 0x0, 0x0, 0x1f, 0xf9,
    0x99, 0x99, 0x99, 0x9f, 0xf2, 0x0, 0x0, 0x1f,
    0xf0, 0x0, 0x0, 0x0, 0xe, 0xf2, 0x0, 0x0,
    0x1f, 0xff, 0xff, 0xff, 0xff, 0xff, 0xf2, 0x0,
    0x0, 0x1f, 0xfa, 0xaa, 0xaa, 0xaa, 0xaf, 0xf2,
    0x0,

    /* U+9875 "页" */
    0xe, 0xff, 0xff, 0xff, 0xff, 0xff, 0xff, 0xff,
    0x70, 0xef, 0xff, 0xff, 0xff, 0xff, 0xff, 0xff,
    0xf7, 0x0, 0x0, 0x0, 0x8, 0xfb, 0x0, 0x0,
    0x0, 0x0, 0x0, 0x0, 0x0, 0xcf, 0x80, 0x0,
    0x0, 0x0, 0x0, 0x6e, 0xee, 0xef, 0xfe, 0xee,
    0xee, 0xe0, 0x0, 0x7, 0xff, 0xff, 0xff, 0xff,
    0xff, 0xff, 0x0, 0x0, 0x7f, 0xa0, 0x1, 0x32,
    0x0, 0x1f, 0xf0, 0x0, 0x7, 0xfa, 0x0, 0x3f,
    0xc0, 0x1, 0xff, 0x0, 0x0, 0x7f, 0xa0, 0x4,
    0xfc, 0x0, 0x1f, 0xf0, 0x0, 0x7, 0xfa, 0x0,
    0x5f, 0xb0, 0x1, 0xff, 0x0, 0x0, 0x7f, 0xa0,
    0x9, 0xfa, 0x0, 0x1f, 0xf0, 0x0, 0x6, 0xd8,
    0x2, 0xff, 0xfc, 0x40, 0xaa, 0x0, 0x0, 0x0,
    0x6, 0xff, 0xdf, 0xff, 0xc4, 0x0, 0x0, 0x3,
    0x8e, 0xff, 0xc1, 0x18, 0xff, 0xfc, 0x30, 0xe,
    0xff, 0xff, 0x70, 0x0, 0x2, 0xaf, 0xff, 0x20,
    0xaf, 0xc6, 0x0, 0x0, 0x0, 0x0, 0x3c, 0xb0,
    0x1, 0x10, 0x0, 0x0, 0x0, 0x0, 0x0, 0x1,
    0x0,

    /* U+9876 "顶" */
    0xf, 0xff, 0xff, 0xae, 0xff, 0xff, 0xff, 0xff,
    0xc0, 0xef, 0xff, 0xf9, 0xcd, 0xde, 0xfe, 0xdd,
    0xda, 0x0, 0xd, 0xf1, 0x0, 0x0, 0x9f, 0x70,
    0x0, 0x0, 0x0, 0xdf, 0x10, 0x0, 0xc, 0xf4,
    0x0, 0x0, 0x0, 0xd, 0xf1, 0xa, 0xcc, 0xff,
    0xdc, 0xcc, 0x10, 0x0, 0xdf, 0x10, 0xdf, 0xff,
    0xff, 0xff, 0xf1, 0x0, 0xd, 0xf1, 0xd, 0xf0,
    0x25, 0x30, 0xcf, 0x10, 0x0, 0xdf, 0x10, 0xdf,
    0x6, 0xf8, 0xc, 0xf1, 0x0, 0xd, 0xf1, 0xd,
    0xf0, 0x6f, 0x80, 0xcf, 0x10, 0x0, 0xdf, 0x10,
    0xdf, 0x6, 0xf8, 0xc, 0xf1, 0x0, 0xd, 0xf1,
    0xd, 0xf0, 0x7f, 0x60, 0xcf, 0x10, 0x0, 0xdf,
    0x10, 0xdf, 0xc, 0xfa, 0xc, 0xf1, 0x0, 0xd,
    0xf1, 0x2, 0x26, 0xff, 0xfd, 0x53, 0x0, 0x1,
    0xef, 0x10, 0x1a, 0xff, 0x5c, 0xff, 0x60, 0xe,
    0xff, 0xf1, 0xaf, 0xfe, 0x40, 0x8, 0xff, 0xa0,
    0x9d, 0xc6, 0xc, 0xf9, 0x10, 0x0, 0x5, 0xf7,
    0x0, 0x0, 0x0, 0x32, 0x0, 0x0, 0x0, 0x2,
    0x0,

    /* U+9879 "项" */
    0x0, 0x0, 0x0, 0xef, 0xff, 0xff, 0xff, 0xff,
    0xb, 0xff, 0xff, 0x9c, 0xdd, 0xef, 0xfd, 0xdd,
    0xd0, 0xae, 0xff, 0xe8, 0x0, 0x5, 0xfb, 0x0,
    0x0, 0x0, 0x1f, 0xe0, 0x0, 0x0, 0x8f, 0x90,
    0x0, 0x0, 0x1, 0xfe, 0x0, 0xbf, 0xff, 0xff,
    0xff, 0xf6, 0x0, 0x1f, 0xe0, 0xc, 0xfc, 0xcc,
    0xcc, 0xef, 0x70, 0x1, 0xfe, 0x0, 0xcf, 0x30,
    0x76, 0x8, 0xf7, 0x0, 0x1f, 0xe0, 0xc, 0xf3,
    0x2f, 0xd0, 0x8f, 0x70, 0x1, 0xfe, 0x0, 0xcf,
    0x32, 0xfd, 0x8, 0xf7, 0x0, 0x1f, 0xe0, 0xc,
    0xf3, 0x2f, 0xc0, 0x8f, 0x70, 0x1, 0xfe, 0x43,
    0xcf, 0x34, 0xfb, 0x8, 0xf7, 0x4, 0x8f, 0xff,
    0x99, 0xd2, 0x9f, 0xe4, 0x6d, 0x50, 0xdf, 0xff,
    0xd7, 0x0, 0x6f, 0xff, 0xf8, 0x0, 0x8, 0x95,
    0x10, 0x3, 0xbf, 0xf5, 0x5f, 0xfc, 0x10, 0x0,
    0x0, 0x1d, 0xff, 0xe3, 0x0, 0x2d, 0xfe, 0x0,
    0x0, 0x0, 0xbe, 0x70, 0x0, 0x0, 0xb, 0x70,
    0x0, 0x0, 0x1, 0x0, 0x0, 0x0, 0x0, 0x0,
    0x0,

    /* U+987F "顿" */
    0x0, 0x2f, 0x90, 0x5, 0xff, 0xff, 0xff, 0xff,
    0x1b, 0xdd, 0xfe, 0xdd, 0x7e, 0xee, 0xff, 0xee,
    0xe1, 0xef, 0xff, 0xff, 0xf4, 0x0, 0x2f, 0xb0,
    0x0, 0x6, 0x68, 0xfc, 0x66, 0x10, 0x5, 0xf9,
    0x0, 0x0, 0x35, 0x2f, 0x92, 0x50, 0xef, 0xff,
    0xff, 0xfa, 0x9, 0xf2, 0xf9, 0x8f, 0xe, 0xfc,
    0xcc, 0xcf, 0xa0, 0x9f, 0x2f, 0x98, 0xf0, 0xed,
    0x9, 0x51, 0xfa, 0x9, 0xf2, 0xf9, 0x8f, 0xe,
    0xd1, 0xfa, 0x1f, 0xa0, 0x9f, 0x3f, 0x98, 0xf0,
    0xed, 0x1f, 0xa1, 0xfa, 0x9, 0xff, 0xff, 0xff,
    0xe, 0xd1, 0xfa, 0x1f, 0xa0, 0x7d, 0xdf, 0xed,
    0xd0, 0xed, 0x2f, 0x91, 0xfa, 0x0, 0x2, 0xf9,
    0x0, 0xe, 0xd6, 0xf7, 0x1f, 0xa0, 0x0, 0x2f,
    0x91, 0x50, 0x45, 0xdf, 0xf6, 0x53, 0x0, 0x2,
    0xfd, 0xfd, 0x1, 0xcf, 0xcf, 0xf9, 0x0, 0x0,
    0x6f, 0xfe, 0x66, 0xef, 0xc1, 0x3e, 0xfc, 0x10,
    0x1, 0xe7, 0x0, 0xcf, 0xa0, 0x0, 0x1d, 0xe1,
    0x0, 0x0, 0x0, 0x2, 0x50, 0x0, 0x0, 0x13,
    0x0,

    /* U+9884 "预" */
    0xd, 0xff, 0xff, 0xf8, 0xef, 0xff, 0xff, 0xff,
    0xe0, 0xa, 0xcc, 0xce, 0xf8, 0xbc, 0xce, 0xfc,
    0xcc, 0xa0, 0x0, 0x42, 0xe, 0xf3, 0x0, 0xd,
    0xf0, 0x0, 0x0, 0x1, 0xfc, 0x9f, 0x80, 0x36,
    0x6f, 0xe6, 0x66, 0x10, 0x0, 0x7f, 0xfd, 0x0,
    0x9f, 0xff, 0xff, 0xff, 0x30, 0x0, 0xc, 0xf5,
    0x0, 0x9f, 0x88, 0x88, 0xcf, 0x30, 0xf, 0xff,
    0xff, 0xfb, 0x9f, 0x16, 0xa2, 0x8f, 0x30, 0xe,
    0xef, 0xfe, 0xfb, 0x9f, 0x1a, 0xf3, 0x8f, 0x30,
    0x0, 0xd, 0xf0, 0xf9, 0x9f, 0x1a, 0xf3, 0x8f,
    0x30, 0x0, 0xd, 0xf2, 0xf6, 0x9f, 0x1a, 0xf3,
    0x8f, 0x30, 0x0, 0xd, 0xf2, 0xb2, 0x9f, 0x1c,
    0xf2, 0x8f, 0x30, 0x0, 0xd, 0xf0, 0x0, 0x9f,
    0x2f, 0xf4, 0x8f, 0x30, 0x0, 0xd, 0xf0, 0x0,
    0x1, 0xaf, 0xff, 0x71, 0x0, 0x0, 0xe, 0xe0,
    0x0, 0x2c, 0xfe, 0x5f, 0xfa, 0x0, 0xc, 0xff,
    0xe0, 0x1b, 0xff, 0xd2, 0x2, 0xef, 0xd0, 0xa,
    0xfe, 0x60, 0xb, 0xf8, 0x0, 0x0, 0x1c, 0x80,
    0x0, 0x0, 0x0, 0x1, 0x10, 0x0, 0x0, 0x0,
    0x0,

    /* U+9891 "频" */
    0x0, 0x0, 0x4f, 0x70, 0x5f, 0xff, 0xff, 0xff,
    0xf1, 0x1, 0xf8, 0x4f, 0x81, 0x4d, 0xde, 0xff,
    0xdd, 0xd1, 0x1, 0xf9, 0x4f, 0xff, 0x30, 0x6,
    0xf9, 0x0, 0x0, 0x1, 0xf9, 0x4f, 0xdb, 0x20,
    0x9, 0xf7, 0x0, 0x0, 0x1, 0xf9, 0x4f, 0x70,
    0xe, 0xff, 0xff, 0xff, 0xa0, 0xd, 0xfe, 0xdf,
    0xec, 0x6e, 0xe9, 0x99, 0xaf, 0xa0, 0xf, 0xff,
    0xff, 0xff, 0x8e, 0xc0, 0xa7, 0x1f, 0xa0, 0x0,
    0x0, 0x9f, 0x20, 0xe, 0xc1, 0xfb, 0x1f, 0xa0,
    0x0, 0x86, 0x9f, 0x26, 0x1e, 0xc1, 0xfb, 0x1f,
    0xa0, 0x1, 0xfc, 0x9f, 0x3f, 0xbe, 0xc1, 0xfa,
    0x1f, 0xa0, 0x7, 0xf5, 0x9f, 0xcf, 0x5e, 0xc2,
    0xf9, 0x1f, 0xa0, 0xe, 0xe0, 0x4c, 0xfc, 0xe,
    0xc7, 0xfa, 0x1f, 0xa0, 0x3, 0x40, 0x6f, 0xf2,
    0x0, 0x3e, 0xff, 0xa0, 0x0, 0x0, 0x3b, 0xff,
    0x40, 0x5, 0xef, 0xad, 0xfc, 0x10, 0xb, 0xff,
    0xd3, 0x3, 0xdf, 0xf9, 0x1, 0xcf, 0xd1, 0x9,
    0xe8, 0x0, 0x0, 0xed, 0x50, 0x0, 0xb, 0xa0,
    0x1, 0x0, 0x0, 0x0, 0x10, 0x0, 0x0, 0x0,
    0x0,

    /* U+9898 "题" */
    0x3, 0xff, 0xff, 0xff, 0x2f, 0xff, 0xff, 0xff,
    0x90, 0x3f, 0xc9, 0x9e, 0xf1, 0xaa, 0xbf, 0xda,
    0xa6, 0x3, 0xf9, 0x22, 0xcf, 0x0, 0x4, 0xf7,
    0x0, 0x0, 0x3f, 0xff, 0xff, 0xf0, 0x58, 0xbf,
    0xb8, 0x80, 0x3, 0xf9, 0x22, 0xcf, 0xb, 0xff,
    0xff, 0xff, 0x10, 0x3f, 0xda, 0xae, 0xf0, 0xbf,
    0x35, 0x4b, 0xf1, 0x3, 0xff, 0xff, 0xff, 0xb,
    0xe0, 0xf8, 0x9f, 0x10, 0x0, 0x0, 0x0, 0x0,
    0xbe, 0xf, 0x89, 0xf1, 0xf, 0xff, 0xff, 0xff,
    0x8b, 0xe1, 0xf7, 0x9f, 0x10, 0x99, 0x9b, 0xfb,
    0x95, 0xbe, 0x2f, 0x69, 0xf1, 0x0, 0xf9, 0x6f,
    0x51, 0x2, 0x29, 0xfd, 0x42, 0x0, 0x1f, 0x86,
    0xff, 0xf5, 0x9, 0xfe, 0xff, 0x50, 0x4, 0xfd,
    0x6f, 0xa8, 0x6e, 0xfd, 0x14, 0xef, 0x60, 0x8f,
    0xfd, 0xf5, 0x0, 0xc6, 0x0, 0x2, 0xb1, 0xe,
    0xda, 0xff, 0xed, 0xdd, 0xdd, 0xdd, 0xdd, 0xb1,
    0xd7, 0x7, 0xcf, 0xff, 0xff, 0xff, 0xff, 0xfa,
    0x0, 0x0, 0x0, 0x0, 0x0, 0x0, 0x0, 0x0,
    0x0,

    /* U+989C "颜" */
    0x0, 0x0, 0x9c, 0x10, 0x0, 0x0, 0x0, 0x0,
    0x0, 0x0, 0x0, 0xaf, 0x50, 0x9, 0xff, 0xff,
    0xff, 0xf1, 0x8, 0xff, 0xff, 0xff, 0xe7, 0xcc,
    0xff, 0xcc, 0xc0, 0x6, 0xdf, 0xdc, 0xef, 0xb0,
    0x0, 0xfb, 0x0, 0x0, 0x0, 0x2f, 0x70, 0xbc,
    0x2, 0x46, 0xfb, 0x44, 0x20, 0x0, 0xf, 0x90,
    0xe9, 0x8, 0xff, 0xff, 0xff, 0xa0, 0x4, 0xff,
    0xff, 0xff, 0xd8, 0xf9, 0x88, 0x8f, 0xa0, 0x4,
    0xfd, 0xbb, 0xbd, 0x98, 0xf3, 0x9b, 0x1f, 0xa0,
    0x4, 0xf6, 0x4, 0xde, 0x18, 0xf3, 0xce, 0x1f,
    0xa0, 0x4, 0xfa, 0xef, 0xe5, 0x8, 0xf3, 0xce,
    0x1f, 0xa0, 0x5, 0xf7, 0xc6, 0x2a, 0x28, 0xf3,
    0xce, 0x1f, 0xa0, 0x5, 0xf6, 0x7, 0xff, 0x58,
    0xf3, 0xed, 0x1f, 0xa0, 0x6, 0xf8, 0xef, 0xc2,
    0x7, 0xe5, 0xfd, 0x1e, 0x90, 0x8, 0xf4, 0xc5,
    0x9, 0xb0, 0xb, 0xff, 0xb0, 0x0, 0xb, 0xf1,
    0x6, 0xef, 0xb1, 0xaf, 0xdb, 0xfc, 0x10, 0x1f,
    0xd7, 0xef, 0xf6, 0x4d, 0xfe, 0x20, 0xaf, 0xe2,
    0xa, 0x89, 0xf9, 0x10, 0x5f, 0xb1, 0x0, 0xa,
    0xd1, 0x0, 0x1, 0x10, 0x0, 0x3, 0x0, 0x0,
    0x0, 0x10,

    /* U+98CE "风" */
    0x0, 0xbf, 0xff, 0xff, 0xff, 0xff, 0xff, 0x30,
    0x0, 0xb, 0xff, 0xff, 0xff, 0xff, 0xff, 0xf3,
    0x0, 0x0, 0xbf, 0x30, 0x0, 0x0, 0x0, 0xbf,
    0x30, 0x0, 0xb, 0xf4, 0xa2, 0x0, 0x1e, 0x8b,
    0xf3, 0x0, 0x0, 0xbf, 0x9f, 0xc0, 0x8, 0xf9,
    0xbf, 0x30, 0x0, 0xb, 0xf3, 0xbf, 0x71, 0xff,
    0x1b, 0xf3, 0x0, 0x0, 0xbf, 0x32, 0xff, 0xbf,
    0x80, 0xbf, 0x30, 0x0, 0xb, 0xf3, 0x7, 0xff,
    0xe0, 0xb, 0xf3, 0x0, 0x0, 0xbf, 0x30, 0xf,
    0xf8, 0x0, 0xbf, 0x30, 0x0, 0xc, 0xf2, 0x9,
    0xff, 0xf2, 0xb, 0xf3, 0x0, 0x0, 0xef, 0x5,
    0xfe, 0xaf, 0xb0, 0xaf, 0x45, 0x20, 0x1f, 0xd2,
    0xff, 0x50, 0xef, 0x69, 0xf5, 0xcb, 0x6, 0xfa,
    0xef, 0x90, 0x4, 0xfe, 0x9f, 0x6e, 0x80, 0xdf,
    0x4b, 0xc0, 0x0, 0xa, 0x85, 0xfe, 0xf6, 0x3f,
    0xe0, 0x1, 0x0, 0x0, 0x0, 0x1f, 0xff, 0x10,
    0x86, 0x0, 0x0, 0x0, 0x0, 0x0, 0x7f, 0x80,
    0x0, 0x0, 0x0, 0x0, 0x0, 0x0, 0x0, 0x0,
    0x0,

    /* U+98D8 "飘" */
    0xd, 0xff, 0xff, 0xff, 0xea, 0xff, 0xff, 0xfe,
    0x0, 0x7, 0x9d, 0xdc, 0xe9, 0x8a, 0xfa, 0xaa,
    0xde, 0x0, 0x0, 0xb, 0xa8, 0xd0, 0xa, 0xd0,
    0x0, 0x8e, 0x0, 0x8, 0xff, 0xff, 0xff, 0xaa,
    0xe7, 0x7, 0xbe, 0x0, 0x9, 0xdb, 0xcb, 0xcc,
    0xaa, 0xff, 0x1e, 0xce, 0x0, 0x9, 0xb8, 0xa8,
    0xa9, 0xaa, 0xdd, 0x9f, 0x9e, 0x0, 0x9, 0xff,
    0xff, 0xff, 0xaa, 0xd9, 0xfd, 0x8e, 0x0, 0x3,
    0x66, 0x66, 0x66, 0x4a, 0xd4, 0xf9, 0x8e, 0x0,
    0x2, 0xcc, 0xcc, 0xcc, 0x3a, 0xd0, 0xf7, 0x8e,
    0x0, 0x1, 0xaa, 0xaa, 0xaa, 0x3a, 0xd3, 0xfa,
    0x8e, 0x0, 0x6, 0x77, 0x77, 0x77, 0x6b, 0xd8,
    0xfe, 0x8e, 0x0, 0xd, 0xff, 0xff, 0xff, 0xdc,
    0xce, 0x8f, 0xbf, 0x32, 0x0, 0x93, 0x9f, 0x48,
    0xe, 0xff, 0xd, 0xff, 0x76, 0x9, 0xf4, 0x9f,
    0x7f, 0x7f, 0xfa, 0x8, 0xff, 0xd4, 0x2f, 0xb9,
    0xee, 0xc, 0xdf, 0x41, 0x1, 0x2f, 0xf1, 0x5,
    0x1f, 0xe7, 0x0, 0x8e, 0x0, 0x0, 0xb, 0xb0,
    0x0, 0x0, 0x0, 0x0, 0x0, 0x0, 0x0, 0x0,
    0x0,

    /* U+9AD8 "高" */
    0x0, 0x0, 0x0, 0x14, 0x50, 0x0, 0x0, 0x0,
    0x0, 0x0, 0x0, 0x3, 0xff, 0x20, 0x0, 0x0,
    0x0, 0xef, 0xff, 0xff, 0xff, 0xff, 0xff, 0xff,
    0xff, 0x9, 0x99, 0x99, 0x99, 0x99, 0x99, 0x99,
    0x99, 0x90, 0x0, 0x47, 0x77, 0x77, 0x77, 0x77,
    0x74, 0x0, 0x0, 0x9, 0xff, 0xee, 0xee, 0xee,
    0xff, 0xa0, 0x0, 0x0, 0x9f, 0x71, 0x11, 0x11,
    0x16, 0xfa, 0x0, 0x0, 0x9, 0xff, 0xff, 0xff,
    0xff, 0xff, 0xa0, 0x0, 0x0, 0x24, 0x44, 0x44,
    0x44, 0x44, 0x42, 0x0, 0x1, 0xcc, 0xcc, 0xcc,
    0xcc, 0xcc, 0xcc, 0xcc, 0x20, 0x2f, 0xfb, 0xbb,
    0xbb, 0xbb, 0xbb, 0xbe, 0xf3, 0x2, 0xfd, 0x3,
    0x55, 0x55, 0x55, 0x40, 0xcf, 0x30, 0x2f, 0xd0,
    0xbf, 0xff, 0xff, 0xfc, 0xc, 0xf3, 0x2, 0xfd,
    0xb, 0xf3, 0x0, 0x2f, 0xc0, 0xcf, 0x30, 0x2f,
    0xd0, 0xbf, 0xff, 0xff, 0xfc, 0xc, 0xf3, 0x2,
    0xfd, 0x4, 0x66, 0x66, 0x6a, 0xfb, 0xff, 0x20,
    0x2f, 0xd0, 0x0, 0x0, 0x0, 0x2f, 0xff, 0xa0,
    0x0, 0x10, 0x0, 0x0, 0x0, 0x0, 0x0, 0x0,
    0x0,

    /* U+9EA6 "麦" */
    0x0, 0x0, 0x0, 0xf, 0xf0, 0x0, 0x0, 0x0,
    0x3f, 0xff, 0xff, 0xff, 0xff, 0xff, 0xff, 0xf2,
    0x2c, 0xcc, 0xcc, 0xcf, 0xfc, 0xcc, 0xcc, 0xc2,
    0x0, 0x0, 0x0, 0x1f, 0xf0, 0x0, 0x0, 0x0,
    0x9, 0xff, 0xff, 0xff, 0xff, 0xff, 0xff, 0x80,
    0x5, 0x99, 0x99, 0xaf, 0xf9, 0x99, 0x99, 0x50,
    0x67, 0x77, 0x77, 0x7f, 0xf7, 0x77, 0x77, 0x76,
    0xff, 0xff, 0xff, 0xff, 0xff, 0xff, 0xff, 0xfe,
    0x11, 0x12, 0xcf, 0x91, 0x11, 0x11, 0x11, 0x11,
    0x0, 0x1b, 0xff, 0xff, 0xff, 0xff, 0xff, 0x0,
    0x4, 0xef, 0xfd, 0xaa, 0xaa, 0xbf, 0xfe, 0x0,
    0x8f, 0xfa, 0xff, 0x80, 0x3, 0xdf, 0xd2, 0x0,
    0x6e, 0x50, 0x3d, 0xfd, 0xbf, 0xf9, 0x0, 0x0,
    0x1, 0x0, 0x49, 0xff, 0xff, 0xd6, 0x20, 0x0,
    0x7a, 0xdf, 0xff, 0xe9, 0x7d, 0xff, 0xff, 0xea,
    0x9f, 0xeb, 0x73, 0x0, 0x0, 0x15, 0x9c, 0xe9,
    0x11, 0x0, 0x0, 0x0, 0x0, 0x0, 0x0, 0x0,

    /* U+9ED1 "黑" */
    0xc, 0xff, 0xff, 0xff, 0xff, 0xff, 0xff, 0xc0,
    0xc, 0xfb, 0xbb, 0xbf, 0xfb, 0xbb, 0xbf, 0xc0,
    0xc, 0xf3, 0xd5, 0xf, 0xf0, 0x5d, 0x4f, 0xc0,
    0xc, 0xf2, 0xde, 0x1f, 0xf2, 0xee, 0x3f, 0xc0,
    0xc, 0xf1, 0x3c, 0x2f, 0xf2, 0xe4, 0x2f, 0xc0,
    0xc, 0xfd, 0xcc, 0xcf, 0xfc, 0xdc, 0xdf, 0xc0,
    0xc, 0xff, 0xff, 0xff, 0xff, 0xff, 0xff, 0xc0,
    0x0, 0x0, 0x0, 0xf, 0xf0, 0x0, 0x0, 0x0,
    0xe, 0xff, 0xff, 0xff, 0xff, 0xff, 0xff, 0xe0,
    0xa, 0xaa, 0xaa, 0xaf, 0xfa, 0xaa, 0xaa, 0xa0,
    0x0, 0x0, 0x0, 0xf, 0xf0, 0x0, 0x0, 0x0,
    0xff, 0xff, 0xff, 0xff, 0xff, 0xff, 0xff, 0xff,
    0x9a, 0xc9, 0x99, 0xa9, 0x9a, 0xa9, 0x9c, 0x99,
    0x8, 0xf7, 0x2d, 0xb0, 0x4f, 0x80, 0x7f, 0x70,
    0x2f, 0xf2, 0xf, 0xf0, 0x1f, 0xf0, 0x2f, 0xf2,
    0xaf, 0x90, 0xc, 0xf3, 0xa, 0xf4, 0x8, 0xf8,
    0x6, 0x0, 0x2, 0x10, 0x1, 0x0, 0x0, 0x40,

    /* U+9ED8 "默" */
    0xa, 0xff, 0xff, 0xff, 0xf4, 0x5, 0xf9, 0xa5,
    0x0, 0xa, 0xe9, 0xbf, 0x9a, 0xf4, 0x5, 0xf8,
    0xed, 0x0, 0xa, 0xe9, 0x5f, 0x2b, 0xf4, 0x5,
    0xf8, 0x7f, 0x50, 0xa, 0xef, 0x8f, 0x8c, 0xf4,
    0x5, 0xf8, 0xa, 0x20, 0xa, 0xd9, 0xcf, 0xd5,
    0xf5, 0x27, 0xf9, 0x22, 0x10, 0xa, 0xe6, 0x9f,
    0x67, 0xf9, 0xff, 0xff, 0xff, 0x90, 0xa, 0xff,
    0xff, 0xff, 0xf8, 0xce, 0xfe, 0xcc, 0x70, 0x2,
    0x33, 0xaf, 0x53, 0x30, 0x7, 0xfc, 0x0, 0x0,
    0xa, 0xff, 0xff, 0xff, 0xf1, 0x9, 0xfe, 0x0,
    0x0, 0x4, 0x77, 0xcf, 0x87, 0x70, 0xc, 0xff,
    0x20, 0x0, 0x5, 0x66, 0xcf, 0x99, 0x94, 0x1f,
    0xff, 0x70, 0x0, 0xf, 0xff, 0xff, 0xee, 0xd5,
    0x6f, 0x8e, 0xe0, 0x0, 0x5, 0x62, 0x53, 0x84,
    0xa0, 0xdf, 0x29, 0xf8, 0x0, 0xb, 0xc6, 0xf5,
    0xf5, 0xf9, 0xfa, 0x2, 0xff, 0x40, 0xf, 0x95,
    0xf3, 0xf5, 0xaf, 0xf1, 0x0, 0x9f, 0xe0, 0x3f,
    0x53, 0xa2, 0x51, 0x6f, 0x60, 0x0, 0xd, 0x70,
    0x0, 0x0, 0x0, 0x0, 0x4, 0x0, 0x0, 0x1,
    0x0,

    /* U+FF0C "，" */
    0x9, 0xba, 0xd, 0xfe, 0xd, 0xfe, 0x0, 0x6d,
    0x0, 0xba, 0xb, 0xe2, 0x7, 0x20
};


/*---------------------
 *  GLYPH DESCRIPTION
 *--------------------*/

static const lv_font_fmt_txt_glyph_dsc_t glyph_dsc[] = {
    {.bitmap_index = 0, .adv_w = 0, .box_w = 0, .box_h = 0, .ofs_x = 0, .ofs_y = 0} /* id = 0 reserved */,
    {.bitmap_index = 0, .adv_w = 85, .box_w = 0, .box_h = 0, .ofs_x = 0, .ofs_y = 0},
    {.bitmap_index = 0, .adv_w = 89, .box_w = 4, .box_h = 13, .ofs_x = 1, .ofs_y = 0},
    {.bitmap_index = 26, .adv_w = 118, .box_w = 7, .box_h = 6, .ofs_x = 0, .ofs_y = 10},
    {.bitmap_index = 47, .adv_w = 213, .box_w = 13, .box_h = 13, .ofs_x = 0, .ofs_y = 0},
    {.bitmap_index = 132, .adv_w = 176, .box_w = 11, .box_h = 17, .ofs_x = 0, .ofs_y = -2},
    {.bitmap_index = 226, .adv_w = 253, .box_w = 16, .box_h = 13, .ofs_x = 0, .ofs_y = 0},
    {.bitmap_index = 330, .adv_w = 218, .box_w = 14, .box_h = 13, .ofs_x = 0, .ofs_y = 0},
    {.bitmap_index = 421, .adv_w = 63, .box_w = 4, .box_h = 6, .ofs_x = 0, .ofs_y = 10},
    {.bitmap_index = 433, .adv_w = 102, .box_w = 5, .box_h = 16, .ofs_x = 1, .ofs_y = -1},
    {.bitmap_index = 473, .adv_w = 102, .box_w = 5, .box_h = 16, .ofs_x = 0, .ofs_y = -1},
    {.bitmap_index = 513, .adv_w = 130, .box_w = 7, .box_h = 6, .ofs_x = 1, .ofs_y = 7},
    {.bitmap_index = 534, .adv_w = 183, .box_w = 10, .box_h = 9, .ofs_x = 1, .ofs_y = 2},
    {.bitmap_index = 579, .adv_w = 84, .box_w = 4, .box_h = 7, .ofs_x = 1, .ofs_y = -4},
    {.bitmap_index = 593, .adv_w = 137, .box_w = 8, .box_h = 3, .ofs_x = 0, .ofs_y = 6},
    {.bitmap_index = 605, .adv_w = 81, .box_w = 3, .box_h = 3, .ofs_x = 1, .ofs_y = 0},
    {.bitmap_index = 610, .adv_w = 127, .box_w = 8, .box_h = 13, .ofs_x = 0, .ofs_y = 0},
    {.bitmap_index = 662, .adv_w = 190, .box_w = 11, .box_h = 13, .ofs_x = 0, .ofs_y = 0},
    {.bitmap_index = 734, .adv_w = 134, .box_w = 7, .box_h = 13, .ofs_x = 0, .ofs_y = 0},
    {.bitmap_index = 780, .adv_w = 174, .box_w = 11, .box_h = 13, .ofs_x = 0, .ofs_y = 0},
    {.bitmap_index = 852, .adv_w = 178, .box_w = 11, .box_h = 13, .ofs_x = 0, .ofs_y = 0},
    {.bitmap_index = 924, .adv_w = 181, .box_w = 11, .box_h = 13, .ofs_x = 0, .ofs_y = 0},
    {.bitmap_index = 996, .adv_w = 181, .box_w = 11, .box_h = 13, .ofs_x = 0, .ofs_y = 0},
    {.bitmap_index = 1068, .adv_w = 185, .box_w = 11, .box_h = 13, .ofs_x = 0, .ofs_y = 0},
    {.bitmap_index = 1140, .adv_w = 162, .box_w = 10, .box_h = 13, .ofs_x = 0, .ofs_y = 0},
    {.bitmap_index = 1205, .adv_w = 191, .box_w = 11, .box_h = 13, .ofs_x = 0, .ofs_y = 0},
    {.bitmap_index = 1277, .adv_w = 184, .box_w = 11, .box_h = 13, .ofs_x = 0, .ofs_y = 0},
    {.bitmap_index = 1349, .adv_w = 81, .box_w = 3, .box_h = 10, .ofs_x = 1, .ofs_y = 0},
    {.bitmap_index = 1364, .adv_w = 84, .box_w = 4, .box_h = 14, .ofs_x = 1, .ofs_y = -4},
    {.bitmap_index = 1392, .adv_w = 183, .box_w = 10, .box_h = 12, .ofs_x = 1, .ofs_y = 1},
    {.bitmap_index = 1452, .adv_w = 183, .box_w = 10, .box_h = 7, .ofs_x = 1, .ofs_y = 3},
    {.bitmap_index = 1487, .adv_w = 183, .box_w = 10, .box_h = 12, .ofs_x = 1, .ofs_y = 1},
    {.bitmap_index = 1547, .adv_w = 154, .box_w = 9, .box_h = 13, .ofs_x = 0, .ofs_y = 0},
    {.bitmap_index = 1606, .adv_w = 248, .box_w = 15, .box_h = 13, .ofs_x = 0, .ofs_y = 0},
    {.bitmap_index = 1704, .adv_w = 212, .box_w = 14, .box_h = 13, .ofs_x = 0, .ofs_y = 0},
    {.bitmap_index = 1795, .adv_w = 204, .box_w = 11, .box_h = 13, .ofs_x = 1, .ofs_y = 0},
    {.bitmap_index = 1867, .adv_w = 212, .box_w = 13, .box_h = 13, .ofs_x = 0, .ofs_y = 0},
    {.bitmap_index = 1952, .adv_w = 224, .box_w = 13, .box_h = 13, .ofs_x = 1, .ofs_y = 0},
    {.bitmap_index = 2037, .adv_w = 180, .box_w = 10, .box_h = 13, .ofs_x = 1, .ofs_y = 0},
    {.bitmap_index = 2102, .adv_w = 174, .box_w = 10, .box_h = 13, .ofs_x = 1, .ofs_y = 0},
    {.bitmap_index = 2167, .adv_w = 221, .box_w = 13, .box_h = 13, .ofs_x = 0, .ofs_y = 0},
    {.bitmap_index = 2252, .adv_w = 222, .box_w = 12, .box_h = 13, .ofs_x = 1, .ofs_y = 0},
    {.bitmap_index = 2330, .adv_w = 81, .box_w = 3, .box_h = 13, .ofs_x = 1, .ofs_y = 0},
    {.bitmap_index = 2350, .adv_w = 156, .box_w = 9, .box_h = 13, .ofs_x = 0, .ofs_y = 0},
    {.bitmap_index = 2409, .adv_w = 211, .box_w = 12, .box_h = 13, .ofs_x = 1, .ofs_y = 0},
    {.bitmap_index = 2487, .adv_w = 174, .box_w = 10, .box_h = 13, .ofs_x = 1, .ofs_y = 0},
    {.bitmap_index = 2552, .adv_w = 267, .box_w = 15, .box_h = 13, .ofs_x = 1, .ofs_y = 0},
    {.bitmap_index = 2650, .adv_w = 220, .box_w = 12, .box_h = 13, .ofs_x = 1, .ofs_y = 0},
    {.bitmap_index = 2728, .adv_w = 233, .box_w = 14, .box_h = 13, .ofs_x = 0, .ofs_y = 0},
    {.bitmap_index = 2819, .adv_w = 194, .box_w = 11, .box_h = 13, .ofs_x = 1, .ofs_y = 0},
    {.bitmap_index = 2891, .adv_w = 233, .box_w = 14, .box_h = 15, .ofs_x = 0, .ofs_y = -2},
    {.bitmap_index = 2996, .adv_w = 195, .box_w = 11, .box_h = 13, .ofs_x = 1, .ofs_y = 0},
    {.bitmap_index = 3068, .adv_w = 187, .box_w = 11, .box_h = 13, .ofs_x = 0, .ofs_y = 0},
    {.bitmap_index = 3140, .adv_w = 185, .box_w = 12, .box_h = 13, .ofs_x = 0, .ofs_y = 0},
    {.bitmap_index = 3218, .adv_w = 214, .box_w = 12, .box_h = 13, .ofs_x = 1, .ofs_y = 0},
    {.bitmap_index = 3296, .adv_w = 213, .box_w = 14, .box_h = 13, .ofs_x = 0, .ofs_y = 0},
    {.bitmap_index = 3387, .adv_w = 307, .box_w = 20, .box_h = 13, .ofs_x = 0, .ofs_y = 0},
    {.bitmap_index = 3517, .adv_w = 210, .box_w = 13, .box_h = 13, .ofs_x = 0, .ofs_y = 0},
    {.bitmap_index = 3602, .adv_w = 204, .box_w = 13, .box_h = 13, .ofs_x = 0, .ofs_y = 0},
    {.bitmap_index = 3687, .adv_w = 187, .box_w = 12, .box_h = 13, .ofs_x = 0, .ofs_y = 0},
    {.bitmap_index = 3765, .adv_w = 106, .box_w = 6, .box_h = 16, .ofs_x = 1, .ofs_y = -1},
    {.bitmap_index = 3813, .adv_w = 109, .box_w = 7, .box_h = 13, .ofs_x = 0, .ofs_y = 0},
    {.bitmap_index = 3859, .adv_w = 106, .box_w = 5, .box_h = 16, .ofs_x = 0, .ofs_y = -1},
    {.bitmap_index = 3899, .adv_w = 137, .box_w = 9, .box_h = 5, .ofs_x = 0, .ofs_y = 10},
    {.bitmap_index = 3922, .adv_w = 135, .box_w = 9, .box_h = 3, .ofs_x = 0, .ofs_y = -3},
    {.bitmap_index = 3936, .adv_w = 89, .box_w = 5, .box_h = 5, .ofs_x = 0, .ofs_y = 10},
    {.bitmap_index = 3949, .adv_w = 166, .box_w = 10, .box_h = 10, .ofs_x = 0, .ofs_y = 0},
    {.bitmap_index = 3999, .adv_w = 183, .box_w = 10, .box_h = 13, .ofs_x = 1, .ofs_y = 0},
    {.bitmap_index = 4064, .adv_w = 164, .box_w = 10, .box_h = 10, .ofs_x = 0, .ofs_y = 0},
    {.bitmap_index = 4114, .adv_w = 183, .box_w = 11, .box_h = 13, .ofs_x = 0, .ofs_y = 0},
    {.bitmap_index = 4186, .adv_w = 171, .box_w = 11, .box_h = 10, .ofs_x = 0, .ofs_y = 0},
    {.bitmap_index = 4241, .adv_w = 114, .box_w = 7, .box_h = 14, .ofs_x = 0, .ofs_y = 0},
    {.bitmap_index = 4290, .adv_w = 183, .box_w = 11, .box_h = 14, .ofs_x = 0, .ofs_y = -4},
    {.bitmap_index = 4367, .adv_w = 177, .box_w = 9, .box_h = 13, .ofs_x = 1, .ofs_y = 0},
    {.bitmap_index = 4426, .adv_w = 81, .box_w = 4, .box_h = 14, .ofs_x = 1, .ofs_y = 0},
    {.bitmap_index = 4454, .adv_w = 82, .box_w = 7, .box_h = 18, .ofs_x = -2, .ofs_y = -4},
    {.bitmap_index = 4517, .adv_w = 169, .box_w = 10, .box_h = 13, .ofs_x = 1, .ofs_y = 0},
    {.bitmap_index = 4582, .adv_w = 82, .box_w = 4, .box_h = 13, .ofs_x = 1, .ofs_y = 0},
    {.bitmap_index = 4608, .adv_w = 266, .box_w = 15, .box_h = 10, .ofs_x = 1, .ofs_y = 0},
    {.bitmap_index = 4683, .adv_w = 177, .box_w = 9, .box_h = 10, .ofs_x = 1, .ofs_y = 0},
    {.bitmap_index = 4728, .adv_w = 177, .box_w = 11, .box_h = 10, .ofs_x = 0, .ofs_y = 0},
    {.bitmap_index = 4783, .adv_w = 183, .box_w = 10, .box_h = 14, .ofs_x = 1, .ofs_y = -4},
    {.bitmap_index = 4853, .adv_w = 183, .box_w = 11, .box_h = 14, .ofs_x = 0, .ofs_y = -4},
    {.bitmap_index = 4930, .adv_w = 125, .box_w = 7, .box_h = 10, .ofs_x = 1, .ofs_y = 0},
    {.bitmap_index = 4965, .adv_w = 150, .box_w = 9, .box_h = 10, .ofs_x = 0, .ofs_y = 0},
    {.bitmap_index = 5010, .adv_w = 119, .box_w = 8, .box_h = 13, .ofs_x = 0, .ofs_y = 0},
    {.bitmap_index = 5062, .adv_w = 177, .box_w = 9, .box_h = 10, .ofs_x = 1, .ofs_y = 0},
    {.bitmap_index = 5107, .adv_w = 168, .box_w = 11, .box_h = 10, .ofs_x = 0, .ofs_y = 0},
    {.bitmap_index = 5162, .adv_w = 253, .box_w = 16, .box_h = 10, .ofs_x = 0, .ofs_y = 0},
    {.bitmap_index = 5242, .adv_w = 167, .box_w = 11, .box_h = 10, .ofs_x = 0, .ofs_y = 0},
    {.bitmap_index = 5297, .adv_w = 172, .box_w = 11, .box_h = 14, .ofs_x = 0, .ofs_y = -4},
    {.bitmap_index = 5374, .adv_w = 147, .box_w = 9, .box_h = 10, .ofs_x = 0, .ofs_y = 0},
    {.bitmap_index = 5419, .adv_w = 111, .box_w = 7, .box_h = 16, .ofs_x = 0, .ofs_y = -1},
    {.bitmap_index = 5475, .adv_w = 73, .box_w = 3, .box_h = 16, .ofs_x = 1, .ofs_y = -1},
    {.bitmap_index = 5499, .adv_w = 111, .box_w = 7, .box_h = 16, .ofs_x = 0, .ofs_y = -1},
    {.bitmap_index = 5555, .adv_w = 170, .box_w = 11, .box_h = 5, .ofs_x = 0, .ofs_y = 4},
    {.bitmap_index = 5583, .adv_w = 123, .box_w = 7, .box_h = 8, .ofs_x = 0, .ofs_y = 7},
    {.bitmap_index = 5611, .adv_w = 144, .box_w = 3, .box_h = 3, .ofs_x = 3, .ofs_y = 5},
    {.bitmap_index = 5616, .adv_w = 288, .box_w = 7, .box_h = 6, .ofs_x = 1, .ofs_y = -1},
    {.bitmap_index = 5637, .adv_w = 288, .box_w = 16, .box_h = 3, .ofs_x = 1, .ofs_y = 6},
    {.bitmap_index = 5661, .adv_w = 288, .box_w = 16, .box_h = 15, .ofs_x = 1, .ofs_y = -1},
    {.bitmap_index = 5781, .adv_w = 288, .box_w = 16, .box_h = 16, .ofs_x = 1, .ofs_y = -1},
    {.bitmap_index = 5909, .adv_w = 288, .box_w = 16, .box_h = 16, .ofs_x = 1, .ofs_y = -1},
    {.bitmap_index = 6037, .adv_w = 288, .box_w = 17, .box_h = 16, .ofs_x = 1, .ofs_y = -1},
    {.bitmap_index = 6173, .adv_w = 288, .box_w = 17, .box_h = 16, .ofs_x = 0, .ofs_y = -1},
    {.bitmap_index = 6309, .adv_w = 288, .box_w = 16, .box_h = 18, .ofs_x = 1, .ofs_y = -2},
    {.bitmap_index = 6453, .adv_w = 288, .box_w = 16, .box_h = 17, .ofs_x = 1, .ofs_y = -2},
    {.bitmap_index = 6589, .adv_w = 288, .box_w = 18, .box_h = 16, .ofs_x = 0, .ofs_y = -1},
    {.bitmap_index = 6733, .adv_w = 288, .box_w = 16, .box_h = 16, .ofs_x = 1, .ofs_y = -1},
    {.bitmap_index = 6861, .adv_w = 288, .box_w = 16, .box_h = 18, .ofs_x = 1, .ofs_y = -2},
    {.bitmap_index = 7005, .adv_w = 288, .box_w = 16, .box_h = 17, .ofs_x = 1, .ofs_y = -1},
    {.bitmap_index = 7141, .adv_w = 288, .box_w = 18, .box_h = 18, .ofs_x = 0, .ofs_y = -2},
    {.bitmap_index = 7303, .adv_w = 288, .box_w = 18, .box_h = 18, .ofs_x = 0, .ofs_y = -2},
    {.bitmap_index = 7465, .adv_w = 288, .box_w = 17, .box_h = 17, .ofs_x = 0, .ofs_y = -1},
    {.bitmap_index = 7610, .adv_w = 288, .box_w = 16, .box_h = 16, .ofs_x = 1, .ofs_y = -1},
    {.bitmap_index = 7738, .adv_w = 288, .box_w = 16, .box_h = 17, .ofs_x = 1, .ofs_y = -2},
    {.bitmap_index = 7874, .adv_w = 288, .box_w = 17, .box_h = 16, .ofs_x = 0, .ofs_y = -1},
    {.bitmap_index = 8010, .adv_w = 288, .box_w = 17, .box_h = 18, .ofs_x = 0, .ofs_y = -2},
    {.bitmap_index = 8163, .adv_w = 288, .box_w = 17, .box_h = 18, .ofs_x = 0, .ofs_y = -2},
    {.bitmap_index = 8316, .adv_w = 288, .box_w = 16, .box_h = 18, .ofs_x = 1, .ofs_y = -2},
    {.bitmap_index = 8460, .adv_w = 288, .box_w = 16, .box_h = 17, .ofs_x = 1, .ofs_y = -2},
    {.bitmap_index = 8596, .adv_w = 288, .box_w = 17, .box_h = 17, .ofs_x = 0, .ofs_y = -1},
    {.bitmap_index = 8741, .adv_w = 288, .box_w = 18, .box_h = 19, .ofs_x = 0, .ofs_y = -2},
    {.bitmap_index = 8912, .adv_w = 288, .box_w = 18, .box_h = 17, .ofs_x = 0, .ofs_y = -2},
    {.bitmap_index = 9065, .adv_w = 288, .box_w = 17, .box_h = 19, .ofs_x = 0, .ofs_y = -2},
    {.bitmap_index = 9227, .adv_w = 288, .box_w = 18, .box_h = 17, .ofs_x = 0, .ofs_y = -2},
    {.bitmap_index = 9380, .adv_w = 288, .box_w = 18, .box_h = 17, .ofs_x = 0, .ofs_y = -2},
    {.bitmap_index = 9533, .adv_w = 288, .box_w = 17, .box_h = 18, .ofs_x = 1, .ofs_y = -2},
    {.bitmap_index = 9686, .adv_w = 288, .box_w = 16, .box_h = 17, .ofs_x = 1, .ofs_y = -1},
    {.bitmap_index = 9822, .adv_w = 288, .box_w = 17, .box_h = 17, .ofs_x = 0, .ofs_y = -1},
    {.bitmap_index = 9967, .adv_w = 288, .box_w = 18, .box_h = 18, .ofs_x = 0, .ofs_y = -2},
    {.bitmap_index = 10129, .adv_w = 288, .box_w = 18, .box_h = 16, .ofs_x = 0, .ofs_y = -1},
    {.bitmap_index = 10273, .adv_w = 288, .box_w = 17, .box_h = 17, .ofs_x = 0, .ofs_y = -1},
    {.bitmap_index = 10418, .adv_w = 288, .box_w = 17, .box_h = 17, .ofs_x = 1, .ofs_y = -2},
    {.bitmap_index = 10563, .adv_w = 288, .box_w = 17, .box_h = 18, .ofs_x = 0, .ofs_y = -2},
    {.bitmap_index = 10716, .adv_w = 288, .box_w = 18, .box_h = 17, .ofs_x = 0, .ofs_y = -1},
    {.bitmap_index = 10869, .adv_w = 288, .box_w = 18, .box_h = 17, .ofs_x = 0, .ofs_y = -1},
    {.bitmap_index = 11022, .adv_w = 288, .box_w = 17, .box_h = 17, .ofs_x = 0, .ofs_y = -1},
    {.bitmap_index = 11167, .adv_w = 288, .box_w = 18, .box_h = 16, .ofs_x = 0, .ofs_y = -1},
    {.bitmap_index = 11311, .adv_w = 288, .box_w = 17, .box_h = 16, .ofs_x = 1, .ofs_y = -1},
    {.bitmap_index = 11447, .adv_w = 288, .box_w = 18, .box_h = 17, .ofs_x = 0, .ofs_y = -1},
    {.bitmap_index = 11600, .adv_w = 288, .box_w = 18, .box_h = 17, .ofs_x = 0, .ofs_y = -1},
    {.bitmap_index = 11753, .adv_w = 288, .box_w = 17, .box_h = 18, .ofs_x = 1, .ofs_y = -2},
    {.bitmap_index = 11906, .adv_w = 288, .box_w = 17, .box_h = 18, .ofs_x = 0, .ofs_y = -2},
    {.bitmap_index = 12059, .adv_w = 288, .box_w = 18, .box_h = 18, .ofs_x = 0, .ofs_y = -2},
    {.bitmap_index = 12221, .adv_w = 288, .box_w = 18, .box_h = 18, .ofs_x = 0, .ofs_y = -2},
    {.bitmap_index = 12383, .adv_w = 288, .box_w = 18, .box_h = 17, .ofs_x = 0, .ofs_y = -1},
    {.bitmap_index = 12536, .adv_w = 288, .box_w = 17, .box_h = 17, .ofs_x = 0, .ofs_y = -1},
    {.bitmap_index = 12681, .adv_w = 288, .box_w = 18, .box_h = 18, .ofs_x = 0, .ofs_y = -2},
    {.bitmap_index = 12843, .adv_w = 288, .box_w = 18, .box_h = 17, .ofs_x = 0, .ofs_y = -1},
    {.bitmap_index = 12996, .adv_w = 288, .box_w = 18, .box_h = 18, .ofs_x = 0, .ofs_y = -2},
    {.bitmap_index = 13158, .adv_w = 288, .box_w = 17, .box_h = 18, .ofs_x = 0, .ofs_y = -2},
    {.bitmap_index = 13311, .adv_w = 288, .box_w = 17, .box_h = 17, .ofs_x = 1, .ofs_y = -1},
    {.bitmap_index = 13456, .adv_w = 288, .box_w = 17, .box_h = 17, .ofs_x = 0, .ofs_y = -1},
    {.bitmap_index = 13601, .adv_w = 288, .box_w = 18, .box_h = 19, .ofs_x = 0, .ofs_y = -2},
    {.bitmap_index = 13772, .adv_w = 288, .box_w = 17, .box_h = 17, .ofs_x = 0, .ofs_y = -2},
    {.bitmap_index = 13917, .adv_w = 288, .box_w = 17, .box_h = 18, .ofs_x = 0, .ofs_y = -2},
    {.bitmap_index = 14070, .adv_w = 288, .box_w = 16, .box_h = 17, .ofs_x = 1, .ofs_y = -2},
    {.bitmap_index = 14206, .adv_w = 288, .box_w = 17, .box_h = 17, .ofs_x = 0, .ofs_y = -2},
    {.bitmap_index = 14351, .adv_w = 288, .box_w = 17, .box_h = 17, .ofs_x = 0, .ofs_y = -2},
    {.bitmap_index = 14496, .adv_w = 288, .box_w = 17, .box_h = 18, .ofs_x = 1, .ofs_y = -2},
    {.bitmap_index = 14649, .adv_w = 288, .box_w = 18, .box_h = 17, .ofs_x = 0, .ofs_y = -2},
    {.bitmap_index = 14802, .adv_w = 288, .box_w = 17, .box_h = 16, .ofs_x = 1, .ofs_y = -1},
    {.bitmap_index = 14938, .adv_w = 288, .box_w = 17, .box_h = 16, .ofs_x = 1, .ofs_y = -1},
    {.bitmap_index = 15074, .adv_w = 288, .box_w = 17, .box_h = 17, .ofs_x = 0, .ofs_y = -2},
    {.bitmap_index = 15219, .adv_w = 288, .box_w = 17, .box_h = 18, .ofs_x = 0, .ofs_y = -2},
    {.bitmap_index = 15372, .adv_w = 288, .box_w = 16, .box_h = 17, .ofs_x = 1, .ofs_y = -2},
    {.bitmap_index = 15508, .adv_w = 288, .box_w = 14, .box_h = 17, .ofs_x = 2, .ofs_y = -2},
    {.bitmap_index = 15627, .adv_w = 288, .box_w = 16, .box_h = 17, .ofs_x = 1, .ofs_y = -2},
    {.bitmap_index = 15763, .adv_w = 288, .box_w = 17, .box_h = 17, .ofs_x = 0, .ofs_y = -2},
    {.bitmap_index = 15908, .adv_w = 288, .box_w = 17, .box_h = 17, .ofs_x = 0, .ofs_y = -1},
    {.bitmap_index = 16053, .adv_w = 288, .box_w = 18, .box_h = 18, .ofs_x = 0, .ofs_y = -2},
    {.bitmap_index = 16215, .adv_w = 288, .box_w = 16, .box_h = 17, .ofs_x = 1, .ofs_y = -1},
    {.bitmap_index = 16351, .adv_w = 288, .box_w = 16, .box_h = 16, .ofs_x = 1, .ofs_y = -1},
    {.bitmap_index = 16479, .adv_w = 288, .box_w = 16, .box_h = 16, .ofs_x = 1, .ofs_y = -1},
    {.bitmap_index = 16607, .adv_w = 288, .box_w = 17, .box_h = 18, .ofs_x = 0, .ofs_y = -2},
    {.bitmap_index = 16760, .adv_w = 288, .box_w = 16, .box_h = 17, .ofs_x = 1, .ofs_y = -2},
    {.bitmap_index = 16896, .adv_w = 288, .box_w = 17, .box_h = 17, .ofs_x = 0, .ofs_y = -2},
    {.bitmap_index = 17041, .adv_w = 288, .box_w = 17, .box_h = 17, .ofs_x = 0, .ofs_y = -2},
    {.bitmap_index = 17186, .adv_w = 288, .box_w = 17, .box_h = 16, .ofs_x = 0, .ofs_y = -1},
    {.bitmap_index = 17322, .adv_w = 288, .box_w = 17, .box_h = 16, .ofs_x = 0, .ofs_y = -1},
    {.bitmap_index = 17458, .adv_w = 288, .box_w = 17, .box_h = 16, .ofs_x = 0, .ofs_y = -1},
    {.bitmap_index = 17594, .adv_w = 288, .box_w = 16, .box_h = 18, .ofs_x = 1, .ofs_y = -2},
    {.bitmap_index = 17738, .adv_w = 288, .box_w = 17, .box_h = 18, .ofs_x = 0, .ofs_y = -2},
    {.bitmap_index = 17891, .adv_w = 288, .box_w = 16, .box_h = 18, .ofs_x = 1, .ofs_y = -2},
    {.bitmap_index = 18035, .adv_w = 288, .box_w = 17, .box_h = 17, .ofs_x = 0, .ofs_y = -2},
    {.bitmap_index = 18180, .adv_w = 288, .box_w = 18, .box_h = 18, .ofs_x = 0, .ofs_y = -2},
    {.bitmap_index = 18342, .adv_w = 288, .box_w = 17, .box_h = 17, .ofs_x = 0, .ofs_y = -2},
    {.bitmap_index = 18487, .adv_w = 288, .box_w = 17, .box_h = 17, .ofs_x = 0, .ofs_y = -2},
    {.bitmap_index = 18632, .adv_w = 288, .box_w = 17, .box_h = 17, .ofs_x = 0, .ofs_y = -2},
    {.bitmap_index = 18777, .adv_w = 288, .box_w = 17, .box_h = 17, .ofs_x = 0, .ofs_y = -1},
    {.bitmap_index = 18922, .adv_w = 288, .box_w = 17, .box_h = 17, .ofs_x = 0, .ofs_y = -1},
    {.bitmap_index = 19067, .adv_w = 288, .box_w = 15, .box_h = 16, .ofs_x = 2, .ofs_y = -1},
    {.bitmap_index = 19187, .adv_w = 288, .box_w = 15, .box_h = 16, .ofs_x = 2, .ofs_y = -1},
    {.bitmap_index = 19307, .adv_w = 288, .box_w = 16, .box_h = 17, .ofs_x = 1, .ofs_y = -1},
    {.bitmap_index = 19443, .adv_w = 288, .box_w = 18, .box_h = 16, .ofs_x = 0, .ofs_y = -1},
    {.bitmap_index = 19587, .adv_w = 288, .box_w = 18, .box_h = 17, .ofs_x = 0, .ofs_y = -2},
    {.bitmap_index = 19740, .adv_w = 288, .box_w = 16, .box_h = 17, .ofs_x = 1, .ofs_y = -1},
    {.bitmap_index = 19876, .adv_w = 288, .box_w = 16, .box_h = 16, .ofs_x = 1, .ofs_y = -1},
    {.bitmap_index = 20004, .adv_w = 288, .box_w = 17, .box_h = 17, .ofs_x = 1, .ofs_y = -2},
    {.bitmap_index = 20149, .adv_w = 288, .box_w = 17, .box_h = 17, .ofs_x = 1, .ofs_y = -2},
    {.bitmap_index = 20294, .adv_w = 288, .box_w = 17, .box_h = 17, .ofs_x = 1, .ofs_y = -2},
    {.bitmap_index = 20439, .adv_w = 288, .box_w = 18, .box_h = 18, .ofs_x = 0, .ofs_y = -2},
    {.bitmap_index = 20601, .adv_w = 288, .box_w = 18, .box_h = 16, .ofs_x = 0, .ofs_y = -1},
    {.bitmap_index = 20745, .adv_w = 288, .box_w = 18, .box_h = 17, .ofs_x = 0, .ofs_y = -2},
    {.bitmap_index = 20898, .adv_w = 288, .box_w = 17, .box_h = 18, .ofs_x = 0, .ofs_y = -2},
    {.bitmap_index = 21051, .adv_w = 288, .box_w = 18, .box_h = 18, .ofs_x = 0, .ofs_y = -2},
    {.bitmap_index = 21213, .adv_w = 288, .box_w = 16, .box_h = 16, .ofs_x = 1, .ofs_y = -1},
    {.bitmap_index = 21341, .adv_w = 288, .box_w = 14, .box_h = 16, .ofs_x = 2, .ofs_y = -2},
    {.bitmap_index = 21453, .adv_w = 288, .box_w = 18, .box_h = 17, .ofs_x = 0, .ofs_y = -2},
    {.bitmap_index = 21606, .adv_w = 288, .box_w = 18, .box_h = 16, .ofs_x = 0, .ofs_y = -1},
    {.bitmap_index = 21750, .adv_w = 288, .box_w = 16, .box_h = 17, .ofs_x = 1, .ofs_y = -1},
    {.bitmap_index = 21886, .adv_w = 288, .box_w = 17, .box_h = 17, .ofs_x = 0, .ofs_y = -1},
    {.bitmap_index = 22031, .adv_w = 288, .box_w = 18, .box_h = 16, .ofs_x = 0, .ofs_y = -1},
    {.bitmap_index = 22175, .adv_w = 288, .box_w = 17, .box_h = 17, .ofs_x = 1, .ofs_y = -1},
    {.bitmap_index = 22320, .adv_w = 288, .box_w = 18, .box_h = 17, .ofs_x = 0, .ofs_y = -1},
    {.bitmap_index = 22473, .adv_w = 288, .box_w = 18, .box_h = 17, .ofs_x = 0, .ofs_y = -2},
    {.bitmap_index = 22626, .adv_w = 288, .box_w = 16, .box_h = 17, .ofs_x = 1, .ofs_y = -2},
    {.bitmap_index = 22762, .adv_w = 288, .box_w = 16, .box_h = 17, .ofs_x = 0, .ofs_y = -1},
    {.bitmap_index = 22898, .adv_w = 288, .box_w = 18, .box_h = 16, .ofs_x = 0, .ofs_y = -1},
    {.bitmap_index = 23042, .adv_w = 288, .box_w = 16, .box_h = 18, .ofs_x = 1, .ofs_y = -2},
    {.bitmap_index = 23186, .adv_w = 288, .box_w = 17, .box_h = 16, .ofs_x = 1, .ofs_y = -1},
    {.bitmap_index = 23322, .adv_w = 288, .box_w = 18, .box_h = 16, .ofs_x = 0, .ofs_y = -1},
    {.bitmap_index = 23466, .adv_w = 288, .box_w = 17, .box_h = 18, .ofs_x = 1, .ofs_y = -2},
    {.bitmap_index = 23619, .adv_w = 288, .box_w = 17, .box_h = 17, .ofs_x = 0, .ofs_y = -1},
    {.bitmap_index = 23764, .adv_w = 288, .box_w = 16, .box_h = 17, .ofs_x = 1, .ofs_y = -2},
    {.bitmap_index = 23900, .adv_w = 288, .box_w = 17, .box_h = 16, .ofs_x = 0, .ofs_y = -1},
    {.bitmap_index = 24036, .adv_w = 288, .box_w = 16, .box_h = 17, .ofs_x = 0, .ofs_y = -2},
    {.bitmap_index = 24172, .adv_w = 288, .box_w = 16, .box_h = 16, .ofs_x = 1, .ofs_y = -1},
    {.bitmap_index = 24300, .adv_w = 288, .box_w = 18, .box_h = 16, .ofs_x = 0, .ofs_y = -1},
    {.bitmap_index = 24444, .adv_w = 288, .box_w = 17, .box_h = 17, .ofs_x = 0, .ofs_y = -1},
    {.bitmap_index = 24589, .adv_w = 288, .box_w = 18, .box_h = 18, .ofs_x = 0, .ofs_y = -2},
    {.bitmap_index = 24751, .adv_w = 288, .box_w = 16, .box_h = 16, .ofs_x = 1, .ofs_y = -1},
    {.bitmap_index = 24879, .adv_w = 288, .box_w = 16, .box_h = 18, .ofs_x = 1, .ofs_y = -2},
    {.bitmap_index = 25023, .adv_w = 288, .box_w = 16, .box_h = 17, .ofs_x = 1, .ofs_y = -1},
    {.bitmap_index = 25159, .adv_w = 288, .box_w = 18, .box_h = 16, .ofs_x = 0, .ofs_y = -1},
    {.bitmap_index = 25303, .adv_w = 288, .box_w = 16, .box_h = 16, .ofs_x = 1, .ofs_y = -1},
    {.bitmap_index = 25431, .adv_w = 288, .box_w = 17, .box_h = 16, .ofs_x = 0, .ofs_y = -1},
    {.bitmap_index = 25567, .adv_w = 288, .box_w = 16, .box_h = 16, .ofs_x = 1, .ofs_y = -1},
    {.bitmap_index = 25695, .adv_w = 288, .box_w = 16, .box_h = 16, .ofs_x = 1, .ofs_y = -1},
    {.bitmap_index = 25823, .adv_w = 288, .box_w = 16, .box_h = 16, .ofs_x = 1, .ofs_y = -1},
    {.bitmap_index = 25951, .adv_w = 288, .box_w = 16, .box_h = 16, .ofs_x = 1, .ofs_y = -1},
    {.bitmap_index = 26079, .adv_w = 288, .box_w = 16, .box_h = 16, .ofs_x = 1, .ofs_y = -1},
    {.bitmap_index = 26207, .adv_w = 288, .box_w = 18, .box_h = 17, .ofs_x = 0, .ofs_y = -1},
    {.bitmap_index = 26360, .adv_w = 288, .box_w = 17, .box_h = 16, .ofs_x = 1, .ofs_y = -1},
    {.bitmap_index = 26496, .adv_w = 288, .box_w = 17, .box_h = 17, .ofs_x = 0, .ofs_y = -2},
    {.bitmap_index = 26641, .adv_w = 288, .box_w = 17, .box_h = 17, .ofs_x = 0, .ofs_y = -1},
    {.bitmap_index = 26786, .adv_w = 288, .box_w = 17, .box_h = 17, .ofs_x = 0, .ofs_y = -1},
    {.bitmap_index = 26931, .adv_w = 288, .box_w = 17, .box_h = 18, .ofs_x = 0, .ofs_y = -2},
    {.bitmap_index = 27084, .adv_w = 288, .box_w = 18, .box_h = 16, .ofs_x = 0, .ofs_y = -1},
    {.bitmap_index = 27228, .adv_w = 288, .box_w = 18, .box_h = 17, .ofs_x = 0, .ofs_y = -1},
    {.bitmap_index = 27381, .adv_w = 288, .box_w = 18, .box_h = 18, .ofs_x = 0, .ofs_y = -2},
    {.bitmap_index = 27543, .adv_w = 288, .box_w = 17, .box_h = 17, .ofs_x = 0, .ofs_y = -1},
    {.bitmap_index = 27688, .adv_w = 288, .box_w = 17, .box_h = 17, .ofs_x = 0, .ofs_y = -2},
    {.bitmap_index = 27833, .adv_w = 288, .box_w = 18, .box_h = 18, .ofs_x = 0, .ofs_y = -2},
    {.bitmap_index = 27995, .adv_w = 288, .box_w = 17, .box_h = 17, .ofs_x = 1, .ofs_y = -1},
    {.bitmap_index = 28140, .adv_w = 288, .box_w = 17, .box_h = 18, .ofs_x = 0, .ofs_y = -2},
    {.bitmap_index = 28293, .adv_w = 288, .box_w = 18, .box_h = 18, .ofs_x = 0, .ofs_y = -2},
    {.bitmap_index = 28455, .adv_w = 288, .box_w = 17, .box_h = 18, .ofs_x = 0, .ofs_y = -2},
    {.bitmap_index = 28608, .adv_w = 288, .box_w = 18, .box_h = 18, .ofs_x = 0, .ofs_y = -2},
    {.bitmap_index = 28770, .adv_w = 288, .box_w = 17, .box_h = 17, .ofs_x = 1, .ofs_y = -2},
    {.bitmap_index = 28915, .adv_w = 288, .box_w = 17, .box_h = 17, .ofs_x = 0, .ofs_y = -2},
    {.bitmap_index = 29060, .adv_w = 288, .box_w = 17, .box_h = 17, .ofs_x = 0, .ofs_y = -2},
    {.bitmap_index = 29205, .adv_w = 288, .box_w = 16, .box_h = 17, .ofs_x = 1, .ofs_y = -2},
    {.bitmap_index = 29341, .adv_w = 288, .box_w = 16, .box_h = 16, .ofs_x = 1, .ofs_y = -1},
    {.bitmap_index = 29469, .adv_w = 288, .box_w = 18, .box_h = 18, .ofs_x = 0, .ofs_y = -2},
    {.bitmap_index = 29631, .adv_w = 288, .box_w = 18, .box_h = 18, .ofs_x = 0, .ofs_y = -2},
    {.bitmap_index = 29793, .adv_w = 288, .box_w = 17, .box_h = 18, .ofs_x = 0, .ofs_y = -2},
    {.bitmap_index = 29946, .adv_w = 288, .box_w = 18, .box_h = 18, .ofs_x = 0, .ofs_y = -2},
    {.bitmap_index = 30108, .adv_w = 288, .box_w = 16, .box_h = 16, .ofs_x = 1, .ofs_y = -1},
    {.bitmap_index = 30236, .adv_w = 288, .box_w = 17, .box_h = 17, .ofs_x = 0, .ofs_y = -2},
    {.bitmap_index = 30381, .adv_w = 288, .box_w = 16, .box_h = 17, .ofs_x = 1, .ofs_y = -1},
    {.bitmap_index = 30517, .adv_w = 288, .box_w = 18, .box_h = 17, .ofs_x = 0, .ofs_y = -1},
    {.bitmap_index = 30670, .adv_w = 288, .box_w = 16, .box_h = 18, .ofs_x = 1, .ofs_y = -2},
    {.bitmap_index = 30814, .adv_w = 288, .box_w = 16, .box_h = 18, .ofs_x = 1, .ofs_y = -2},
    {.bitmap_index = 30958, .adv_w = 288, .box_w = 17, .box_h = 18, .ofs_x = 1, .ofs_y = -2},
    {.bitmap_index = 31111, .adv_w = 288, .box_w = 16, .box_h = 18, .ofs_x = 1, .ofs_y = -2},
    {.bitmap_index = 31255, .adv_w = 288, .box_w = 16, .box_h = 17, .ofs_x = 1, .ofs_y = -1},
    {.bitmap_index = 31391, .adv_w = 288, .box_w = 17, .box_h = 17, .ofs_x = 1, .ofs_y = -1},
    {.bitmap_index = 31536, .adv_w = 288, .box_w = 17, .box_h = 18, .ofs_x = 1, .ofs_y = -2},
    {.bitmap_index = 31689, .adv_w = 288, .box_w = 17, .box_h = 16, .ofs_x = 0, .ofs_y = -1},
    {.bitmap_index = 31825, .adv_w = 288, .box_w = 18, .box_h = 17, .ofs_x = 0, .ofs_y = -1},
    {.bitmap_index = 31978, .adv_w = 288, .box_w = 18, .box_h = 17, .ofs_x = 0, .ofs_y = -1},
    {.bitmap_index = 32131, .adv_w = 288, .box_w = 18, .box_h = 16, .ofs_x = 0, .ofs_y = -1},
    {.bitmap_index = 32275, .adv_w = 288, .box_w = 18, .box_h = 17, .ofs_x = 0, .ofs_y = -1},
    {.bitmap_index = 32428, .adv_w = 288, .box_w = 17, .box_h = 18, .ofs_x = 0, .ofs_y = -2},
    {.bitmap_index = 32581, .adv_w = 288, .box_w = 17, .box_h = 17, .ofs_x = 0, .ofs_y = -2},
    {.bitmap_index = 32726, .adv_w = 288, .box_w = 17, .box_h = 17, .ofs_x = 0, .ofs_y = -2},
    {.bitmap_index = 32871, .adv_w = 288, .box_w = 17, .box_h = 17, .ofs_x = 0, .ofs_y = -2},
    {.bitmap_index = 33016, .adv_w = 288, .box_w = 17, .box_h = 17, .ofs_x = 0, .ofs_y = -2},
    {.bitmap_index = 33161, .adv_w = 288, .box_w = 16, .box_h = 15, .ofs_x = 1, .ofs_y = -1},
    {.bitmap_index = 33281, .adv_w = 288, .box_w = 17, .box_h = 17, .ofs_x = 0, .ofs_y = -1},
    {.bitmap_index = 33426, .adv_w = 288, .box_w = 16, .box_h = 16, .ofs_x = 1, .ofs_y = -1},
    {.bitmap_index = 33554, .adv_w = 288, .box_w = 16, .box_h = 16, .ofs_x = 1, .ofs_y = -1},
    {.bitmap_index = 33682, .adv_w = 288, .box_w = 17, .box_h = 17, .ofs_x = 1, .ofs_y = -2},
    {.bitmap_index = 33827, .adv_w = 288, .box_w = 16, .box_h = 16, .ofs_x = 1, .ofs_y = -1},
    {.bitmap_index = 33955, .adv_w = 288, .box_w = 18, .box_h = 16, .ofs_x = 0, .ofs_y = -1},
    {.bitmap_index = 34099, .adv_w = 288, .box_w = 16, .box_h = 16, .ofs_x = 1, .ofs_y = -1},
    {.bitmap_index = 34227, .adv_w = 288, .box_w = 18, .box_h = 18, .ofs_x = 0, .ofs_y = -2},
    {.bitmap_index = 34389, .adv_w = 288, .box_w = 17, .box_h = 18, .ofs_x = 0, .ofs_y = -2},
    {.bitmap_index = 34542, .adv_w = 288, .box_w = 17, .box_h = 18, .ofs_x = 0, .ofs_y = -2},
    {.bitmap_index = 34695, .adv_w = 288, .box_w = 17, .box_h = 18, .ofs_x = 0, .ofs_y = -2},
    {.bitmap_index = 34848, .adv_w = 288, .box_w = 17, .box_h = 18, .ofs_x = 0, .ofs_y = -2},
    {.bitmap_index = 35001, .adv_w = 288, .box_w = 17, .box_h = 18, .ofs_x = 1, .ofs_y = -2},
    {.bitmap_index = 35154, .adv_w = 288, .box_w = 18, .box_h = 17, .ofs_x = 0, .ofs_y = -2},
    {.bitmap_index = 35307, .adv_w = 288, .box_w = 17, .box_h = 17, .ofs_x = 0, .ofs_y = -2},
    {.bitmap_index = 35452, .adv_w = 288, .box_w = 17, .box_h = 17, .ofs_x = 0, .ofs_y = -1},
    {.bitmap_index = 35597, .adv_w = 288, .box_w = 17, .box_h = 18, .ofs_x = 1, .ofs_y = -2},
    {.bitmap_index = 35750, .adv_w = 288, .box_w = 18, .box_h = 17, .ofs_x = 0, .ofs_y = -1},
    {.bitmap_index = 35903, .adv_w = 288, .box_w = 17, .box_h = 16, .ofs_x = 0, .ofs_y = -1},
    {.bitmap_index = 36039, .adv_w = 288, .box_w = 16, .box_h = 18, .ofs_x = 1, .ofs_y = -1},
    {.bitmap_index = 36183, .adv_w = 288, .box_w = 17, .box_h = 17, .ofs_x = 1, .ofs_y = -2},
    {.bitmap_index = 36328, .adv_w = 288, .box_w = 16, .box_h = 16, .ofs_x = 1, .ofs_y = -1},
    {.bitmap_index = 36456, .adv_w = 288, .box_w = 16, .box_h = 16, .ofs_x = 1, .ofs_y = -1},
    {.bitmap_index = 36584, .adv_w = 288, .box_w = 17, .box_h = 18, .ofs_x = 0, .ofs_y = -2},
    {.bitmap_index = 36737, .adv_w = 288, .box_w = 18, .box_h = 17, .ofs_x = 0, .ofs_y = -1},
    {.bitmap_index = 36890, .adv_w = 288, .box_w = 18, .box_h = 18, .ofs_x = 0, .ofs_y = -2},
    {.bitmap_index = 37052, .adv_w = 288, .box_w = 18, .box_h = 17, .ofs_x = 0, .ofs_y = -1},
    {.bitmap_index = 37205, .adv_w = 288, .box_w = 17, .box_h = 18, .ofs_x = 1, .ofs_y = -2},
    {.bitmap_index = 37358, .adv_w = 288, .box_w = 18, .box_h = 17, .ofs_x = 0, .ofs_y = -2},
    {.bitmap_index = 37511, .adv_w = 288, .box_w = 18, .box_h = 17, .ofs_x = 0, .ofs_y = -1},
    {.bitmap_index = 37664, .adv_w = 288, .box_w = 17, .box_h = 16, .ofs_x = 0, .ofs_y = -1},
    {.bitmap_index = 37800, .adv_w = 288, .box_w = 18, .box_h = 16, .ofs_x = 0, .ofs_y = -1},
    {.bitmap_index = 37944, .adv_w = 288, .box_w = 18, .box_h = 17, .ofs_x = 0, .ofs_y = -2},
    {.bitmap_index = 38097, .adv_w = 288, .box_w = 17, .box_h = 17, .ofs_x = 1, .ofs_y = -1},
    {.bitmap_index = 38242, .adv_w = 288, .box_w = 17, .box_h = 16, .ofs_x = 0, .ofs_y = -1},
    {.bitmap_index = 38378, .adv_w = 288, .box_w = 18, .box_h = 17, .ofs_x = 0, .ofs_y = -1},
    {.bitmap_index = 38531, .adv_w = 288, .box_w = 17, .box_h = 16, .ofs_x = 0, .ofs_y = -1},
    {.bitmap_index = 38667, .adv_w = 288, .box_w = 18, .box_h = 17, .ofs_x = 0, .ofs_y = -1},
    {.bitmap_index = 38820, .adv_w = 288, .box_w = 18, .box_h = 17, .ofs_x = 0, .ofs_y = -1},
    {.bitmap_index = 38973, .adv_w = 288, .box_w = 18, .box_h = 17, .ofs_x = 0, .ofs_y = -2},
    {.bitmap_index = 39126, .adv_w = 288, .box_w = 18, .box_h = 18, .ofs_x = 0, .ofs_y = -2},
    {.bitmap_index = 39288, .adv_w = 288, .box_w = 18, .box_h = 16, .ofs_x = 0, .ofs_y = -1},
    {.bitmap_index = 39432, .adv_w = 288, .box_w = 17, .box_h = 18, .ofs_x = 0, .ofs_y = -2},
    {.bitmap_index = 39585, .adv_w = 288, .box_w = 17, .box_h = 18, .ofs_x = 0, .ofs_y = -2},
    {.bitmap_index = 39738, .adv_w = 288, .box_w = 18, .box_h = 17, .ofs_x = 0, .ofs_y = -2},
    {.bitmap_index = 39891, .adv_w = 288, .box_w = 17, .box_h = 18, .ofs_x = 0, .ofs_y = -2},
    {.bitmap_index = 40044, .adv_w = 288, .box_w = 17, .box_h = 16, .ofs_x = 1, .ofs_y = -1},
    {.bitmap_index = 40180, .adv_w = 288, .box_w = 18, .box_h = 16, .ofs_x = 0, .ofs_y = -1},
    {.bitmap_index = 40324, .adv_w = 288, .box_w = 18, .box_h = 17, .ofs_x = 0, .ofs_y = -2},
    {.bitmap_index = 40477, .adv_w = 288, .box_w = 17, .box_h = 18, .ofs_x = 0, .ofs_y = -2},
    {.bitmap_index = 40630, .adv_w = 288, .box_w = 17, .box_h = 17, .ofs_x = 0, .ofs_y = -2},
    {.bitmap_index = 40775, .adv_w = 288, .box_w = 17, .box_h = 17, .ofs_x = 0, .ofs_y = -2},
    {.bitmap_index = 40920, .adv_w = 288, .box_w = 17, .box_h = 17, .ofs_x = 0, .ofs_y = -2},
    {.bitmap_index = 41065, .adv_w = 288, .box_w = 17, .box_h = 18, .ofs_x = 0, .ofs_y = -2},
    {.bitmap_index = 41218, .adv_w = 288, .box_w = 18, .box_h = 16, .ofs_x = 0, .ofs_y = -1},
    {.bitmap_index = 41362, .adv_w = 288, .box_w = 17, .box_h = 16, .ofs_x = 0, .ofs_y = -1},
    {.bitmap_index = 41498, .adv_w = 288, .box_w = 17, .box_h = 17, .ofs_x = 0, .ofs_y = -1},
    {.bitmap_index = 41643, .adv_w = 288, .box_w = 18, .box_h = 18, .ofs_x = 0, .ofs_y = -2},
    {.bitmap_index = 41805, .adv_w = 288, .box_w = 17, .box_h = 17, .ofs_x = 0, .ofs_y = -2},
    {.bitmap_index = 41950, .adv_w = 288, .box_w = 18, .box_h = 16, .ofs_x = 0, .ofs_y = -1},
    {.bitmap_index = 42094, .adv_w = 288, .box_w = 17, .box_h = 17, .ofs_x = 0, .ofs_y = -2},
    {.bitmap_index = 42239, .adv_w = 288, .box_w = 18, .box_h = 18, .ofs_x = 0, .ofs_y = -2},
    {.bitmap_index = 42401, .adv_w = 288, .box_w = 17, .box_h = 16, .ofs_x = 1, .ofs_y = -1},
    {.bitmap_index = 42537, .adv_w = 288, .box_w = 17, .box_h = 18, .ofs_x = 0, .ofs_y = -2},
    {.bitmap_index = 42690, .adv_w = 288, .box_w = 18, .box_h = 17, .ofs_x = 0, .ofs_y = -1},
    {.bitmap_index = 42843, .adv_w = 288, .box_w = 18, .box_h = 17, .ofs_x = 0, .ofs_y = -2},
    {.bitmap_index = 42996, .adv_w = 288, .box_w = 17, .box_h = 18, .ofs_x = 0, .ofs_y = -2},
    {.bitmap_index = 43149, .adv_w = 288, .box_w = 17, .box_h = 17, .ofs_x = 0, .ofs_y = -2},
    {.bitmap_index = 43294, .adv_w = 288, .box_w = 18, .box_h = 17, .ofs_x = 0, .ofs_y = -2},
    {.bitmap_index = 43447, .adv_w = 288, .box_w = 18, .box_h = 17, .ofs_x = 0, .ofs_y = -1},
    {.bitmap_index = 43600, .adv_w = 288, .box_w = 17, .box_h = 16, .ofs_x = 0, .ofs_y = -1},
    {.bitmap_index = 43736, .adv_w = 288, .box_w = 18, .box_h = 18, .ofs_x = 0, .ofs_y = -2},
    {.bitmap_index = 43898, .adv_w = 288, .box_w = 18, .box_h = 18, .ofs_x = 0, .ofs_y = -2},
    {.bitmap_index = 44060, .adv_w = 288, .box_w = 18, .box_h = 17, .ofs_x = 0, .ofs_y = -2},
    {.bitmap_index = 44213, .adv_w = 288, .box_w = 18, .box_h = 18, .ofs_x = 0, .ofs_y = -2},
    {.bitmap_index = 44375, .adv_w = 288, .box_w = 18, .box_h = 18, .ofs_x = 0, .ofs_y = -2},
    {.bitmap_index = 44537, .adv_w = 288, .box_w = 18, .box_h = 17, .ofs_x = 0, .ofs_y = -1},
    {.bitmap_index = 44690, .adv_w = 288, .box_w = 17, .box_h = 18, .ofs_x = 1, .ofs_y = -2},
    {.bitmap_index = 44843, .adv_w = 288, .box_w = 17, .box_h = 18, .ofs_x = 1, .ofs_y = -2},
    {.bitmap_index = 44996, .adv_w = 288, .box_w = 17, .box_h = 16, .ofs_x = 0, .ofs_y = -1},
    {.bitmap_index = 45132, .adv_w = 288, .box_w = 18, .box_h = 18, .ofs_x = 0, .ofs_y = -2},
    {.bitmap_index = 45294, .adv_w = 288, .box_w = 16, .box_h = 18, .ofs_x = 1, .ofs_y = -2},
    {.bitmap_index = 45438, .adv_w = 288, .box_w = 17, .box_h = 18, .ofs_x = 0, .ofs_y = -2},
    {.bitmap_index = 45591, .adv_w = 288, .box_w = 16, .box_h = 17, .ofs_x = 1, .ofs_y = -2},
    {.bitmap_index = 45727, .adv_w = 288, .box_w = 14, .box_h = 17, .ofs_x = 2, .ofs_y = -2},
    {.bitmap_index = 45846, .adv_w = 288, .box_w = 18, .box_h = 16, .ofs_x = 0, .ofs_y = -1},
    {.bitmap_index = 45990, .adv_w = 288, .box_w = 17, .box_h = 16, .ofs_x = 1, .ofs_y = -1},
    {.bitmap_index = 46126, .adv_w = 288, .box_w = 16, .box_h = 17, .ofs_x = 1, .ofs_y = -2},
    {.bitmap_index = 46262, .adv_w = 288, .box_w = 17, .box_h = 16, .ofs_x = 0, .ofs_y = -1},
    {.bitmap_index = 46398, .adv_w = 288, .box_w = 18, .box_h = 17, .ofs_x = 0, .ofs_y = -2},
    {.bitmap_index = 46551, .adv_w = 288, .box_w = 16, .box_h = 16, .ofs_x = 1, .ofs_y = -1},
    {.bitmap_index = 46679, .adv_w = 288, .box_w = 16, .box_h = 17, .ofs_x = 1, .ofs_y = -2},
    {.bitmap_index = 46815, .adv_w = 288, .box_w = 16, .box_h = 16, .ofs_x = 1, .ofs_y = -1},
    {.bitmap_index = 46943, .adv_w = 288, .box_w = 16, .box_h = 16, .ofs_x = 1, .ofs_y = -1},
    {.bitmap_index = 47071, .adv_w = 288, .box_w = 16, .box_h = 17, .ofs_x = 1, .ofs_y = -2},
    {.bitmap_index = 47207, .adv_w = 288, .box_w = 16, .box_h = 17, .ofs_x = 1, .ofs_y = -1},
    {.bitmap_index = 47343, .adv_w = 288, .box_w = 16, .box_h = 17, .ofs_x = 1, .ofs_y = -1},
    {.bitmap_index = 47479, .adv_w = 288, .box_w = 16, .box_h = 16, .ofs_x = 1, .ofs_y = -1},
    {.bitmap_index = 47607, .adv_w = 288, .box_w = 17, .box_h = 17, .ofs_x = 1, .ofs_y = -2},
    {.bitmap_index = 47752, .adv_w = 288, .box_w = 17, .box_h = 17, .ofs_x = 1, .ofs_y = -2},
    {.bitmap_index = 47897, .adv_w = 288, .box_w = 15, .box_h = 17, .ofs_x = 1, .ofs_y = -2},
    {.bitmap_index = 48025, .adv_w = 288, .box_w = 18, .box_h = 18, .ofs_x = 0, .ofs_y = -2},
    {.bitmap_index = 48187, .adv_w = 288, .box_w = 16, .box_h = 18, .ofs_x = 1, .ofs_y = -2},
    {.bitmap_index = 48331, .adv_w = 288, .box_w = 16, .box_h = 17, .ofs_x = 1, .ofs_y = -2},
    {.bitmap_index = 48467, .adv_w = 288, .box_w = 17, .box_h = 17, .ofs_x = 0, .ofs_y = -2},
    {.bitmap_index = 48612, .adv_w = 288, .box_w = 17, .box_h = 16, .ofs_x = 1, .ofs_y = -1},
    {.bitmap_index = 48748, .adv_w = 288, .box_w = 18, .box_h = 17, .ofs_x = 0, .ofs_y = -2},
    {.bitmap_index = 48901, .adv_w = 288, .box_w = 17, .box_h = 16, .ofs_x = 0, .ofs_y = -1},
    {.bitmap_index = 49037, .adv_w = 288, .box_w = 17, .box_h = 16, .ofs_x = 1, .ofs_y = -1},
    {.bitmap_index = 49173, .adv_w = 288, .box_w = 17, .box_h = 17, .ofs_x = 1, .ofs_y = -1},
    {.bitmap_index = 49318, .adv_w = 288, .box_w = 17, .box_h = 16, .ofs_x = 0, .ofs_y = -1},
    {.bitmap_index = 49454, .adv_w = 288, .box_w = 18, .box_h = 17, .ofs_x = 0, .ofs_y = -2},
    {.bitmap_index = 49607, .adv_w = 288, .box_w = 17, .box_h = 17, .ofs_x = 0, .ofs_y = -2},
    {.bitmap_index = 49752, .adv_w = 288, .box_w = 17, .box_h = 17, .ofs_x = 0, .ofs_y = -1},
    {.bitmap_index = 49897, .adv_w = 288, .box_w = 18, .box_h = 17, .ofs_x = 0, .ofs_y = -2},
    {.bitmap_index = 50050, .adv_w = 288, .box_w = 18, .box_h = 16, .ofs_x = 0, .ofs_y = -1},
    {.bitmap_index = 50194, .adv_w = 288, .box_w = 17, .box_h = 17, .ofs_x = 0, .ofs_y = -1},
    {.bitmap_index = 50339, .adv_w = 288, .box_w = 17, .box_h = 16, .ofs_x = 0, .ofs_y = -1},
    {.bitmap_index = 50475, .adv_w = 288, .box_w = 18, .box_h = 16, .ofs_x = 0, .ofs_y = -1},
    {.bitmap_index = 50619, .adv_w = 288, .box_w = 18, .box_h = 18, .ofs_x = 0, .ofs_y = -2},
    {.bitmap_index = 50781, .adv_w = 288, .box_w = 18, .box_h = 18, .ofs_x = 0, .ofs_y = -2},
    {.bitmap_index = 50943, .adv_w = 288, .box_w = 18, .box_h = 17, .ofs_x = 0, .ofs_y = -1},
    {.bitmap_index = 51096, .adv_w = 288, .box_w = 18, .box_h = 16, .ofs_x = 0, .ofs_y = -1},
    {.bitmap_index = 51240, .adv_w = 288, .box_w = 18, .box_h = 17, .ofs_x = 0, .ofs_y = -2},
    {.bitmap_index = 51393, .adv_w = 288, .box_w = 17, .box_h = 18, .ofs_x = 1, .ofs_y = -2},
    {.bitmap_index = 51546, .adv_w = 288, .box_w = 18, .box_h = 18, .ofs_x = 0, .ofs_y = -2},
    {.bitmap_index = 51708, .adv_w = 288, .box_w = 18, .box_h = 18, .ofs_x = 0, .ofs_y = -2},
    {.bitmap_index = 51870, .adv_w = 288, .box_w = 18, .box_h = 18, .ofs_x = 0, .ofs_y = -2},
    {.bitmap_index = 52032, .adv_w = 288, .box_w = 16, .box_h = 16, .ofs_x = 1, .ofs_y = -1},
    {.bitmap_index = 52160, .adv_w = 288, .box_w = 17, .box_h = 18, .ofs_x = 0, .ofs_y = -2},
    {.bitmap_index = 52313, .adv_w = 288, .box_w = 17, .box_h = 18, .ofs_x = 1, .ofs_y = -1},
    {.bitmap_index = 52466, .adv_w = 288, .box_w = 16, .box_h = 17, .ofs_x = 1, .ofs_y = -2},
    {.bitmap_index = 52602, .adv_w = 288, .box_w = 18, .box_h = 17, .ofs_x = 0, .ofs_y = -1},
    {.bitmap_index = 52755, .adv_w = 288, .box_w = 18, .box_h = 16, .ofs_x = 0, .ofs_y = -1},
    {.bitmap_index = 52899, .adv_w = 288, .box_w = 17, .box_h = 17, .ofs_x = 1, .ofs_y = -1},
    {.bitmap_index = 53044, .adv_w = 288, .box_w = 17, .box_h = 17, .ofs_x = 0, .ofs_y = -2},
    {.bitmap_index = 53189, .adv_w = 288, .box_w = 18, .box_h = 18, .ofs_x = 0, .ofs_y = -2},
    {.bitmap_index = 53351, .adv_w = 288, .box_w = 17, .box_h = 18, .ofs_x = 0, .ofs_y = -2},
    {.bitmap_index = 53504, .adv_w = 288, .box_w = 17, .box_h = 18, .ofs_x = 0, .ofs_y = -2},
    {.bitmap_index = 53657, .adv_w = 288, .box_w = 17, .box_h = 17, .ofs_x = 0, .ofs_y = -2},
    {.bitmap_index = 53802, .adv_w = 288, .box_w = 18, .box_h = 17, .ofs_x = 0, .ofs_y = -2},
    {.bitmap_index = 53955, .adv_w = 288, .box_w = 18, .box_h = 17, .ofs_x = 0, .ofs_y = -2},
    {.bitmap_index = 54108, .adv_w = 288, .box_w = 18, .box_h = 17, .ofs_x = 0, .ofs_y = -2},
    {.bitmap_index = 54261, .adv_w = 288, .box_w = 18, .box_h = 18, .ofs_x = 0, .ofs_y = -2},
    {.bitmap_index = 54423, .adv_w = 288, .box_w = 17, .box_h = 18, .ofs_x = 0, .ofs_y = -2},
    {.bitmap_index = 54576, .adv_w = 288, .box_w = 18, .box_h = 17, .ofs_x = 0, .ofs_y = -1},
    {.bitmap_index = 54729, .adv_w = 288, .box_w = 17, .box_h = 18, .ofs_x = 0, .ofs_y = -2},
    {.bitmap_index = 54882, .adv_w = 288, .box_w = 18, .box_h = 18, .ofs_x = 0, .ofs_y = -2},
    {.bitmap_index = 55044, .adv_w = 288, .box_w = 18, .box_h = 18, .ofs_x = 0, .ofs_y = -2},
    {.bitmap_index = 55206, .adv_w = 288, .box_w = 16, .box_h = 16, .ofs_x = 1, .ofs_y = -1},
    {.bitmap_index = 55334, .adv_w = 288, .box_w = 17, .box_h = 17, .ofs_x = 0, .ofs_y = -2},
    {.bitmap_index = 55479, .adv_w = 288, .box_w = 18, .box_h = 17, .ofs_x = 0, .ofs_y = -1},
    {.bitmap_index = 55632, .adv_w = 288, .box_w = 18, .box_h = 17, .ofs_x = 0, .ofs_y = -2},
    {.bitmap_index = 55785, .adv_w = 288, .box_w = 18, .box_h = 17, .ofs_x = 0, .ofs_y = -2},
    {.bitmap_index = 55938, .adv_w = 288, .box_w = 17, .box_h = 17, .ofs_x = 1, .ofs_y = -2},
    {.bitmap_index = 56083, .adv_w = 288, .box_w = 18, .box_h = 17, .ofs_x = 0, .ofs_y = -2},
    {.bitmap_index = 56236, .adv_w = 288, .box_w = 18, .box_h = 18, .ofs_x = 0, .ofs_y = -2},
    {.bitmap_index = 56398, .adv_w = 288, .box_w = 17, .box_h = 18, .ofs_x = 1, .ofs_y = -2},
    {.bitmap_index = 56551, .adv_w = 288, .box_w = 17, .box_h = 16, .ofs_x = 1, .ofs_y = -1},
    {.bitmap_index = 56687, .adv_w = 288, .box_w = 18, .box_h = 16, .ofs_x = 0, .ofs_y = -1},
    {.bitmap_index = 56831, .adv_w = 288, .box_w = 17, .box_h = 18, .ofs_x = 0, .ofs_y = -2},
    {.bitmap_index = 56984, .adv_w = 288, .box_w = 17, .box_h = 18, .ofs_x = 0, .ofs_y = -2},
    {.bitmap_index = 57137, .adv_w = 288, .box_w = 18, .box_h = 17, .ofs_x = 0, .ofs_y = -1},
    {.bitmap_index = 57290, .adv_w = 288, .box_w = 17, .box_h = 16, .ofs_x = 1, .ofs_y = -1},
    {.bitmap_index = 57426, .adv_w = 288, .box_w = 17, .box_h = 17, .ofs_x = 0, .ofs_y = -2},
    {.bitmap_index = 57571, .adv_w = 288, .box_w = 17, .box_h = 16, .ofs_x = 0, .ofs_y = -1},
    {.bitmap_index = 57707, .adv_w = 288, .box_w = 17, .box_h = 16, .ofs_x = 0, .ofs_y = -1},
    {.bitmap_index = 57843, .adv_w = 288, .box_w = 17, .box_h = 16, .ofs_x = 1, .ofs_y = -1},
    {.bitmap_index = 57979, .adv_w = 288, .box_w = 16, .box_h = 17, .ofs_x = 0, .ofs_y = -2},
    {.bitmap_index = 58115, .adv_w = 288, .box_w = 15, .box_h = 16, .ofs_x = 1, .ofs_y = -1},
    {.bitmap_index = 58235, .adv_w = 288, .box_w = 17, .box_h = 16, .ofs_x = 1, .ofs_y = -1},
    {.bitmap_index = 58371, .adv_w = 288, .box_w = 16, .box_h = 16, .ofs_x = 1, .ofs_y = -1},
    {.bitmap_index = 58499, .adv_w = 288, .box_w = 18, .box_h = 17, .ofs_x = 0, .ofs_y = -2},
    {.bitmap_index = 58652, .adv_w = 288, .box_w = 16, .box_h = 17, .ofs_x = 1, .ofs_y = -1},
    {.bitmap_index = 58788, .adv_w = 288, .box_w = 17, .box_h = 17, .ofs_x = 1, .ofs_y = -1},
    {.bitmap_index = 58933, .adv_w = 288, .box_w = 18, .box_h = 18, .ofs_x = 0, .ofs_y = -2},
    {.bitmap_index = 59095, .adv_w = 288, .box_w = 17, .box_h = 17, .ofs_x = 1, .ofs_y = -1},
    {.bitmap_index = 59240, .adv_w = 288, .box_w = 17, .box_h = 17, .ofs_x = 1, .ofs_y = -1},
    {.bitmap_index = 59385, .adv_w = 288, .box_w = 14, .box_h = 17, .ofs_x = 2, .ofs_y = -2},
    {.bitmap_index = 59504, .adv_w = 288, .box_w = 18, .box_h = 16, .ofs_x = 0, .ofs_y = -1},
    {.bitmap_index = 59648, .adv_w = 288, .box_w = 17, .box_h = 16, .ofs_x = 0, .ofs_y = -1},
    {.bitmap_index = 59784, .adv_w = 288, .box_w = 17, .box_h = 18, .ofs_x = 0, .ofs_y = -2},
    {.bitmap_index = 59937, .adv_w = 288, .box_w = 18, .box_h = 17, .ofs_x = 0, .ofs_y = -2},
    {.bitmap_index = 60090, .adv_w = 288, .box_w = 16, .box_h = 17, .ofs_x = 1, .ofs_y = -2},
    {.bitmap_index = 60226, .adv_w = 288, .box_w = 16, .box_h = 18, .ofs_x = 1, .ofs_y = -2},
    {.bitmap_index = 60370, .adv_w = 288, .box_w = 16, .box_h = 17, .ofs_x = 1, .ofs_y = -2},
    {.bitmap_index = 60506, .adv_w = 288, .box_w = 16, .box_h = 17, .ofs_x = 1, .ofs_y = -2},
    {.bitmap_index = 60642, .adv_w = 288, .box_w = 16, .box_h = 17, .ofs_x = 1, .ofs_y = -1},
    {.bitmap_index = 60778, .adv_w = 288, .box_w = 17, .box_h = 16, .ofs_x = 1, .ofs_y = -1},
    {.bitmap_index = 60914, .adv_w = 288, .box_w = 16, .box_h = 17, .ofs_x = 1, .ofs_y = -2},
    {.bitmap_index = 61050, .adv_w = 288, .box_w = 16, .box_h = 16, .ofs_x = 1, .ofs_y = -1},
    {.bitmap_index = 61178, .adv_w = 288, .box_w = 16, .box_h = 18, .ofs_x = 1, .ofs_y = -2},
    {.bitmap_index = 61322, .adv_w = 288, .box_w = 16, .box_h = 18, .ofs_x = 1, .ofs_y = -1},
    {.bitmap_index = 61466, .adv_w = 288, .box_w = 17, .box_h = 18, .ofs_x = 1, .ofs_y = -2},
    {.bitmap_index = 61619, .adv_w = 288, .box_w = 17, .box_h = 18, .ofs_x = 0, .ofs_y = -2},
    {.bitmap_index = 61772, .adv_w = 288, .box_w = 17, .box_h = 18, .ofs_x = 0, .ofs_y = -2},
    {.bitmap_index = 61925, .adv_w = 288, .box_w = 17, .box_h = 17, .ofs_x = 0, .ofs_y = -1},
    {.bitmap_index = 62070, .adv_w = 288, .box_w = 18, .box_h = 19, .ofs_x = 0, .ofs_y = -2},
    {.bitmap_index = 62241, .adv_w = 288, .box_w = 18, .box_h = 16, .ofs_x = 0, .ofs_y = -1},
    {.bitmap_index = 62385, .adv_w = 288, .box_w = 16, .box_h = 18, .ofs_x = 1, .ofs_y = -2},
    {.bitmap_index = 62529, .adv_w = 288, .box_w = 17, .box_h = 16, .ofs_x = 1, .ofs_y = -1},
    {.bitmap_index = 62665, .adv_w = 288, .box_w = 18, .box_h = 17, .ofs_x = 0, .ofs_y = -2},
    {.bitmap_index = 62818, .adv_w = 288, .box_w = 17, .box_h = 17, .ofs_x = 0, .ofs_y = -1},
    {.bitmap_index = 62963, .adv_w = 288, .box_w = 18, .box_h = 17, .ofs_x = 0, .ofs_y = -1},
    {.bitmap_index = 63116, .adv_w = 288, .box_w = 17, .box_h = 18, .ofs_x = 0, .ofs_y = -2},
    {.bitmap_index = 63269, .adv_w = 288, .box_w = 18, .box_h = 17, .ofs_x = 0, .ofs_y = -1},
    {.bitmap_index = 63422, .adv_w = 288, .box_w = 17, .box_h = 17, .ofs_x = 0, .ofs_y = -1},
    {.bitmap_index = 63567, .adv_w = 288, .box_w = 18, .box_h = 17, .ofs_x = 0, .ofs_y = -1},
    {.bitmap_index = 63720, .adv_w = 288, .box_w = 16, .box_h = 17, .ofs_x = 1, .ofs_y = -1},
    {.bitmap_index = 63856, .adv_w = 288, .box_w = 16, .box_h = 16, .ofs_x = 1, .ofs_y = -1},
    {.bitmap_index = 63984, .adv_w = 288, .box_w = 18, .box_h = 17, .ofs_x = 0, .ofs_y = -1},
    {.bitmap_index = 64137, .adv_w = 288, .box_w = 17, .box_h = 18, .ofs_x = 0, .ofs_y = -2},
    {.bitmap_index = 64290, .adv_w = 288, .box_w = 17, .box_h = 17, .ofs_x = 0, .ofs_y = -1},
    {.bitmap_index = 64435, .adv_w = 288, .box_w = 17, .box_h = 17, .ofs_x = 0, .ofs_y = -1},
    {.bitmap_index = 64580, .adv_w = 288, .box_w = 17, .box_h = 18, .ofs_x = 0, .ofs_y = -2},
    {.bitmap_index = 64733, .adv_w = 288, .box_w = 16, .box_h = 19, .ofs_x = 1, .ofs_y = -2},
    {.bitmap_index = 64885, .adv_w = 288, .box_w = 18, .box_h = 17, .ofs_x = 0, .ofs_y = -1},
    {.bitmap_index = 65038, .adv_w = 288, .box_w = 17, .box_h = 17, .ofs_x = 0, .ofs_y = -1},
    {.bitmap_index = 65183, .adv_w = 288, .box_w = 17, .box_h = 16, .ofs_x = 0, .ofs_y = -1},
    {.bitmap_index = 65319, .adv_w = 288, .box_w = 17, .box_h = 16, .ofs_x = 0, .ofs_y = -1},
    {.bitmap_index = 65455, .adv_w = 288, .box_w = 18, .box_h = 17, .ofs_x = 0, .ofs_y = -1},
    {.bitmap_index = 65608, .adv_w = 288, .box_w = 18, .box_h = 17, .ofs_x = 0, .ofs_y = -1},
    {.bitmap_index = 65761, .adv_w = 288, .box_w = 17, .box_h = 17, .ofs_x = 0, .ofs_y = -1},
    {.bitmap_index = 65906, .adv_w = 288, .box_w = 18, .box_h = 18, .ofs_x = 0, .ofs_y = -2},
    {.bitmap_index = 66068, .adv_w = 288, .box_w = 18, .box_h = 18, .ofs_x = 0, .ofs_y = -2},
    {.bitmap_index = 66230, .adv_w = 288, .box_w = 17, .box_h = 17, .ofs_x = 0, .ofs_y = -1},
    {.bitmap_index = 66375, .adv_w = 288, .box_w = 17, .box_h = 17, .ofs_x = 0, .ofs_y = -1},
    {.bitmap_index = 66520, .adv_w = 288, .box_w = 18, .box_h = 18, .ofs_x = 0, .ofs_y = -1},
    {.bitmap_index = 66682, .adv_w = 288, .box_w = 16, .box_h = 17, .ofs_x = 1, .ofs_y = -1},
    {.bitmap_index = 66818, .adv_w = 288, .box_w = 18, .box_h = 18, .ofs_x = 0, .ofs_y = -2},
    {.bitmap_index = 66980, .adv_w = 288, .box_w = 18, .box_h = 18, .ofs_x = 0, .ofs_y = -2},
    {.bitmap_index = 67142, .adv_w = 288, .box_w = 17, .box_h = 17, .ofs_x = 1, .ofs_y = -1},
    {.bitmap_index = 67287, .adv_w = 288, .box_w = 17, .box_h = 18, .ofs_x = 1, .ofs_y = -2},
    {.bitmap_index = 67440, .adv_w = 288, .box_w = 17, .box_h = 17, .ofs_x = 1, .ofs_y = -1},
    {.bitmap_index = 67585, .adv_w = 288, .box_w = 18, .box_h = 17, .ofs_x = 0, .ofs_y = -1},
    {.bitmap_index = 67738, .adv_w = 288, .box_w = 17, .box_h = 18, .ofs_x = 0, .ofs_y = -2},
    {.bitmap_index = 67891, .adv_w = 288, .box_w = 17, .box_h = 17, .ofs_x = 1, .ofs_y = -1},
    {.bitmap_index = 68036, .adv_w = 288, .box_w = 18, .box_h = 18, .ofs_x = 0, .ofs_y = -2},
    {.bitmap_index = 68198, .adv_w = 288, .box_w = 18, .box_h = 17, .ofs_x = 0, .ofs_y = -1},
    {.bitmap_index = 68351, .adv_w = 288, .box_w = 17, .box_h = 19, .ofs_x = 1, .ofs_y = -2},
    {.bitmap_index = 68513, .adv_w = 288, .box_w = 17, .box_h = 18, .ofs_x = 0, .ofs_y = -2},
    {.bitmap_index = 68666, .adv_w = 288, .box_w = 16, .box_h = 17, .ofs_x = 1, .ofs_y = -2},
    {.bitmap_index = 68802, .adv_w = 288, .box_w = 18, .box_h = 16, .ofs_x = 0, .ofs_y = -1},
    {.bitmap_index = 68946, .adv_w = 288, .box_w = 17, .box_h = 16, .ofs_x = 0, .ofs_y = -1},
    {.bitmap_index = 69082, .adv_w = 288, .box_w = 16, .box_h = 17, .ofs_x = 1, .ofs_y = -2},
    {.bitmap_index = 69218, .adv_w = 288, .box_w = 18, .box_h = 16, .ofs_x = 0, .ofs_y = -1},
    {.bitmap_index = 69362, .adv_w = 288, .box_w = 18, .box_h = 17, .ofs_x = 0, .ofs_y = -2},
    {.bitmap_index = 69515, .adv_w = 288, .box_w = 17, .box_h = 18, .ofs_x = 1, .ofs_y = -2},
    {.bitmap_index = 69668, .adv_w = 288, .box_w = 18, .box_h = 19, .ofs_x = 0, .ofs_y = -2},
    {.bitmap_index = 69839, .adv_w = 288, .box_w = 18, .box_h = 17, .ofs_x = 0, .ofs_y = -2},
    {.bitmap_index = 69992, .adv_w = 288, .box_w = 14, .box_h = 18, .ofs_x = 2, .ofs_y = -2},
    {.bitmap_index = 70118, .adv_w = 288, .box_w = 17, .box_h = 16, .ofs_x = 1, .ofs_y = -1},
    {.bitmap_index = 70254, .adv_w = 288, .box_w = 15, .box_h = 18, .ofs_x = 2, .ofs_y = -2},
    {.bitmap_index = 70389, .adv_w = 288, .box_w = 17, .box_h = 17, .ofs_x = 1, .ofs_y = -1},
    {.bitmap_index = 70534, .adv_w = 288, .box_w = 17, .box_h = 16, .ofs_x = 0, .ofs_y = -1},
    {.bitmap_index = 70670, .adv_w = 288, .box_w = 16, .box_h = 16, .ofs_x = 1, .ofs_y = -1},
    {.bitmap_index = 70798, .adv_w = 288, .box_w = 18, .box_h = 16, .ofs_x = 0, .ofs_y = -1},
    {.bitmap_index = 70942, .adv_w = 288, .box_w = 17, .box_h = 16, .ofs_x = 1, .ofs_y = -1},
    {.bitmap_index = 71078, .adv_w = 288, .box_w = 18, .box_h = 17, .ofs_x = 0, .ofs_y = -2},
    {.bitmap_index = 71231, .adv_w = 288, .box_w = 17, .box_h = 17, .ofs_x = 0, .ofs_y = -2},
    {.bitmap_index = 71376, .adv_w = 288, .box_w = 18, .box_h = 16, .ofs_x = 0, .ofs_y = -1},
    {.bitmap_index = 71520, .adv_w = 288, .box_w = 18, .box_h = 16, .ofs_x = 0, .ofs_y = -1},
    {.bitmap_index = 71664, .adv_w = 288, .box_w = 17, .box_h = 18, .ofs_x = 0, .ofs_y = -1},
    {.bitmap_index = 71817, .adv_w = 288, .box_w = 18, .box_h = 17, .ofs_x = 0, .ofs_y = -1},
    {.bitmap_index = 71970, .adv_w = 288, .box_w = 18, .box_h = 18, .ofs_x = 0, .ofs_y = -2},
    {.bitmap_index = 72132, .adv_w = 288, .box_w = 18, .box_h = 17, .ofs_x = 0, .ofs_y = -2},
    {.bitmap_index = 72285, .adv_w = 288, .box_w = 17, .box_h = 18, .ofs_x = 0, .ofs_y = -2},
    {.bitmap_index = 72438, .adv_w = 288, .box_w = 18, .box_h = 16, .ofs_x = 0, .ofs_y = -1},
    {.bitmap_index = 72582, .adv_w = 288, .box_w = 17, .box_h = 17, .ofs_x = 0, .ofs_y = -2},
    {.bitmap_index = 72727, .adv_w = 288, .box_w = 18, .box_h = 17, .ofs_x = 0, .ofs_y = -2},
    {.bitmap_index = 72880, .adv_w = 288, .box_w = 17, .box_h = 17, .ofs_x = 0, .ofs_y = -2},
    {.bitmap_index = 73025, .adv_w = 288, .box_w = 18, .box_h = 18, .ofs_x = 0, .ofs_y = -2},
    {.bitmap_index = 73187, .adv_w = 288, .box_w = 17, .box_h = 18, .ofs_x = 1, .ofs_y = -2},
    {.bitmap_index = 73340, .adv_w = 288, .box_w = 17, .box_h = 18, .ofs_x = 1, .ofs_y = -2},
    {.bitmap_index = 73493, .adv_w = 288, .box_w = 18, .box_h = 18, .ofs_x = 0, .ofs_y = -2},
    {.bitmap_index = 73655, .adv_w = 288, .box_w = 17, .box_h = 17, .ofs_x = 1, .ofs_y = -1},
    {.bitmap_index = 73800, .adv_w = 288, .box_w = 17, .box_h = 18, .ofs_x = 1, .ofs_y = -2},
    {.bitmap_index = 73953, .adv_w = 288, .box_w = 17, .box_h = 18, .ofs_x = 1, .ofs_y = -2},
    {.bitmap_index = 74106, .adv_w = 288, .box_w = 18, .box_h = 18, .ofs_x = 0, .ofs_y = -2},
    {.bitmap_index = 74268, .adv_w = 288, .box_w = 17, .box_h = 17, .ofs_x = 1, .ofs_y = -1},
    {.bitmap_index = 74413, .adv_w = 288, .box_w = 17, .box_h = 17, .ofs_x = 0, .ofs_y = -1},
    {.bitmap_index = 74558, .adv_w = 288, .box_w = 17, .box_h = 18, .ofs_x = 1, .ofs_y = -2},
    {.bitmap_index = 74711, .adv_w = 288, .box_w = 17, .box_h = 17, .ofs_x = 0, .ofs_y = -1},
    {.bitmap_index = 74856, .adv_w = 288, .box_w = 17, .box_h = 17, .ofs_x = 1, .ofs_y = -2},
    {.bitmap_index = 75001, .adv_w = 288, .box_w = 17, .box_h = 17, .ofs_x = 0, .ofs_y = -1},
    {.bitmap_index = 75146, .adv_w = 288, .box_w = 17, .box_h = 17, .ofs_x = 1, .ofs_y = -1},
    {.bitmap_index = 75291, .adv_w = 288, .box_w = 17, .box_h = 18, .ofs_x = 0, .ofs_y = -2},
    {.bitmap_index = 75444, .adv_w = 288, .box_w = 16, .box_h = 17, .ofs_x = 1, .ofs_y = -1},
    {.bitmap_index = 75580, .adv_w = 288, .box_w = 17, .box_h = 17, .ofs_x = 0, .ofs_y = -2},
    {.bitmap_index = 75725, .adv_w = 288, .box_w = 17, .box_h = 17, .ofs_x = 0, .ofs_y = -2},
    {.bitmap_index = 75870, .adv_w = 288, .box_w = 18, .box_h = 17, .ofs_x = 0, .ofs_y = -1},
    {.bitmap_index = 76023, .adv_w = 288, .box_w = 16, .box_h = 16, .ofs_x = 1, .ofs_y = -1},
    {.bitmap_index = 76151, .adv_w = 288, .box_w = 18, .box_h = 17, .ofs_x = 0, .ofs_y = -1},
    {.bitmap_index = 76304, .adv_w = 288, .box_w = 18, .box_h = 18, .ofs_x = 0, .ofs_y = -2},
    {.bitmap_index = 76466, .adv_w = 288, .box_w = 18, .box_h = 17, .ofs_x = 0, .ofs_y = -2},
    {.bitmap_index = 76619, .adv_w = 288, .box_w = 17, .box_h = 18, .ofs_x = 0, .ofs_y = -2},
    {.bitmap_index = 76772, .adv_w = 288, .box_w = 17, .box_h = 17, .ofs_x = 0, .ofs_y = -2},
    {.bitmap_index = 76917, .adv_w = 288, .box_w = 18, .box_h = 17, .ofs_x = 0, .ofs_y = -2},
    {.bitmap_index = 77070, .adv_w = 288, .box_w = 18, .box_h = 17, .ofs_x = 0, .ofs_y = -1},
    {.bitmap_index = 77223, .adv_w = 288, .box_w = 17, .box_h = 17, .ofs_x = 1, .ofs_y = -1},
    {.bitmap_index = 77368, .adv_w = 288, .box_w = 17, .box_h = 17, .ofs_x = 1, .ofs_y = -1},
    {.bitmap_index = 77513, .adv_w = 288, .box_w = 18, .box_h = 17, .ofs_x = 0, .ofs_y = -1},
    {.bitmap_index = 77666, .adv_w = 288, .box_w = 17, .box_h = 18, .ofs_x = 0, .ofs_y = -2},
    {.bitmap_index = 77819, .adv_w = 288, .box_w = 18, .box_h = 17, .ofs_x = 0, .ofs_y = -1},
    {.bitmap_index = 77972, .adv_w = 288, .box_w = 18, .box_h = 17, .ofs_x = 0, .ofs_y = -2},
    {.bitmap_index = 78125, .adv_w = 288, .box_w = 18, .box_h = 17, .ofs_x = 0, .ofs_y = -2},
    {.bitmap_index = 78278, .adv_w = 288, .box_w = 18, .box_h = 18, .ofs_x = 0, .ofs_y = -2},
    {.bitmap_index = 78440, .adv_w = 288, .box_w = 18, .box_h = 18, .ofs_x = 0, .ofs_y = -2},
    {.bitmap_index = 78602, .adv_w = 288, .box_w = 18, .box_h = 18, .ofs_x = 0, .ofs_y = -2},
    {.bitmap_index = 78764, .adv_w = 288, .box_w = 17, .box_h = 18, .ofs_x = 0, .ofs_y = -2},
    {.bitmap_index = 78917, .adv_w = 288, .box_w = 17, .box_h = 18, .ofs_x = 1, .ofs_y = -2},
    {.bitmap_index = 79070, .adv_w = 288, .box_w = 18, .box_h = 18, .ofs_x = 0, .ofs_y = -2},
    {.bitmap_index = 79232, .adv_w = 288, .box_w = 17, .box_h = 18, .ofs_x = 1, .ofs_y = -2},
    {.bitmap_index = 79385, .adv_w = 288, .box_w = 16, .box_h = 18, .ofs_x = 1, .ofs_y = -2},
    {.bitmap_index = 79529, .adv_w = 288, .box_w = 17, .box_h = 18, .ofs_x = 1, .ofs_y = -2},
    {.bitmap_index = 79682, .adv_w = 288, .box_w = 17, .box_h = 18, .ofs_x = 1, .ofs_y = -2},
    {.bitmap_index = 79835, .adv_w = 288, .box_w = 17, .box_h = 18, .ofs_x = 1, .ofs_y = -2},
    {.bitmap_index = 79988, .adv_w = 288, .box_w = 17, .box_h = 17, .ofs_x = 1, .ofs_y = -2},
    {.bitmap_index = 80133, .adv_w = 288, .box_w = 18, .box_h = 18, .ofs_x = 0, .ofs_y = -2},
    {.bitmap_index = 80295, .adv_w = 288, .box_w = 17, .box_h = 18, .ofs_x = 1, .ofs_y = -2},
    {.bitmap_index = 80448, .adv_w = 288, .box_w = 17, .box_h = 17, .ofs_x = 1, .ofs_y = -2},
    {.bitmap_index = 80593, .adv_w = 288, .box_w = 17, .box_h = 17, .ofs_x = 1, .ofs_y = -2},
    {.bitmap_index = 80738, .adv_w = 288, .box_w = 18, .box_h = 18, .ofs_x = 0, .ofs_y = -2},
    {.bitmap_index = 80900, .adv_w = 288, .box_w = 17, .box_h = 18, .ofs_x = 1, .ofs_y = -2},
    {.bitmap_index = 81053, .adv_w = 288, .box_w = 17, .box_h = 18, .ofs_x = 0, .ofs_y = -2},
    {.bitmap_index = 81206, .adv_w = 288, .box_w = 18, .box_h = 17, .ofs_x = 0, .ofs_y = -1},
    {.bitmap_index = 81359, .adv_w = 288, .box_w = 17, .box_h = 16, .ofs_x = 0, .ofs_y = -1},
    {.bitmap_index = 81495, .adv_w = 288, .box_w = 18, .box_h = 16, .ofs_x = 0, .ofs_y = -1},
    {.bitmap_index = 81639, .adv_w = 288, .box_w = 17, .box_h = 18, .ofs_x = 0, .ofs_y = -2},
    {.bitmap_index = 81792, .adv_w = 288, .box_w = 16, .box_h = 16, .ofs_x = 1, .ofs_y = -1},
    {.bitmap_index = 81920, .adv_w = 288, .box_w = 17, .box_h = 17, .ofs_x = 1, .ofs_y = -1},
    {.bitmap_index = 82065, .adv_w = 288, .box_w = 18, .box_h = 16, .ofs_x = 0, .ofs_y = -1},
    {.bitmap_index = 82209, .adv_w = 288, .box_w = 17, .box_h = 18, .ofs_x = 0, .ofs_y = -2},
    {.bitmap_index = 82362, .adv_w = 288, .box_w = 17, .box_h = 18, .ofs_x = 0, .ofs_y = -2},
    {.bitmap_index = 82515, .adv_w = 288, .box_w = 18, .box_h = 18, .ofs_x = 0, .ofs_y = -2},
    {.bitmap_index = 82677, .adv_w = 288, .box_w = 16, .box_h = 17, .ofs_x = 1, .ofs_y = -2},
    {.bitmap_index = 82813, .adv_w = 288, .box_w = 16, .box_h = 17, .ofs_x = 1, .ofs_y = -1},
    {.bitmap_index = 82949, .adv_w = 288, .box_w = 16, .box_h = 17, .ofs_x = 1, .ofs_y = -1},
    {.bitmap_index = 83085, .adv_w = 288, .box_w = 16, .box_h = 17, .ofs_x = 1, .ofs_y = -1},
    {.bitmap_index = 83221, .adv_w = 288, .box_w = 16, .box_h = 17, .ofs_x = 1, .ofs_y = -1},
    {.bitmap_index = 83357, .adv_w = 288, .box_w = 17, .box_h = 17, .ofs_x = 1, .ofs_y = -2},
    {.bitmap_index = 83502, .adv_w = 288, .box_w = 16, .box_h = 19, .ofs_x = 1, .ofs_y = -2},
    {.bitmap_index = 83654, .adv_w = 288, .box_w = 16, .box_h = 17, .ofs_x = 1, .ofs_y = -1},
    {.bitmap_index = 83790, .adv_w = 288, .box_w = 16, .box_h = 17, .ofs_x = 1, .ofs_y = -1},
    {.bitmap_index = 83926, .adv_w = 288, .box_w = 17, .box_h = 17, .ofs_x = 1, .ofs_y = -1},
    {.bitmap_index = 84071, .adv_w = 288, .box_w = 17, .box_h = 17, .ofs_x = 0, .ofs_y = -1},
    {.bitmap_index = 84216, .adv_w = 288, .box_w = 16, .box_h = 16, .ofs_x = 1, .ofs_y = -1},
    {.bitmap_index = 84344, .adv_w = 288, .box_w = 16, .box_h = 16, .ofs_x = 1, .ofs_y = -1},
    {.bitmap_index = 84472, .adv_w = 288, .box_w = 16, .box_h = 16, .ofs_x = 1, .ofs_y = -1},
    {.bitmap_index = 84600, .adv_w = 288, .box_w = 17, .box_h = 17, .ofs_x = 0, .ofs_y = -2},
    {.bitmap_index = 84745, .adv_w = 288, .box_w = 16, .box_h = 17, .ofs_x = 1, .ofs_y = -2},
    {.bitmap_index = 84881, .adv_w = 288, .box_w = 17, .box_h = 18, .ofs_x = 0, .ofs_y = -2},
    {.bitmap_index = 85034, .adv_w = 288, .box_w = 16, .box_h = 16, .ofs_x = 1, .ofs_y = -1},
    {.bitmap_index = 85162, .adv_w = 288, .box_w = 16, .box_h = 16, .ofs_x = 1, .ofs_y = -1},
    {.bitmap_index = 85290, .adv_w = 288, .box_w = 18, .box_h = 17, .ofs_x = 0, .ofs_y = -1},
    {.bitmap_index = 85443, .adv_w = 288, .box_w = 17, .box_h = 17, .ofs_x = 0, .ofs_y = -2},
    {.bitmap_index = 85588, .adv_w = 288, .box_w = 17, .box_h = 17, .ofs_x = 0, .ofs_y = -2},
    {.bitmap_index = 85733, .adv_w = 288, .box_w = 17, .box_h = 17, .ofs_x = 1, .ofs_y = -2},
    {.bitmap_index = 85878, .adv_w = 288, .box_w = 17, .box_h = 17, .ofs_x = 1, .ofs_y = -2},
    {.bitmap_index = 86023, .adv_w = 288, .box_w = 18, .box_h = 17, .ofs_x = 0, .ofs_y = -2},
    {.bitmap_index = 86176, .adv_w = 288, .box_w = 18, .box_h = 17, .ofs_x = 0, .ofs_y = -2},
    {.bitmap_index = 86329, .adv_w = 288, .box_w = 17, .box_h = 17, .ofs_x = 0, .ofs_y = -2},
    {.bitmap_index = 86474, .adv_w = 288, .box_w = 18, .box_h = 18, .ofs_x = 0, .ofs_y = -2},
    {.bitmap_index = 86636, .adv_w = 288, .box_w = 17, .box_h = 17, .ofs_x = 0, .ofs_y = -2},
    {.bitmap_index = 86781, .adv_w = 288, .box_w = 18, .box_h = 17, .ofs_x = 0, .ofs_y = -2},
    {.bitmap_index = 86934, .adv_w = 288, .box_w = 17, .box_h = 18, .ofs_x = 1, .ofs_y = -2},
    {.bitmap_index = 87087, .adv_w = 288, .box_w = 16, .box_h = 17, .ofs_x = 1, .ofs_y = -2},
    {.bitmap_index = 87223, .adv_w = 288, .box_w = 16, .box_h = 17, .ofs_x = 1, .ofs_y = -2},
    {.bitmap_index = 87359, .adv_w = 288, .box_w = 18, .box_h = 17, .ofs_x = 0, .ofs_y = -2},
    {.bitmap_index = 87512, .adv_w = 288, .box_w = 4, .box_h = 7, .ofs_x = 2, .ofs_y = -4}
};

/*---------------------
 *  CHARACTER MAPPING
 *--------------------*/

static const uint16_t unicode_list_1[] = {
    0x0, 0x7, 0x2f52, 0x4d50, 0x4d59, 0x4d5a, 0x4d5b, 0x4d5d,
    0x4d5e, 0x4d63, 0x4d74, 0x4d7a, 0x4d7d, 0x4d8a, 0x4d8b, 0x4d95,
    0x4d99, 0x4da0, 0x4dde, 0x4de1, 0x4de2, 0x4df4, 0x4df7, 0x4dfe,
    0x4e0a, 0x4e11, 0x4e15, 0x4e1a, 0x4e1d, 0x4e1e, 0x4e34, 0x4e35,
    0x4e42, 0x4e4b, 0x4e4d, 0x4e61, 0x4e68, 0x4e6a, 0x4e84, 0x4e9d,
    0x4e9e, 0x4e9f, 0x4ea3, 0x4ea9, 0x4eac, 0x4eb0, 0x4ecf, 0x4edb,
    0x4f0f, 0x4f2d, 0x4f31, 0x4f62, 0x4f76, 0x4f8c, 0x4f8e, 0x4f9f,
    0x4fac, 0x4fc6, 0x501f, 0x5093, 0x5095, 0x5098, 0x5099, 0x509b,
    0x509d, 0x50b5, 0x50b8, 0x50bb, 0x50c1, 0x50c3, 0x50c7, 0x50d5,
    0x50dd, 0x5103, 0x5116, 0x511f, 0x5146, 0x514a, 0x514b, 0x5156,
    0x5157, 0x5169, 0x517b, 0x5180, 0x5186, 0x5187, 0x519d, 0x51b9,
    0x51ba, 0x51eb, 0x51f1, 0x51f8, 0x51f9, 0x520f, 0x5255, 0x5266,
    0x528a, 0x528b, 0x5298, 0x529a, 0x529f, 0x52a5, 0x52c3, 0x52d6,
    0x52db, 0x52ef, 0x5312, 0x531c, 0x531d, 0x5321, 0x5328, 0x5330,
    0x5333, 0x533a, 0x533f, 0x5340, 0x5343, 0x5347, 0x5353, 0x5354,
    0x5358, 0x535c, 0x535d, 0x535e, 0x5361, 0x5376, 0x537b, 0x537c,
    0x537f, 0x5388, 0x5396, 0x53b8, 0x53cc, 0x53cd, 0x53dc, 0x5410,
    0x5411, 0x541d, 0x54b6, 0x54ec, 0x54ed, 0x55b8, 0x562e, 0x5640,
    0x564e, 0x5656, 0x5658, 0x5678, 0x5680, 0x568a, 0x5697, 0x56d2,
    0x572f, 0x574a, 0x57ae, 0x57d3, 0x57ee, 0x5840, 0x5854, 0x5857,
    0x585d, 0x5866, 0x586a, 0x586c, 0x5877, 0x5879, 0x5881, 0x5884,
    0x5897, 0x58cd, 0x591b, 0x5924, 0x59e2, 0x5aa0, 0x5aa4, 0x5aa7,
    0x5aa8, 0x5ad9, 0x5adc, 0x5aea, 0x5aee, 0x5af1, 0x5b09, 0x5b0d,
    0x5b49, 0x5b54, 0x5b56, 0x5b5f, 0x5b64, 0x5b81, 0x5b8e, 0x5b90,
    0x5b98, 0x5b9f, 0x5d35, 0x5d36, 0x5d42, 0x5d76, 0x5d77, 0x5d7e,
    0x5da5, 0x5dc3, 0x5dc6, 0x5de4, 0x5de5, 0x5df6, 0x5df7, 0x5e46,
    0x5e50, 0x5e52, 0x5e5f, 0x5e77, 0x5e7f, 0x5e81, 0x5e89, 0x5e8a,
    0x5ea3, 0x5ea7, 0x5eb2, 0x5ed4, 0x5ed5, 0x5edb, 0x5efa, 0x5efe,
    0x5f13, 0x5f16, 0x5f27, 0x5f3b, 0x5f51, 0x5f77, 0x5f8b, 0x6015,
    0x601a, 0x606f, 0x60b2, 0x6160, 0x6161, 0x6187, 0x618f, 0x6190,
    0x6191, 0x619b, 0x61a8, 0x61b7, 0x61b9, 0x61bb, 0x61bc, 0x61f5,
    0x61fc, 0x6205, 0x620d, 0x6219, 0x6226, 0x622f, 0x6251, 0x6257,
    0x62b2, 0x62e2, 0x62f5, 0x62f7, 0x6320, 0x6322, 0x636c, 0x6394,
    0x63fd, 0x641d, 0x6486, 0x648e, 0x6498, 0x64b3, 0x64c0, 0x64c4,
    0x64d7, 0x64e9, 0x64ec, 0x6500, 0x6509, 0x651b, 0x6530, 0x6535,
    0x6539, 0x6546, 0x655e, 0x656f, 0x657f, 0x658e, 0x6593, 0x65a5,
    0x65bf, 0x65c4, 0x65d2, 0x65e7, 0x6642, 0x6644, 0x6650, 0x6658,
    0x6659, 0x6667, 0x666d, 0x666f, 0x667c, 0x668a, 0x669f, 0x66af,
    0x66b1, 0x66b5, 0x66cf, 0x66d1, 0x66d4, 0x66e0, 0x66ec, 0x6723,
    0x6724, 0x6757, 0x6771, 0x6787, 0x6798, 0x685d, 0x6971, 0x6a71,
    0x6a72, 0x6a8e, 0x6a9c, 0x6ab3, 0x6b05, 0x6b1f, 0x6b24, 0x6b64,
    0x6b84, 0x6b92, 0x6bb0, 0x6c38, 0x6c3a, 0x6c9b, 0x6cd8, 0x6cef,
    0x6d31, 0x6d55, 0x6d60, 0x6d71, 0x6d79, 0x6d82, 0x6dcf, 0x6de0,
    0x6e2e, 0x6e31, 0x6e52, 0x6e7a, 0x6fbb, 0x6fbf, 0x7009, 0x7086,
    0x7181, 0x71a9, 0x71c9, 0x7206, 0x727b, 0x72d7, 0x72ff, 0x7300,
    0x7353, 0x7356, 0x746f, 0x7478, 0x7481, 0x7485, 0x748b, 0x749c,
    0x74a9, 0x74b5, 0x74e7, 0x75d4, 0x7626, 0x763e, 0x7644, 0x7648,
    0x765b, 0x766f, 0x7670, 0x7678, 0x7686, 0x768c, 0x7691, 0x76a1,
    0x76ab, 0x76b1, 0x76fc, 0x7703, 0x7732, 0x7735, 0x77be, 0x77de,
    0x7811, 0x788a, 0x790b, 0x7911, 0x7922, 0x792f, 0x7940, 0x794b,
    0x795b, 0x79ca, 0x79e7, 0x7a1b, 0x7a26, 0x7a3f, 0x7a61, 0x7a99,
    0x7ad0, 0x7ae7, 0x7b77, 0x7be2, 0x7c4b, 0x7c70, 0x7c72, 0x7c7b,
    0x7df4, 0x7df6, 0x7df7, 0x7e09, 0x7e0f, 0x7e16, 0x7e1f, 0x7e23,
    0x7e25, 0x7e28, 0x7e2c, 0x7e2f, 0x7e37, 0x7e3a, 0x7e3d, 0x7e44,
    0x7e63, 0x7e68, 0x7e6d, 0x7e79, 0x7ea1, 0x7ebe, 0x7f53, 0x7f5c,
    0x7f83, 0x7f96, 0x804d, 0x8061, 0x80ec, 0x813a, 0x815d, 0x81bf,
    0x81c2, 0x8235, 0x82bf, 0x838d, 0x842d, 0x851f, 0x85aa, 0x85c9,
    0x870a, 0x879c, 0x87b1, 0x87b5, 0x87b8, 0x87bc, 0x8811, 0x88d1,
    0x88d6, 0x8911, 0x8916, 0x8918, 0x8919, 0x8933, 0x8af1, 0x8af4,
    0x8afe, 0x8aff, 0x8b00, 0x8b06, 0x8b0e, 0x8b14, 0x8b16, 0x8b1d,
    0x8b2d, 0x8b35, 0x8b3d, 0x8b47, 0x8b4b, 0x8b81, 0x8c6d, 0x8c75,
    0x8c94, 0x8cc7, 0x8cdb, 0x8d03, 0x8d2f, 0x8d3f, 0x8dfb, 0x8ebe,
    0x8ecb, 0x8ed3, 0x8ee3, 0x8f09, 0x8f17, 0x8f20, 0x8f28, 0x8f29,
    0x8f2b, 0x8f2e, 0x8f2f, 0x8f50, 0x8f51, 0x8f5f, 0x8f60, 0x8f62,
    0x8f64, 0x8f67, 0x8f6a, 0x8f6f, 0x8f70, 0x8fa3, 0x8fbe, 0x8fcf,
    0x9038, 0x909d, 0x90e2, 0x911a, 0x911c, 0x911d, 0x911f, 0x93ef,
    0x947e, 0x94ac, 0x94cf, 0x953d, 0x9542, 0x9544, 0x9549, 0x956f,
    0x959d, 0x95ba, 0x95df, 0x95e0, 0x9616, 0x9638, 0x963a, 0x9647,
    0x964e, 0x9650, 0x96a9, 0x96ae, 0x96b2, 0x9743, 0x97c5, 0x97c6,
    0x97c9, 0x97cf, 0x97d4, 0x97e1, 0x97e8, 0x97ec, 0x981e, 0x9828,
    0x9a28, 0x9df6, 0x9e21, 0x9e28, 0xfe5c
};

/*Collect the unicode lists and glyph_id offsets*/
static const lv_font_fmt_txt_cmap_t cmaps[] =
{
    {
        .range_start = 32, .range_length = 95, .glyph_id_start = 1,
        .unicode_list = NULL, .glyph_id_ofs_list = NULL, .list_length = 0, .type = LV_FONT_FMT_TXT_CMAP_FORMAT0_TINY
    },
    {
        .range_start = 176, .range_length = 65117, .glyph_id_start = 96,
        .unicode_list = unicode_list_1, .glyph_id_ofs_list = NULL, .list_length = 565, .type = LV_FONT_FMT_TXT_CMAP_SPARSE_TINY
    }
};

/*-----------------
 *    KERNING
 *----------------*/


/*Map glyph_ids to kern left classes*/
static const uint8_t kern_left_class_mapping[] =
{
    0, 0, 0, 1, 0, 0, 0, 2,
    1, 0, 0, 0, 0, 3, 4, 3,
    5, 6, 0, 7, 8, 9, 10, 11,
    12, 13, 14, 0, 0, 0, 0, 0,
    15, 0, 16, 17, 18, 19, 20, 21,
    22, 0, 0, 23, 24, 25, 0, 0,
    19, 26, 27, 28, 29, 30, 31, 32,
    33, 34, 35, 36, 0, 0, 0, 0,
    0, 0, 37, 38, 39, 0, 40, 41,
    42, 43, 0, 0, 44, 45, 43, 43,
    38, 38, 42, 46, 47, 48, 42, 49,
    50, 51, 49, 52, 0, 0, 0, 0,
    0, 0, 0, 0, 0, 0, 0, 0,
    0, 0, 0, 0, 0, 0, 0, 0,
    0, 0, 0, 0, 0, 0, 0, 0,
    0, 0, 0, 0, 0, 0, 0, 0,
    0, 0, 0, 0, 0, 0, 0, 0,
    0, 0, 0, 0, 0, 0, 0, 0,
    0, 0, 0, 0, 0, 0, 0, 0,
    0, 0, 0, 0, 0, 0, 0, 0,
    0, 0, 0, 0, 0, 0, 0, 0,
    0, 0, 0, 0, 0, 0, 0, 0,
    0, 0, 0, 0, 0, 0, 0, 0,
    0, 0, 0, 0, 0, 0, 0, 0,
    0, 0, 0, 0, 0, 0, 0, 0,
    0, 0, 0, 0, 0, 0, 0, 0,
    0, 0, 0, 0, 0, 0, 0, 0,
    0, 0, 0, 0, 0, 0, 0, 0,
    0, 0, 0, 0, 0, 0, 0, 0,
    0, 0, 0, 0, 0, 0, 0, 0,
    0, 0, 0, 0, 0, 0, 0, 0,
    0, 0, 0, 0, 0, 0, 0, 0,
    0, 0, 0, 0, 0, 0, 0, 0,
    0, 0, 0, 0, 0, 0, 0, 0,
    0, 0, 0, 0, 0, 0, 0, 0,
    0, 0, 0, 0, 0, 0, 0, 0,
    0, 0, 0, 0, 0, 0, 0, 0,
    0, 0, 0, 0, 0, 0, 0, 0,
    0, 0, 0, 0, 0, 0, 0, 0,
    0, 0, 0, 0, 0, 0, 0, 0,
    0, 0, 0, 0, 0, 0, 0, 0,
    0, 0, 0, 0, 0, 0, 0, 0,
    0, 0, 0, 0, 0, 0, 0, 0,
    0, 0, 0, 0, 0, 0, 0, 0,
    0, 0, 0, 0, 0, 0, 0, 0,
    0, 0, 0, 0, 0, 0, 0, 0,
    0, 0, 0, 0, 0, 0, 0, 0,
    0, 0, 0, 0, 0, 0, 0, 0,
    0, 0, 0, 0, 0, 0, 0, 0,
    0, 0, 0, 0, 0, 0, 0, 0,
    0, 0, 0, 0, 0, 0, 0, 0,
    0, 0, 0, 0, 0, 0, 0, 0,
    0, 0, 0, 0, 0, 0, 0, 0,
    0, 0, 0, 0, 0, 0, 0, 0,
    0, 0, 0, 0, 0, 0, 0, 0,
    0, 0, 0, 0, 0, 0, 0, 0,
    0, 0, 0, 0, 0, 0, 0, 0,
    0, 0, 0, 0, 0, 0, 0, 0,
    0, 0, 0, 0, 0, 0, 0, 0,
    0, 0, 0, 0, 0, 0, 0, 0,
    0, 0, 0, 0, 0, 0, 0, 0,
    0, 0, 0, 0, 0, 0, 0, 0,
    0, 0, 0, 0, 0, 0, 0, 0,
    0, 0, 0, 0, 0, 0, 0, 0,
    0, 0, 0, 0, 0, 0, 0, 0,
    0, 0, 0, 0, 0, 0, 0, 0,
    0, 0, 0, 0, 0, 0, 0, 0,
    0, 0, 0, 0, 0, 0, 0, 0,
    0, 0, 0, 0, 0, 0, 0, 0,
    0, 0, 0, 0, 0, 0, 0, 0,
    0, 0, 0, 0, 0, 0, 0, 0,
    0, 0, 0, 0, 0, 0, 0, 0,
    0, 0, 0, 0, 0, 0, 0, 0,
    0, 0, 0, 0, 0, 0, 0, 0,
    0, 0, 0, 0, 0, 0, 0, 0,
    0, 0, 0, 0, 0, 0, 0, 0,
    0, 0, 0, 0, 0, 0, 0, 0,
    0, 0, 0, 0, 0, 0, 0, 0,
    0, 0, 0, 0, 0, 0, 0, 0,
    0, 0, 0, 0, 0, 0, 0, 0,
    0, 0, 0, 0, 0, 0, 0, 0,
    0, 0, 0, 0, 0, 0, 0, 0,
    0, 0, 0, 0, 3
};

/*Map glyph_ids to kern right classes*/
static const uint8_t kern_right_class_mapping[] =
{
    0, 0, 0, 1, 0, 0, 0, 2,
    1, 0, 0, 0, 0, 3, 4, 3,
    5, 6, 7, 8, 9, 10, 11, 12,
    13, 14, 15, 0, 0, 0, 0, 0,
    16, 0, 17, 0, 18, 0, 0, 0,
    18, 0, 0, 19, 0, 0, 0, 0,
    18, 0, 18, 0, 20, 21, 22, 23,
    24, 25, 26, 27, 0, 0, 0, 0,
    0, 0, 28, 0, 29, 29, 29, 30,
    29, 0, 31, 31, 0, 32, 33, 33,
    29, 33, 29, 33, 34, 35, 36, 37,
    38, 39, 37, 40, 0, 0, 0, 0,
    0, 0, 0, 0, 0, 0, 0, 0,
    0, 0, 0, 0, 0, 0, 0, 0,
    0, 0, 0, 0, 0, 0, 0, 0,
    0, 0, 0, 0, 0, 0, 0, 0,
    0, 0, 0, 0, 0, 0, 0, 0,
    0, 0, 0, 0, 0, 0, 0, 0,
    0, 0, 0, 0, 0, 0, 0, 0,
    0, 0, 0, 0, 0, 0, 0, 0,
    0, 0, 0, 0, 0, 0, 0, 0,
    0, 0, 0, 0, 0, 0, 0, 0,
    0, 0, 0, 0, 0, 0, 0, 0,
    0, 0, 0, 0, 0, 0, 0, 0,
    0, 0, 0, 0, 0, 0, 0, 0,
    0, 0, 0, 0, 0, 0, 0, 0,
    0, 0, 0, 0, 0, 0, 0, 0,
    0, 0, 0, 0, 0, 0, 0, 0,
    0, 0, 0, 0, 0, 0, 0, 0,
    0, 0, 0, 0, 0, 0, 0, 0,
    0, 0, 0, 0, 0, 0, 0, 0,
    0, 0, 0, 0, 0, 0, 0, 0,
    0, 0, 0, 0, 0, 0, 0, 0,
    0, 0, 0, 0, 0, 0, 0, 0,
    0, 0, 0, 0, 0, 0, 0, 0,
    0, 0, 0, 0, 0, 0, 0, 0,
    0, 0, 0, 0, 0, 0, 0, 0,
    0, 0, 0, 0, 0, 0, 0, 0,
    0, 0, 0, 0, 0, 0, 0, 0,
    0, 0, 0, 0, 0, 0, 0, 0,
    0, 0, 0, 0, 0, 0, 0, 0,
    0, 0, 0, 0, 0, 0, 0, 0,
    0, 0, 0, 0, 0, 0, 0, 0,
    0, 0, 0, 0, 0, 0, 0, 0,
    0, 0, 0, 0, 0, 0, 0, 0,
    0, 0, 0, 0, 0, 0, 0, 0,
    0, 0, 0, 0, 0, 0, 0, 0,
    0, 0, 0, 0, 0, 0, 0, 0,
    0, 0, 0, 0, 0, 0, 0, 0,
    0, 0, 0, 0, 0, 0, 0, 0,
    0, 0, 0, 0, 0, 0, 0, 0,
    0, 0, 0, 0, 0, 0, 0, 0,
    0, 0, 0, 0, 0, 0, 0, 0,
    0, 0, 0, 0, 0, 0, 0, 0,
    0, 0, 0, 0, 0, 0, 0, 0,
    0, 0, 0, 0, 0, 0, 0, 0,
    0, 0, 0, 0, 0, 0, 0, 0,
    0, 0, 0, 0, 0, 0, 0, 0,
    0, 0, 0, 0, 0, 0, 0, 0,
    0, 0, 0, 0, 0, 0, 0, 0,
    0, 0, 0, 0, 0, 0, 0, 0,
    0, 0, 0, 0, 0, 0, 0, 0,
    0, 0, 0, 0, 0, 0, 0, 0,
    0, 0, 0, 0, 0, 0, 0, 0,
    0, 0, 0, 0, 0, 0, 0, 0,
    0, 0, 0, 0, 0, 0, 0, 0,
    0, 0, 0, 0, 0, 0, 0, 0,
    0, 0, 0, 0, 0, 0, 0, 0,
    0, 0, 0, 0, 0, 0, 0, 0,
    0, 0, 0, 0, 0, 0, 0, 0,
    0, 0, 0, 0, 0, 0, 0, 0,
    0, 0, 0, 0, 0, 0, 0, 0,
    0, 0, 0, 0, 0, 0, 0, 0,
    0, 0, 0, 0, 0, 0, 0, 0,
    0, 0, 0, 0, 0, 0, 0, 0,
    0, 0, 0, 0, 0, 0, 0, 0,
    0, 0, 0, 0, 0, 0, 0, 0,
    0, 0, 0, 0, 0, 0, 0, 0,
    0, 0, 0, 0, 0, 0, 0, 0,
    0, 0, 0, 0, 0, 0, 0, 0,
    0, 0, 0, 0, 0, 0, 0, 0,
    0, 0, 0, 0, 0, 0, 0, 0,
    0, 0, 0, 0, 3
};

/*Kern values between classes*/
static const int8_t kern_class_values[] =
{
    0, 0, 0, 0, 0, 0, 0, 0,
    0, -27, 0, -16, 6, 0, 0, 0,
    0, 0, 0, 0, 0, 0, 0, 0,
    0, 0, 0, 0, 0, 0, 0, 0,
    0, 0, 0, 0, 0, 0, 0, 0,
    0, 0, 0, 0, 0, 0, 0, 0,
    0, 0, 0, 0, 0, 0, 0, 0,
    0, -4, -10, -10, -33, -11, -33, -21,
    0, -35, 0, -7, -6, -3, 0, -6,
    0, 0, -13, 0, -17, -11, 0, 0,
    0, 0, 0, 0, 0, -8, -29, 0,
    0, -10, -5, -4, -7, -1, -28, 0,
    0, 0, 0, 0, 0, 0, 0, 0,
    0, 0, 0, 0, 0, 0, 0, 0,
    0, 0, 0, 0, 0, 0, 0, 0,
    0, 0, 0, 0, 0, 0, 0, -10,
    0, 0, 0, 0, -12, 0, 0, 0,
    0, 0, 0, 0, 0, 0, 0, 0,
    0, 0, 0, 0, 0, 0, 0, 0,
    0, 0, 0, 0, 0, 0, 0, 0,
    0, 0, 0, 0, 0, 0, 0, 0,
    0, -22, 0, -14, 0, 0, 0, 0,
    0, 0, 0, 0, 0, 0, 0, 0,
    0, 0, 0, 0, 0, 0, 0, 0,
    0, 0, 0, 0, 0, 0, 0, 0,
    0, 0, -8, 0, 0, 0, 0, -6,
    -7, 0, 0, 0, -3, 0, 0, 0,
    -9, 0, -8, 0, -8, 0, -9, -5,
    0, -16, 0, 0, 0, 0, 0, 0,
    0, 0, 0, 0, 0, 0, 0, 0,
    0, 0, 0, -3, 0, -4, 0, 0,
    -6, -7, 0, -6, 0, 0, 0, 0,
    0, 0, 0, 0, 0, 0, -5, 0,
    0, -9, 0, 0, 0, 0, 0, 0,
    0, 0, 0, 0, 0, 0, 0, 0,
    0, 0, -4, 0, 0, 0, 0, -6,
    0, 0, 0, 0, 0, 0, -4, -7,
    0, 0, 0, 0, 0, 0, 0, 0,
    -4, -6, 0, 0, 0, 0, 0, 0,
    0, 0, 0, 0, 0, 0, 0, 0,
    -5, 0, 0, 0, 0, 0, -6, 0,
    -6, 0, 0, 0, -8, 0, -6, -9,
    0, 0, 0, 0, -8, 0, -11, 0,
    0, -12, 2, 0, 0, 0, 0, 0,
    0, 0, 0, 0, 0, 0, 0, 0,
    0, 0, -5, 0, 0, 0, -7, 0,
    0, 0, 0, 0, -5, 0, 0, -10,
    0, 0, 0, 0, 0, 0, -6, 0,
    -10, 0, 0, 0, 0, 0, 0, 0,
    0, 0, 0, 0, 0, 0, 0, 0,
    -22, 0, -4, 0, 0, 0, -17, 0,
    0, 0, 0, 0, -13, 0, -3, -21,
    0, 0, 0, 0, -27, 0, -23, 0,
    -10, -32, 0, 0, 0, 0, 0, 0,
    0, 0, 0, 0, -12, 0, -11, -5,
    6, 0, -37, -7, -23, -4, 0, 0,
    0, -20, 0, -19, 5, -8, 0, 4,
    -31, 0, -34, 0, 0, 0, 0, 0,
    0, 0, 0, -21, -20, -5, 0, 0,
    -10, -14, 0, -9, 0, 0, -9, -7,
    0, 0, -1, 0, 0, 0, 0, 0,
    0, 0, 0, 0, -4, 0, -6, -5,
    0, 0, 0, 0, -6, 0, -8, 0,
    0, -12, 0, 0, 0, 0, 0, 0,
    0, 0, 0, 0, 0, 0, -7, 0,
    0, 0, -27, 0, -14, 0, 0, 0,
    0, -8, 0, -6, 0, -6, 0, 0,
    -20, 0, -26, 0, 0, 0, -3, 0,
    -16, -9, 0, -10, -7, 4, 0, 0,
    0, 0, 2, 0, 0, 0, 0, 0,
    0, 0, 0, 0, 0, 0, 0, 0,
    0, -17, -4, -11, 3, -5, 0, 0,
    0, 0, 0, 0, 0, 0, 0, 0,
    0, 0, 0, 0, 0, 0, 0, 0,
    0, 0, 0, 0, 0, 0, 0, 0,
    -30, -2, 0, -16, 0, -9, -20, 0,
    0, 0, 0, 0, 0, 0, -22, -25,
    0, -11, 0, 0, -26, -5, -32, -22,
    0, -35, 0, 0, -5, -6, 0, -4,
    0, 0, -12, -6, -18, -14, 0, 0,
    -9, 0, -4, 0, 0, 0, 0, 0,
    0, 0, 0, 0, 0, 0, 0, -7,
    -6, 0, -3, 0, -7, 0, -12, -6,
    -6, -11, -3, 0, 0, 0, 0, 0,
    0, 0, 0, 0, -4, 0, -1, -2,
    0, 0, 0, -13, 0, 0, 0, 0,
    0, 0, 0, 0, 0, 0, 0, 0,
    0, -6, 0, 0, -1, 0, 0, 0,
    -9, -13, -3, -4, -7, 0, 0, 0,
    0, 0, 0, 0, -6, -6, -3, 0,
    -6, 0, -10, 0, 0, 0, 0, 0,
    0, 0, 0, 0, 0, 0, 0, -7,
    -11, 0, -16, 0, -9, 0, -13, -5,
    -16, -17, -10, 0, 0, 0, 0, 0,
    0, 0, 0, 0, 0, 0, 0, -3,
    0, -4, 0, 0, 0, 0, 0, 0,
    0, 0, 0, 0, 0, 0, 0, 0,
    0, -4, 0, 0, 0, 0, 0, 0,
    0, 0, 0, 0, 0, 0, 0, 0,
    0, 0, 0, 0, -6, -5, 0, 0,
    4, -7, -19, 0, 0, 0, 0, 0,
    0, -7, 0, -7, 0, 0, 0, 0,
    -18, 0, -46, -4, 0, 0, 0, 0,
    -6, 0, 0, -13, -7, 0, 0, 0,
    -5, -4, 0, -6, -3, -3, -9, -4,
    0, 0, 0, 0, 0, 0, 0, 0,
    0, 0, 0, 0, 0, 0, 0, -7,
    -6, 0, 0, 0, -9, 0, -12, -5,
    -9, -14, -3, 0, 0, 0, 0, 0,
    0, -3, 0, 0, -7, -9, -6, 0,
    0, 0, -6, 0, 0, 0, 0, 0,
    0, 0, 0, 0, 0, 0, 0, 0,
    0, 0, 0, 0, 0, 0, 0, 0,
    -5, 0, 0, 0, 0, 0, 0, 0,
    0, 0, 0, 0, 0, 0, 0, 0,
    0, -12, 3, -29, 0, -16, -11, 0,
    0, -9, 0, 0, 0, 0, -18, -13,
    0, -20, -11, -9, 0, -14, 0, 0,
    0, 0, 0, -11, -15, -12, 0, -8,
    -4, -7, -14, -14, -24, -18, -2, 0,
    -29, 0, 7, -27, 0, 0, -26, 0,
    0, 0, 0, 0, -6, 0, -33, -29,
    0, -12, 0, 0, -45, -8, -43, -27,
    0, -56, 0, 0, -6, -6, 0, 0,
    0, 0, -16, -5, -26, -14, 0, 0,
    0, -12, -27, 0, 0, 0, 0, -4,
    0, -10, 0, 0, 0, 0, 0, 0,
    -24, 0, -54, 0, -6, 0, -10, -7,
    -16, -13, -6, -11, -7, 5, 0, 0,
    0, -1, 5, -1, 4, 4, -2, 1,
    0, 0, 0, 0, 0, 0, 0, 0,
    0, 0, 0, 0, 0, 0, 0, 0,
    -8, 0, 0, 0, -9, 0, -7, -7,
    -13, -14, -3, 0, 0, 0, 0, 0,
    0, 0, 0, 0, 0, 0, 0, 0,
    0, -4, 0, 0, 0, 0, 0, 0,
    0, 0, 0, 0, 0, 0, 0, 0,
    0, -2, -9, 0, -5, 0, -6, -3,
    0, -10, 0, -4, -6, 0, 0, 0,
    0, 0, 0, -6, 0, 0, 0, 0,
    0, 0, 0, 0, 0, 0, 0, 0,
    0, 0, 0, 0, 0, 0, 0, 0,
    0, 0, 0, 0, -4, 0, -6, 0,
    -6, -10, 0, 0, 0, 0, 0, 0,
    0, 0, 0, 0, -6, -6, -3, -4,
    6, -18, -31, -23, 0, -8, 0, 0,
    0, -28, 0, -23, 0, -6, 0, 0,
    -26, -10, -46, -5, 0, 0, -6, 0,
    -10, 0, 0, -31, -33, -12, 0, 0,
    -22, -29, -6, -16, -26, -26, -29, -22,
    0, 0, -9, 0, 0, 0, 0, 0,
    0, 0, 0, 0, 0, 0, 0, 0,
    -5, 0, -11, 0, 0, 0, 0, 0,
    -5, 0, 0, 0, 0, 0, 0, 0,
    0, 0, 0, 0, 0, 0, 0, 0,
    0, -20, -38, -14, 0, -9, 0, 0,
    0, -21, -4, -16, 0, -8, 0, 0,
    -32, -13, -48, -3, 0, 0, 0, 0,
    0, 0, 0, -26, -24, -6, 0, 0,
    -15, -21, -4, -13, -10, -9, -13, -11,
    0, -12, -26, -9, 0, -5, 0, 0,
    0, 0, 0, 0, 0, 0, 0, 0,
    -22, -5, -33, 0, 0, 0, 0, 0,
    0, 0, 0, -20, -17, -3, 0, 0,
    -10, -15, -1, -13, -3, -6, -10, -7,
    0, -11, 2, -27, 0, 0, -10, 0,
    -4, -9, -8, -10, 0, 0, -16, -9,
    0, -16, -7, -5, -10, -5, 0, 0,
    0, 0, 0, -7, -15, -10, 0, -2,
    -3, -10, -15, -14, -20, -21, 0, 0,
    0, -24, -39, -21, 0, -16, -3, -6,
    -4, -33, 0, -28, 0, -12, -7, -2,
    -35, -17, -48, -10, 0, 0, 0, 0,
    0, 0, 0, -33, -34, -13, 0, 0,
    -24, -29, -11, -25, -15, -15, -19, -19,
    0, -12, 0, -14, 0, 0, 0, 0,
    0, -7, 0, 0, 0, 0, 0, 0,
    0, -14, 0, 0, 0, -5, 0, 0,
    0, 0, 0, 0, -5, 0, 0, 0,
    0, 0, -8, -9, -12, -12, 0, 0,
    -12, 0, 0, 0, 0, 0, 0, 0,
    0, 0, 0, 0, -12, 0, -5, -16,
    0, 0, 0, 0, -29, 0, -25, -16,
    0, -29, 0, 0, 0, 0, 0, 0,
    0, 0, 0, 0, -5, -5, 0, 0,
    -12, 0, -5, 0, 0, 0, 0, 0,
    0, 0, 0, 0, -15, 0, -8, -20,
    -5, 0, 0, 0, -33, 0, -24, -17,
    -15, -34, -3, 0, 0, 0, 0, 0,
    0, 0, 0, 0, -7, -3, -10, -3,
    -5, 0, 0, 0, 0, 0, 0, 0,
    0, 0, 0, 0, 0, 0, 0, -7,
    0, 0, 0, 0, -31, 0, -18, -11,
    -10, -33, 0, -3, -4, 0, -3, -2,
    0, 0, 0, 0, -6, 0, -8, 0,
    0, 0, -5, 0, 0, 0, 0, 0,
    0, 0, 0, 0, -12, 0, 0, -16,
    0, 0, 0, 0, -29, 0, -20, -14,
    -14, -28, 0, 0, 0, 0, 0, 0,
    0, 0, 0, 0, -4, -1, -9, 0,
    9, -7, -21, 0, 0, 0, 0, 0,
    0, -14, 0, 0, 6, 0, 5, 0,
    -18, 0, -19, 0, 0, 0, 0, 0,
    0, 0, 0, -7, -5, 0, 0, 0,
    0, -4, 2, -4, 0, 0, 0, 0,
    0, 0, 0, 0, 0, 0, 0, 0,
    0, 0, 0, 0, -5, 0, 0, -6,
    0, 0, 0, 0, -18, 0, -15, -11,
    -3, -24, 0, 0, 0, 0, 0, 0,
    0, 0, 0, 0, 0, 0, 0, 0,
    -7, 0, 0, 0, 0, 0, 0, 0,
    0, 0, 0, 0, -9, 0, -5, -13,
    0, 0, 0, 0, -33, 0, -24, -17,
    -5, -35, 0, 0, 0, 0, 0, 0,
    0, 0, 0, 0, -4, -3, -2, 0,
    -7, -4, 2, -12, 0, 0, 0, 0,
    0, -11, 0, -11, 0, -9, -4, -4,
    0, -6, 0, 0, -27, -3, -14, -8,
    0, -23, 0, -4, -11, 0, 0, -2,
    0, -5, -4, -6, 0, 0, 0, 0,
    0, -2, 6, -5, 0, 0, 0, 0,
    0, 0, 0, 0, 0, 0, 0, -7,
    0, -3, 0, 0, 0, 0, 0, 0,
    0, 0, 0, 3, 0, -2, 0, 0,
    3, 0, 0, 1, -4, -2, 0, 0,
    0, -14, -31, 0, 0, 0, 0, -4,
    -12, -16, 0, -8, 0, 0, 3, 0,
    0, 0, 0, 0, -26, 0, 0, 0,
    -16, -13, -14, -8, -5, 3, 0, 0,
    0, -4, 4, -7, 4, 5, 0, 0,
    -11, 0, 0, 0, 0, 0, -9, 0,
    0, 0, 0, 0, -9, 0, 0, -12,
    0, 0, 0, 0, -30, 0, -21, -15,
    -10, -28, 0, 0, 0, 0, 0, 0,
    0, 0, 0, 0, -4, -2, -6, 0,
    0, 0, 0, 0, 0, 0, 0, 0,
    0, -3, 0, 0, 0, 0, 3, 0,
    0, 0, 0, 0, -6, 0, -7, -1,
    0, -16, 0, 0, -3, 2, 0, 0,
    0, -2, 0, -1, 0, 0, 0, 0,
    0, -12, -24, 0, 0, 0, 0, 0,
    0, -12, 0, -10, 0, 0, 0, 0,
    -18, 0, -27, 0, -26, 0, -10, -3,
    -20, -15, -15, -9, -7, 0, 0, 0,
    0, -4, 0, 0, 0, 0, 0, 0,
    0, -5, -18, 0, 0, 0, 0, 0,
    0, 0, 0, 0, 0, 0, 0, 0,
    -14, 0, -19, 0, -26, 0, -9, -6,
    -21, -15, -12, -7, -3, 0, 0, 0,
    0, -3, 0, 0, 0, 0, 0, 0,
    0, -4, 0, -9, 0, 0, 0, 0,
    0, -13, 0, -11, -5, -7, 0, 0,
    0, -3, 0, 0, -29, 0, -13, -10,
    0, -19, 0, -5, -10, 0, 0, -3,
    0, -6, 0, -4, 0, 0, 0, 0,
    0, -6, 0, -4, 0, 0, 0, 0,
    0, -7, 0, -5, -3, 0, -2, 0,
    0, -6, 0, 0, -24, 0, -12, -7,
    0, -19, 0, 0, -6, 0, 0, 0,
    0, -3, 0, -3, 0, 0, 0, 0
};


/*Collect the kern class' data in one place*/
static const lv_font_fmt_txt_kern_classes_t kern_classes =
{
    .class_pair_values   = kern_class_values,
    .left_class_mapping  = kern_left_class_mapping,
    .right_class_mapping = kern_right_class_mapping,
    .left_class_cnt      = 52,
    .right_class_cnt     = 40,
};

/*--------------------
 *  ALL CUSTOM DATA
 *--------------------*/

#if LVGL_VERSION_MAJOR == 8
/*Store all the custom data of the font*/
static  lv_font_fmt_txt_glyph_cache_t cache;
#endif

#if LVGL_VERSION_MAJOR >= 8
static const lv_font_fmt_txt_dsc_t font_dsc = {
#else
static lv_font_fmt_txt_dsc_t font_dsc = {
#endif
    .glyph_bitmap = glyph_bitmap,
    .glyph_dsc = glyph_dsc,
    .cmaps = cmaps,
    .kern_dsc = &kern_classes,
    .kern_scale = 16,
    .cmap_num = 2,
    .bpp = 4,
    .kern_classes = 1,
    .bitmap_format = 0,
#if LVGL_VERSION_MAJOR == 8
    .cache = &cache
#endif
};



/*-----------------
 *  PUBLIC FONT
 *----------------*/

/*Initialize a public general font descriptor*/
#if LVGL_VERSION_MAJOR >= 8
const lv_font_t nyabula_font_body_18 = {
#else
lv_font_t nyabula_font_body_18 = {
#endif
    .get_glyph_dsc = lv_font_get_glyph_dsc_fmt_txt,    /*Function pointer to get glyph's data*/
    .get_glyph_bitmap = lv_font_get_bitmap_fmt_txt,    /*Function pointer to get glyph's bitmap*/
    .line_height = 21,          /*The maximum line height required by the font*/
    .base_line = 4,             /*Baseline measured from the bottom of the line*/
#if !(LVGL_VERSION_MAJOR == 6 && LVGL_VERSION_MINOR == 0)
    .subpx = LV_FONT_SUBPX_NONE,
#endif
#if LV_VERSION_CHECK(7, 4, 0) || LVGL_VERSION_MAJOR >= 8
    .underline_position = -2,
    .underline_thickness = 1,
#endif
    .dsc = &font_dsc,          /*The custom font data. Will be accessed by `get_glyph_bitmap/dsc` */
#if LV_VERSION_CHECK(8, 2, 0) || LVGL_VERSION_MAJOR >= 9
    .fallback = NULL,
#endif
    .user_data = NULL,
};



#endif /*#if NYABULA_FONT_BODY_18*/
