/*******************************************************************************
 * Size: 14 px
 * Bpp: 4
 * Generated by app/nyabula/tools/generate_fonts.py.
 ******************************************************************************/

#ifdef LV_LVGL_H_INCLUDE_SIMPLE
#include "lvgl.h"
#else
#include "lvgl/lvgl.h"
#endif

#ifndef NYABULA_FONT_BODY_14
#define NYABULA_FONT_BODY_14 1
#endif

#if NYABULA_FONT_BODY_14

/*-----------------
 *    BITMAPS
 *----------------*/

/*Store the image of the glyphs*/
static LV_ATTRIBUTE_LARGE_CONST const uint8_t glyph_bitmap[] = {
    /* U+0020 " " */

    /* U+0021 "!" */
    0xff, 0x3e, 0xf3, 0xdf, 0x2d, 0xf2, 0xcf, 0x1b,
    0xf0, 0xbf, 0x3, 0x40, 0x22, 0xe, 0xf3, 0xef,
    0x30,

    /* U+0022 "\"" */
    0x2, 0x11, 0x20, 0x5f, 0x8c, 0xf0, 0x3f, 0x6b,
    0xe0, 0x2f, 0x49, 0xd0, 0xf, 0x38, 0xb0,

    /* U+0023 "#" */
    0x0, 0x6, 0xf2, 0xf, 0x80, 0x0, 0x9, 0xf0,
    0x2f, 0x50, 0x0, 0xc, 0xc0, 0x5f, 0x20, 0xf,
    0xff, 0xff, 0xff, 0xf9, 0x6, 0x8f, 0x96, 0xed,
    0x63, 0x0, 0x5f, 0x20, 0xf9, 0x0, 0x1, 0x8f,
    0x23, 0xf7, 0x10, 0x6f, 0xff, 0xff, 0xff, 0xf2,
    0x14, 0xfb, 0x4a, 0xf4, 0x40, 0x2, 0xf6, 0xb,
    0xc0, 0x0, 0x5, 0xf2, 0xf, 0x90, 0x0,

    /* U+0024 "$" */
    0x0, 0x2, 0x41, 0x0, 0x0, 0x0, 0x8f, 0x40,
    0x0, 0x2, 0xbf, 0xff, 0x90, 0x0, 0xef, 0xef,
    0xff, 0xb0, 0x5f, 0x87, 0xf3, 0xa6, 0x5, 0xf8,
    0x7f, 0x30, 0x0, 0x1e, 0xff, 0xf4, 0x0, 0x0,
    0x2a, 0xff, 0xfc, 0x20, 0x0, 0x7, 0xfc, 0xfd,
    0x0, 0x20, 0x7f, 0x3b, 0xf2, 0x6f, 0x87, 0xf4,
    0xdf, 0x2, 0xef, 0xff, 0xff, 0x90, 0x1, 0x9e,
    0xfd, 0x70, 0x0, 0x0, 0x8f, 0x40, 0x0,

    /* U+0025 "%" */
    0xa, 0xfd, 0x50, 0x0, 0x4f, 0xa0, 0x8, 0xe5,
    0x9f, 0x10, 0x1e, 0xe1, 0x0, 0xc9, 0x1, 0xf4,
    0xa, 0xf3, 0x0, 0x9, 0xd1, 0x6f, 0x26, 0xf8,
    0x0, 0x0, 0x1d, 0xff, 0x72, 0xfc, 0x0, 0x0,
    0x0, 0x2, 0x10, 0xcf, 0x20, 0x0, 0x0, 0x0,
    0x0, 0x8f, 0x63, 0xdf, 0xd3, 0x0, 0x0, 0x4f,
    0xa0, 0xdc, 0x4b, 0xd0, 0x0, 0x1e, 0xe1, 0xf,
    0x50, 0x5f, 0x0, 0xa, 0xf4, 0x0, 0xdc, 0x4c,
    0xd0, 0x6, 0xf8, 0x0, 0x2, 0xcf, 0xc2, 0x0,

    /* U+0026 "&" */
    0x0, 0x1a, 0xfe, 0x90, 0x0, 0x0, 0xc, 0xfc,
    0xdf, 0x80, 0x0, 0x2, 0xfc, 0x2, 0xfb, 0x0,
    0x0, 0x1f, 0xe0, 0x7f, 0x90, 0x0, 0x0, 0xaf,
    0xef, 0xe2, 0x0, 0x0, 0x3d, 0xff, 0xd1, 0x5,
    0x10, 0x1f, 0xf9, 0xef, 0x65, 0xfa, 0x6, 0xf9,
    0x2, 0xff, 0xef, 0x40, 0x6f, 0x90, 0x4, 0xff,
    0xb0, 0x1, 0xef, 0x97, 0xcf, 0xfe, 0x20, 0x2,
    0xbf, 0xfc, 0x77, 0xfe, 0x10,

    /* U+0027 "'" */
    0x2, 0x6, 0xf6, 0x4f, 0x53, 0xf3, 0x1f, 0x20,

    /* U+0028 "(" */
    0x3, 0x93, 0xc, 0xe0, 0x2f, 0x90, 0x7f, 0x40,
    0xbf, 0x10, 0xde, 0x0, 0xed, 0x0, 0xee, 0x0,
    0xcf, 0x0, 0x9f, 0x30, 0x5f, 0x70, 0xe, 0xd0,
    0x7, 0xf4,

    /* U+0029 ")" */
    0x49, 0x30, 0x1f, 0xb0, 0xa, 0xf2, 0x5, 0xf7,
    0x2, 0xfa, 0x0, 0xfc, 0x0, 0xed, 0x0, 0xfd,
    0x0, 0xfb, 0x3, 0xf8, 0x8, 0xf4, 0xd, 0xe0,
    0x5f, 0x70,

    /* U+002A "*" */
    0x2, 0x7c, 0x20, 0xe, 0xdd, 0xf4, 0x7, 0xff,
    0x91, 0xc, 0x9b, 0xc2, 0x0, 0x47, 0x0,

    /* U+002B "+" */
    0x0, 0x6e, 0x50, 0x0, 0x7, 0xf6, 0x0, 0x0,
    0x7f, 0x60, 0xf, 0xff, 0xff, 0xfe, 0xbb, 0xdf,
    0xdb, 0xa0, 0x7, 0xf6, 0x0, 0x0, 0x7f, 0x60,
    0x0,

    /* U+002C "," */
    0x2, 0x20, 0xf, 0xf3, 0xf, 0xf3, 0x0, 0xd2,
    0x7, 0xc0, 0xa, 0x10,

    /* U+002D "-" */
    0x5b, 0xbb, 0xbb, 0x17, 0xff, 0xff, 0xf2,

    /* U+002E "." */
    0x2, 0x20, 0x1f, 0xf0, 0x1f, 0xf0,

    /* U+002F "/" */
    0x0, 0x5, 0xf8, 0x0, 0xa, 0xf3, 0x0, 0xe,
    0xe0, 0x0, 0x3f, 0x90, 0x0, 0x8f, 0x40, 0x0,
    0xdf, 0x0, 0x2, 0xfb, 0x0, 0x7, 0xf6, 0x0,
    0xb, 0xf1, 0x0, 0x1f, 0xc0, 0x0, 0x5f, 0x80,
    0x0,

    /* U+0030 "0" */
    0x0, 0x5d, 0xfe, 0x70, 0x0, 0x4f, 0xfd, 0xff,
    0x80, 0xc, 0xf6, 0x3, 0xff, 0x11, 0xfe, 0x0,
    0xb, 0xf5, 0x3f, 0xc0, 0x0, 0x8f, 0x74, 0xfb,
    0x0, 0x7, 0xf8, 0x3f, 0xc0, 0x0, 0x8f, 0x71,
    0xfe, 0x0, 0xb, 0xf5, 0xc, 0xf6, 0x3, 0xff,
    0x10, 0x4f, 0xfd, 0xff, 0x80, 0x0, 0x5d, 0xfe,
    0x80, 0x0,

    /* U+0031 "1" */
    0x1, 0x9f, 0xe3, 0xff, 0xfe, 0x5f, 0x8f, 0xe2,
    0x10, 0xfe, 0x0, 0xf, 0xe0, 0x0, 0xfe, 0x0,
    0xf, 0xe0, 0x0, 0xfe, 0x0, 0xf, 0xe0, 0x0,
    0xfe, 0x0, 0xf, 0xe0,

    /* U+0032 "2" */
    0x1, 0xae, 0xfc, 0x30, 0xd, 0xfe, 0xdf, 0xf2,
    0x2d, 0xa0, 0xa, 0xf7, 0x0, 0x0, 0x6, 0xf8,
    0x0, 0x0, 0xc, 0xf5, 0x0, 0x0, 0x9f, 0xc0,
    0x0, 0x7, 0xfd, 0x10, 0x0, 0x6f, 0xe2, 0x0,
    0x5, 0xfe, 0x20, 0x0, 0x3f, 0xfe, 0xcc, 0xca,
    0x6f, 0xff, 0xff, 0xfc,

    /* U+0033 "3" */
    0xf, 0xff, 0xff, 0xf7, 0x0, 0xcc, 0xcd, 0xff,
    0x50, 0x0, 0x1, 0xcf, 0x60, 0x0, 0x2, 0xdf,
    0x40, 0x0, 0x0, 0xaf, 0xff, 0xa0, 0x0, 0x1,
    0x75, 0xcf, 0x90, 0x0, 0x0, 0x1, 0xfe, 0x0,
    0x11, 0x0, 0xf, 0xf0, 0x2e, 0xb0, 0x5, 0xfc,
    0x0, 0xdf, 0xec, 0xff, 0x50, 0x1, 0x9e, 0xfc,
    0x50, 0x0,

    /* U+0034 "4" */
    0x0, 0x0, 0xdf, 0xf2, 0x0, 0x0, 0x6f, 0xff,
    0x20, 0x0, 0xe, 0xfe, 0xf2, 0x0, 0x7, 0xf7,
    0xdf, 0x20, 0x1, 0xfe, 0xd, 0xf2, 0x0, 0x8f,
    0x60, 0xdf, 0x20, 0x2f, 0xd0, 0xd, 0xf2, 0x9,
    0xff, 0xff, 0xff, 0xf7, 0x8c, 0xcc, 0xcf, 0xfc,
    0x50, 0x0, 0x0, 0xdf, 0x20, 0x0, 0x0, 0xd,
    0xf2, 0x0,

    /* U+0035 "5" */
    0xa, 0xff, 0xff, 0xf7, 0x0, 0xcf, 0xcc, 0xcc,
    0x50, 0xd, 0xf1, 0x0, 0x0, 0x0, 0xef, 0x0,
    0x0, 0x0, 0xf, 0xfc, 0xfe, 0x70, 0x0, 0xff,
    0xec, 0xff, 0x80, 0x3, 0x80, 0x3, 0xfe, 0x0,
    0x0, 0x0, 0xe, 0xf0, 0x1b, 0xa0, 0x3, 0xfe,
    0x0, 0xef, 0xec, 0xff, 0x60, 0x1, 0xae, 0xfd,
    0x60, 0x0,

    /* U+0036 "6" */
    0x0, 0x3, 0xff, 0x10, 0x0, 0x0, 0xcf, 0x70,
    0x0, 0x0, 0x6f, 0xe0, 0x0, 0x0, 0xe, 0xf5,
    0x0, 0x0, 0x7, 0xff, 0xef, 0xa1, 0x0, 0xef,
    0xfc, 0xef, 0xc0, 0x3f, 0xe1, 0x1, 0xef, 0x35,
    0xfa, 0x0, 0xa, 0xf5, 0x2f, 0xe1, 0x1, 0xef,
    0x20, 0xaf, 0xfc, 0xff, 0xa0, 0x0, 0x7d, 0xfd,
    0x70, 0x0,

    /* U+0037 "7" */
    0xaf, 0xff, 0xff, 0xf6, 0x8d, 0xdd, 0xdf, 0xf4,
    0x0, 0x0, 0x2f, 0xd0, 0x0, 0x0, 0xaf, 0x70,
    0x0, 0x1, 0xff, 0x0, 0x0, 0x8, 0xf9, 0x0,
    0x0, 0xe, 0xf2, 0x0, 0x0, 0x6f, 0xb0, 0x0,
    0x0, 0xdf, 0x40, 0x0, 0x4, 0xfd, 0x0, 0x0,
    0xb, 0xf6, 0x0, 0x0,

    /* U+0038 "8" */
    0x0, 0x7d, 0xfe, 0x90, 0x0, 0x7f, 0xfc, 0xef,
    0xb0, 0xd, 0xf4, 0x1, 0xef, 0x10, 0xbf, 0x30,
    0xe, 0xf0, 0x2, 0xef, 0xce, 0xf5, 0x0, 0x1c,
    0xff, 0xfe, 0x40, 0xd, 0xf5, 0x3, 0xef, 0x23,
    0xfc, 0x0, 0x8, 0xf7, 0x2f, 0xe1, 0x0, 0xcf,
    0x70, 0xbf, 0xfc, 0xef, 0xe1, 0x0, 0x8d, 0xfe,
    0xa2, 0x0,

    /* U+0039 "9" */
    0x0, 0x8e, 0xfd, 0x70, 0x0, 0xbf, 0xfc, 0xff,
    0x90, 0x3f, 0xd1, 0x2, 0xff, 0x16, 0xf9, 0x0,
    0xb, 0xf3, 0x4f, 0xd0, 0x2, 0xef, 0x30, 0xdf,
    0xec, 0xff, 0xe0, 0x1, 0xaf, 0xef, 0xf7, 0x0,
    0x0, 0x6, 0xfd, 0x0, 0x0, 0x0, 0xef, 0x40,
    0x0, 0x0, 0x8f, 0xb0, 0x0, 0x0, 0x2f, 0xf2,
    0x0, 0x0,

    /* U+003A ":" */
    0x1f, 0xf0, 0x1f, 0xf0, 0x2, 0x20, 0x0, 0x0,
    0x0, 0x0, 0x2, 0x20, 0x1f, 0xf0, 0x1f, 0xf0,

    /* U+003B ";" */
    0xf, 0xf3, 0xf, 0xf3, 0x2, 0x20, 0x0, 0x0,
    0x0, 0x0, 0x2, 0x20, 0xf, 0xf3, 0xf, 0xf3,
    0x0, 0xd2, 0x7, 0xc0, 0xa, 0x10,

    /* U+003C "<" */
    0x0, 0x0, 0x0, 0x50, 0x0, 0x5, 0xde, 0x0,
    0x4c, 0xff, 0x83, 0xbf, 0xf9, 0x10, 0xff, 0xa1,
    0x0, 0xc, 0xff, 0x81, 0x0, 0x4, 0xdf, 0xe7,
    0x0, 0x0, 0x6e, 0xfd, 0x0, 0x0, 0x7, 0xd0,
    0x0, 0x0, 0x0,

    /* U+003D "=" */
    0xff, 0xff, 0xff, 0xeb, 0xbb, 0xbb, 0xba, 0x0,
    0x0, 0x0, 0xb, 0xbb, 0xbb, 0xba, 0xff, 0xff,
    0xff, 0xe0,

    /* U+003E ">" */
    0x50, 0x0, 0x0, 0xf, 0xd4, 0x0, 0x0, 0x9f,
    0xfc, 0x30, 0x0, 0x29, 0xff, 0xb2, 0x0, 0x2,
    0xbf, 0xe0, 0x1, 0x8f, 0xfa, 0x18, 0xff, 0xc4,
    0xe, 0xfd, 0x50, 0x0, 0xe6, 0x0, 0x0, 0x0,
    0x0, 0x0, 0x0,

    /* U+003F "?" */
    0x4, 0xcf, 0xe9, 0x4, 0xff, 0xcf, 0xf9, 0x6f,
    0x30, 0x2f, 0xe0, 0x10, 0x4, 0xfc, 0x0, 0x3,
    0xef, 0x40, 0x0, 0xef, 0x30, 0x0, 0x2f, 0x90,
    0x0, 0x1, 0x94, 0x0, 0x0, 0x2, 0x10, 0x0,
    0x6, 0xfc, 0x0, 0x0, 0x6f, 0xc0, 0x0,

    /* U+0040 "@" */
    0x0, 0x6, 0xce, 0xfd, 0x81, 0x0, 0x0, 0xcf,
    0x95, 0x57, 0xee, 0x30, 0xa, 0xe2, 0x0, 0x0,
    0xb, 0xe0, 0x2f, 0x50, 0xaf, 0xc9, 0xd1, 0xf6,
    0x6f, 0x9, 0xfa, 0x9f, 0xd0, 0xc9, 0x8d, 0xd,
    0xd0, 0xb, 0xd0, 0xc9, 0x7f, 0xa, 0xf3, 0x2e,
    0xe2, 0xf6, 0x3f, 0x42, 0xdf, 0xf6, 0xef, 0xc0,
    0xb, 0xe2, 0x2, 0x10, 0x2, 0x0, 0x1, 0xcf,
    0x95, 0x47, 0xc2, 0x0, 0x0, 0x6, 0xce, 0xfd,
    0x81, 0x0,

    /* U+0041 "A" */
    0x0, 0x0, 0xff, 0x50, 0x0, 0x0, 0x0, 0x6f,
    0xfa, 0x0, 0x0, 0x0, 0xc, 0xff, 0xf1, 0x0,
    0x0, 0x2, 0xfd, 0x9f, 0x60, 0x0, 0x0, 0x7f,
    0x73, 0xfc, 0x0, 0x0, 0xd, 0xf2, 0xd, 0xf2,
    0x0, 0x3, 0xff, 0xdd, 0xef, 0x80, 0x0, 0x9f,
    0xff, 0xff, 0xfd, 0x0, 0xe, 0xf1, 0x0, 0xc,
    0xf3, 0x5, 0xfb, 0x0, 0x0, 0x6f, 0x90, 0xaf,
    0x50, 0x0, 0x1, 0xff, 0x0,

    /* U+0042 "B" */
    0xff, 0xff, 0xfd, 0x60, 0xf, 0xfc, 0xcd, 0xff,
    0x50, 0xfe, 0x0, 0x7, 0xfa, 0xf, 0xe0, 0x0,
    0x7f, 0x90, 0xff, 0xcc, 0xdf, 0xc1, 0xf, 0xff,
    0xff, 0xfe, 0x40, 0xfe, 0x0, 0x5, 0xfe, 0xf,
    0xe0, 0x0, 0xc, 0xf2, 0xfe, 0x0, 0x2, 0xff,
    0x1f, 0xfc, 0xcc, 0xff, 0xb0, 0xff, 0xff, 0xfd,
    0x80, 0x0,

    /* U+0043 "C" */
    0x0, 0x7, 0xdf, 0xea, 0x20, 0x0, 0xcf, 0xfd,
    0xef, 0xf3, 0x9, 0xfc, 0x20, 0x7, 0xe5, 0xf,
    0xf2, 0x0, 0x0, 0x0, 0x3f, 0xc0, 0x0, 0x0,
    0x0, 0x4f, 0xb0, 0x0, 0x0, 0x0, 0x3f, 0xc0,
    0x0, 0x0, 0x0, 0xf, 0xf2, 0x0, 0x0, 0x0,
    0x9, 0xfc, 0x10, 0x7, 0xe4, 0x0, 0xcf, 0xfd,
    0xef, 0xf4, 0x0, 0x7, 0xdf, 0xea, 0x20,

    /* U+0044 "D" */
    0xff, 0xff, 0xfc, 0x70, 0x0, 0xff, 0xcc, 0xef,
    0xfc, 0x0, 0xfe, 0x0, 0x2, 0xdf, 0x80, 0xfe,
    0x0, 0x0, 0x3f, 0xe0, 0xfe, 0x0, 0x0, 0xe,
    0xf1, 0xfe, 0x0, 0x0, 0xd, 0xf2, 0xfe, 0x0,
    0x0, 0xe, 0xf1, 0xfe, 0x0, 0x0, 0x3f, 0xe0,
    0xfe, 0x0, 0x3, 0xdf, 0x70, 0xff, 0xcc, 0xef,
    0xfb, 0x0, 0xff, 0xff, 0xec, 0x60, 0x0,

    /* U+0045 "E" */
    0xff, 0xff, 0xff, 0xf0, 0xff, 0xcc, 0xcc, 0xc0,
    0xfe, 0x0, 0x0, 0x0, 0xfe, 0x0, 0x0, 0x0,
    0xfe, 0x0, 0x0, 0x0, 0xff, 0xff, 0xff, 0xb0,
    0xff, 0xcc, 0xcc, 0x80, 0xfe, 0x0, 0x0, 0x0,
    0xfe, 0x0, 0x0, 0x0, 0xff, 0xcc, 0xcc, 0xc1,
    0xff, 0xff, 0xff, 0xf2,

    /* U+0046 "F" */
    0xff, 0xff, 0xff, 0xdf, 0xfc, 0xcc, 0xca, 0xfe,
    0x0, 0x0, 0xf, 0xe0, 0x0, 0x0, 0xfe, 0x0,
    0x0, 0xf, 0xff, 0xff, 0xf8, 0xff, 0xcc, 0xcc,
    0x6f, 0xe0, 0x0, 0x0, 0xfe, 0x0, 0x0, 0xf,
    0xe0, 0x0, 0x0, 0xfe, 0x0, 0x0, 0x0,

    /* U+0047 "G" */
    0x0, 0x7, 0xdf, 0xeb, 0x30, 0x0, 0xdf, 0xfe,
    0xef, 0xf4, 0x9, 0xfc, 0x20, 0x7, 0xe3, 0xf,
    0xf2, 0x0, 0x0, 0x0, 0x3f, 0xc0, 0x0, 0x0,
    0x0, 0x4f, 0xb0, 0x3, 0xff, 0xfd, 0x3f, 0xc0,
    0x2, 0xcc, 0xfd, 0xf, 0xf1, 0x0, 0x0, 0xfd,
    0x9, 0xfc, 0x10, 0x5, 0xfd, 0x1, 0xdf, 0xfd,
    0xef, 0xf7, 0x0, 0x8, 0xdf, 0xeb, 0x40,

    /* U+0048 "H" */
    0xfe, 0x0, 0x0, 0x2f, 0xcf, 0xe0, 0x0, 0x2,
    0xfc, 0xfe, 0x0, 0x0, 0x2f, 0xcf, 0xe0, 0x0,
    0x2, 0xfc, 0xff, 0xcc, 0xcc, 0xcf, 0xcf, 0xff,
    0xff, 0xff, 0xfc, 0xfe, 0x0, 0x0, 0x2f, 0xcf,
    0xe0, 0x0, 0x2, 0xfc, 0xfe, 0x0, 0x0, 0x2f,
    0xcf, 0xe0, 0x0, 0x2, 0xfc, 0xfe, 0x0, 0x0,
    0x2f, 0xc0,

    /* U+0049 "I" */
    0xfe, 0xfe, 0xfe, 0xfe, 0xfe, 0xfe, 0xfe, 0xfe,
    0xfe, 0xfe, 0xfe,

    /* U+004A "J" */
    0x0, 0x0, 0x5f, 0x90, 0x0, 0x5, 0xf9, 0x0,
    0x0, 0x5f, 0x90, 0x0, 0x5, 0xf9, 0x0, 0x0,
    0x5f, 0x90, 0x0, 0x5, 0xf9, 0x0, 0x0, 0x5f,
    0x90, 0x0, 0x5, 0xf9, 0x2c, 0x30, 0x8f, 0x76,
    0xff, 0xdf, 0xf2, 0x7, 0xdf, 0xd5, 0x0,

    /* U+004B "K" */
    0xfe, 0x0, 0x3, 0xff, 0x4f, 0xe0, 0x2, 0xef,
    0x50, 0xfe, 0x1, 0xdf, 0x60, 0xf, 0xe0, 0xcf,
    0x70, 0x0, 0xfe, 0xbf, 0xd0, 0x0, 0xf, 0xff,
    0xff, 0x50, 0x0, 0xff, 0xa5, 0xfe, 0x10, 0xf,
    0xf0, 0xb, 0xfa, 0x0, 0xfe, 0x0, 0x1f, 0xf5,
    0xf, 0xe0, 0x0, 0x6f, 0xe1, 0xfe, 0x0, 0x0,
    0xcf, 0xa0,

    /* U+004C "L" */
    0xfe, 0x0, 0x0, 0x0, 0xfe, 0x0, 0x0, 0x0,
    0xfe, 0x0, 0x0, 0x0, 0xfe, 0x0, 0x0, 0x0,
    0xfe, 0x0, 0x0, 0x0, 0xfe, 0x0, 0x0, 0x0,
    0xfe, 0x0, 0x0, 0x0, 0xfe, 0x0, 0x0, 0x0,
    0xfe, 0x0, 0x0, 0x0, 0xff, 0xcc, 0xcc, 0xc1,
    0xff, 0xff, 0xff, 0xf1,

    /* U+004D "M" */
    0xff, 0x20, 0x0, 0x0, 0x2f, 0xff, 0xfb, 0x0,
    0x0, 0xb, 0xff, 0xff, 0xf4, 0x0, 0x5, 0xff,
    0xff, 0xff, 0xe0, 0x0, 0xef, 0xff, 0xfe, 0x8f,
    0x80, 0x9f, 0x7e, 0xff, 0xe0, 0xdf, 0x5f, 0xd0,
    0xef, 0xfe, 0x4, 0xff, 0xf4, 0xe, 0xff, 0xe0,
    0xa, 0xfa, 0x0, 0xef, 0xfe, 0x0, 0x14, 0x10,
    0xe, 0xff, 0xe0, 0x0, 0x0, 0x0, 0xef, 0xfe,
    0x0, 0x0, 0x0, 0xe, 0xf0,

    /* U+004E "N" */
    0xff, 0x20, 0x0, 0x2f, 0xbf, 0xfc, 0x0, 0x2,
    0xfb, 0xff, 0xf7, 0x0, 0x2f, 0xbf, 0xff, 0xf2,
    0x2, 0xfb, 0xfd, 0x6f, 0xc0, 0x2f, 0xbf, 0xd0,
    0xbf, 0x72, 0xfb, 0xfd, 0x1, 0xef, 0x4f, 0xbf,
    0xd0, 0x5, 0xfe, 0xfb, 0xfd, 0x0, 0xa, 0xff,
    0xbf, 0xd0, 0x0, 0x1e, 0xfb, 0xfd, 0x0, 0x0,
    0x5f, 0xb0,

    /* U+004F "O" */
    0x0, 0x18, 0xdf, 0xea, 0x30, 0x0, 0x1d, 0xff,
    0xdf, 0xff, 0x40, 0xa, 0xfc, 0x10, 0x8, 0xfe,
    0x0, 0xff, 0x10, 0x0, 0xc, 0xf5, 0x3f, 0xc0,
    0x0, 0x0, 0x7f, 0x84, 0xfb, 0x0, 0x0, 0x5,
    0xf9, 0x3f, 0xc0, 0x0, 0x0, 0x7f, 0x80, 0xff,
    0x10, 0x0, 0xc, 0xf5, 0xa, 0xfb, 0x10, 0x8,
    0xfe, 0x0, 0x1d, 0xff, 0xdf, 0xff, 0x40, 0x0,
    0x18, 0xdf, 0xea, 0x30, 0x0,

    /* U+0050 "P" */
    0xff, 0xff, 0xec, 0x40, 0xff, 0xcc, 0xdf, 0xf5,
    0xfe, 0x0, 0x7, 0xfc, 0xfe, 0x0, 0x1, 0xfe,
    0xfe, 0x0, 0x6, 0xfc, 0xff, 0xcc, 0xdf, 0xf5,
    0xff, 0xff, 0xfc, 0x50, 0xfe, 0x0, 0x0, 0x0,
    0xfe, 0x0, 0x0, 0x0, 0xfe, 0x0, 0x0, 0x0,
    0xfe, 0x0, 0x0, 0x0,

    /* U+0051 "Q" */
    0x0, 0x18, 0xdf, 0xea, 0x30, 0x0, 0x1d, 0xff,
    0xdf, 0xff, 0x40, 0xa, 0xfc, 0x10, 0x8, 0xfe,
    0x0, 0xff, 0x10, 0x0, 0xc, 0xf5, 0x3f, 0xc0,
    0x0, 0x0, 0x7f, 0x84, 0xfb, 0x0, 0x0, 0x5,
    0xf9, 0x3f, 0xc0, 0x0, 0x0, 0x7f, 0x80, 0xff,
    0x10, 0xb, 0xbc, 0xf5, 0xa, 0xfb, 0x11, 0xdf,
    0xfe, 0x0, 0x1d, 0xff, 0xde, 0xff, 0x90, 0x0,
    0x18, 0xdf, 0xeb, 0xff, 0x40, 0x0, 0x0, 0x0,
    0x6, 0xe2, 0x0, 0x0, 0x0, 0x0, 0x0, 0x0,

    /* U+0052 "R" */
    0xff, 0xff, 0xeb, 0x30, 0xf, 0xfc, 0xce, 0xff,
    0x30, 0xfe, 0x0, 0x8, 0xfa, 0xf, 0xe0, 0x0,
    0x3f, 0xc0, 0xfe, 0x0, 0x8, 0xfa, 0xf, 0xfc,
    0xcd, 0xff, 0x30, 0xff, 0xff, 0xfe, 0x40, 0xf,
    0xe0, 0xe, 0xf3, 0x0, 0xfe, 0x0, 0x5f, 0xc0,
    0xf, 0xe0, 0x0, 0xcf, 0x60, 0xfe, 0x0, 0x3,
    0xfe, 0x10,

    /* U+0053 "S" */
    0x0, 0x8d, 0xfe, 0x91, 0x0, 0xcf, 0xec, 0xef,
    0xd1, 0x4f, 0xd0, 0x0, 0x9b, 0x14, 0xfc, 0x0,
    0x0, 0x0, 0xe, 0xfc, 0x72, 0x0, 0x0, 0x2b,
    0xff, 0xfc, 0x30, 0x0, 0x1, 0x5b, 0xff, 0x20,
    0x10, 0x0, 0x9, 0xf7, 0x4f, 0x80, 0x0, 0xbf,
    0x62, 0xef, 0xec, 0xef, 0xe1, 0x1, 0x9e, 0xfe,
    0x91, 0x0,

    /* U+0054 "T" */
    0xaf, 0xff, 0xff, 0xff, 0x98, 0xcc, 0xef, 0xec,
    0xc7, 0x0, 0x7, 0xf7, 0x0, 0x0, 0x0, 0x7f,
    0x70, 0x0, 0x0, 0x7, 0xf7, 0x0, 0x0, 0x0,
    0x7f, 0x70, 0x0, 0x0, 0x7, 0xf7, 0x0, 0x0,
    0x0, 0x7f, 0x70, 0x0, 0x0, 0x7, 0xf7, 0x0,
    0x0, 0x0, 0x7f, 0x70, 0x0, 0x0, 0x7, 0xf7,
    0x0, 0x0,

    /* U+0055 "U" */
    0xfe, 0x0, 0x0, 0x8f, 0x6f, 0xe0, 0x0, 0x8,
    0xf6, 0xfe, 0x0, 0x0, 0x8f, 0x6f, 0xe0, 0x0,
    0x8, 0xf6, 0xfe, 0x0, 0x0, 0x8f, 0x6f, 0xe0,
    0x0, 0x8, 0xf6, 0xfe, 0x0, 0x0, 0x8f, 0x6e,
    0xf1, 0x0, 0xa, 0xf4, 0xaf, 0x90, 0x3, 0xff,
    0x12, 0xff, 0xed, 0xff, 0x80, 0x2, 0xbe, 0xfc,
    0x60, 0x0,

    /* U+0056 "V" */
    0xaf, 0x60, 0x0, 0x1, 0xff, 0x4, 0xfb, 0x0,
    0x0, 0x6f, 0xa0, 0xe, 0xf1, 0x0, 0xc, 0xf4,
    0x0, 0x9f, 0x70, 0x1, 0xfe, 0x0, 0x3, 0xfc,
    0x0, 0x7f, 0x80, 0x0, 0xd, 0xf2, 0xd, 0xf2,
    0x0, 0x0, 0x7f, 0x82, 0xfc, 0x0, 0x0, 0x1,
    0xfd, 0x8f, 0x70, 0x0, 0x0, 0xb, 0xff, 0xf1,
    0x0, 0x0, 0x0, 0x5f, 0xfb, 0x0, 0x0, 0x0,
    0x0, 0xff, 0x50, 0x0, 0x0,

    /* U+0057 "W" */
    0xbf, 0x40, 0x0, 0xbf, 0x90, 0x0, 0x5f, 0xa7,
    0xf8, 0x0, 0xf, 0xfe, 0x0, 0x9, 0xf5, 0x3f,
    0xc0, 0x4, 0xff, 0xf2, 0x0, 0xdf, 0x10, 0xef,
    0x0, 0x8f, 0x9f, 0x70, 0x1f, 0xd0, 0xa, 0xf4,
    0xd, 0xe1, 0xfb, 0x5, 0xf8, 0x0, 0x6f, 0x81,
    0xf9, 0xc, 0xf0, 0x9f, 0x40, 0x2, 0xfc, 0x5f,
    0x50, 0x7f, 0x4d, 0xf0, 0x0, 0xe, 0xfb, 0xf0,
    0x2, 0xfa, 0xfb, 0x0, 0x0, 0x9f, 0xfb, 0x0,
    0xd, 0xff, 0x70, 0x0, 0x5, 0xff, 0x60, 0x0,
    0x9f, 0xf3, 0x0, 0x0, 0x1f, 0xf2, 0x0, 0x4,
    0xfe, 0x0, 0x0,

    /* U+0058 "X" */
    0x3f, 0xf2, 0x0, 0xd, 0xf6, 0x8, 0xfc, 0x0,
    0x8f, 0xb0, 0x0, 0xdf, 0x62, 0xff, 0x10, 0x0,
    0x3f, 0xfc, 0xf6, 0x0, 0x0, 0x7, 0xff, 0xb0,
    0x0, 0x0, 0x4, 0xff, 0x60, 0x0, 0x0, 0xd,
    0xff, 0xe1, 0x0, 0x0, 0x8f, 0xa8, 0xfa, 0x0,
    0x2, 0xff, 0x10, 0xef, 0x50, 0xc, 0xf7, 0x0,
    0x5f, 0xe1, 0x7f, 0xd0, 0x0, 0xb, 0xfa,

    /* U+0059 "Y" */
    0x9f, 0xb0, 0x0, 0xc, 0xf7, 0x1e, 0xf3, 0x0,
    0x4f, 0xe0, 0x6, 0xfb, 0x0, 0xcf, 0x50, 0x0,
    0xdf, 0x34, 0xfc, 0x0, 0x0, 0x4f, 0xbc, 0xf3,
    0x0, 0x0, 0xb, 0xff, 0xa0, 0x0, 0x0, 0x2,
    0xff, 0x10, 0x0, 0x0, 0x0, 0xff, 0x0, 0x0,
    0x0, 0x0, 0xff, 0x0, 0x0, 0x0, 0x0, 0xff,
    0x0, 0x0, 0x0, 0x0, 0xff, 0x0, 0x0,

    /* U+005A "Z" */
    0x6f, 0xff, 0xff, 0xff, 0x64, 0xcc, 0xcc, 0xdf,
    0xf4, 0x0, 0x0, 0xa, 0xfa, 0x0, 0x0, 0x5,
    0xfe, 0x10, 0x0, 0x1, 0xff, 0x40, 0x0, 0x0,
    0xbf, 0x90, 0x0, 0x0, 0x7f, 0xd0, 0x0, 0x0,
    0x2f, 0xf3, 0x0, 0x0, 0xc, 0xf8, 0x0, 0x0,
    0x7, 0xff, 0xdc, 0xcc, 0xc7, 0x8f, 0xff, 0xff,
    0xff, 0xa0,

    /* U+005B "[" */
    0x59, 0x99, 0x9f, 0xff, 0x9f, 0x30, 0x9f, 0x30,
    0x9f, 0x30, 0x9f, 0x30, 0x9f, 0x30, 0x9f, 0x30,
    0x9f, 0x30, 0x9f, 0x30, 0x9f, 0x30, 0x9f, 0xa9,
    0x9f, 0xff,

    /* U+005C "\\" */
    0xcf, 0x10, 0x0, 0x7f, 0x60, 0x0, 0x2f, 0xa0,
    0x0, 0xd, 0xf0, 0x0, 0x9, 0xf4, 0x0, 0x4,
    0xf9, 0x0, 0x0, 0xfe, 0x0, 0x0, 0xaf, 0x20,
    0x0, 0x5f, 0x70, 0x0, 0x1f, 0xc0, 0x0, 0xc,
    0xf1,

    /* U+005D "]" */
    0x79, 0x96, 0xdf, 0xfb, 0x1, 0xfb, 0x1, 0xfb,
    0x1, 0xfb, 0x1, 0xfb, 0x1, 0xfb, 0x1, 0xfb,
    0x1, 0xfb, 0x1, 0xfb, 0x1, 0xfb, 0x79, 0xfb,
    0xdf, 0xfb,

    /* U+005E "^" */
    0x0, 0xdf, 0x80, 0x0, 0x6f, 0xdf, 0x10, 0xe,
    0xb2, 0xf9, 0x7, 0xf3, 0x8, 0xf2,

    /* U+005F "_" */
    0xaa, 0xaa, 0xaa, 0x6f, 0xff, 0xff, 0xf9,

    /* U+0060 "`" */
    0x7, 0x0, 0x6f, 0x90, 0x9, 0xf3, 0x0, 0x40,

    /* U+0061 "a" */
    0x2, 0xbf, 0xfa, 0x10, 0xc, 0xfa, 0xbf, 0xd0,
    0x0, 0x10, 0xb, 0xf2, 0x3, 0xbe, 0xff, 0xf3,
    0x1f, 0xfb, 0x9d, 0xf3, 0x6f, 0x80, 0xb, 0xf3,
    0x4f, 0xd6, 0x9f, 0xf3, 0x8, 0xef, 0xaa, 0xf3,

    /* U+0062 "b" */
    0x1f, 0xc0, 0x0, 0x0, 0x1, 0xfc, 0x0, 0x0,
    0x0, 0x1f, 0xc0, 0x0, 0x0, 0x1, 0xfc, 0x6e,
    0xfa, 0x0, 0x1f, 0xff, 0xdf, 0xfb, 0x1, 0xff,
    0x30, 0x2f, 0xf1, 0x1f, 0xc0, 0x0, 0xaf, 0x41,
    0xfc, 0x0, 0xa, 0xf4, 0x1f, 0xf3, 0x2, 0xff,
    0x11, 0xff, 0xfc, 0xff, 0xa0, 0x1f, 0xc6, 0xef,
    0x90, 0x0,

    /* U+0063 "c" */
    0x0, 0x8e, 0xfc, 0x40, 0xb, 0xfe, 0xcf, 0xf3,
    0x3f, 0xd1, 0x4, 0x70, 0x6f, 0x80, 0x0, 0x0,
    0x6f, 0x80, 0x0, 0x0, 0x3f, 0xd0, 0x4, 0x60,
    0xb, 0xfe, 0xcf, 0xf3, 0x0, 0x8e, 0xfc, 0x40,

    /* U+0064 "d" */
    0x0, 0x0, 0x0, 0xef, 0x0, 0x0, 0x0, 0xef,
    0x0, 0x0, 0x0, 0xef, 0x1, 0xaf, 0xe5, 0xef,
    0xc, 0xff, 0xdf, 0xff, 0x3f, 0xe1, 0x5, 0xff,
    0x6f, 0x80, 0x0, 0xef, 0x6f, 0x80, 0x0, 0xef,
    0x3f, 0xc0, 0x3, 0xff, 0xc, 0xfd, 0x9e, 0xff,
    0x1, 0xaf, 0xe6, 0xef,

    /* U+0065 "e" */
    0x0, 0x9e, 0xfc, 0x40, 0xb, 0xfc, 0x9e, 0xf3,
    0x3f, 0xb0, 0x3, 0xfa, 0x6f, 0xff, 0xff, 0xfb,
    0x6f, 0xc8, 0x88, 0x85, 0x3f, 0xd0, 0x1, 0x60,
    0xb, 0xfd, 0xae, 0xf4, 0x0, 0x8e, 0xfd, 0x50,

    /* U+0066 "f" */
    0x0, 0x16, 0x71, 0x1, 0xef, 0xf5, 0x7, 0xfa,
    0x42, 0x9, 0xf4, 0x0, 0xcf, 0xff, 0xf4, 0x9e,
    0xfd, 0xc3, 0x9, 0xf4, 0x0, 0x9, 0xf4, 0x0,
    0x9, 0xf4, 0x0, 0x9, 0xf4, 0x0, 0x9, 0xf4,
    0x0, 0x9, 0xf4, 0x0,

    /* U+0067 "g" */
    0x1, 0xbf, 0xe4, 0xef, 0xc, 0xff, 0xdf, 0xff,
    0x3f, 0xd1, 0x5, 0xff, 0x6f, 0x80, 0x0, 0xef,
    0x6f, 0x80, 0x0, 0xef, 0x3f, 0xd1, 0x4, 0xff,
    0xc, 0xff, 0xdf, 0xff, 0x1, 0xaf, 0xe5, 0xef,
    0x2, 0x40, 0x2, 0xfc, 0xd, 0xfc, 0xaf, 0xf5,
    0x1, 0xae, 0xfc, 0x50,

    /* U+0068 "h" */
    0x1f, 0xc0, 0x0, 0x0, 0x1f, 0xc0, 0x0, 0x0,
    0x1f, 0xc0, 0x0, 0x0, 0x1f, 0xc6, 0xee, 0x90,
    0x1f, 0xff, 0xcf, 0xf7, 0x1f, 0xf2, 0x5, 0xfb,
    0x1f, 0xc0, 0x1, 0xfc, 0x1f, 0xc0, 0x1, 0xfc,
    0x1f, 0xc0, 0x1, 0xfc, 0x1f, 0xc0, 0x1, 0xfc,
    0x1f, 0xc0, 0x1, 0xfc,

    /* U+0069 "i" */
    0x5, 0x50, 0x1f, 0xf1, 0xa, 0x90, 0x0, 0x0,
    0xf, 0xe0, 0xf, 0xe0, 0xf, 0xe0, 0xf, 0xe0,
    0xf, 0xe0, 0xf, 0xe0, 0xf, 0xe0, 0xf, 0xe0,

    /* U+006A "j" */
    0x0, 0x55, 0x0, 0x1f, 0xf1, 0x0, 0x99, 0x0,
    0x0, 0x0, 0x0, 0xef, 0x0, 0xe, 0xf0, 0x0,
    0xef, 0x0, 0xe, 0xf0, 0x0, 0xef, 0x0, 0xe,
    0xf0, 0x0, 0xef, 0x0, 0xe, 0xf0, 0x0, 0xfe,
    0xc, 0xef, 0xb0, 0xcf, 0xc2, 0x0,

    /* U+006B "k" */
    0x1f, 0xc0, 0x0, 0x0, 0x1, 0xfc, 0x0, 0x0,
    0x0, 0x1f, 0xc0, 0x0, 0x0, 0x1, 0xfc, 0x0,
    0xcf, 0x70, 0x1f, 0xc0, 0xaf, 0x70, 0x1, 0xfc,
    0x9f, 0x80, 0x0, 0x1f, 0xff, 0xf5, 0x0, 0x1,
    0xff, 0xcf, 0xe1, 0x0, 0x1f, 0xd0, 0xaf, 0x90,
    0x1, 0xfc, 0x1, 0xff, 0x30, 0x1f, 0xc0, 0x7,
    0xfd, 0x0,

    /* U+006C "l" */
    0x1f, 0xc0, 0x1f, 0xc0, 0x1f, 0xc0, 0x1f, 0xc0,
    0x1f, 0xc0, 0x1f, 0xc0, 0x1f, 0xc0, 0x1f, 0xc0,
    0x1f, 0xc0, 0x1f, 0xf8, 0x9, 0xfa,

    /* U+006D "m" */
    0x1f, 0xc7, 0xee, 0x73, 0xcf, 0xc2, 0x1, 0xff,
    0xc9, 0xff, 0xfa, 0xbf, 0xc0, 0x1f, 0xe0, 0x9,
    0xf9, 0x0, 0xef, 0x1, 0xfc, 0x0, 0x7f, 0x70,
    0xc, 0xf1, 0x1f, 0xc0, 0x7, 0xf7, 0x0, 0xcf,
    0x11, 0xfc, 0x0, 0x7f, 0x70, 0xc, 0xf1, 0x1f,
    0xc0, 0x7, 0xf7, 0x0, 0xcf, 0x11, 0xfc, 0x0,
    0x7f, 0x70, 0xc, 0xf1,

    /* U+006E "n" */
    0x1f, 0xc8, 0xee, 0x90, 0x1f, 0xfd, 0x9e, 0xf7,
    0x1f, 0xe0, 0x4, 0xfb, 0x1f, 0xc0, 0x1, 0xfc,
    0x1f, 0xc0, 0x1, 0xfc, 0x1f, 0xc0, 0x1, 0xfc,
    0x1f, 0xc0, 0x1, 0xfc, 0x1f, 0xc0, 0x1, 0xfc,

    /* U+006F "o" */
    0x0, 0x8e, 0xfc, 0x50, 0x0, 0xbf, 0xec, 0xff,
    0x50, 0x3f, 0xd1, 0x5, 0xfc, 0x6, 0xf8, 0x0,
    0xe, 0xf0, 0x6f, 0x80, 0x0, 0xef, 0x3, 0xfd,
    0x0, 0x4f, 0xd0, 0xb, 0xfe, 0xcf, 0xf5, 0x0,
    0x9, 0xef, 0xd5, 0x0,

    /* U+0070 "p" */
    0x1f, 0xc7, 0xef, 0xa0, 0x1, 0xff, 0xe9, 0xdf,
    0xb0, 0x1f, 0xf1, 0x0, 0xef, 0x11, 0xfc, 0x0,
    0x9, 0xf4, 0x1f, 0xc0, 0x0, 0xaf, 0x41, 0xff,
    0x30, 0x2f, 0xf1, 0x1f, 0xff, 0xcf, 0xfa, 0x1,
    0xfc, 0x7e, 0xf9, 0x0, 0x1f, 0xc0, 0x0, 0x0,
    0x1, 0xfc, 0x0, 0x0, 0x0, 0x1f, 0xc0, 0x0,
    0x0, 0x0,

    /* U+0071 "q" */
    0x1, 0xaf, 0xe5, 0xef, 0xc, 0xff, 0xdf, 0xff,
    0x3f, 0xe1, 0x5, 0xff, 0x6f, 0x80, 0x0, 0xef,
    0x6f, 0x80, 0x0, 0xef, 0x3f, 0xd1, 0x4, 0xff,
    0xc, 0xfe, 0xcf, 0xff, 0x1, 0xaf, 0xe5, 0xef,
    0x0, 0x0, 0x0, 0xef, 0x0, 0x0, 0x0, 0xef,
    0x0, 0x0, 0x0, 0xef,

    /* U+0072 "r" */
    0x1f, 0xc4, 0xcd, 0x1f, 0xef, 0xd9, 0x1f, 0xf5,
    0x0, 0x1f, 0xd0, 0x0, 0x1f, 0xc0, 0x0, 0x1f,
    0xc0, 0x0, 0x1f, 0xc0, 0x0, 0x1f, 0xc0, 0x0,

    /* U+0073 "s" */
    0x5, 0xdf, 0xe8, 0x3, 0xfe, 0xac, 0xf8, 0x5f,
    0x90, 0x6, 0x0, 0xdf, 0xd8, 0x30, 0x0, 0x6b,
    0xff, 0x60, 0x70, 0x2, 0xfd, 0x6f, 0xe9, 0xbf,
    0xa0, 0x6d, 0xfe, 0x91,

    /* U+0074 "t" */
    0x4, 0x82, 0x0, 0x8, 0xf5, 0x0, 0x8, 0xf5,
    0x0, 0xcf, 0xff, 0xf7, 0x9e, 0xfd, 0xc5, 0x8,
    0xf5, 0x0, 0x8, 0xf5, 0x0, 0x8, 0xf5, 0x0,
    0x7, 0xf6, 0x0, 0x5, 0xff, 0xd4, 0x0, 0x9e,
    0xe4,

    /* U+0075 "u" */
    0x2f, 0xb0, 0x2, 0xfb, 0x2f, 0xb0, 0x2, 0xfb,
    0x2f, 0xb0, 0x2, 0xfb, 0x2f, 0xb0, 0x2, 0xfb,
    0x2f, 0xb0, 0x2, 0xfb, 0x1f, 0xd0, 0x5, 0xfb,
    0xd, 0xfb, 0x9f, 0xfb, 0x3, 0xcf, 0xc6, 0xfb,

    /* U+0076 "v" */
    0xcf, 0x40, 0x1, 0xfe, 0x5, 0xf9, 0x0, 0x6f,
    0x80, 0xf, 0xe0, 0xb, 0xf2, 0x0, 0x9f, 0x41,
    0xfc, 0x0, 0x3, 0xfa, 0x6f, 0x60, 0x0, 0xd,
    0xfc, 0xf0, 0x0, 0x0, 0x7f, 0xf9, 0x0, 0x0,
    0x1, 0xff, 0x30, 0x0,

    /* U+0077 "w" */
    0xcf, 0x30, 0xf, 0xf3, 0x0, 0xef, 0x17, 0xf7,
    0x3, 0xff, 0x80, 0x3f, 0xb0, 0x2f, 0xb0, 0x7f,
    0xdc, 0x7, 0xf6, 0x0, 0xdf, 0xc, 0xc8, 0xf1,
    0xbf, 0x10, 0x8, 0xf5, 0xf8, 0x3f, 0x5f, 0xc0,
    0x0, 0x2f, 0xdf, 0x30, 0xfd, 0xf7, 0x0, 0x0,
    0xdf, 0xf0, 0xa, 0xff, 0x20, 0x0, 0x8, 0xfa,
    0x0, 0x6f, 0xd0, 0x0,

    /* U+0078 "x" */
    0x4f, 0xd0, 0x9, 0xf8, 0x0, 0x9f, 0x73, 0xfc,
    0x0, 0x0, 0xdf, 0xdf, 0x20, 0x0, 0x3, 0xff,
    0x60, 0x0, 0x0, 0x6f, 0xf8, 0x0, 0x0, 0x2f,
    0xed, 0xf3, 0x0, 0xc, 0xf5, 0x3f, 0xe1, 0x8,
    0xfa, 0x0, 0x8f, 0xa0,

    /* U+0079 "y" */
    0xbf, 0x50, 0x0, 0xff, 0x15, 0xfa, 0x0, 0x5f,
    0xb0, 0xe, 0xf0, 0xa, 0xf4, 0x0, 0x9f, 0x60,
    0xfe, 0x0, 0x2, 0xfb, 0x5f, 0x80, 0x0, 0xc,
    0xfc, 0xf2, 0x0, 0x0, 0x6f, 0xfb, 0x0, 0x0,
    0x0, 0xff, 0x50, 0x0, 0x0, 0x1f, 0xe0, 0x0,
    0x0, 0x6, 0xf8, 0x0, 0x0, 0x0, 0xdf, 0x20,
    0x0, 0x0,

    /* U+007A "z" */
    0x8f, 0xff, 0xff, 0x96, 0xbb, 0xbf, 0xf6, 0x0,
    0x7, 0xfb, 0x0, 0x3, 0xfe, 0x10, 0x1, 0xef,
    0x30, 0x0, 0xbf, 0x60, 0x0, 0x7f, 0xfb, 0xbb,
    0x89, 0xff, 0xff, 0xfc,

    /* U+007B "{" */
    0x0, 0x5, 0x81, 0x0, 0x9f, 0xf2, 0x0, 0xfe,
    0x10, 0x0, 0xfa, 0x0, 0x1, 0xfa, 0x0, 0x7,
    0xf8, 0x0, 0xcf, 0xc1, 0x0, 0x8e, 0xf4, 0x0,
    0x3, 0xf9, 0x0, 0x1, 0xfa, 0x0, 0x0, 0xfc,
    0x0, 0x0, 0xcf, 0xb1, 0x0, 0x2b, 0xe2,

    /* U+007C "|" */
    0x19, 0x61, 0xfa, 0x1f, 0xa1, 0xfa, 0x1f, 0xa1,
    0xfa, 0x1f, 0xa1, 0xfa, 0x1f, 0xa1, 0xfa, 0x1f,
    0xa1, 0xfa, 0x1f, 0xa0,

    /* U+007D "}" */
    0x67, 0x10, 0x0, 0xcf, 0xe0, 0x0, 0x9, 0xf5,
    0x0, 0x4, 0xf7, 0x0, 0x4, 0xf7, 0x0, 0x2,
    0xfc, 0x10, 0x0, 0x8f, 0xf2, 0x0, 0xcf, 0xc1,
    0x3, 0xf9, 0x0, 0x4, 0xf7, 0x0, 0x6, 0xf6,
    0x0, 0x8e, 0xf3, 0x0, 0xbd, 0x60, 0x0,

    /* U+007E "~" */
    0x4, 0xb9, 0x20, 0x95, 0x3f, 0xff, 0xfe, 0xf9,
    0x3c, 0x23, 0xbf, 0xa0, 0x0, 0x0, 0x0, 0x0,

    /* U+00B0 "°" */
    0x5, 0xdd, 0x50, 0x2f, 0x45, 0xf2, 0x6c, 0x0,
    0xc6, 0x3e, 0x22, 0xf3, 0x8, 0xff, 0x70, 0x0,
    0x0, 0x0,

    /* U+00B7 "·" */
    0x12, 0x19, 0xf9, 0x9f, 0x90,

    /* U+3002 "。" */
    0x0, 0x10, 0x2, 0xdc, 0xd2, 0x96, 0x6, 0x99,
    0x70, 0x79, 0x1b, 0xeb, 0x10,

    /* U+4E00 "一" */
    0x2b, 0xbb, 0xbb, 0xbb, 0xbb, 0xbb, 0xb1, 0x3f,
    0xff, 0xff, 0xff, 0xff, 0xff, 0xf2, 0x0, 0x0,
    0x0, 0x0, 0x0, 0x0, 0x0,

    /* U+4E09 "三" */
    0x5, 0xff, 0xff, 0xff, 0xff, 0xff, 0x50, 0x4,
    0xbb, 0xbb, 0xbb, 0xbb, 0xbb, 0x40, 0x0, 0x0,
    0x0, 0x0, 0x0, 0x0, 0x0, 0x0, 0x0, 0x0,
    0x0, 0x0, 0x0, 0x0, 0x0, 0x69, 0x99, 0x99,
    0x99, 0x96, 0x0, 0x0, 0xbf, 0xff, 0xff, 0xff,
    0xfc, 0x0, 0x0, 0x0, 0x0, 0x0, 0x0, 0x0,
    0x0, 0x0, 0x0, 0x0, 0x0, 0x0, 0x0, 0x0,
    0x0, 0x0, 0x0, 0x0, 0x0, 0x0, 0x0, 0x1a,
    0xaa, 0xaa, 0xaa, 0xaa, 0xaa, 0xa1, 0x2f, 0xff,
    0xff, 0xff, 0xff, 0xff, 0xf2, 0x0, 0x0, 0x0,
    0x0, 0x0, 0x0, 0x0,

    /* U+4E0A "上" */
    0x0, 0x0, 0x5, 0xf7, 0x0, 0x0, 0x0, 0x0,
    0x0, 0x5, 0xf7, 0x0, 0x0, 0x0, 0x0, 0x0,
    0x5, 0xf7, 0x0, 0x0, 0x0, 0x0, 0x0, 0x5,
    0xf7, 0x0, 0x0, 0x0, 0x0, 0x0, 0x5, 0xff,
    0xff, 0xff, 0x70, 0x0, 0x0, 0x5, 0xfc, 0x99,
    0x99, 0x40, 0x0, 0x0, 0x5, 0xf7, 0x0, 0x0,
    0x0, 0x0, 0x0, 0x5, 0xf7, 0x0, 0x0, 0x0,
    0x0, 0x0, 0x5, 0xf7, 0x0, 0x0, 0x0, 0x0,
    0x0, 0x5, 0xf7, 0x0, 0x0, 0x0, 0x1, 0x11,
    0x16, 0xf7, 0x11, 0x11, 0x10, 0x2f, 0xff, 0xff,
    0xff, 0xff, 0xff, 0xf2, 0x1a, 0xaa, 0xaa, 0xaa,
    0xaa, 0xaa, 0xa1,

    /* U+4E0B "下" */
    0x0, 0x0, 0x0, 0x0, 0x0, 0x0, 0x0, 0x2f,
    0xff, 0xff, 0xff, 0xff, 0xff, 0xf2, 0x18, 0x88,
    0x8a, 0xfc, 0x88, 0x88, 0x81, 0x0, 0x0, 0x4,
    0xf7, 0x0, 0x0, 0x0, 0x0, 0x0, 0x4, 0xf7,
    0x70, 0x0, 0x0, 0x0, 0x0, 0x4, 0xfd, 0xfd,
    0x20, 0x0, 0x0, 0x0, 0x4, 0xf7, 0x6f, 0xf5,
    0x0, 0x0, 0x0, 0x4, 0xf7, 0x3, 0xef, 0x60,
    0x0, 0x0, 0x4, 0xf7, 0x0, 0x1b, 0x10, 0x0,
    0x0, 0x4, 0xf7, 0x0, 0x0, 0x0, 0x0, 0x0,
    0x4, 0xf7, 0x0, 0x0, 0x0, 0x0, 0x0, 0x4,
    0xf7, 0x0, 0x0, 0x0, 0x0, 0x0, 0x4, 0xf7,
    0x0, 0x0, 0x0,

    /* U+4E0D "不" */
    0xc, 0xff, 0xff, 0xff, 0xff, 0xff, 0xe0, 0x7,
    0x99, 0x99, 0xcf, 0xc9, 0x99, 0x80, 0x0, 0x0,
    0x0, 0xdf, 0x10, 0x0, 0x0, 0x0, 0x0, 0x9,
    0xfe, 0x0, 0x0, 0x0, 0x0, 0x0, 0x6f, 0xfe,
    0x49, 0x0, 0x0, 0x0, 0x6, 0xfc, 0xde, 0x9f,
    0xb0, 0x0, 0x0, 0x8f, 0xc0, 0xde, 0x8, 0xfd,
    0x10, 0xb, 0xfc, 0x10, 0xde, 0x0, 0x7f, 0xe1,
    0xb, 0xa0, 0x0, 0xde, 0x0, 0x6, 0xa0, 0x0,
    0x0, 0x0, 0xde, 0x0, 0x0, 0x0, 0x0, 0x0,
    0x0, 0xde, 0x0, 0x0, 0x0, 0x0, 0x0, 0x0,
    0xde, 0x0, 0x0, 0x0,

    /* U+4E0E "与" */
    0x0, 0xf, 0xc0, 0x0, 0x0, 0x0, 0x0, 0x0,
    0xff, 0xff, 0xff, 0xff, 0xfe, 0x0, 0x2f, 0xc7,
    0x77, 0x77, 0x77, 0x70, 0x3, 0xf8, 0x0, 0x0,
    0x0, 0x0, 0x0, 0x4f, 0xff, 0xff, 0xff, 0xff,
    0x80, 0x3, 0xaa, 0xaa, 0xaa, 0xab, 0xf7, 0x0,
    0x0, 0x0, 0x0, 0x0, 0x5f, 0x61, 0xff, 0xff,
    0xff, 0xff, 0xe6, 0xf5, 0x9, 0x99, 0x99, 0x99,
    0x98, 0x7f, 0x40, 0x0, 0x0, 0x0, 0x0, 0x9,
    0xf3, 0x0, 0x0, 0x0, 0x2a, 0xab, 0xff, 0x10,
    0x0, 0x0, 0x1, 0xff, 0xfe, 0x70,

    /* U+4E13 "专" */
    0x0, 0x0, 0xa, 0xe1, 0x0, 0x0, 0x0, 0x4,
    0x88, 0x8f, 0xf8, 0x88, 0x88, 0x40, 0x8, 0xff,
    0xff, 0xff, 0xff, 0xff, 0x80, 0x0, 0x0, 0x9f,
    0x30, 0x0, 0x0, 0x0, 0x3f, 0xff, 0xff, 0xff,
    0xff, 0xff, 0xf3, 0x19, 0x9c, 0xfb, 0x99, 0x99,
    0x99, 0x91, 0x0, 0xc, 0xf2, 0x0, 0x0, 0x0,
    0x0, 0x0, 0xf, 0xff, 0xff, 0xff, 0xff, 0x0,
    0x0, 0x7, 0x77, 0x77, 0x7c, 0xfd, 0x0, 0x0,
    0x2d, 0x72, 0x0, 0xaf, 0xb1, 0x0, 0x0, 0x4d,
    0xff, 0xdd, 0xf7, 0x0, 0x0, 0x0, 0x0, 0x38,
    0xdf, 0xfd, 0x70, 0x0, 0x0, 0x0, 0x0, 0x3,
    0x8e, 0xe0, 0x0, 0x0, 0x0, 0x0, 0x0, 0x0,
    0x20, 0x0,

    /* U+4E24 "两" */
    0x2f, 0xff, 0xff, 0xff, 0xff, 0xff, 0xf1, 0x7,
    0x77, 0xaf, 0x77, 0xfa, 0x77, 0x70, 0x2, 0x55,
    0xaf, 0x56, 0xf9, 0x55, 0x20, 0x8, 0xff, 0xff,
    0xff, 0xff, 0xff, 0x70, 0x8, 0xf1, 0xaf, 0x14,
    0xf6, 0x2f, 0x70, 0x8, 0xf0, 0xbe, 0x14, 0xf3,
    0x1f, 0x70, 0x8, 0xf0, 0xef, 0xc9, 0xfc, 0x1f,
    0x70, 0x8, 0xf5, 0xf8, 0xbe, 0xcf, 0xcf, 0x70,
    0x8, 0xfe, 0xd0, 0x7f, 0x45, 0xdf, 0x70, 0x8,
    0xfb, 0x30, 0xeb, 0x0, 0x1f, 0x70, 0x8, 0xf0,
    0x0, 0x22, 0x16, 0x8f, 0x70, 0x8, 0xf0, 0x0,
    0x0, 0x2f, 0xfd, 0x20, 0x0, 0x0, 0x0, 0x0,
    0x0, 0x0, 0x0,

    /* U+4E2A "个" */
    0x0, 0x0, 0x1, 0xed, 0x0, 0x0, 0x0, 0x0,
    0x0, 0xb, 0xff, 0xa0, 0x0, 0x0, 0x0, 0x0,
    0x9f, 0x9b, 0xf8, 0x0, 0x0, 0x0, 0x9, 0xfb,
    0x0, 0xdf, 0x90, 0x0, 0x1, 0xbf, 0xc0, 0x11,
    0x1d, 0xfb, 0x10, 0x3e, 0xfa, 0x0, 0xed, 0x1,
    0xbf, 0xe2, 0xe, 0x70, 0x0, 0xed, 0x0, 0x8,
    0xd0, 0x0, 0x0, 0x0, 0xed, 0x0, 0x0, 0x0,
    0x0, 0x0, 0x0, 0xed, 0x0, 0x0, 0x0, 0x0,
    0x0, 0x0, 0xed, 0x0, 0x0, 0x0, 0x0, 0x0,
    0x0, 0xed, 0x0, 0x0, 0x0, 0x0, 0x0, 0x0,
    0xed, 0x0, 0x0, 0x0, 0x0, 0x0, 0x0, 0xed,
    0x0, 0x0, 0x0,

    /* U+4E2D "中" */
    0x0, 0x0, 0xe, 0xc0, 0x0, 0x0, 0x0, 0x0,
    0xe, 0xc0, 0x0, 0x0, 0x48, 0x88, 0x8f, 0xe8,
    0x88, 0x84, 0x8f, 0xff, 0xff, 0xff, 0xff, 0xf8,
    0x8f, 0x10, 0xe, 0xc0, 0x1, 0xf8, 0x8f, 0x10,
    0xe, 0xc0, 0x1, 0xf8, 0x8f, 0x10, 0xe, 0xc0,
    0x1, 0xf8, 0x8f, 0x99, 0x9f, 0xe9, 0x99, 0xf8,
    0x8f, 0xff, 0xff, 0xff, 0xff, 0xf8, 0x0, 0x0,
    0xe, 0xc0, 0x0, 0x0, 0x0, 0x0, 0xe, 0xc0,
    0x0, 0x0, 0x0, 0x0, 0xe, 0xc0, 0x0, 0x0,
    0x0, 0x0, 0xe, 0xc0, 0x0, 0x0,

    /* U+4E3A "为" */
    0x0, 0x0, 0x0, 0x0, 0x0, 0x0, 0x6, 0xa0,
    0x3f, 0x70, 0x0, 0x0, 0x7, 0xf9, 0x4f, 0x60,
    0x0, 0x0, 0x0, 0x98, 0x5f, 0x50, 0x0, 0x0,
    0x9f, 0xff, 0xff, 0xff, 0xff, 0xfb, 0x6a, 0xaa,
    0xdf, 0xaa, 0xaa, 0xfa, 0x0, 0x0, 0xbf, 0x0,
    0x0, 0xfa, 0x0, 0x0, 0xfc, 0xaa, 0x0, 0xf9,
    0x0, 0x5, 0xf7, 0x9f, 0x81, 0xf8, 0x0, 0xc,
    0xf1, 0xb, 0xd3, 0xf7, 0x0, 0x7f, 0x80, 0x0,
    0x13, 0xf7, 0x5, 0xfd, 0x0, 0x0, 0x4, 0xf6,
    0x6f, 0xe2, 0x0, 0xaa, 0xae, 0xf4, 0x9e, 0x20,
    0x0, 0xdf, 0xfe, 0x90, 0x1, 0x0, 0x0, 0x0,
    0x0, 0x0,

    /* U+4E3B "主" */
    0x0, 0x0, 0x0, 0x0, 0x0, 0x0, 0x0, 0x0,
    0x0, 0x2, 0xe9, 0x0, 0x0, 0x0, 0x0, 0x0,
    0x0, 0xdf, 0x0, 0x0, 0x0, 0x5, 0x99, 0x99,
    0xcb, 0x99, 0x99, 0x50, 0x9, 0xff, 0xff, 0xff,
    0xff, 0xff, 0xa0, 0x0, 0x0, 0x0, 0xdd, 0x0,
    0x0, 0x0, 0x0, 0x0, 0x0, 0xdd, 0x0, 0x0,
    0x0, 0x0, 0x88, 0x88, 0xee, 0x88, 0x88, 0x0,
    0x0, 0xff, 0xff, 0xff, 0xff, 0xff, 0x0, 0x0,
    0x0, 0x0, 0xdd, 0x0, 0x0, 0x0, 0x0, 0x0,
    0x0, 0xdd, 0x0, 0x0, 0x0, 0x0, 0x0, 0x0,
    0xdd, 0x0, 0x0, 0x0, 0x1f, 0xff, 0xff, 0xff,
    0xff, 0xff, 0xf1, 0x7, 0x77, 0x77, 0x77, 0x77,
    0x77, 0x70,

    /* U+4E45 "久" */
    0x0, 0x0, 0x0, 0x0, 0x0, 0x0, 0x0, 0x0,
    0x0, 0x9e, 0x20, 0x0, 0x0, 0x0, 0x0, 0x1,
    0xfd, 0x0, 0x0, 0x0, 0x0, 0x0, 0x8, 0xff,
    0xff, 0xff, 0x20, 0x0, 0x0, 0x3f, 0xd9, 0x99,
    0xff, 0x10, 0x0, 0x0, 0xdf, 0x30, 0x3, 0xfb,
    0x0, 0x0, 0x9, 0xf7, 0x0, 0xb, 0xf3, 0x0,
    0x0, 0x1, 0x80, 0x0, 0x6f, 0xb0, 0x0, 0x0,
    0x0, 0x0, 0x2, 0xff, 0xe1, 0x0, 0x0, 0x0,
    0x0, 0x2e, 0xf8, 0xfb, 0x0, 0x0, 0x0, 0x4,
    0xef, 0x60, 0x9f, 0xa0, 0x0, 0x0, 0x8f, 0xf5,
    0x0, 0xb, 0xfc, 0x20, 0x1e, 0xfd, 0x20, 0x0,
    0x0, 0xaf, 0xf1, 0xa, 0x80, 0x0, 0x0, 0x0,
    0x7, 0x80, 0x0, 0x0, 0x0, 0x0, 0x0, 0x0,
    0x0,

    /* U+4E49 "义" */
    0x0, 0x0, 0x4, 0xb0, 0x0, 0x0, 0x0, 0x0,
    0x57, 0x6, 0xf7, 0x0, 0xd7, 0x0, 0x0, 0xbf,
    0x10, 0xcf, 0x14, 0xf9, 0x0, 0x0, 0x5f, 0x70,
    0x3e, 0x39, 0xf4, 0x0, 0x0, 0xe, 0xe0, 0x0,
    0xe, 0xe0, 0x0, 0x0, 0x6, 0xf8, 0x0, 0x7f,
    0x70, 0x0, 0x0, 0x0, 0xdf, 0x31, 0xfe, 0x0,
    0x0, 0x0, 0x0, 0x3f, 0xec, 0xf5, 0x0, 0x0,
    0x0, 0x0, 0x6, 0xff, 0xa0, 0x0, 0x0, 0x0,
    0x0, 0x5e, 0xff, 0xf7, 0x0, 0x0, 0x0, 0x4c,
    0xff, 0x73, 0xef, 0xe7, 0x10, 0x1d, 0xff, 0xb2,
    0x0, 0x8, 0xff, 0xf1, 0xb, 0xb3, 0x0, 0x0,
    0x0, 0x19, 0xa0, 0x0, 0x0, 0x0, 0x0, 0x0,
    0x0, 0x0,

    /* U+4E50 "乐" */
    0x0, 0x0, 0x1, 0x24, 0x57, 0x98, 0x0, 0x0,
    0xdf, 0xff, 0xff, 0xff, 0xfd, 0x0, 0x0, 0xfd,
    0x98, 0x65, 0x42, 0x0, 0x0, 0x1, 0xf9, 0x0,
    0x7d, 0x10, 0x0, 0x0, 0x3, 0xf7, 0x0, 0x9f,
    0x10, 0x0, 0x0, 0x4, 0xfb, 0x88, 0xcf, 0x98,
    0x88, 0x50, 0x6, 0xff, 0xff, 0xff, 0xff, 0xff,
    0xa0, 0x0, 0x3, 0x0, 0x9f, 0x10, 0x10, 0x0,
    0x0, 0x2f, 0x90, 0x9f, 0x1b, 0xd1, 0x0, 0x0,
    0xbf, 0x30, 0x9f, 0x14, 0xfc, 0x0, 0x8, 0xf7,
    0x0, 0x9f, 0x10, 0x8f, 0x80, 0x2f, 0xa0, 0x8b,
    0xef, 0x0, 0xc, 0xf1, 0x3, 0x0, 0x9f, 0xfa,
    0x0, 0x1, 0x20,

    /* U+4E8E "于" */
    0x2, 0xff, 0xff, 0xff, 0xff, 0xff, 0x20, 0x1,
    0x88, 0x88, 0xdf, 0x98, 0x88, 0x10, 0x0, 0x0,
    0x0, 0xaf, 0x10, 0x0, 0x0, 0x0, 0x0, 0x0,
    0xaf, 0x10, 0x0, 0x0, 0x19, 0x99, 0x99, 0xdf,
    0xa9, 0x99, 0x91, 0x1f, 0xff, 0xff, 0xff, 0xff,
    0xff, 0xf1, 0x0, 0x0, 0x0, 0xaf, 0x10, 0x0,
    0x0, 0x0, 0x0, 0x0, 0xaf, 0x10, 0x0, 0x0,
    0x0, 0x0, 0x0, 0xaf, 0x10, 0x0, 0x0, 0x0,
    0x0, 0x0, 0xaf, 0x10, 0x0, 0x0, 0x0, 0x5,
    0xaa, 0xff, 0x0, 0x0, 0x0, 0x0, 0x5, 0xff,
    0xf8, 0x0, 0x0, 0x0,

    /* U+4E91 "云" */
    0x0, 0xff, 0xff, 0xff, 0xff, 0xff, 0x0, 0x0,
    0x88, 0x88, 0x88, 0x88, 0x88, 0x0, 0x0, 0x0,
    0x0, 0x0, 0x0, 0x0, 0x0, 0x18, 0x88, 0x88,
    0x88, 0x88, 0x88, 0x81, 0x2f, 0xff, 0xff, 0xff,
    0xff, 0xff, 0xf2, 0x1, 0x11, 0x4f, 0xb1, 0x11,
    0x11, 0x10, 0x0, 0x0, 0xdf, 0x10, 0x7c, 0x0,
    0x0, 0x0, 0x9, 0xf6, 0x0, 0x5f, 0x80, 0x0,
    0x0, 0x6f, 0xa0, 0x0, 0xb, 0xf3, 0x0, 0x3,
    0xff, 0xab, 0xcd, 0xff, 0xfd, 0x0, 0x1, 0xff,
    0xfd, 0xcb, 0x98, 0x9f, 0x80, 0x0, 0x10, 0x0,
    0x0, 0x0, 0x9, 0x20,

    /* U+4E92 "互" */
    0xb, 0xff, 0xff, 0xff, 0xff, 0xff, 0xc0, 0x6,
    0x8c, 0xfa, 0x88, 0x88, 0x88, 0x60, 0x0, 0xa,
    0xf1, 0x0, 0x0, 0x0, 0x0, 0x0, 0xd, 0xff,
    0xff, 0xff, 0xf6, 0x0, 0x0, 0xf, 0xd8, 0x88,
    0x8b, 0xf4, 0x0, 0x0, 0x2f, 0x70, 0x0, 0x6,
    0xf3, 0x0, 0x0, 0x5f, 0xa8, 0x88, 0x8b, 0xf2,
    0x0, 0x0, 0x8f, 0xff, 0xff, 0xff, 0xf1, 0x0,
    0x0, 0x0, 0x0, 0x0, 0xa, 0xf0, 0x0, 0x0,
    0x0, 0x0, 0x0, 0xb, 0xf0, 0x0, 0x3f, 0xff,
    0xff, 0xff, 0xff, 0xff, 0xf3, 0x17, 0x77, 0x77,
    0x77, 0x77, 0x77, 0x71,

    /* U+4EA4 "交" */
    0x0, 0x0, 0x0, 0x98, 0x0, 0x0, 0x0, 0x0,
    0x11, 0x11, 0xdf, 0x11, 0x11, 0x0, 0xe, 0xff,
    0xff, 0xff, 0xff, 0xff, 0xe0, 0x7, 0x88, 0xa8,
    0x88, 0xaa, 0x88, 0x70, 0x0, 0x3, 0xea, 0x0,
    0xcf, 0x50, 0x0, 0x0, 0x5f, 0xe2, 0x0, 0x2d,
    0xf9, 0x0, 0x9, 0xfd, 0x63, 0x0, 0x45, 0xaf,
    0xb0, 0x7, 0xa1, 0xed, 0x0, 0xde, 0x7, 0x50,
    0x0, 0x0, 0x5f, 0xaa, 0xf5, 0x0, 0x0, 0x0,
    0x0, 0x8, 0xff, 0x80, 0x0, 0x0, 0x0, 0x0,
    0x6e, 0xff, 0xe7, 0x10, 0x0, 0x6, 0xaf, 0xfd,
    0x34, 0xdf, 0xfc, 0x80, 0xe, 0xfb, 0x40, 0x0,
    0x4, 0xaf, 0xe0, 0x2, 0x0, 0x0, 0x0, 0x0,
    0x0, 0x10,

    /* U+4EA7 "产" */
    0x0, 0x0, 0x0, 0x8e, 0x20, 0x0, 0x0, 0x6,
    0x88, 0x88, 0xbf, 0xb8, 0x88, 0x81, 0xd, 0xff,
    0xff, 0xff, 0xff, 0xff, 0xf2, 0x0, 0x1, 0xf9,
    0x0, 0x2f, 0x80, 0x0, 0x0, 0x0, 0xdc, 0x0,
    0x5f, 0x40, 0x0, 0x0, 0x99, 0xef, 0x99, 0xcf,
    0xa9, 0x80, 0x0, 0xff, 0xff, 0xff, 0xff, 0xff,
    0xe0, 0x0, 0xf9, 0x0, 0x0, 0x0, 0x0, 0x0,
    0x0, 0xf9, 0x0, 0x0, 0x0, 0x0, 0x0, 0x1,
    0xf8, 0x0, 0x0, 0x0, 0x0, 0x0, 0x5, 0xf5,
    0x0, 0x0, 0x0, 0x0, 0x0, 0xc, 0xf0, 0x0,
    0x0, 0x0, 0x0, 0x0, 0x1d, 0x80, 0x0, 0x0,
    0x0, 0x0, 0x0, 0x0, 0x0, 0x0, 0x0, 0x0,
    0x0, 0x0,

    /* U+4EAE "亮" */
    0x0, 0x0, 0x0, 0x1, 0x0, 0x0, 0x0, 0x0,
    0x0, 0x0, 0xee, 0x0, 0x0, 0x0, 0xf, 0xff,
    0xff, 0xff, 0xff, 0xff, 0xf0, 0x5, 0x55, 0x55,
    0x55, 0x55, 0x55, 0x50, 0x0, 0x5f, 0xff, 0xff,
    0xff, 0xf6, 0x0, 0x0, 0x6f, 0x53, 0x33, 0x34,
    0xf6, 0x0, 0x0, 0x6f, 0xff, 0xff, 0xff, 0xf6,
    0x0, 0x3, 0x44, 0x44, 0x44, 0x44, 0x44, 0x30,
    0xe, 0xff, 0xff, 0xff, 0xff, 0xff, 0xe0, 0xe,
    0xa0, 0x44, 0x44, 0x43, 0xa, 0xe0, 0x2, 0x12,
    0xff, 0xff, 0xfc, 0x3, 0x40, 0x0, 0x5, 0xf5,
    0x0, 0xbc, 0x6, 0xf0, 0x2, 0x8f, 0xe1, 0x0,
    0xbe, 0x6b, 0xf0, 0xe, 0xfb, 0x20, 0x0, 0x6f,
    0xff, 0x80, 0x3, 0x10, 0x0, 0x0, 0x0, 0x0,
    0x0,

    /* U+4EBA "人" */
    0x0, 0x0, 0x0, 0xfc, 0x0, 0x0, 0x0, 0x0,
    0x0, 0x0, 0xfc, 0x0, 0x0, 0x0, 0x0, 0x0,
    0x0, 0xfc, 0x0, 0x0, 0x0, 0x0, 0x0, 0x1,
    0xfd, 0x0, 0x0, 0x0, 0x0, 0x0, 0x4, 0xff,
    0x10, 0x0, 0x0, 0x0, 0x0, 0x7, 0xff, 0x60,
    0x0, 0x0, 0x0, 0x0, 0xd, 0xfe, 0xd0, 0x0,
    0x0, 0x0, 0x0, 0x5f, 0x97, 0xf6, 0x0, 0x0,
    0x0, 0x2, 0xee, 0x10, 0xdf, 0x30, 0x0, 0x0,
    0x1e, 0xf5, 0x0, 0x4f, 0xe2, 0x0, 0x4, 0xef,
    0x80, 0x0, 0x6, 0xff, 0x50, 0xe, 0xf8, 0x0,
    0x0, 0x0, 0x7f, 0xe0, 0x5, 0x60, 0x0, 0x0,
    0x0, 0x6, 0x40,

    /* U+4EC1 "仁" */
    0x0, 0x6, 0x80, 0x0, 0x0, 0x0, 0x0, 0x0,
    0xe, 0xd0, 0x11, 0x11, 0x11, 0x10, 0x0, 0x4f,
    0x85, 0xff, 0xff, 0xff, 0xe0, 0x0, 0xbf, 0x23,
    0x88, 0x88, 0x88, 0x80, 0x4, 0xff, 0x0, 0x0,
    0x0, 0x0, 0x0, 0xc, 0xff, 0x0, 0x0, 0x0,
    0x0, 0x0, 0x5f, 0xff, 0x0, 0x0, 0x0, 0x0,
    0x0, 0x2d, 0x9f, 0x0, 0x0, 0x0, 0x0, 0x0,
    0x2, 0x8f, 0x0, 0x0, 0x0, 0x0, 0x0, 0x0,
    0x8f, 0x0, 0x0, 0x0, 0x0, 0x0, 0x0, 0x8f,
    0x9, 0x99, 0x99, 0x99, 0x93, 0x0, 0x8f, 0xf,
    0xff, 0xff, 0xff, 0xf6, 0x0, 0x8f, 0x0, 0x0,
    0x0, 0x0, 0x0,

    /* U+4EC5 "仅" */
    0x0, 0x9, 0x70, 0x0, 0x0, 0x0, 0x0, 0x0,
    0x1f, 0x96, 0xff, 0xff, 0xff, 0xe0, 0x0, 0x7f,
    0x36, 0xfb, 0x99, 0x9e, 0xd0, 0x0, 0xdf, 0x3,
    0xf8, 0x0, 0xf, 0xa0, 0x6, 0xfe, 0x0, 0xed,
    0x0, 0x4f, 0x50, 0x1e, 0xfe, 0x0, 0x9f, 0x30,
    0xaf, 0x0, 0x2f, 0xde, 0x0, 0x2f, 0xb3, 0xf9,
    0x0, 0x8, 0xae, 0x0, 0xa, 0xfe, 0xf2, 0x0,
    0x0, 0xae, 0x0, 0x2, 0xff, 0x70, 0x0, 0x0,
    0xae, 0x0, 0x1b, 0xff, 0xe3, 0x0, 0x0, 0xae,
    0x4, 0xef, 0xa5, 0xff, 0x60, 0x0, 0xae, 0x7f,
    0xf7, 0x0, 0x4e, 0xf7, 0x0, 0xae, 0x2d, 0x30,
    0x0, 0x1, 0xa1, 0x0, 0x0, 0x0, 0x0, 0x0,
    0x0, 0x0,

    /* U+4ECA "今" */
    0x0, 0x0, 0x1, 0xee, 0x10, 0x0, 0x0, 0x0,
    0x0, 0xc, 0xff, 0xc0, 0x0, 0x0, 0x0, 0x1,
    0xcf, 0x45, 0xfc, 0x10, 0x0, 0x0, 0x3e, 0xf5,
    0x20, 0x6f, 0xe3, 0x0, 0x19, 0xfe, 0x45, 0xf3,
    0x5, 0xff, 0x91, 0x2f, 0xb1, 0x0, 0xde, 0x10,
    0x2c, 0xf1, 0x3, 0x0, 0x0, 0x2a, 0x0, 0x0,
    0x30, 0x0, 0xef, 0xff, 0xff, 0xff, 0xf9, 0x0,
    0x0, 0x89, 0x99, 0x99, 0x9d, 0xf8, 0x0, 0x0,
    0x0, 0x0, 0x0, 0x3f, 0xc0, 0x0, 0x0, 0x0,
    0x0, 0x2, 0xee, 0x20, 0x0, 0x0, 0x0, 0x0,
    0x1d, 0xf4, 0x0, 0x0, 0x0, 0x0, 0x0, 0x5e,
    0x60, 0x0, 0x0, 0x0, 0x0, 0x0, 0x0, 0x0,
    0x0, 0x0,

    /* U+4ECD "仍" */
    0x0, 0x1a, 0x30, 0x0, 0x0, 0x0, 0x0, 0x6,
    0xf5, 0xff, 0xff, 0xff, 0xe0, 0x0, 0xbf, 0x18,
    0xfd, 0x88, 0xed, 0x0, 0x2f, 0xa0, 0xe, 0xa0,
    0x1f, 0x70, 0x9, 0xf9, 0x0, 0xea, 0x7, 0xf2,
    0x2, 0xff, 0x90, 0xf, 0x90, 0xaf, 0xfc, 0x6e,
    0xf9, 0x0, 0xf9, 0x5, 0x8e, 0xc3, 0x5e, 0x90,
    0x1f, 0x70, 0x0, 0xcb, 0x0, 0xe9, 0x4, 0xf5,
    0x0, 0xd, 0xb0, 0xe, 0x90, 0xaf, 0x10, 0x0,
    0xea, 0x0, 0xe9, 0x2f, 0xb0, 0x0, 0xf, 0x90,
    0xe, 0xad, 0xf3, 0x7, 0xbd, 0xf7, 0x0, 0xea,
    0xa7, 0x0, 0x5c, 0xc9, 0x10, 0x0, 0x0, 0x0,
    0x0, 0x0, 0x0,

    /* U+4ECE "从" */
    0x0, 0x9, 0xf0, 0x0, 0xbe, 0x0, 0x0, 0x0,
    0xa, 0xf0, 0x0, 0xbe, 0x0, 0x0, 0x0, 0xb,
    0xe0, 0x0, 0xce, 0x0, 0x0, 0x0, 0xc, 0xe0,
    0x0, 0xcf, 0x0, 0x0, 0x0, 0xd, 0xf5, 0x0,
    0xef, 0x20, 0x0, 0x0, 0xf, 0xff, 0x40, 0xff,
    0x50, 0x0, 0x0, 0x2f, 0x9e, 0xf6, 0xff, 0x90,
    0x0, 0x0, 0x6f, 0x53, 0xba, 0xfb, 0xe0, 0x0,
    0x0, 0xcf, 0x0, 0x2f, 0xa5, 0xf6, 0x0, 0x3,
    0xfa, 0x0, 0xbf, 0x30, 0xee, 0x10, 0xc, 0xf3,
    0x7, 0xfa, 0x0, 0x5f, 0xc0, 0x2f, 0xb0, 0x1f,
    0xe1, 0x0, 0xb, 0xf2, 0x2, 0x20, 0x5, 0x30,
    0x0, 0x0, 0x50,

    /* U+4EE4 "令" */
    0x0, 0x0, 0x1, 0xee, 0x10, 0x0, 0x0, 0x0,
    0x0, 0x1d, 0xff, 0xc1, 0x0, 0x0, 0x0, 0x2,
    0xdf, 0x56, 0xfd, 0x10, 0x0, 0x0, 0x6f, 0xf5,
    0x60, 0x6f, 0xe5, 0x0, 0x2c, 0xfd, 0x34, 0xfa,
    0x4, 0xef, 0xc2, 0x1f, 0x90, 0x0, 0x8f, 0x30,
    0x1a, 0xe1, 0x1, 0x9a, 0xaa, 0xad, 0xaa, 0xa7,
    0x10, 0x0, 0xef, 0xff, 0xff, 0xff, 0xfc, 0x0,
    0x0, 0x2, 0x20, 0x0, 0x3e, 0xf4, 0x0, 0x0,
    0xa, 0xf9, 0x24, 0xff, 0x40, 0x0, 0x0, 0x3,
    0xbf, 0xff, 0xe3, 0x0, 0x0, 0x0, 0x0, 0x3,
    0xcf, 0xf8, 0x0, 0x0, 0x0, 0x0, 0x0, 0x4,
    0xdb, 0x0, 0x0, 0x0, 0x0, 0x0, 0x0, 0x1,
    0x0, 0x0,

    /* U+4EE5 "以" */
    0x0, 0x0, 0x10, 0x0, 0x0, 0x0, 0x9, 0xf1,
    0x5f, 0x20, 0x3, 0xf5, 0x0, 0x9f, 0x10, 0xdc,
    0x0, 0x3f, 0x50, 0x9, 0xf1, 0x5, 0xf6, 0x3,
    0xf5, 0x0, 0x9f, 0x10, 0xc, 0x80, 0x4f, 0x40,
    0x9, 0xf1, 0x0, 0x0, 0x6, 0xf3, 0x0, 0x9f,
    0x10, 0x0, 0x0, 0x9f, 0x10, 0x9, 0xf1, 0x6,
    0x50, 0xd, 0xd0, 0x0, 0x9f, 0x18, 0xfa, 0x3,
    0xf9, 0x0, 0x9, 0xfb, 0xfd, 0x10, 0xdf, 0xf3,
    0x0, 0x9f, 0xfb, 0x1, 0xcf, 0x9f, 0xe1, 0xc,
    0xf9, 0x4, 0xef, 0x90, 0x5f, 0xc0, 0x36, 0x0,
    0xbf, 0x60, 0x0, 0x87, 0x0, 0x0, 0x1, 0x20,
    0x0, 0x0, 0x0,

    /* U+4EF2 "仲" */
    0x0, 0x0, 0x0, 0x0, 0x0, 0x0, 0x0, 0x3,
    0xe4, 0x0, 0x1f, 0x80, 0x0, 0x0, 0x8f, 0x20,
    0x1, 0xf8, 0x0, 0x0, 0xe, 0xc3, 0x88, 0x8f,
    0xc8, 0x85, 0x4, 0xf9, 0x7f, 0xff, 0xff, 0xff,
    0xa0, 0xbf, 0x97, 0xf1, 0x1f, 0x90, 0xea, 0x2f,
    0xf9, 0x7f, 0x11, 0xf8, 0xe, 0xa3, 0xff, 0x97,
    0xf1, 0x1f, 0x80, 0xea, 0x7, 0xe9, 0x7f, 0xaa,
    0xfd, 0x9f, 0xa0, 0xe, 0x96, 0xff, 0xff, 0xff,
    0xf9, 0x0, 0xe9, 0x0, 0x1, 0xf8, 0x0, 0x0,
    0xe, 0x90, 0x0, 0x1f, 0x80, 0x0, 0x0, 0xe9,
    0x0, 0x1, 0xf8, 0x0, 0x0, 0xe, 0x90, 0x0,
    0x1f, 0x80, 0x0,

    /* U+4EFB "任" */
    0x0, 0x7, 0x70, 0x0, 0x0, 0x14, 0x30, 0x0,
    0xe, 0xa7, 0xab, 0xdf, 0xff, 0xb0, 0x0, 0x6f,
    0x4b, 0xfd, 0xfe, 0x75, 0x20, 0x0, 0xdf, 0x0,
    0x0, 0xdd, 0x0, 0x0, 0x6, 0xfe, 0x0, 0x0,
    0xdd, 0x0, 0x0, 0x1e, 0xfe, 0x28, 0x88, 0xee,
    0x88, 0x81, 0x4f, 0xce, 0x5f, 0xff, 0xff, 0xff,
    0xf3, 0x6, 0xae, 0x1, 0x11, 0xdd, 0x11, 0x10,
    0x0, 0xae, 0x0, 0x0, 0xdd, 0x0, 0x0, 0x0,
    0xae, 0x0, 0x0, 0xdd, 0x0, 0x0, 0x0, 0xae,
    0x0, 0x0, 0xdd, 0x0, 0x0, 0x0, 0xae, 0xf,
    0xff, 0xff, 0xff, 0xe0, 0x0, 0xae, 0x7, 0x88,
    0x88, 0x88, 0x70,

    /* U+4EFD "份" */
    0x0, 0xb, 0x60, 0x35, 0x2b, 0x40, 0x0, 0x0,
    0x3f, 0x60, 0xce, 0xf, 0xa0, 0x0, 0x0, 0xaf,
    0x13, 0xf7, 0x9, 0xf1, 0x0, 0x1, 0xfa, 0xb,
    0xe0, 0x2, 0xfa, 0x0, 0x8, 0xf9, 0x6f, 0x40,
    0x0, 0x7f, 0x80, 0x2f, 0xf9, 0xee, 0x88, 0x88,
    0x8f, 0xf0, 0x6f, 0xf9, 0x5b, 0xff, 0xff, 0xfc,
    0x70, 0x16, 0xe9, 0x0, 0xad, 0x0, 0xda, 0x0,
    0x0, 0xe9, 0x0, 0xcb, 0x0, 0xe9, 0x0, 0x0,
    0xe9, 0x2, 0xf7, 0x0, 0xf8, 0x0, 0x0, 0xe9,
    0xb, 0xf1, 0x1, 0xf7, 0x0, 0x0, 0xe9, 0x9f,
    0x74, 0xad, 0xf5, 0x0, 0x0, 0xe9, 0x99, 0x4,
    0xdd, 0x90, 0x0, 0x0, 0x0, 0x0, 0x0, 0x0,
    0x0, 0x0,

    /* U+4F11 "休" */
    0x0, 0xd, 0x60, 0x2, 0xf7, 0x0, 0x0, 0x0,
    0x4f, 0x50, 0x2, 0xf7, 0x0, 0x0, 0x0, 0xaf,
    0x10, 0x3, 0xf7, 0x0, 0x0, 0x2, 0xfa, 0x5f,
    0xff, 0xff, 0xff, 0xe0, 0xa, 0xf9, 0x39, 0x9d,
    0xfe, 0x99, 0x80, 0x4f, 0xf9, 0x0, 0xe, 0xff,
    0x20, 0x0, 0x8f, 0xf9, 0x0, 0x6f, 0xff, 0xa0,
    0x0, 0x46, 0xe9, 0x1, 0xec, 0xfb, 0xf4, 0x0,
    0x0, 0xe9, 0xc, 0xf4, 0xf7, 0xbe, 0x10, 0x0,
    0xe9, 0xaf, 0x72, 0xf7, 0x2f, 0xd1, 0x0, 0xea,
    0xdb, 0x2, 0xf7, 0x4, 0xe1, 0x0, 0xe9, 0x10,
    0x2, 0xf7, 0x0, 0x10, 0x0, 0xd8, 0x0, 0x2,
    0xf7, 0x0, 0x0,

    /* U+4F18 "优" */
    0x0, 0x0, 0x0, 0x0, 0x0, 0x0, 0x0, 0x0,
    0xe8, 0x5, 0xf3, 0x38, 0x0, 0x0, 0x3f, 0x60,
    0x5f, 0x37, 0xf8, 0x0, 0x9, 0xf1, 0x5, 0xf3,
    0x8, 0xc0, 0x1, 0xfb, 0x69, 0xbf, 0xa9, 0x99,
    0x70, 0x8f, 0x9a, 0xff, 0xff, 0xff, 0xfb, 0x1f,
    0xf9, 0x0, 0x8f, 0x23, 0x0, 0x7, 0xff, 0x90,
    0xa, 0xf8, 0xf0, 0x0, 0x48, 0xe9, 0x0, 0xdc,
    0x8f, 0x0, 0x0, 0xe, 0x90, 0x1f, 0x88, 0xf0,
    0x11, 0x0, 0xe9, 0x8, 0xf2, 0x8f, 0x5, 0xf0,
    0xe, 0x92, 0xfa, 0x8, 0xf0, 0x6f, 0x0, 0xe9,
    0xce, 0x10, 0x8f, 0x9c, 0xe0, 0xe, 0xbc, 0x40,
    0x3, 0xef, 0xf8,

    /* U+4F1A "会" */
    0x0, 0x0, 0x1, 0xee, 0x20, 0x0, 0x0, 0x0,
    0x0, 0x1c, 0xff, 0xd1, 0x0, 0x0, 0x0, 0x2,
    0xdf, 0x43, 0xfe, 0x30, 0x0, 0x0, 0x5f, 0xf5,
    0x0, 0x4e, 0xf7, 0x0, 0x2c, 0xff, 0xa7, 0x77,
    0x79, 0xff, 0xd2, 0xe, 0x86, 0xff, 0xff, 0xff,
    0x77, 0xe1, 0x0, 0x0, 0x0, 0x0, 0x0, 0x0,
    0x0, 0x7, 0x88, 0x88, 0x88, 0x88, 0x88, 0x70,
    0xe, 0xff, 0xff, 0xff, 0xff, 0xff, 0xe0, 0x0,
    0x1, 0xce, 0x20, 0x6d, 0x10, 0x0, 0x0, 0x2d,
    0xe3, 0x1, 0x5f, 0xc0, 0x0, 0x0, 0xdf, 0xff,
    0xff, 0xff, 0xfb, 0x0, 0x0, 0x79, 0x98, 0x76,
    0x55, 0x7c, 0x0, 0x0, 0x0, 0x0, 0x0, 0x0,
    0x0, 0x0,

    /* U+4F34 "伴" */
    0x0, 0x0, 0x0, 0x0, 0x0, 0x0, 0x0, 0x0,
    0x8, 0xc1, 0x10, 0xdc, 0x1, 0x0, 0x0, 0xe,
    0xcd, 0xa0, 0xdc, 0xa, 0xe0, 0x0, 0x4f, 0x58,
    0xf2, 0xdc, 0x2f, 0x80, 0x0, 0xbf, 0x0, 0xea,
    0xdc, 0xae, 0x10, 0x4, 0xfe, 0x0, 0x30, 0xdc,
    0x14, 0x0, 0xd, 0xfe, 0xe, 0xff, 0xff, 0xff,
    0xf0, 0x2f, 0xde, 0x7, 0x88, 0xee, 0x88, 0x80,
    0x9, 0x9e, 0x0, 0x0, 0xdc, 0x0, 0x0, 0x0,
    0x9e, 0x38, 0x88, 0xee, 0x88, 0x83, 0x0, 0x9e,
    0x6f, 0xff, 0xff, 0xff, 0xf5, 0x0, 0x9e, 0x0,
    0x0, 0xdc, 0x0, 0x0, 0x0, 0x9e, 0x0, 0x0,
    0xdc, 0x0, 0x0, 0x0, 0x9e, 0x0, 0x0, 0xdc,
    0x0, 0x0, 0x0, 0x0, 0x0, 0x0, 0x0, 0x0,
    0x0,

    /* U+4F4D "位" */
    0x0, 0xa, 0x40, 0x4, 0xa2, 0x0, 0x0, 0x0,
    0x5f, 0x60, 0x4, 0xf8, 0x0, 0x0, 0x0, 0xbf,
    0x49, 0x99, 0xfd, 0x99, 0x80, 0x2, 0xfa, 0x6f,
    0xff, 0xff, 0xff, 0xe0, 0xa, 0xf9, 0x2, 0x40,
    0x0, 0x34, 0x0, 0x3f, 0xf9, 0x9, 0xf0, 0x0,
    0xaf, 0x0, 0x7e, 0xf9, 0x5, 0xf4, 0x0, 0xeb,
    0x0, 0x34, 0xe9, 0x0, 0xf8, 0x3, 0xf6, 0x0,
    0x0, 0xe9, 0x0, 0xbd, 0x7, 0xf1, 0x0, 0x0,
    0xe9, 0x0, 0x7f, 0x1c, 0xc0, 0x0, 0x0, 0xe9,
    0x0, 0x11, 0x2f, 0x70, 0x0, 0x0, 0xe9, 0xaf,
    0xff, 0xff, 0xff, 0xf3, 0x0, 0xe9, 0x57, 0x77,
    0x77, 0x77, 0x71,

    /* U+4F4E "低" */
    0x0, 0xd, 0x60, 0x0, 0x2, 0x57, 0x40, 0x0,
    0x5f, 0x5c, 0xde, 0xff, 0xff, 0x90, 0x0, 0xbe,
    0x1f, 0xda, 0xcf, 0x52, 0x0, 0x2, 0xf9, 0x1f,
    0x70, 0x6f, 0x10, 0x0, 0xa, 0xf9, 0x1f, 0x70,
    0x5f, 0x20, 0x0, 0x3f, 0xf9, 0x1f, 0xff, 0xff,
    0xff, 0xf1, 0x7e, 0xf9, 0x1f, 0xc9, 0xaf, 0xb9,
    0x91, 0x34, 0xe9, 0x1f, 0x70, 0xf, 0x70, 0x0,
    0x0, 0xe9, 0x1f, 0x70, 0xe, 0xa0, 0x0, 0x0,
    0xe9, 0x1f, 0x70, 0xa, 0xe0, 0xc2, 0x0, 0xe9,
    0x1f, 0xd7, 0xd7, 0xf6, 0xf2, 0x0, 0xe9, 0x5f,
    0xf5, 0xd7, 0xef, 0xe0, 0x0, 0xe9, 0x19, 0x10,
    0x68, 0x4d, 0x60,

    /* U+4F4F "住" */
    0x0, 0x0, 0x0, 0x0, 0x0, 0x0, 0x0, 0x0,
    0x9, 0x60, 0x3, 0xe4, 0x0, 0x0, 0x0, 0x1f,
    0xa0, 0x0, 0xed, 0x0, 0x0, 0x0, 0x7f, 0x69,
    0x99, 0xdb, 0x99, 0x80, 0x0, 0xdf, 0x3f, 0xff,
    0xff, 0xff, 0xe0, 0x6, 0xfe, 0x0, 0x0, 0xfa,
    0x0, 0x0, 0xe, 0xfe, 0x0, 0x0, 0xfa, 0x0,
    0x0, 0x2f, 0xee, 0x8, 0x99, 0xfd, 0x99, 0x40,
    0x8, 0xae, 0xe, 0xff, 0xff, 0xff, 0x70, 0x0,
    0xae, 0x0, 0x0, 0xfa, 0x0, 0x0, 0x0, 0xae,
    0x0, 0x0, 0xfa, 0x0, 0x0, 0x0, 0xae, 0x0,
    0x0, 0xfa, 0x0, 0x0, 0x0, 0xae, 0x8f, 0xff,
    0xff, 0xff, 0xf3, 0x0, 0xae, 0x37, 0x77, 0x77,
    0x77, 0x71,

    /* U+4F53 "体" */
    0x0, 0xd, 0x50, 0x6, 0xf2, 0x0, 0x0, 0x0,
    0x5f, 0x40, 0x6, 0xf2, 0x0, 0x0, 0x0, 0xbe,
    0x58, 0x8b, 0xf9, 0x88, 0x50, 0x1, 0xf9, 0x8f,
    0xff, 0xff, 0xff, 0x90, 0x9, 0xf8, 0x0, 0x4f,
    0xff, 0x10, 0x0, 0x2f, 0xf8, 0x0, 0xbf, 0xff,
    0x90, 0x0, 0x7f, 0xf8, 0x4, 0xf9, 0xf9, 0xf2,
    0x0, 0x37, 0xe8, 0x1e, 0xb6, 0xf2, 0xec, 0x0,
    0x0, 0xe8, 0xbf, 0x26, 0xf2, 0x6f, 0x90, 0x0,
    0xee, 0xf9, 0x8b, 0xf9, 0x8b, 0xf2, 0x0, 0xe8,
    0x75, 0xff, 0xff, 0xf1, 0x70, 0x0, 0xe8, 0x0,
    0x6, 0xf2, 0x0, 0x0, 0x0, 0xe8, 0x0, 0x6,
    0xf2, 0x0, 0x0,

    /* U+4F59 "余" */
    0x0, 0x0, 0x5, 0xfd, 0x10, 0x0, 0x0, 0x0,
    0x0, 0x4f, 0xdf, 0xc1, 0x0, 0x0, 0x0, 0x6,
    0xfd, 0x15, 0xfd, 0x30, 0x0, 0x3, 0xcf, 0xb1,
    0x0, 0x3e, 0xf8, 0x10, 0x5f, 0xfc, 0xff, 0xff,
    0xff, 0xcf, 0xe0, 0x8, 0x14, 0x88, 0xee, 0x88,
    0x13, 0x60, 0x0, 0x0, 0x0, 0xcd, 0x0, 0x0,
    0x0, 0xe, 0xff, 0xff, 0xff, 0xff, 0xff, 0x80,
    0x7, 0x8a, 0x88, 0xee, 0x8a, 0x88, 0x40, 0x0,
    0x3f, 0x70, 0xcd, 0x1e, 0xb0, 0x0, 0x4, 0xfd,
    0x10, 0xcd, 0x6, 0xfd, 0x20, 0x3f, 0xd1, 0x9a,
    0xfc, 0x0, 0x4e, 0xc0, 0x7, 0x10, 0xcf, 0xf6,
    0x0, 0x2, 0x20,

    /* U+4F5C "作" */
    0x0, 0x8, 0x80, 0x5a, 0x10, 0x0, 0x0, 0x0,
    0xf, 0xb0, 0xce, 0x0, 0x0, 0x0, 0x0, 0x7f,
    0x53, 0xff, 0xff, 0xff, 0xf2, 0x0, 0xef, 0xa,
    0xfc, 0xfa, 0x99, 0x91, 0x7, 0xfe, 0x3f, 0x87,
    0xf1, 0x0, 0x0, 0x2f, 0xfe, 0xae, 0x17, 0xfa,
    0x99, 0x40, 0x4f, 0xde, 0x14, 0x7, 0xff, 0xff,
    0x70, 0x6, 0xae, 0x0, 0x7, 0xf1, 0x0, 0x0,
    0x0, 0xae, 0x0, 0x7, 0xf8, 0x88, 0x50, 0x0,
    0xae, 0x0, 0x7, 0xff, 0xff, 0xa0, 0x0, 0xae,
    0x0, 0x7, 0xf1, 0x0, 0x0, 0x0, 0xae, 0x0,
    0x7, 0xf1, 0x0, 0x0, 0x0, 0xae, 0x0, 0x7,
    0xf1, 0x0, 0x0,

    /* U+4F60 "你" */
    0x0, 0xb, 0x40, 0x99, 0x0, 0x0, 0x0, 0x0,
    0x4f, 0x41, 0xfa, 0x22, 0x22, 0x20, 0x0, 0xae,
    0x7, 0xff, 0xff, 0xff, 0xf0, 0x1, 0xfa, 0xe,
    0xc5, 0x55, 0x5d, 0xe0, 0x9, 0xfa, 0x8f, 0x30,
    0xb6, 0x2f, 0x80, 0x2f, 0xfa, 0x38, 0x0, 0xf9,
    0x4, 0x20, 0x5f, 0xfa, 0x4, 0xa1, 0xf9, 0x99,
    0x0, 0x16, 0xea, 0xb, 0xe0, 0xf9, 0x9f, 0x10,
    0x0, 0xea, 0x1f, 0x80, 0xf9, 0x3f, 0x60, 0x0,
    0xea, 0x7f, 0x20, 0xf9, 0xd, 0xc0, 0x0, 0xea,
    0xda, 0x0, 0xf9, 0x8, 0xf1, 0x0, 0xea, 0x1,
    0x7a, 0xf9, 0x1, 0x20, 0x0, 0xea, 0x0, 0xbf,
    0xd3, 0x0, 0x0,

    /* U+4F7F "使" */
    0x0, 0x0, 0x0, 0x0, 0x0, 0x0, 0x0, 0x0,
    0x3e, 0x40, 0x0, 0xf7, 0x0, 0x0, 0x0, 0x8f,
    0x67, 0x77, 0xfb, 0x77, 0x60, 0x0, 0xdd, 0xaf,
    0xff, 0xff, 0xff, 0xd0, 0x3, 0xf8, 0x0, 0x0,
    0xf7, 0x0, 0x0, 0xa, 0xf8, 0x5f, 0xff, 0xff,
    0xff, 0x80, 0x2f, 0xf8, 0x5f, 0x65, 0xfa, 0x5f,
    0x80, 0x4e, 0xf8, 0x5f, 0x44, 0xf9, 0x4f, 0x80,
    0x16, 0xe8, 0x5f, 0xff, 0xff, 0xff, 0x80, 0x0,
    0xe8, 0x9, 0x63, 0xf7, 0x22, 0x10, 0x0, 0xe8,
    0x9, 0xfa, 0xf3, 0x0, 0x0, 0x0, 0xe8, 0x0,
    0xcf, 0xf7, 0x20, 0x0, 0x0, 0xe8, 0x8d, 0xfd,
    0xcf, 0xff, 0xb0, 0x0, 0xe8, 0xbc, 0x50, 0x2,
    0x7a, 0x90, 0x0, 0x0, 0x0, 0x0, 0x0, 0x0,
    0x0,

    /* U+4F8B "例" */
    0x0, 0x0, 0x0, 0x0, 0x0, 0x0, 0x0, 0x5,
    0xf2, 0x0, 0x0, 0x0, 0x7e, 0x0, 0xae, 0xbf,
    0xff, 0xa3, 0x17, 0xe0, 0xf, 0xa5, 0xec, 0x74,
    0xe5, 0x7e, 0x4, 0xf6, 0xf, 0x60, 0xe, 0x57,
    0xe0, 0xbf, 0x54, 0xff, 0xf6, 0xe5, 0x7e, 0x2f,
    0xf5, 0x8e, 0x7f, 0x6e, 0x57, 0xe4, 0xff, 0x5d,
    0xd1, 0xf3, 0xe5, 0x7e, 0x28, 0xf9, 0xff, 0xef,
    0xe, 0x57, 0xe0, 0xf, 0x6a, 0x3f, 0xb0, 0xe5,
    0x7e, 0x0, 0xf5, 0x2, 0xf5, 0xe, 0x57, 0xe0,
    0xf, 0x50, 0xcd, 0x0, 0x0, 0x7e, 0x0, 0xf5,
    0xaf, 0x30, 0xb, 0xbe, 0xd0, 0xf, 0x5a, 0x60,
    0x0, 0xcd, 0xc5, 0x0, 0x0, 0x0, 0x0, 0x0,
    0x0, 0x0,

    /* U+4FBF "便" */
    0x0, 0x16, 0x10, 0x0, 0x0, 0x0, 0x0, 0x0,
    0x6f, 0xaf, 0xff, 0xff, 0xff, 0xf1, 0x0, 0xbd,
    0x14, 0x45, 0xf8, 0x44, 0x40, 0x1, 0xf9, 0x4d,
    0xdd, 0xfe, 0xdd, 0x70, 0x7, 0xf8, 0x5f, 0x44,
    0xf8, 0x3e, 0x80, 0xe, 0xf8, 0x5f, 0xff, 0xff,
    0xff, 0x80, 0x5f, 0xf8, 0x5f, 0x44, 0xf7, 0x3e,
    0x80, 0x28, 0xf8, 0x5f, 0x65, 0xf9, 0x5e, 0x80,
    0x0, 0xf8, 0x4f, 0xff, 0xff, 0xff, 0x80, 0x0,
    0xf8, 0x1d, 0x75, 0xf3, 0x0, 0x0, 0x0, 0xf8,
    0x6, 0xff, 0xe1, 0x0, 0x0, 0x0, 0xf8, 0x7c,
    0xfe, 0xff, 0xdb, 0x91, 0x0, 0xf8, 0xdb, 0x50,
    0x26, 0xac, 0xd0, 0x0, 0x0, 0x0, 0x0, 0x0,
    0x0, 0x0,

    /* U+4FDD "保" */
    0x0, 0x4, 0x0, 0x0, 0x0, 0x0, 0x0, 0x0,
    0x5f, 0x5f, 0xff, 0xff, 0xff, 0x10, 0x0, 0xbe,
    0x1f, 0xb7, 0x77, 0xbf, 0x10, 0x2, 0xf9, 0x1f,
    0x70, 0x0, 0x7f, 0x10, 0x9, 0xf8, 0x1f, 0xff,
    0xff, 0xff, 0x10, 0x2f, 0xf8, 0x8, 0x88, 0xfc,
    0x88, 0x0, 0x8e, 0xf8, 0x34, 0x45, 0xfa, 0x44,
    0x40, 0x35, 0xe8, 0xdf, 0xff, 0xff, 0xff, 0xd0,
    0x0, 0xe8, 0x11, 0x5f, 0xff, 0x71, 0x10, 0x0,
    0xe8, 0x3, 0xfc, 0xfd, 0xf4, 0x0, 0x0, 0xe8,
    0x7f, 0xc1, 0xf7, 0x9f, 0x70, 0x0, 0xea, 0xf9,
    0x1, 0xf7, 0xa, 0xc0, 0x0, 0xe8, 0x20, 0x1,
    0xf7, 0x0, 0x10, 0x0, 0x0, 0x0, 0x0, 0x0,
    0x0, 0x0,

    /* U+4FE1 "信" */
    0x0, 0x1c, 0x40, 0x4, 0xd3, 0x0, 0x0, 0x0,
    0x5f, 0x98, 0x89, 0xfb, 0x88, 0x81, 0x0, 0xce,
    0xaf, 0xff, 0xff, 0xff, 0xf2, 0x2, 0xf9, 0x3,
    0x33, 0x33, 0x33, 0x0, 0xa, 0xf9, 0x2f, 0xff,
    0xff, 0xff, 0x40, 0x3f, 0xf9, 0x2, 0x22, 0x22,
    0x22, 0x0, 0x5e, 0xf9, 0x2f, 0xff, 0xff, 0xff,
    0x40, 0x25, 0xe9, 0x3, 0x33, 0x33, 0x33, 0x0,
    0x0, 0xe9, 0x2f, 0xff, 0xff, 0xff, 0x50, 0x0,
    0xe9, 0x2f, 0x96, 0x66, 0x8f, 0x50, 0x0, 0xe9,
    0x2f, 0x61, 0x11, 0x4f, 0x50, 0x0, 0xe9, 0x2f,
    0xff, 0xff, 0xff, 0x50, 0x0, 0xe9, 0x2f, 0x84,
    0x44, 0x6f, 0x50,

    /* U+5012 "倒" */
    0x0, 0x11, 0x0, 0x0, 0x0, 0x0, 0x0, 0xb,
    0xd9, 0x99, 0x96, 0x0, 0x6e, 0x0, 0xf7, 0x8f,
    0xa8, 0x5e, 0x56, 0xe0, 0x5f, 0x35, 0xe4, 0xb0,
    0xe5, 0x6e, 0xb, 0xf3, 0xe9, 0x3f, 0x4e, 0x56,
    0xe3, 0xff, 0x5f, 0xff, 0xfb, 0xe5, 0x6e, 0x4e,
    0xf3, 0x39, 0xd1, 0x4e, 0x56, 0xe1, 0x5f, 0x37,
    0xce, 0x73, 0xe5, 0x6e, 0x2, 0xf4, 0xff, 0xff,
    0x6e, 0x56, 0xe0, 0x2f, 0x30, 0x8d, 0x0, 0xd5,
    0x6e, 0x2, 0xf4, 0x3a, 0xe8, 0x60, 0x6, 0xe0,
    0x2f, 0x9f, 0xff, 0xd8, 0x58, 0xde, 0x2, 0xf4,
    0x21, 0x0, 0x7, 0xdd, 0x60,

    /* U+5026 "倦" */
    0x0, 0x0, 0x0, 0x0, 0x0, 0x0, 0x0, 0x0,
    0x1d, 0x56, 0x21, 0xf5, 0x17, 0x0, 0x0, 0x6f,
    0x4d, 0xc3, 0xf3, 0xae, 0x10, 0x0, 0xce, 0x27,
    0xc8, 0xf5, 0xc8, 0x30, 0x3, 0xf9, 0x7f, 0xff,
    0xff, 0xff, 0xb0, 0xb, 0xf8, 0x23, 0x3d, 0xb3,
    0x33, 0x30, 0x4f, 0xf8, 0xdf, 0xff, 0xff, 0xff,
    0xf3, 0x4d, 0xf8, 0x4, 0xf8, 0x4, 0xf7, 0x0,
    0x2, 0xe8, 0x7f, 0xff, 0xff, 0xff, 0xb2, 0x0,
    0xed, 0xff, 0xf4, 0x49, 0xf6, 0xf2, 0x0, 0xe8,
    0x97, 0xe0, 0x5b, 0xd0, 0x40, 0x0, 0xe8, 0x7,
    0xe0, 0xdc, 0x6e, 0x70, 0x0, 0xe8, 0x6, 0xf6,
    0x55, 0x6f, 0x60, 0x0, 0xe8, 0x1, 0xdf, 0xff,
    0xfd, 0x20, 0x0, 0x21, 0x0, 0x0, 0x0, 0x0,
    0x0,

    /* U+503C "值" */
    0x0, 0x4e, 0x40, 0x2, 0xf6, 0x0, 0x0, 0x0,
    0x9f, 0x8f, 0xff, 0xff, 0xff, 0xf0, 0x0, 0xea,
    0x13, 0x35, 0xf8, 0x33, 0x30, 0x4, 0xf7, 0xe,
    0xee, 0xfe, 0xee, 0x40, 0xb, 0xf7, 0xf, 0xb6,
    0x66, 0x8f, 0x40, 0x3f, 0xf7, 0xf, 0xa5, 0x55,
    0x7f, 0x40, 0x5f, 0xf7, 0xf, 0xec, 0xcc, 0xdf,
    0x40, 0x16, 0xf7, 0xf, 0xc8, 0x88, 0xaf, 0x40,
    0x0, 0xf7, 0xf, 0xb6, 0x66, 0x8f, 0x40, 0x0,
    0xf7, 0xf, 0xfe, 0xee, 0xef, 0x40, 0x0, 0xf7,
    0xf, 0x93, 0x33, 0x5f, 0x40, 0x0, 0xf7, 0x5f,
    0xa5, 0x55, 0x7f, 0x81, 0x0, 0xf7, 0xff, 0xff,
    0xff, 0xff, 0xf4,

    /* U+503E "倾" */
    0x0, 0x24, 0x0, 0x0, 0x0, 0x0, 0x0, 0x0,
    0x9d, 0x7e, 0xc, 0xdd, 0xdd, 0xd1, 0x0, 0xe8,
    0x7e, 0x7, 0x7d, 0xd7, 0x70, 0x4, 0xf4, 0x7f,
    0x66, 0x9e, 0xc9, 0x60, 0xa, 0xf4, 0x7f, 0xfb,
    0xda, 0xad, 0xb0, 0x2f, 0xf4, 0x7e, 0x1a, 0x97,
    0x79, 0xb0, 0x5e, 0xf4, 0x7e, 0xa, 0x99, 0xa9,
    0xb0, 0x16, 0xf4, 0x7e, 0xa, 0x99, 0x99, 0xb0,
    0x0, 0xf4, 0x7e, 0x3a, 0x9b, 0x89, 0xb0, 0x0,
    0xf4, 0x7f, 0xf8, 0x7e, 0xc8, 0x90, 0x0, 0xf4,
    0xcf, 0x60, 0x9f, 0xec, 0x10, 0x0, 0xf4, 0x54,
    0x2b, 0xf5, 0x2e, 0xd1, 0x0, 0xf4, 0x0, 0x3e,
    0x40, 0x2, 0xb0, 0x0, 0x0, 0x0, 0x0, 0x0,
    0x0, 0x0,

    /* U+504F "偏" */
    0x0, 0x0, 0x0, 0x0, 0x0, 0x0, 0x0, 0x5,
    0xd2, 0x0, 0x1f, 0x90, 0x0, 0x0, 0x9f, 0x6e,
    0xee, 0xff, 0xee, 0x70, 0xe, 0xa7, 0xf6, 0x66,
    0x66, 0xf8, 0x4, 0xf5, 0x7f, 0x88, 0x88, 0x8f,
    0x80, 0xbf, 0x57, 0xfd, 0xdd, 0xdd, 0xd7, 0x3f,
    0xf5, 0x7e, 0x11, 0x11, 0x11, 0x14, 0xff, 0x58,
    0xff, 0xff, 0xff, 0xfa, 0x6, 0xf5, 0xaf, 0xe5,
    0xe7, 0xab, 0xa0, 0x1f, 0x5c, 0xff, 0x6e, 0x8b,
    0xba, 0x1, 0xf5, 0xfb, 0xff, 0xff, 0xff, 0xa0,
    0x1f, 0xbf, 0x7e, 0x2e, 0x59, 0xaa, 0x1, 0xff,
    0xb6, 0xe2, 0xe5, 0xbc, 0xa0, 0x1f, 0x63, 0x6e,
    0x4, 0x17, 0xf5, 0x0, 0x20, 0x0, 0x10, 0x0,
    0x0, 0x0,

    /* U+505C "停" */
    0x0, 0x0, 0x0, 0x0, 0x0, 0x0, 0x0, 0x0,
    0x3f, 0x40, 0x3, 0xf6, 0x0, 0x0, 0x0, 0x8f,
    0xbf, 0xff, 0xff, 0xff, 0xf1, 0x0, 0xec, 0x35,
    0x55, 0x55, 0x55, 0x50, 0x3, 0xf8, 0xe, 0xff,
    0xff, 0xff, 0x10, 0xa, 0xf7, 0xf, 0x92, 0x22,
    0x7f, 0x10, 0x2f, 0xf7, 0xe, 0xff, 0xff, 0xff,
    0x10, 0x4f, 0xf7, 0x56, 0x66, 0x66, 0x66, 0x60,
    0x6, 0xf7, 0xee, 0xee, 0xee, 0xee, 0xf2, 0x0,
    0xf7, 0xe9, 0x44, 0x44, 0x47, 0xf1, 0x0, 0xf7,
    0xc, 0xff, 0xff, 0xff, 0x0, 0x0, 0xf7, 0x0,
    0x0, 0xf8, 0x0, 0x0, 0x0, 0xf7, 0x0, 0x77,
    0xf8, 0x0, 0x0, 0x0, 0xf7, 0x0, 0xde, 0xd3,
    0x0, 0x0,

    /* U+5076 "偶" */
    0x0, 0x6, 0x10, 0x0, 0x0, 0x0, 0x0, 0x5,
    0xf5, 0xff, 0xff, 0xff, 0xf5, 0x0, 0xbe, 0x1f,
    0x85, 0xf8, 0x5f, 0x50, 0x1f, 0x81, 0xff, 0xff,
    0xff, 0xf5, 0x8, 0xf7, 0x1f, 0x62, 0xf5, 0x1f,
    0x52, 0xff, 0x71, 0xff, 0xff, 0xff, 0xf5, 0x6e,
    0xf7, 0x2, 0x24, 0xf6, 0x22, 0x1, 0x5f, 0x77,
    0xff, 0xff, 0xff, 0xfc, 0x0, 0xf7, 0x7f, 0x56,
    0xf7, 0x7b, 0xd0, 0xf, 0x77, 0xe2, 0x5f, 0xac,
    0xad, 0x0, 0xf7, 0x7e, 0xaf, 0xed, 0xeb, 0xd0,
    0xf, 0x77, 0xe0, 0x0, 0x17, 0xdc, 0x0, 0xf7,
    0x7e, 0x0, 0x3, 0xfe, 0x60,

    /* U+50CF "像" */
    0x0, 0x19, 0x30, 0x7c, 0x10, 0x0, 0x0, 0x0,
    0x6f, 0x35, 0xff, 0xff, 0xf2, 0x0, 0x0, 0xbd,
    0x6f, 0xb3, 0x3c, 0xd0, 0x0, 0x1, 0xfb, 0xff,
    0xff, 0xff, 0xff, 0x60, 0x8, 0xf7, 0x7f, 0x31,
    0xe7, 0x1e, 0x70, 0x1f, 0xf7, 0x3f, 0xff, 0xff,
    0xff, 0x70, 0x5f, 0xf7, 0x3, 0xaf, 0xb2, 0x3c,
    0x20, 0x16, 0xf7, 0xbf, 0xca, 0xf7, 0xed, 0x20,
    0x0, 0xf7, 0x64, 0x9d, 0xcf, 0xe4, 0x0, 0x0,
    0xf8, 0x9f, 0xa6, 0xfe, 0x7b, 0x0, 0x0, 0xf7,
    0x85, 0xbe, 0x8f, 0x1f, 0x60, 0x0, 0xf9, 0xaf,
    0xb5, 0xaf, 0x6, 0xe0, 0x0, 0xf7, 0x82, 0x4f,
    0xe7, 0x0, 0x30, 0x0, 0x10, 0x0, 0x0, 0x0,
    0x0, 0x0,

    /* U+5143 "元" */
    0x0, 0xff, 0xff, 0xff, 0xff, 0xff, 0x0, 0x0,
    0x99, 0x99, 0x99, 0x99, 0x99, 0x0, 0x0, 0x0,
    0x0, 0x0, 0x0, 0x0, 0x0, 0x8, 0x88, 0x88,
    0x88, 0x88, 0x88, 0x80, 0x1f, 0xff, 0xff, 0xff,
    0xff, 0xff, 0xf0, 0x0, 0x1, 0xf9, 0x6, 0xf4,
    0x0, 0x0, 0x0, 0x1, 0xf8, 0x6, 0xf4, 0x0,
    0x0, 0x0, 0x3, 0xf7, 0x6, 0xf4, 0x2, 0x20,
    0x0, 0x9, 0xf3, 0x6, 0xf4, 0x7, 0xf2, 0x0,
    0x4f, 0xc0, 0x6, 0xf4, 0x7, 0xf1, 0x8, 0xff,
    0x20, 0x4, 0xfc, 0x9d, 0xf0, 0xc, 0xe3, 0x0,
    0x0, 0xbf, 0xff, 0x70, 0x1, 0x10, 0x0, 0x0,
    0x0, 0x0, 0x0,

    /* U+5145 "充" */
    0x0, 0x0, 0x0, 0x0, 0x0, 0x0, 0x0, 0x0,
    0x0, 0x0, 0xee, 0x0, 0x0, 0x0, 0x7, 0x77,
    0x77, 0xdf, 0x87, 0x77, 0x70, 0xf, 0xff, 0xff,
    0xff, 0xff, 0xff, 0xf0, 0x0, 0x0, 0x8f, 0x80,
    0x16, 0x0, 0x0, 0x0, 0x6, 0xfb, 0x0, 0x8f,
    0x60, 0x0, 0x0, 0x7f, 0xc0, 0x1, 0x2d, 0xf5,
    0x0, 0x1, 0xff, 0xff, 0xff, 0xff, 0xff, 0x40,
    0x0, 0xaa, 0xef, 0x7a, 0xf8, 0x4d, 0x50, 0x0,
    0x0, 0xdc, 0x5, 0xf4, 0x0, 0x0, 0x0, 0x2,
    0xf9, 0x5, 0xf4, 0x4, 0xa1, 0x0, 0xb, 0xf3,
    0x5, 0xf4, 0x6, 0xf2, 0x5, 0xdf, 0x90, 0x5,
    0xfb, 0x8c, 0xf0, 0xd, 0xf6, 0x0, 0x1, 0xcf,
    0xff, 0x80, 0x2, 0x10, 0x0, 0x0, 0x0, 0x0,
    0x0,

    /* U+5148 "先" */
    0x0, 0x9, 0x60, 0x9f, 0x10, 0x0, 0x0, 0x0,
    0x2f, 0x70, 0x9f, 0x10, 0x0, 0x0, 0x0, 0x9f,
    0xff, 0xff, 0xff, 0xff, 0x50, 0x2, 0xfc, 0x88,
    0xdf, 0x88, 0x88, 0x20, 0x8, 0xf2, 0x0, 0x9f,
    0x10, 0x0, 0x0, 0x0, 0x50, 0x0, 0xaf, 0x10,
    0x0, 0x0, 0x1f, 0xff, 0xff, 0xff, 0xff, 0xff,
    0xf2, 0x7, 0x77, 0xed, 0x79, 0xfa, 0x77, 0x71,
    0x0, 0x0, 0xfa, 0x3, 0xf5, 0x0, 0x0, 0x0,
    0x4, 0xf7, 0x3, 0xf5, 0x4, 0xc1, 0x0, 0x1d,
    0xf1, 0x3, 0xf5, 0x5, 0xf1, 0x6, 0xef, 0x60,
    0x3, 0xfc, 0x8c, 0xf0, 0xc, 0xe4, 0x0, 0x0,
    0xcf, 0xff, 0x80, 0x1, 0x10, 0x0, 0x0, 0x0,
    0x0, 0x0,

    /* U+5149 "光" */
    0x0, 0x0, 0x0, 0xcc, 0x0, 0x1, 0x0, 0x2,
    0xe5, 0x0, 0xcc, 0x0, 0x6e, 0x20, 0x0, 0xdf,
    0x20, 0xcc, 0x3, 0xfc, 0x0, 0x0, 0x2f, 0xd0,
    0xcc, 0x1e, 0xe1, 0x0, 0x0, 0x5, 0x60, 0xcc,
    0x7, 0x40, 0x0, 0x9, 0x99, 0x99, 0xee, 0x99,
    0x99, 0x90, 0xf, 0xff, 0xff, 0xff, 0xff, 0xff,
    0xf0, 0x0, 0x0, 0xfa, 0x5, 0xf4, 0x0, 0x0,
    0x0, 0x1, 0xf9, 0x5, 0xf4, 0x0, 0x0, 0x0,
    0x6, 0xf5, 0x5, 0xf4, 0x6, 0xf1, 0x0, 0x3e,
    0xe0, 0x5, 0xf4, 0x6, 0xf1, 0x18, 0xff, 0x40,
    0x5, 0xfd, 0xad, 0xf0, 0x1e, 0xe4, 0x0, 0x1,
    0xcf, 0xff, 0x80, 0x2, 0x0, 0x0, 0x0, 0x0,
    0x0, 0x0,

    /* U+514B "克" */
    0x0, 0x0, 0x0, 0xdc, 0x0, 0x0, 0x0, 0x7,
    0x77, 0x77, 0xee, 0x77, 0x77, 0x70, 0xe, 0xff,
    0xff, 0xff, 0xff, 0xff, 0xe0, 0x0, 0x0, 0x0,
    0xdc, 0x0, 0x0, 0x0, 0x0, 0xcf, 0xff, 0xff,
    0xff, 0xfb, 0x0, 0x0, 0xdc, 0x77, 0x77, 0x77,
    0xcc, 0x0, 0x0, 0xda, 0x0, 0x0, 0x0, 0xac,
    0x0, 0x0, 0xdf, 0xff, 0xff, 0xff, 0xfc, 0x0,
    0x0, 0x67, 0xcf, 0x7a, 0xf8, 0x75, 0x0, 0x0,
    0x0, 0xdd, 0x6, 0xf1, 0x6, 0xd0, 0x0, 0x7,
    0xf7, 0x6, 0xf1, 0x6, 0xf0, 0x4, 0xcf, 0xb0,
    0x6, 0xf9, 0x6c, 0xe0, 0xe, 0xf7, 0x0, 0x1,
    0xdf, 0xff, 0x80, 0x3, 0x10, 0x0, 0x0, 0x0,
    0x0, 0x0,

    /* U+514D "免" */
    0x0, 0x0, 0x0, 0x0, 0x0, 0x0, 0x0, 0x0,
    0x0, 0xcd, 0x0, 0x0, 0x0, 0x0, 0x0, 0x9,
    0xff, 0xff, 0xff, 0x90, 0x0, 0x0, 0x8f, 0x96,
    0x66, 0xcf, 0x60, 0x0, 0xa, 0xfb, 0x22, 0x27,
    0xfa, 0x22, 0x0, 0x2f, 0xff, 0xff, 0xff, 0xff,
    0xff, 0x10, 0x2, 0xf9, 0x44, 0xdc, 0x44, 0x8f,
    0x10, 0x0, 0xf7, 0x0, 0xda, 0x0, 0x6f, 0x10,
    0x0, 0xff, 0xff, 0xff, 0xff, 0xff, 0x10, 0x0,
    0x66, 0x6c, 0xff, 0xa6, 0x66, 0x0, 0x0, 0x0,
    0x3f, 0xcf, 0x50, 0x5, 0xb0, 0x0, 0x6, 0xfe,
    0x3f, 0x50, 0x6, 0xf0, 0x5, 0xcf, 0xd2, 0x1f,
    0xb7, 0x7c, 0xf0, 0xd, 0xf8, 0x0, 0xb, 0xff,
    0xff, 0x90, 0x2, 0x0, 0x0, 0x0, 0x0, 0x0,
    0x0,

    /* U+5165 "入" */
    0x0, 0x9, 0xff, 0xe4, 0x0, 0x0, 0x0, 0x0,
    0x6, 0xbb, 0xfb, 0x0, 0x0, 0x0, 0x0, 0x0,
    0x0, 0xde, 0x0, 0x0, 0x0, 0x0, 0x0, 0x1,
    0xff, 0x10, 0x0, 0x0, 0x0, 0x0, 0x6, 0xff,
    0x50, 0x0, 0x0, 0x0, 0x0, 0xc, 0xee, 0xc0,
    0x0, 0x0, 0x0, 0x0, 0x5f, 0x89, 0xf3, 0x0,
    0x0, 0x0, 0x1, 0xee, 0x12, 0xfc, 0x0, 0x0,
    0x0, 0xb, 0xf5, 0x0, 0x8f, 0x80, 0x0, 0x0,
    0xaf, 0x90, 0x0, 0xd, 0xf8, 0x0, 0x1b, 0xfb,
    0x0, 0x0, 0x1, 0xef, 0xa0, 0x1e, 0xb0, 0x0,
    0x0, 0x0, 0x2d, 0xd1, 0x2, 0x0, 0x0, 0x0,
    0x0, 0x1, 0x20,

    /* U+5168 "全" */
    0x0, 0x0, 0x1, 0xee, 0x10, 0x0, 0x0, 0x0,
    0x0, 0x1c, 0xff, 0xc1, 0x0, 0x0, 0x0, 0x2,
    0xdf, 0x54, 0xfd, 0x20, 0x0, 0x0, 0x6f, 0xf5,
    0x0, 0x4f, 0xf6, 0x0, 0x2d, 0xff, 0xa7, 0x77,
    0x7a, 0xff, 0xc2, 0xd, 0x8d, 0xff, 0xff, 0xff,
    0xd7, 0xd0, 0x0, 0x0, 0x0, 0xdd, 0x0, 0x0,
    0x0, 0x0, 0x47, 0x77, 0xee, 0x77, 0x74, 0x0,
    0x0, 0x9f, 0xff, 0xff, 0xff, 0xfa, 0x0, 0x0,
    0x0, 0x0, 0xdd, 0x0, 0x0, 0x0, 0x0, 0x0,
    0x0, 0xdd, 0x0, 0x0, 0x0, 0xf, 0xff, 0xff,
    0xff, 0xff, 0xff, 0xf0, 0x6, 0x77, 0x77, 0x77,
    0x77, 0x77, 0x70,

    /* U+516B "八" */
    0x0, 0x0, 0xbe, 0x1, 0xf8, 0x0, 0x0, 0x0,
    0x0, 0xcd, 0x1, 0xf8, 0x0, 0x0, 0x0, 0x0,
    0xdc, 0x0, 0xf9, 0x0, 0x0, 0x0, 0x0, 0xfa,
    0x0, 0xeb, 0x0, 0x0, 0x0, 0x1, 0xf8, 0x0,
    0xce, 0x0, 0x0, 0x0, 0x5, 0xf5, 0x0, 0x9f,
    0x20, 0x0, 0x0, 0x9, 0xf1, 0x0, 0x4f, 0x70,
    0x0, 0x0, 0x1f, 0xc0, 0x0, 0xe, 0xd0, 0x0,
    0x0, 0x9f, 0x50, 0x0, 0x8, 0xf7, 0x0, 0x4,
    0xfc, 0x0, 0x0, 0x1, 0xef, 0x40, 0x1e, 0xf2,
    0x0, 0x0, 0x0, 0x5f, 0xf2, 0xc, 0x60, 0x0,
    0x0, 0x0, 0x8, 0xb0, 0x0, 0x0, 0x0, 0x0,
    0x0, 0x0, 0x0,

    /* U+5171 "共" */
    0x0, 0x9, 0xf2, 0x0, 0x9f, 0x10, 0x0, 0x0,
    0x9, 0xf2, 0x0, 0x9f, 0x10, 0x0, 0x8, 0x8c,
    0xf9, 0x88, 0xcf, 0x98, 0x50, 0xf, 0xff, 0xff,
    0xff, 0xff, 0xff, 0xa0, 0x0, 0x9, 0xf3, 0x0,
    0x9f, 0x20, 0x0, 0x0, 0x9, 0xf2, 0x0, 0x9f,
    0x10, 0x0, 0x0, 0x9, 0xf2, 0x0, 0x9f, 0x10,
    0x0, 0x6f, 0xff, 0xff, 0xff, 0xff, 0xff, 0xf1,
    0x49, 0x99, 0xa9, 0x99, 0xb9, 0x99, 0x90, 0x0,
    0x3, 0xe8, 0x0, 0xdb, 0x20, 0x0, 0x0, 0x8f,
    0xe4, 0x0, 0x8f, 0xf6, 0x0, 0x1d, 0xfb, 0x10,
    0x0, 0x3, 0xdf, 0x90, 0xb, 0x60, 0x0, 0x0,
    0x0, 0xa, 0x40, 0x0, 0x0, 0x0, 0x0, 0x0,
    0x0, 0x0,

    /* U+5173 "关" */
    0x0, 0x0, 0x10, 0x0, 0x2, 0x0, 0x0, 0x0,
    0xd, 0xc0, 0x0, 0x1e, 0xc0, 0x0, 0x0, 0x6,
    0xf9, 0x0, 0xbf, 0x40, 0x0, 0x3, 0x77, 0xec,
    0x7a, 0xfd, 0x77, 0x20, 0x6, 0xff, 0xff, 0xff,
    0xff, 0xff, 0x40, 0x0, 0x0, 0x0, 0xeb, 0x0,
    0x0, 0x0, 0x0, 0x0, 0x0, 0xeb, 0x0, 0x0,
    0x0, 0x9, 0x99, 0x99, 0xfe, 0x99, 0x99, 0x80,
    0xf, 0xff, 0xff, 0xff, 0xff, 0xff, 0xd0, 0x0,
    0x0, 0x6, 0xff, 0x40, 0x0, 0x0, 0x0, 0x0,
    0x4f, 0xdd, 0xe3, 0x0, 0x0, 0x0, 0x18, 0xfe,
    0x23, 0xff, 0x80, 0x0, 0x19, 0xff, 0xc2, 0x0,
    0x2d, 0xff, 0xa0, 0xc, 0xc5, 0x0, 0x0, 0x0,
    0x6d, 0xb0, 0x0, 0x0, 0x0, 0x0, 0x0, 0x0,
    0x0,

    /* U+5177 "具" */
    0x0, 0x8f, 0xff, 0xff, 0xff, 0xf8, 0x0, 0x0,
    0x8f, 0x55, 0x55, 0x55, 0xf8, 0x0, 0x0, 0x8f,
    0xff, 0xff, 0xff, 0xf8, 0x0, 0x0, 0x8f, 0x44,
    0x44, 0x44, 0xf8, 0x0, 0x0, 0x8f, 0xff, 0xff,
    0xff, 0xf8, 0x0, 0x0, 0x8f, 0x33, 0x33, 0x34,
    0xf8, 0x0, 0x0, 0x8f, 0xee, 0xee, 0xee, 0xf8,
    0x0, 0x4, 0xaf, 0x44, 0x44, 0x44, 0xfa, 0x40,
    0x2f, 0xff, 0xff, 0xff, 0xff, 0xff, 0xf2, 0x1,
    0x14, 0xcb, 0x11, 0xcb, 0x51, 0x10, 0x7, 0xcf,
    0xe7, 0x0, 0x7d, 0xfe, 0x80, 0xd, 0xb5, 0x0,
    0x0, 0x0, 0x4a, 0xa0, 0x0, 0x0, 0x0, 0x0,
    0x0, 0x0, 0x0,

    /* U+5185 "内" */
    0x0, 0x0, 0xd, 0xc0, 0x0, 0x0, 0x0, 0x0,
    0xd, 0xc0, 0x0, 0x0, 0x7f, 0xff, 0xff, 0xff,
    0xff, 0xf4, 0x8f, 0x99, 0x9f, 0xe9, 0x9b, 0xf4,
    0x8f, 0x10, 0xf, 0xa0, 0x4, 0xf4, 0x8f, 0x10,
    0x4f, 0xb0, 0x4, 0xf4, 0x8f, 0x10, 0xbf, 0xfb,
    0x4, 0xf4, 0x8f, 0x19, 0xf8, 0x8f, 0xb5, 0xf4,
    0x8f, 0xaf, 0xb0, 0x8, 0xfb, 0xf4, 0x8f, 0x5b,
    0x0, 0x0, 0x75, 0xf4, 0x8f, 0x10, 0x0, 0x0,
    0x4, 0xf4, 0x8f, 0x10, 0x0, 0x6, 0x8c, 0xf4,
    0x8f, 0x10, 0x0, 0x9, 0xff, 0xc0, 0x1, 0x0,
    0x0, 0x0, 0x0, 0x0,

    /* U+518D "再" */
    0xe, 0xff, 0xff, 0xff, 0xff, 0xff, 0xf0, 0x5,
    0x66, 0x66, 0xdd, 0x66, 0x66, 0x60, 0x0, 0xcf,
    0xff, 0xff, 0xff, 0xfd, 0x0, 0x0, 0xdd, 0x66,
    0xdd, 0x66, 0xdd, 0x0, 0x0, 0xdb, 0x11, 0xcc,
    0x11, 0xbd, 0x0, 0x0, 0xdf, 0xff, 0xff, 0xff,
    0xfd, 0x0, 0x0, 0xdc, 0x33, 0xcd, 0x33, 0xcd,
    0x0, 0x17, 0xed, 0x77, 0xde, 0x77, 0xde, 0x71,
    0x2f, 0xff, 0xff, 0xff, 0xff, 0xff, 0xf2, 0x0,
    0xdb, 0x0, 0x0, 0x0, 0xbd, 0x0, 0x0, 0xdb,
    0x0, 0x0, 0x88, 0xed, 0x0, 0x0, 0xdb, 0x0,
    0x0, 0xef, 0xf7, 0x0, 0x0, 0x0, 0x0, 0x0,
    0x0, 0x0, 0x0,

    /* U+51B3 "决" */
    0x0, 0x10, 0x0, 0x2f, 0x70, 0x0, 0x0, 0xe,
    0xa0, 0x0, 0x2f, 0x70, 0x0, 0x0, 0x9, 0xf2,
    0x7f, 0xff, 0xff, 0xfe, 0x0, 0x2, 0xf9, 0x49,
    0x9f, 0xc9, 0xcf, 0x0, 0x0, 0xb9, 0x0, 0x2f,
    0x70, 0x8f, 0x0, 0x0, 0x0, 0x0, 0x2f, 0x70,
    0x8f, 0x0, 0x0, 0x66, 0x88, 0x9f, 0xb8, 0xcf,
    0x80, 0x0, 0xeb, 0xff, 0xff, 0xff, 0xff, 0xf1,
    0x2, 0xf6, 0x0, 0x9f, 0xf2, 0x0, 0x0, 0x7,
    0xf2, 0x3, 0xfb, 0xed, 0x10, 0x0, 0xd, 0xd0,
    0x4e, 0xe2, 0x4f, 0xd3, 0x0, 0x2f, 0x8a, 0xfe,
    0x30, 0x5, 0xff, 0xb0, 0x2, 0x19, 0xb1, 0x0,
    0x0, 0x2b, 0x70, 0x0, 0x0, 0x0, 0x0, 0x0,
    0x0, 0x0,

    /* U+51C6 "准" */
    0x0, 0x0, 0x0, 0x0, 0x0, 0x0, 0x0, 0x3,
    0x30, 0x6, 0xf3, 0x3e, 0x30, 0x0, 0xd, 0xd0,
    0xb, 0xf0, 0xf, 0x80, 0x0, 0x6, 0xf5, 0x1f,
    0xff, 0xff, 0xff, 0xf3, 0x0, 0xed, 0x8f, 0xb7,
    0x8f, 0xa7, 0x71, 0x0, 0x44, 0xff, 0x70, 0x2f,
    0x50, 0x0, 0x0, 0xa, 0xff, 0xff, 0xff, 0xff,
    0xf0, 0x0, 0x24, 0x8f, 0xa5, 0x6f, 0x95, 0x50,
    0x0, 0xfb, 0x1f, 0x93, 0x5f, 0x73, 0x30, 0x3,
    0xf7, 0x1f, 0xff, 0xff, 0xff, 0xf0, 0x8, 0xf3,
    0x1f, 0x82, 0x4f, 0x62, 0x20, 0xd, 0xe0, 0x1f,
    0x83, 0x4f, 0x73, 0x30, 0x1f, 0xa0, 0x1f, 0xff,
    0xff, 0xff, 0xf4, 0x2, 0x20, 0x1f, 0x83, 0x33,
    0x33, 0x30,

    /* U+51CF "减" */
    0x0, 0x0, 0x0, 0x0, 0x0, 0x0, 0x0, 0x2,
    0x10, 0x0, 0x0, 0x2f, 0x6c, 0x10, 0xf, 0x80,
    0x0, 0x0, 0x1f, 0x4b, 0x70, 0xa, 0xe3, 0xff,
    0xff, 0xff, 0xff, 0xf2, 0x4, 0xf7, 0xf8, 0x66,
    0x6f, 0xa6, 0x61, 0x0, 0xa6, 0xf5, 0x99, 0x6e,
    0x65, 0x70, 0x0, 0x3, 0xf6, 0xbb, 0x8d, 0x8b,
    0x90, 0x2, 0xd6, 0xf4, 0x66, 0x4c, 0xaf, 0x50,
    0x6, 0xf4, 0xf7, 0xff, 0xba, 0xff, 0x10, 0xa,
    0xd3, 0xf7, 0xc6, 0xb8, 0xf9, 0x0, 0xe, 0x95,
    0xf5, 0xd8, 0xb8, 0xf2, 0xb5, 0x3f, 0x58, 0xe5,
    0xff, 0xef, 0xf5, 0xd4, 0x3b, 0x1d, 0xa0, 0x4,
    0xfc, 0xbd, 0xf1, 0x0, 0x3f, 0x40, 0x4, 0xc1,
    0x2e, 0xb0, 0x0, 0x1, 0x0, 0x0, 0x0, 0x0,
    0x0,

    /* U+51F6 "凶" */
    0x0, 0x33, 0x0, 0x0, 0xa3, 0x0, 0x0, 0xde,
    0x20, 0x7, 0xf6, 0x0, 0x47, 0x2f, 0xd0, 0x1f,
    0xc0, 0x95, 0x9f, 0x5, 0xfa, 0xbf, 0x30, 0xf9,
    0x9f, 0x0, 0x8f, 0xf7, 0x0, 0xf9, 0x9f, 0x0,
    0x4f, 0xf4, 0x0, 0xf9, 0x9f, 0x2, 0xee, 0xee,
    0x20, 0xf9, 0x9f, 0x2e, 0xf2, 0x3f, 0xd0, 0xf9,
    0x9f, 0xcf, 0x40, 0x7, 0xf9, 0xf9, 0x9f, 0x34,
    0x0, 0x0, 0x71, 0xf9, 0x9f, 0x88, 0x88, 0x88,
    0x88, 0xf9, 0x9f, 0xff, 0xff, 0xff, 0xff, 0xf9,
    0x0, 0x0, 0x0, 0x0, 0x0, 0xf9,

    /* U+51FA "出" */
    0x0, 0x0, 0xc, 0xe0, 0x0, 0x0, 0x19, 0x40,
    0xc, 0xe0, 0x4, 0x90, 0x2f, 0x70, 0xc, 0xe0,
    0x8, 0xf1, 0x2f, 0x70, 0xc, 0xe0, 0x8, 0xf1,
    0x2f, 0x70, 0xc, 0xe0, 0x8, 0xf1, 0x2f, 0xff,
    0xff, 0xff, 0xff, 0xf1, 0x18, 0x88, 0x8e, 0xf8,
    0x88, 0x80, 0x5b, 0x0, 0xc, 0xe0, 0x1, 0xb5,
    0x8f, 0x10, 0xc, 0xe0, 0x1, 0xf8, 0x8f, 0x10,
    0xc, 0xe0, 0x1, 0xf8, 0x8f, 0x54, 0x4d, 0xf4,
    0x45, 0xf8, 0x8f, 0xff, 0xff, 0xff, 0xff, 0xf8,
    0x13, 0x33, 0x33, 0x33, 0x34, 0xf8,

    /* U+51FB "击" */
    0x0, 0x0, 0x0, 0xcd, 0x0, 0x0, 0x0, 0x0,
    0x0, 0x0, 0xcd, 0x0, 0x0, 0x0, 0x5, 0xff,
    0xff, 0xff, 0xff, 0xff, 0x50, 0x2, 0x88, 0x88,
    0xee, 0x88, 0x88, 0x20, 0x0, 0x0, 0x0, 0xcd,
    0x0, 0x0, 0x0, 0x19, 0x99, 0x99, 0xee, 0x99,
    0x99, 0x92, 0x2f, 0xff, 0xff, 0xff, 0xff, 0xff,
    0xf3, 0x0, 0x41, 0x0, 0xcd, 0x0, 0x14, 0x0,
    0x2, 0xf7, 0x0, 0xcd, 0x0, 0x6f, 0x20, 0x2,
    0xf7, 0x0, 0xcd, 0x0, 0x6f, 0x20, 0x2, 0xf8,
    0x22, 0xdd, 0x22, 0x8f, 0x20, 0x2, 0xff, 0xff,
    0xff, 0xff, 0xff, 0x20, 0x0, 0x55, 0x55, 0x55,
    0x55, 0x9f, 0x20,

    /* U+5206 "分" */
    0x0, 0x0, 0x48, 0x12, 0xc4, 0x0, 0x0, 0x0,
    0x0, 0xce, 0x0, 0xec, 0x0, 0x0, 0x0, 0x7,
    0xf6, 0x0, 0x7f, 0x60, 0x0, 0x0, 0x4f, 0xc0,
    0x0, 0xd, 0xf3, 0x0, 0x5, 0xfe, 0x20, 0x0,
    0x2, 0xef, 0x50, 0x2f, 0xfb, 0x99, 0x99, 0x99,
    0xbf, 0xf2, 0x9, 0x6f, 0xff, 0xff, 0xff, 0xf4,
    0x80, 0x0, 0x0, 0x9f, 0x0, 0x8, 0xf1, 0x0,
    0x0, 0x0, 0xce, 0x0, 0x9, 0xf0, 0x0, 0x0,
    0x2, 0xfa, 0x0, 0xb, 0xe0, 0x0, 0x0, 0xc,
    0xf3, 0x0, 0xc, 0xd0, 0x0, 0x4, 0xdf, 0x80,
    0x78, 0x9f, 0xa0, 0x0, 0xb, 0xf7, 0x0, 0xbf,
    0xfd, 0x30, 0x0, 0x1, 0x20, 0x0, 0x0, 0x0,
    0x0, 0x0,

    /* U+5207 "切" */
    0x0, 0xe9, 0x0, 0x0, 0x0, 0x0, 0x0, 0xe,
    0x90, 0x7f, 0xff, 0xff, 0xfc, 0x0, 0xe9, 0x4,
    0xaf, 0xea, 0xaf, 0xc0, 0xe, 0xb5, 0x50, 0xdb,
    0x0, 0xdb, 0x4f, 0xff, 0xfb, 0xe, 0xa0, 0xe,
    0xa2, 0xbf, 0xc4, 0x10, 0xfa, 0x0, 0xfa, 0x0,
    0xe9, 0x0, 0xf, 0x90, 0xf, 0x90, 0xe, 0x90,
    0x2, 0xf7, 0x0, 0xf9, 0x0, 0xe9, 0x36, 0x5f,
    0x40, 0xf, 0x80, 0xe, 0xef, 0xba, 0xf0, 0x1,
    0xf8, 0x2, 0xff, 0xb5, 0xfa, 0x0, 0x2f, 0x70,
    0xd, 0x62, 0xef, 0x18, 0x9d, 0xf5, 0x0, 0x0,
    0x6f, 0x50, 0xbf, 0xfb, 0x0, 0x0, 0x0, 0x20,
    0x0, 0x0, 0x0,

    /* U+5219 "则" */
    0x0, 0x0, 0x0, 0x0, 0x0, 0xc, 0xc0, 0x7f,
    0xff, 0xff, 0x71, 0x30, 0xcc, 0x7, 0xf8, 0x88,
    0xf7, 0x5f, 0x2c, 0xc0, 0x7e, 0x2d, 0x2e, 0x75,
    0xf2, 0xcc, 0x7, 0xe2, 0xf3, 0xe7, 0x5f, 0x2c,
    0xc0, 0x7e, 0x2f, 0x3e, 0x75, 0xf2, 0xcc, 0x7,
    0xe2, 0xf3, 0xe7, 0x5f, 0x2c, 0xc0, 0x7e, 0x3f,
    0x2e, 0x75, 0xf2, 0xcc, 0x7, 0xe5, 0xf1, 0xe7,
    0x5f, 0x2c, 0xc0, 0x37, 0xbf, 0xa7, 0x34, 0xd1,
    0xcc, 0x0, 0x6f, 0xbf, 0xc0, 0x0, 0xc, 0xc0,
    0x8f, 0xb0, 0x5f, 0xc0, 0x89, 0xfb, 0xc, 0xa0,
    0x0, 0x64, 0xd, 0xfe, 0x50, 0x0, 0x0, 0x0,
    0x0, 0x0, 0x0,

    /* U+522B "别" */
    0x0, 0x0, 0x0, 0x0, 0x0, 0xe, 0x90, 0x8f,
    0xff, 0xff, 0x51, 0x30, 0xe9, 0x8, 0xf6, 0x67,
    0xf5, 0x8f, 0xe, 0x90, 0x8e, 0x0, 0x2f, 0x58,
    0xf0, 0xe9, 0x8, 0xfd, 0xdd, 0xf5, 0x8f, 0xe,
    0x90, 0x5a, 0xfb, 0x99, 0x38, 0xf0, 0xe9, 0x1,
    0x3f, 0x51, 0x10, 0x8f, 0xe, 0x91, 0xff, 0xff,
    0xff, 0x88, 0xf0, 0xe9, 0x5, 0x8f, 0x75, 0xf7,
    0x8f, 0xe, 0x90, 0x8, 0xf0, 0xf, 0x76, 0xb0,
    0xe9, 0x0, 0xeb, 0x0, 0xf6, 0x0, 0xe, 0x90,
    0xbf, 0x59, 0xcf, 0x43, 0x9a, 0xf8, 0x1d, 0x71,
    0xdc, 0x80, 0x4f, 0xfd, 0x20, 0x0, 0x0, 0x0,
    0x0, 0x0, 0x0,

    /* U+5230 "到" */
    0x0, 0x0, 0x0, 0x0, 0x0, 0xe, 0xa2, 0xff,
    0xff, 0xff, 0xd2, 0x40, 0xea, 0x18, 0xaf, 0xb8,
    0x86, 0x8e, 0xe, 0xa0, 0xc, 0xd0, 0xa8, 0x8,
    0xe0, 0xea, 0x9, 0xf5, 0x3a, 0xf3, 0x8e, 0xe,
    0xa0, 0xef, 0xff, 0xff, 0xd8, 0xe0, 0xea, 0x3,
    0x48, 0xf2, 0x27, 0x8e, 0xe, 0xa0, 0x66, 0xaf,
    0x76, 0x48, 0xe0, 0xea, 0xe, 0xff, 0xff, 0xf9,
    0x8e, 0xe, 0xa0, 0x0, 0x6f, 0x10, 0x7, 0xe0,
    0xea, 0x0, 0x18, 0xf6, 0x76, 0x0, 0xe, 0xa3,
    0xff, 0xff, 0xff, 0xc1, 0x89, 0xf9, 0x18, 0x75,
    0x42, 0x10, 0x1f, 0xfe, 0x30,

    /* U+5236 "制" */
    0x2, 0x71, 0xe6, 0x0, 0x0, 0x8, 0xe0, 0x7f,
    0x1f, 0x71, 0x10, 0x83, 0x8e, 0xb, 0xff, 0xff,
    0xff, 0xf, 0x68, 0xe1, 0xf8, 0x5f, 0x95, 0x50,
    0xf6, 0x8e, 0x19, 0x66, 0xfa, 0x66, 0x2f, 0x68,
    0xe2, 0xff, 0xff, 0xff, 0xf5, 0xf6, 0x8e, 0x0,
    0x0, 0xf7, 0x0, 0xf, 0x68, 0xe0, 0x8f, 0xff,
    0xff, 0xf2, 0xf6, 0x8e, 0x9, 0xd7, 0xfa, 0x9f,
    0x2f, 0x68, 0xe0, 0x9c, 0xf, 0x74, 0xf2, 0xd5,
    0x8e, 0x9, 0xc0, 0xf8, 0x7f, 0x10, 0x8, 0xe0,
    0x9c, 0xf, 0xaf, 0xe0, 0x77, 0xde, 0x2, 0x20,
    0xf7, 0x20, 0xc, 0xff, 0x70,

    /* U+5237 "刷" */
    0x0, 0x0, 0x0, 0x0, 0x0, 0x7, 0xe0, 0x5f,
    0xff, 0xff, 0xf5, 0x31, 0x7e, 0x5, 0xf5, 0x55,
    0x5f, 0x5e, 0x57, 0xe0, 0x5f, 0xee, 0xee, 0xf5,
    0xe5, 0x7e, 0x5, 0xf6, 0x66, 0x66, 0x2e, 0x57,
    0xe0, 0x5f, 0x0, 0xe5, 0x0, 0xe5, 0x7e, 0x6,
    0xfd, 0xff, 0xff, 0x5e, 0x57, 0xe0, 0x6e, 0xe8,
    0xf9, 0xd5, 0xe5, 0x7e, 0x8, 0xce, 0x4e, 0x5c,
    0x5e, 0x57, 0xe0, 0xaa, 0xe4, 0xe5, 0xc5, 0xb4,
    0x7e, 0xe, 0x7e, 0x4e, 0x9e, 0x50, 0x7, 0xe3,
    0xf3, 0xc4, 0xeb, 0xc2, 0x67, 0xce, 0xa, 0x0,
    0xe, 0x50, 0xa, 0xff, 0x70,

    /* U+524D "前" */
    0x0, 0x0, 0x0, 0x0, 0x0, 0x0, 0x0, 0x0,
    0x8, 0xe2, 0x0, 0x2e, 0x70, 0x0, 0x17, 0x79,
    0xfc, 0x77, 0xcf, 0x97, 0x71, 0x2f, 0xff, 0xff,
    0xff, 0xff, 0xff, 0xf3, 0x0, 0x0, 0x0, 0x0,
    0x0, 0x2, 0x0, 0x6, 0xff, 0xff, 0xf2, 0xb9,
    0x2f, 0x50, 0x6, 0xf4, 0x37, 0xf2, 0xca, 0x2f,
    0x50, 0x6, 0xfc, 0xcd, 0xf2, 0xca, 0x2f, 0x50,
    0x6, 0xf9, 0x8a, 0xf2, 0xca, 0x2f, 0x50, 0x6,
    0xf7, 0x69, 0xf2, 0xca, 0x2f, 0x50, 0x6, 0xfe,
    0xee, 0xf2, 0xca, 0x2f, 0x50, 0x6, 0xf1, 0x5,
    0xf2, 0x21, 0x2f, 0x50, 0x6, 0xf2, 0x6a, 0xf1,
    0x37, 0xaf, 0x40, 0x6, 0xf1, 0xef, 0xc0, 0x5f,
    0xfc, 0x10, 0x0, 0x10, 0x0, 0x0, 0x0, 0x0,
    0x0,

    /* U+5269 "剩" */
    0x0, 0x0, 0x1, 0x48, 0x0, 0x6, 0xe0, 0x7e,
    0xff, 0xff, 0xf1, 0x34, 0x6e, 0x3, 0x65, 0xe8,
    0x20, 0x9, 0xb6, 0xe1, 0xdd, 0xdf, 0xed, 0xd9,
    0x9b, 0x6e, 0x6, 0x87, 0xea, 0x86, 0x49, 0xb6,
    0xe0, 0x7d, 0x6d, 0x7e, 0x98, 0x9b, 0x6e, 0x19,
    0xd6, 0xd7, 0xeb, 0x49, 0xb6, 0xe1, 0x7e, 0x6d,
    0x7e, 0x6d, 0x9b, 0x6e, 0x1a, 0xca, 0xf8, 0xae,
    0x99, 0xb6, 0xe0, 0x2, 0xef, 0xfa, 0x10, 0x9a,
    0x6e, 0x4, 0xea, 0xda, 0xee, 0x30, 0x6, 0xe2,
    0xfa, 0xd, 0x71, 0xc4, 0x69, 0xde, 0x5, 0x0,
    0xd7, 0x0, 0x8, 0xff, 0x70, 0x0, 0x2, 0x10,
    0x0, 0x0, 0x0,

    /* U+526A "剪" */
    0x0, 0x0, 0x0, 0x0, 0x0, 0x0, 0x0, 0x0,
    0x4, 0xe5, 0x0, 0x3f, 0x60, 0x0, 0x1c, 0xcc,
    0xfe, 0xcc, 0xef, 0xcc, 0xc1, 0x17, 0x77, 0x77,
    0x77, 0x77, 0x77, 0x71, 0x3, 0xee, 0xee, 0xe3,
    0x67, 0x1f, 0x50, 0x3, 0xf8, 0x68, 0xf3, 0x9b,
    0x1f, 0x50, 0x3, 0xf9, 0x79, 0xf3, 0x9b, 0x1f,
    0x50, 0x3, 0xfe, 0xde, 0xf3, 0x56, 0x2f, 0x50,
    0x3, 0xf3, 0x8b, 0xf1, 0x3d, 0xef, 0x20, 0x2,
    0x62, 0x56, 0x42, 0x26, 0x63, 0x10, 0xe, 0xff,
    0xff, 0xff, 0xff, 0xff, 0x70, 0x1, 0x11, 0x8f,
    0x61, 0x11, 0x4f, 0x50, 0x2, 0x6b, 0xfa, 0x2,
    0x55, 0xaf, 0x20, 0xd, 0xfc, 0x60, 0x6, 0xff,
    0xfa, 0x0, 0x2, 0x10, 0x0, 0x0, 0x0, 0x0,
    0x0,

    /* U+529B "力" */
    0x0, 0x0, 0xe, 0xc0, 0x0, 0x0, 0x0, 0x0,
    0x0, 0xec, 0x0, 0x0, 0x0, 0x1, 0x11, 0x1f,
    0xc1, 0x11, 0x11, 0x0, 0xef, 0xff, 0xff, 0xff,
    0xff, 0xf4, 0x8, 0x99, 0x9f, 0xd9, 0x99, 0xcf,
    0x30, 0x0, 0x2, 0xf9, 0x0, 0x7, 0xf3, 0x0,
    0x0, 0x4f, 0x70, 0x0, 0x7f, 0x20, 0x0, 0x8,
    0xf4, 0x0, 0x8, 0xf1, 0x0, 0x0, 0xef, 0x0,
    0x0, 0x9f, 0x10, 0x0, 0x8f, 0x90, 0x0, 0xa,
    0xf0, 0x0, 0x8f, 0xd0, 0x0, 0x0, 0xcf, 0x1,
    0xbf, 0xd2, 0x1, 0xbb, 0xcf, 0xc0, 0x2f, 0xc1,
    0x0, 0xe, 0xff, 0xd4, 0x0, 0x20, 0x0, 0x0,
    0x0, 0x0, 0x0,

    /* U+52A1 "务" */
    0x0, 0x0, 0x0, 0x0, 0x0, 0x0, 0x0, 0x0,
    0x1, 0xdd, 0x0, 0x0, 0x0, 0x0, 0x0, 0x1c,
    0xff, 0xff, 0xff, 0xfe, 0x0, 0x2, 0xdf, 0xf7,
    0x44, 0x5d, 0xfa, 0x0, 0xd, 0xe4, 0xce, 0x65,
    0xdf, 0x60, 0x0, 0x2, 0x10, 0x2e, 0xff, 0xf4,
    0x0, 0x0, 0x5, 0x9d, 0xff, 0xa9, 0xff, 0xea,
    0x71, 0x1f, 0xea, 0x56, 0x80, 0x5, 0x9d, 0xf1,
    0x4, 0x44, 0x4c, 0xe4, 0x44, 0x44, 0x0, 0x7,
    0xff, 0xff, 0xff, 0xff, 0xff, 0x0, 0x0, 0x11,
    0x7f, 0x71, 0x11, 0xbe, 0x0, 0x0, 0x5, 0xfd,
    0x0, 0x0, 0xcd, 0x0, 0x5, 0xcf, 0xc1, 0x16,
    0x68, 0xfa, 0x0, 0xb, 0xe6, 0x0, 0x1f, 0xff,
    0xd2, 0x0, 0x1, 0x0, 0x0, 0x0, 0x0, 0x0,
    0x0,

    /* U+52A8 "动" */
    0x0, 0x0, 0x0, 0x0, 0xab, 0x0, 0x0, 0x7,
    0xff, 0xff, 0x80, 0xbb, 0x0, 0x0, 0x3, 0x88,
    0x88, 0x43, 0xcc, 0x44, 0x40, 0x0, 0x0, 0x0,
    0xe, 0xff, 0xff, 0xf0, 0x9, 0x99, 0x99, 0x73,
    0xcb, 0x38, 0xf0, 0x1f, 0xff, 0xff, 0xd0, 0xc9,
    0x6, 0xf0, 0x0, 0x5f, 0x40, 0x0, 0xd9, 0x7,
    0xf0, 0x0, 0xbe, 0x6d, 0x0, 0xe8, 0x7, 0xe0,
    0x1, 0xf8, 0x3f, 0x40, 0xf6, 0x8, 0xe0, 0x8,
    0xf2, 0xe, 0xb3, 0xf4, 0x8, 0xe0, 0xe, 0xfe,
    0xff, 0xfa, 0xf0, 0xa, 0xd0, 0xb, 0xca, 0x87,
    0xdf, 0xa8, 0x9f, 0xc0, 0x0, 0x0, 0x0, 0xaf,
    0x2d, 0xfe, 0x40, 0x0, 0x0, 0x0, 0x3, 0x0,
    0x0, 0x0,

    /* U+52A9 "助" */
    0x0, 0x0, 0x0, 0x0, 0xcb, 0x0, 0x0, 0x7f,
    0xff, 0xf7, 0xc, 0xa0, 0x0, 0x7, 0xf8, 0x8f,
    0x72, 0xdb, 0x22, 0x10, 0x7f, 0x11, 0xf8, 0xff,
    0xff, 0xfb, 0x7, 0xff, 0xff, 0x71, 0xda, 0x1d,
    0xa0, 0x7f, 0x55, 0xf7, 0xe, 0x90, 0xda, 0x7,
    0xf1, 0x1f, 0x70, 0xe8, 0xe, 0x90, 0x7f, 0xff,
    0xf7, 0xf, 0x60, 0xe9, 0x7, 0xf5, 0x5f, 0x72,
    0xf4, 0xf, 0x80, 0x7f, 0x0, 0xf7, 0x6f, 0x10,
    0xf8, 0x1a, 0xfa, 0xbf, 0xfd, 0xd0, 0xf, 0x73,
    0xff, 0xff, 0xde, 0xf7, 0x7a, 0xf6, 0x4, 0x31,
    0x0, 0xac, 0xf, 0xfc, 0x10, 0x0, 0x0, 0x0,
    0x20, 0x0, 0x0,

    /* U+52BF "势" */
    0x0, 0x2f, 0x40, 0x7, 0xe0, 0x0, 0x0, 0x5,
    0x6f, 0x83, 0x7b, 0xf7, 0x73, 0x0, 0xe, 0xff,
    0xfa, 0xef, 0xfe, 0xf7, 0x0, 0x0, 0x3f, 0x94,
    0x49, 0xd0, 0xe7, 0x0, 0xf, 0xff, 0xe9, 0xff,
    0xc0, 0xe7, 0x70, 0x4, 0x4f, 0x40, 0xaf, 0xfa,
    0xc9, 0xe0, 0x9, 0xdf, 0x38, 0xe5, 0x13, 0x7f,
    0xb0, 0x3, 0x53, 0x8, 0xa0, 0x0, 0x3, 0x0,
    0x7, 0xff, 0xff, 0xff, 0xff, 0xfd, 0x0, 0x2,
    0x66, 0x7f, 0xa6, 0x66, 0xdd, 0x0, 0x0, 0x1,
    0xbf, 0x10, 0x0, 0xcc, 0x0, 0x5, 0x9f, 0xf5,
    0x7, 0x78, 0xfa, 0x0, 0xd, 0xe9, 0x20, 0xd,
    0xff, 0xd3, 0x0, 0x1, 0x0, 0x0, 0x0, 0x0,
    0x0, 0x0,

    /* U+5305 "包" */
    0x0, 0xb, 0xc0, 0x0, 0x0, 0x0, 0x0, 0x0,
    0x3f, 0xe8, 0x88, 0x88, 0x88, 0x0, 0x0, 0xdf,
    0xff, 0xff, 0xff, 0xff, 0x0, 0xa, 0xf7, 0x0,
    0x0, 0x0, 0x8f, 0x0, 0x5f, 0xff, 0xff, 0xff,
    0x50, 0x8f, 0x0, 0x1b, 0xfd, 0x99, 0x9f, 0x60,
    0x9e, 0x0, 0x0, 0xe9, 0x0, 0x1f, 0x60, 0x9e,
    0x0, 0x0, 0xed, 0xaa, 0xbf, 0x60, 0xae, 0x0,
    0x0, 0xee, 0xdd, 0xde, 0xb8, 0xec, 0x0, 0x0,
    0xe9, 0x0, 0x4, 0xff, 0xeb, 0xb1, 0x0, 0xe9,
    0x0, 0x0, 0x0, 0x8, 0xf0, 0x0, 0xde, 0x88,
    0x88, 0x88, 0x8e, 0xe0, 0x0, 0x6e, 0xff, 0xff,
    0xff, 0xfe, 0x70,

    /* U+5316 "化" */
    0x0, 0x0, 0x0, 0x0, 0x0, 0x0, 0x0, 0x0,
    0x5, 0xe3, 0x1f, 0x90, 0x0, 0x0, 0x0, 0xb,
    0xe0, 0x1f, 0x90, 0x1, 0x0, 0x0, 0x2f, 0x90,
    0x1f, 0x90, 0x1d, 0x70, 0x0, 0x9f, 0x30, 0x1f,
    0x90, 0xcf, 0x60, 0x2, 0xff, 0x10, 0x1f, 0xab,
    0xf8, 0x0, 0xb, 0xff, 0x10, 0x1f, 0xff, 0x90,
    0x0, 0x5f, 0xff, 0x10, 0x4f, 0xf8, 0x0, 0x0,
    0x2d, 0x8f, 0x18, 0xff, 0xa0, 0x0, 0x0, 0x2,
    0x8f, 0x9f, 0xef, 0x90, 0x4, 0x60, 0x0, 0x8f,
    0x28, 0x2f, 0x90, 0x8, 0xf0, 0x0, 0x8f, 0x10,
    0x1f, 0x90, 0x9, 0xf0, 0x0, 0x8f, 0x10, 0xf,
    0xe9, 0x9e, 0xd0, 0x0, 0x8f, 0x10, 0x8, 0xff,
    0xff, 0x60,

    /* U+533A "区" */
    0x8f, 0xff, 0xff, 0xff, 0xff, 0xf9, 0x8f, 0x99,
    0x99, 0x99, 0x9a, 0x95, 0x8f, 0x19, 0xa0, 0x0,
    0x8e, 0x20, 0x8f, 0x19, 0xfb, 0x5, 0xfb, 0x0,
    0x8f, 0x10, 0x8f, 0xcf, 0xc0, 0x0, 0x8f, 0x10,
    0xa, 0xff, 0x20, 0x0, 0x8f, 0x10, 0x5f, 0xff,
    0xc0, 0x0, 0x8f, 0x18, 0xfd, 0x28, 0xfc, 0x0,
    0x8f, 0x4f, 0xc1, 0x0, 0x8f, 0x80, 0x8f, 0x15,
    0x10, 0x0, 0x7, 0x10, 0x8f, 0xff, 0xff, 0xff,
    0xff, 0xfd, 0x48, 0x88, 0x88, 0x88, 0x88, 0x86,

    /* U+533B "医" */
    0x8f, 0xff, 0xff, 0xff, 0xff, 0xfe, 0x8, 0xf7,
    0x7b, 0xa7, 0x77, 0x77, 0x60, 0x8f, 0x11, 0xfc,
    0x66, 0x66, 0x60, 0x8, 0xf1, 0xcf, 0xef, 0xfe,
    0xee, 0x10, 0x8f, 0x3b, 0x40, 0x7f, 0x0, 0x0,
    0x8, 0xf6, 0xff, 0xff, 0xff, 0xff, 0x90, 0x8f,
    0x36, 0x66, 0xff, 0x66, 0x63, 0x8, 0xf1, 0x1,
    0xaf, 0xfe, 0x60, 0x0, 0x8f, 0x29, 0xff, 0x82,
    0xbf, 0xd2, 0x8, 0xf1, 0xba, 0x20, 0x0, 0x4c,
    0x0, 0x8f, 0xff, 0xff, 0xff, 0xff, 0xff, 0x4,
    0x77, 0x77, 0x77, 0x77, 0x77, 0x70,

    /* U+5348 "午" */
    0x0, 0x4, 0xb3, 0x0, 0x0, 0x0, 0x0, 0x0,
    0xb, 0xf2, 0x0, 0x0, 0x0, 0x0, 0x0, 0x4f,
    0xff, 0xff, 0xff, 0xff, 0x60, 0x0, 0xdf, 0x99,
    0xcf, 0xa9, 0x99, 0x30, 0x7, 0xf9, 0x0, 0x8f,
    0x20, 0x0, 0x0, 0x1, 0xa0, 0x0, 0x8f, 0x20,
    0x0, 0x0, 0x19, 0x99, 0x99, 0xcf, 0xa9, 0x99,
    0x92, 0x3f, 0xff, 0xff, 0xff, 0xff, 0xff, 0xf3,
    0x0, 0x0, 0x0, 0x8f, 0x30, 0x0, 0x0, 0x0,
    0x0, 0x0, 0x8f, 0x20, 0x0, 0x0, 0x0, 0x0,
    0x0, 0x8f, 0x20, 0x0, 0x0, 0x0, 0x0, 0x0,
    0x8f, 0x20, 0x0, 0x0, 0x0, 0x0, 0x0, 0x8f,
    0x20, 0x0, 0x0,

    /* U+534A "半" */
    0x0, 0x20, 0x0, 0xde, 0x0, 0x1, 0x0, 0x1,
    0xe9, 0x0, 0xde, 0x0, 0x9e, 0x10, 0x0, 0x9f,
    0x70, 0xde, 0x7, 0xf9, 0x0, 0x0, 0xc, 0xf2,
    0xde, 0x2f, 0xb0, 0x0, 0x0, 0x1, 0x40, 0xde,
    0x4, 0x0, 0x0, 0xa, 0xff, 0xff, 0xff, 0xff,
    0xff, 0xa0, 0x5, 0x99, 0x99, 0xef, 0x99, 0x99,
    0x50, 0x0, 0x0, 0x0, 0xde, 0x0, 0x0, 0x0,
    0x2a, 0xaa, 0xaa, 0xff, 0xaa, 0xaa, 0xa2, 0x3f,
    0xff, 0xff, 0xff, 0xff, 0xff, 0xf3, 0x0, 0x0,
    0x0, 0xde, 0x0, 0x0, 0x0, 0x0, 0x0, 0x0,
    0xde, 0x0, 0x0, 0x0, 0x0, 0x0, 0x0, 0xde,
    0x0, 0x0, 0x0,

    /* U+534F "协" */
    0x1, 0xf6, 0x0, 0x9, 0xa0, 0x0, 0x0, 0x1,
    0xf6, 0x0, 0xb, 0xb0, 0x0, 0x0, 0x1, 0xf6,
    0x8, 0x8d, 0xd8, 0x86, 0x0, 0x19, 0xfb, 0x4f,
    0xff, 0xff, 0xfc, 0x0, 0x3f, 0xff, 0x70, 0xd,
    0xa0, 0xbb, 0x0, 0x1, 0xf6, 0x1d, 0x2f, 0x80,
    0xcd, 0x80, 0x1, 0xf6, 0x6f, 0x2f, 0x70, 0xdf,
    0xf0, 0x1, 0xf6, 0xcb, 0x3f, 0x50, 0xea, 0xf5,
    0x1, 0xf8, 0xf4, 0x7f, 0x10, 0xf8, 0xb7, 0x1,
    0xf6, 0x20, 0xdc, 0x0, 0xf7, 0x0, 0x1, 0xf6,
    0x7, 0xf4, 0x2, 0xf6, 0x0, 0x1, 0xf6, 0x3f,
    0xa2, 0x9c, 0xf4, 0x0, 0x1, 0xf6, 0x9c, 0x2,
    0xff, 0xc0, 0x0, 0x0, 0x0, 0x0, 0x0, 0x0,
    0x0, 0x0,

    /* U+5355 "单" */
    0x0, 0x0, 0x0, 0x0, 0x0, 0x0, 0x0, 0x0,
    0x5, 0xe2, 0x0, 0x2e, 0x60, 0x0, 0x0, 0x2,
    0xeb, 0x0, 0xce, 0x20, 0x0, 0x0, 0xff, 0xff,
    0xff, 0xff, 0xff, 0x0, 0x0, 0xfb, 0x55, 0xde,
    0x55, 0xbf, 0x0, 0x0, 0xfa, 0x44, 0xdd, 0x44,
    0xaf, 0x0, 0x0, 0xff, 0xff, 0xff, 0xff, 0xff,
    0x0, 0x0, 0xf9, 0x0, 0xcd, 0x0, 0x8f, 0x0,
    0x0, 0xff, 0xff, 0xff, 0xff, 0xff, 0x0, 0x0,
    0x55, 0x55, 0xde, 0x55, 0x55, 0x0, 0x17, 0x77,
    0x77, 0xee, 0x77, 0x77, 0x71, 0x2f, 0xff, 0xff,
    0xff, 0xff, 0xff, 0xf2, 0x0, 0x0, 0x0, 0xcd,
    0x0, 0x0, 0x0, 0x0, 0x0, 0x0, 0xcd, 0x0,
    0x0, 0x0,

    /* U+5373 "即" */
    0x7f, 0xff, 0xfe, 0xf, 0xff, 0xfe, 0x7f, 0x66,
    0xae, 0xf, 0xc9, 0xde, 0x7f, 0x66, 0xae, 0xf,
    0x80, 0x9e, 0x7f, 0xff, 0xfe, 0xf, 0x80, 0x9e,
    0x7e, 0x0, 0x7e, 0xf, 0x80, 0x9e, 0x7f, 0xff,
    0xfe, 0xf, 0x80, 0x9e, 0x7f, 0x77, 0x76, 0xf,
    0x80, 0x9e, 0x7e, 0x6, 0xe0, 0xf, 0x80, 0x9e,
    0x7e, 0x7, 0xf8, 0xf, 0xa9, 0xee, 0x8f, 0xdf,
    0xff, 0x1f, 0x9f, 0xf7, 0xbf, 0xb4, 0x1f, 0x5f,
    0x80, 0x0, 0x22, 0x0, 0x1, 0xf, 0x80, 0x0,

    /* U+5386 "历" */
    0x0, 0xff, 0xff, 0xff, 0xff, 0xff, 0xf2, 0x0,
    0xfd, 0x99, 0xbe, 0x99, 0x99, 0x91, 0x0, 0xf9,
    0x0, 0x7f, 0x10, 0x0, 0x0, 0x0, 0xf9, 0x77,
    0xbf, 0x87, 0x77, 0x20, 0x0, 0xf9, 0xff, 0xff,
    0xff, 0xff, 0x50, 0x0, 0xf9, 0x0, 0xaf, 0x0,
    0x5f, 0x40, 0x0, 0xf8, 0x0, 0xcd, 0x0, 0x5f,
    0x40, 0x1, 0xf7, 0x0, 0xfa, 0x0, 0x6f, 0x30,
    0x4, 0xf5, 0x6, 0xf5, 0x0, 0x7f, 0x20, 0x8,
    0xf2, 0x2f, 0xd0, 0x0, 0x8f, 0x10, 0xe, 0xd2,
    0xef, 0x33, 0x88, 0xef, 0x0, 0x1d, 0x65, 0xf4,
    0x3, 0xff, 0xe7, 0x0, 0x0, 0x0, 0x10, 0x0,
    0x0, 0x0, 0x0,

    /* U+538B "压" */
    0x0, 0xff, 0xff, 0xff, 0xff, 0xff, 0xf1, 0x0,
    0xfc, 0x88, 0x88, 0x88, 0x88, 0x80, 0x0, 0xf9,
    0x0, 0xa, 0xe0, 0x0, 0x0, 0x0, 0xf8, 0x0,
    0xa, 0xf0, 0x0, 0x0, 0x0, 0xf8, 0x78, 0x8d,
    0xf8, 0x88, 0x50, 0x1, 0xf8, 0xcf, 0xff, 0xff,
    0xff, 0x90, 0x1, 0xf7, 0x0, 0xa, 0xf0, 0x30,
    0x0, 0x2, 0xf6, 0x0, 0xa, 0xf1, 0xfa, 0x0,
    0x4, 0xf4, 0x0, 0xa, 0xf0, 0x8f, 0x70, 0x8,
    0xf2, 0x0, 0xa, 0xf0, 0x8, 0x20, 0xe, 0xc9,
    0xff, 0xff, 0xff, 0xff, 0xf2, 0x1d, 0x54, 0x88,
    0x88, 0x88, 0x88, 0x81, 0x0, 0x0, 0x0, 0x0,
    0x0, 0x0, 0x0,

    /* U+539F "原" */
    0x0, 0xff, 0xff, 0xff, 0xff, 0xff, 0xf2, 0x0,
    0xfb, 0x77, 0x7e, 0xf7, 0x77, 0x71, 0x0, 0xf8,
    0x5b, 0xbf, 0xeb, 0xbb, 0x40, 0x0, 0xf8, 0x7f,
    0x66, 0x66, 0x6f, 0x60, 0x0, 0xf8, 0x7f, 0xee,
    0xee, 0xef, 0x60, 0x1, 0xf7, 0x7f, 0x33, 0x33,
    0x3f, 0x60, 0x1, 0xf7, 0x7f, 0x77, 0x77, 0x7f,
    0x60, 0x2, 0xf6, 0x6e, 0xee, 0xff, 0xee, 0x50,
    0x5, 0xf3, 0xa, 0x31, 0xf8, 0x75, 0x0, 0xa,
    0xf1, 0xbf, 0x31, 0xf8, 0x8f, 0x50, 0x1f, 0xcc,
    0xf6, 0x68, 0xf7, 0x9, 0xf3, 0x1d, 0x45, 0x41,
    0xff, 0xe2, 0x0, 0x50, 0x0, 0x0, 0x0, 0x0,
    0x0, 0x0, 0x0,

    /* U+53C2 "参" */
    0x0, 0x0, 0x2, 0x20, 0x0, 0x0, 0x0, 0x0,
    0x0, 0x6f, 0xb0, 0x75, 0x0, 0x0, 0x0, 0x3b,
    0xf7, 0x0, 0x7f, 0xa0, 0x0, 0x1, 0xff, 0xfe,
    0xef, 0xff, 0xfd, 0x20, 0x0, 0x55, 0x4c, 0xf5,
    0x32, 0x3d, 0x10, 0x6, 0x66, 0x6f, 0xe6, 0x66,
    0x66, 0x60, 0xf, 0xff, 0xff, 0xff, 0xff, 0xff,
    0xf1, 0x0, 0x1b, 0xf5, 0x4, 0x7f, 0xb1, 0x0,
    0x6, 0xef, 0xba, 0xee, 0x65, 0xfe, 0x81, 0x2f,
    0xba, 0xea, 0x55, 0xbe, 0x3b, 0xf2, 0x2, 0x3,
    0x6a, 0xef, 0xa3, 0x34, 0x20, 0x0, 0x9f, 0xd9,
    0x52, 0x6c, 0xfb, 0x0, 0x0, 0x13, 0x69, 0xcf,
    0xfa, 0x40, 0x0, 0x5, 0xff, 0xfc, 0x84, 0x0,
    0x0, 0x0, 0x0, 0x41, 0x0, 0x0, 0x0, 0x0,
    0x0,

    /* U+53CC "双" */
    0xf, 0xff, 0xff, 0x8f, 0xff, 0xff, 0xa0, 0x9,
    0x99, 0xaf, 0x8f, 0xc9, 0x9f, 0xa0, 0x4, 0x60,
    0x4f, 0x3f, 0x90, 0x1f, 0x70, 0x9, 0xf2, 0x8f,
    0xc, 0xc0, 0x4f, 0x40, 0x1, 0xeb, 0xdc, 0x8,
    0xf0, 0x9f, 0x0, 0x0, 0x6f, 0xf7, 0x3, 0xf6,
    0xfb, 0x0, 0x0, 0xd, 0xf3, 0x0, 0xcf, 0xf5,
    0x0, 0x0, 0x3f, 0xf9, 0x0, 0x6f, 0xd0, 0x0,
    0x0, 0xdf, 0xbf, 0x30, 0xcf, 0xe2, 0x0, 0xa,
    0xf6, 0x1a, 0x3c, 0xf8, 0xfe, 0x20, 0x5f, 0xa0,
    0x4, 0xef, 0x60, 0x4f, 0xf3, 0x9, 0x0, 0x3,
    0xe4, 0x0, 0x4, 0xc0, 0x0, 0x0, 0x0, 0x0,
    0x0, 0x0, 0x0,

    /* U+53CD "反" */
    0x0, 0x0, 0x0, 0x12, 0x34, 0x68, 0x40, 0x0,
    0x8e, 0xff, 0xff, 0xff, 0xff, 0x90, 0x0, 0xaf,
    0x98, 0x76, 0x54, 0x21, 0x0, 0x0, 0xaf, 0x0,
    0x0, 0x0, 0x0, 0x0, 0x0, 0xaf, 0xff, 0xff,
    0xff, 0xff, 0x30, 0x0, 0xaf, 0xef, 0xaa, 0xaa,
    0xef, 0x30, 0x0, 0xae, 0x6f, 0x60, 0x1, 0xfd,
    0x0, 0x0, 0xbd, 0xd, 0xf2, 0xa, 0xf4, 0x0,
    0x0, 0xdc, 0x2, 0xfd, 0x9f, 0x90, 0x0, 0x1,
    0xf8, 0x0, 0x6f, 0xfd, 0x0, 0x0, 0x7, 0xf4,
    0x17, 0xff, 0xff, 0xc4, 0x0, 0x1f, 0xea, 0xff,
    0xe5, 0x1a, 0xff, 0xe2, 0xa, 0x58, 0xc6, 0x0,
    0x0, 0x29, 0xc0, 0x0, 0x0, 0x0, 0x0, 0x0,
    0x0, 0x0,

    /* U+53D1 "发" */
    0x0, 0x0, 0x0, 0x0, 0x0, 0x0, 0x0, 0x2,
    0x72, 0xb, 0xa0, 0x1d, 0x50, 0x0, 0x7, 0xf4,
    0xf, 0xa0, 0x2c, 0xf8, 0x0, 0xb, 0xf4, 0x4f,
    0xa3, 0x33, 0xa5, 0x30, 0xd, 0xff, 0xff, 0xff,
    0xff, 0xff, 0xf1, 0x2, 0x33, 0xbf, 0x33, 0x33,
    0x33, 0x30, 0x0, 0x0, 0xfe, 0x88, 0x88, 0x86,
    0x0, 0x0, 0x6, 0xff, 0xff, 0xff, 0xfb, 0x0,
    0x0, 0xd, 0xff, 0x90, 0x7, 0xf6, 0x0, 0x0,
    0x8f, 0x6a, 0xf6, 0x5f, 0xb0, 0x0, 0x3, 0xfc,
    0x0, 0xcf, 0xfc, 0x0, 0x0, 0x2f, 0xf2, 0x17,
    0xef, 0xfe, 0x71, 0x0, 0x2f, 0x7b, 0xff, 0xd4,
    0x5e, 0xff, 0xb0, 0x2, 0x1f, 0xa4, 0x0, 0x0,
    0x5b, 0x90, 0x0, 0x0, 0x0, 0x0, 0x0, 0x0,
    0x0,

    /* U+53D8 "变" */
    0x0, 0x0, 0x0, 0xcc, 0x0, 0x0, 0x0, 0x7,
    0x77, 0x77, 0xef, 0x87, 0x77, 0x70, 0xe, 0xff,
    0xff, 0xff, 0xff, 0xff, 0xe0, 0x0, 0x4, 0x3f,
    0x43, 0xf4, 0x50, 0x0, 0x0, 0xaf, 0x5f, 0x43,
    0xf5, 0xfd, 0x20, 0x1d, 0xf4, 0x3f, 0x43, 0xf4,
    0x2d, 0xf2, 0xb, 0x44, 0x58, 0x55, 0x85, 0x42,
    0x80, 0x0, 0x6f, 0xff, 0xff, 0xff, 0xf4, 0x0,
    0x0, 0x1e, 0xe3, 0x11, 0x4f, 0xc0, 0x0, 0x0,
    0x2, 0xde, 0x66, 0xfd, 0x10, 0x0, 0x0, 0x0,
    0x3e, 0xff, 0xe3, 0x0, 0x0, 0x17, 0xae, 0xff,
    0xab, 0xff, 0xfc, 0x90, 0xe, 0xd9, 0x50, 0x0,
    0x15, 0x9d, 0xd0, 0x0, 0x0, 0x0, 0x0, 0x0,
    0x0, 0x0,

    /* U+53E0 "叠" */
    0x0, 0xfe, 0xee, 0xee, 0xef, 0xfa, 0x0, 0x1,
    0x7c, 0xdc, 0x9a, 0xee, 0x94, 0x0, 0x8, 0xfe,
    0xcb, 0x88, 0xbc, 0xee, 0x70, 0x4, 0xd8, 0x9e,
    0x57, 0xd8, 0xbe, 0x40, 0x6, 0xde, 0xdd, 0x57,
    0xec, 0xdc, 0x60, 0xd, 0xc8, 0x7a, 0xbb, 0x97,
    0x7a, 0xd0, 0xf, 0xa8, 0x88, 0x88, 0x88, 0x8a,
    0xf0, 0xb, 0x8f, 0xdd, 0xdd, 0xdd, 0xf8, 0xb0,
    0x0, 0x5f, 0xa9, 0x99, 0x9a, 0xf4, 0x0, 0x0,
    0x5f, 0xbb, 0xbb, 0xbb, 0xf4, 0x0, 0x0, 0x5f,
    0x10, 0x0, 0x1, 0xf4, 0x0, 0x3f, 0xff, 0xff,
    0xff, 0xff, 0xff, 0xf2,

    /* U+53E3 "口" */
    0xb, 0xbb, 0xbb, 0xbb, 0xbb, 0xb6, 0x1f, 0xff,
    0xff, 0xff, 0xff, 0xf9, 0x1f, 0x90, 0x0, 0x0,
    0x1, 0xf9, 0x1f, 0x90, 0x0, 0x0, 0x1, 0xf9,
    0x1f, 0x90, 0x0, 0x0, 0x1, 0xf9, 0x1f, 0x90,
    0x0, 0x0, 0x1, 0xf9, 0x1f, 0x90, 0x0, 0x0,
    0x1, 0xf9, 0x1f, 0x90, 0x0, 0x0, 0x1, 0xf9,
    0x1f, 0xa0, 0x0, 0x0, 0x1, 0xf9, 0x1f, 0xff,
    0xff, 0xff, 0xff, 0xf9, 0x1f, 0xda, 0xaa, 0xaa,
    0xaa, 0xf9, 0x1f, 0x90, 0x0, 0x0, 0x1, 0xf9,
    0x1, 0x0, 0x0, 0x0, 0x0, 0x0,

    /* U+53EA "只" */
    0x0, 0xef, 0xff, 0xff, 0xff, 0xfe, 0x0, 0x0,
    0xed, 0x88, 0x88, 0x88, 0xde, 0x0, 0x0, 0xea,
    0x0, 0x0, 0x0, 0xae, 0x0, 0x0, 0xea, 0x0,
    0x0, 0x0, 0xae, 0x0, 0x0, 0xea, 0x0, 0x0,
    0x0, 0xae, 0x0, 0x0, 0xed, 0x99, 0x99, 0x99,
    0xde, 0x0, 0x0, 0xef, 0xff, 0xff, 0xff, 0xfe,
    0x0, 0x0, 0x0, 0x60, 0x0, 0x6, 0x0, 0x0,
    0x0, 0x9, 0xf9, 0x0, 0x7f, 0xb0, 0x0, 0x0,
    0xaf, 0xc1, 0x0, 0xa, 0xfc, 0x10, 0x2d, 0xfb,
    0x0, 0x0, 0x0, 0x9f, 0xe1, 0x1d, 0x90, 0x0,
    0x0, 0x0, 0x8, 0xb0, 0x0, 0x0, 0x0, 0x0,
    0x0, 0x0, 0x0,

    /* U+53EF "可" */
    0x1f, 0xff, 0xff, 0xff, 0xff, 0xff, 0xf7, 0x8,
    0x88, 0x88, 0x88, 0x88, 0xdf, 0x83, 0x0, 0x0,
    0x0, 0x0, 0x0, 0xbe, 0x0, 0x0, 0xbf, 0xff,
    0xff, 0x50, 0xbe, 0x0, 0x0, 0xbe, 0x77, 0x8f,
    0x50, 0xbe, 0x0, 0x0, 0xbc, 0x0, 0x2f, 0x50,
    0xbe, 0x0, 0x0, 0xbc, 0x0, 0x2f, 0x50, 0xbe,
    0x0, 0x0, 0xbe, 0x88, 0x9f, 0x50, 0xbe, 0x0,
    0x0, 0xaf, 0xff, 0xff, 0x50, 0xbe, 0x0, 0x0,
    0x0, 0x0, 0x0, 0x0, 0xbe, 0x0, 0x0, 0x0,
    0x0, 0x6, 0xaa, 0xfd, 0x0, 0x0, 0x0, 0x0,
    0x7, 0xff, 0xe6, 0x0,

    /* U+53F0 "台" */
    0x0, 0x0, 0x0, 0x0, 0x0, 0x0, 0x0, 0x0,
    0xca, 0x0, 0x0, 0x0, 0x0, 0xc, 0xf6, 0x3,
    0x50, 0x0, 0x1, 0xcf, 0x60, 0xa, 0xf5, 0x0,
    0x2d, 0xf6, 0x0, 0x12, 0xdf, 0x40, 0xcf, 0xfe,
    0xff, 0xff, 0xff, 0xf3, 0x7c, 0xba, 0x98, 0x76,
    0x54, 0xd9, 0x0, 0x0, 0x0, 0x0, 0x0, 0x10,
    0xe, 0xff, 0xff, 0xff, 0xff, 0xa0, 0xe, 0xd7,
    0x77, 0x77, 0x7f, 0xa0, 0xe, 0xa0, 0x0, 0x0,
    0xe, 0xa0, 0xe, 0xc7, 0x77, 0x77, 0x7f, 0xa0,
    0xe, 0xff, 0xff, 0xff, 0xff, 0xa0, 0xe, 0xa0,
    0x0, 0x0, 0xe, 0xa0,

    /* U+53F3 "右" */
    0x0, 0x0, 0x0, 0xd8, 0x0, 0x0, 0x0, 0x0,
    0x0, 0x6, 0xf8, 0x0, 0x0, 0x0, 0xe, 0xff,
    0xff, 0xff, 0xff, 0xff, 0xf1, 0x7, 0x88, 0xbf,
    0xc8, 0x88, 0x88, 0x80, 0x0, 0x0, 0xcf, 0x20,
    0x0, 0x0, 0x0, 0x0, 0x7, 0xf8, 0x0, 0x0,
    0x0, 0x0, 0x0, 0x5f, 0xff, 0xff, 0xff, 0xff,
    0x0, 0x5, 0xff, 0xf9, 0x99, 0x99, 0xcf, 0x0,
    0x3f, 0xed, 0xe0, 0x0, 0x0, 0x8f, 0x0, 0xb,
    0x1b, 0xe0, 0x0, 0x0, 0x8f, 0x0, 0x0, 0xb,
    0xe7, 0x77, 0x77, 0xcf, 0x0, 0x0, 0xb, 0xff,
    0xff, 0xff, 0xff, 0x0, 0x0, 0xb, 0xe0, 0x0,
    0x0, 0x8f, 0x0,

    /* U+53F7 "号" */
    0x0, 0x7f, 0xff, 0xff, 0xff, 0xfd, 0x0, 0x0,
    0x7f, 0x75, 0x55, 0x55, 0xed, 0x0, 0x0, 0x7f,
    0xee, 0xee, 0xee, 0xfd, 0x0, 0x0, 0x37, 0x77,
    0x77, 0x77, 0x75, 0x0, 0x8, 0x88, 0x88, 0x88,
    0x88, 0x88, 0x83, 0x1e, 0xef, 0xfe, 0xee, 0xee,
    0xee, 0xe6, 0x0, 0xf, 0xc0, 0x0, 0x0, 0x0,
    0x0, 0x0, 0x2f, 0xff, 0xff, 0xff, 0xfb, 0x0,
    0x0, 0x26, 0x66, 0x66, 0x67, 0xfb, 0x0, 0x0,
    0x0, 0x0, 0x0, 0x2, 0xf9, 0x0, 0x0, 0x0,
    0x4, 0x88, 0x8b, 0xf7, 0x0, 0x0, 0x0, 0x6,
    0xff, 0xff, 0xb1, 0x0,

    /* U+5403 "吃" */
    0x0, 0x0, 0x0, 0x0, 0x0, 0x0, 0x0, 0x0,
    0x0, 0xd, 0xc0, 0x0, 0x0, 0xde, 0xee, 0x15,
    0xfc, 0x77, 0x77, 0xe, 0xcb, 0xf2, 0xef, 0xff,
    0xff, 0xf0, 0xe7, 0x4f, 0xcf, 0x60, 0x0, 0x0,
    0xe, 0x74, 0xfe, 0xe7, 0x77, 0x76, 0x0, 0xe7,
    0x4f, 0x37, 0xff, 0xff, 0xe0, 0xe, 0x74, 0xf1,
    0x0, 0x1c, 0xf7, 0x0, 0xe7, 0x4f, 0x10, 0xa,
    0xf8, 0x0, 0xe, 0x74, 0xf1, 0x9, 0xf9, 0x2,
    0x40, 0xef, 0xff, 0x16, 0xfb, 0x0, 0x7f, 0x1e,
    0xc9, 0x91, 0xfe, 0x0, 0x7, 0xf0, 0xc6, 0x0,
    0x3f, 0xd7, 0x77, 0xcf, 0x0, 0x0, 0x0, 0xbf,
    0xff, 0xff, 0x70,

    /* U+5404 "各" */
    0x0, 0x0, 0x10, 0x0, 0x0, 0x0, 0x0, 0x0,
    0x0, 0xde, 0x10, 0x0, 0x0, 0x0, 0x0, 0xa,
    0xff, 0xff, 0xff, 0xfd, 0x0, 0x0, 0xaf, 0xf8,
    0x77, 0x7b, 0xfb, 0x0, 0xb, 0xfa, 0xfc, 0x10,
    0x8f, 0xb0, 0x0, 0x7, 0x50, 0x4e, 0xfe, 0xf8,
    0x0, 0x0, 0x0, 0x15, 0xaf, 0xff, 0xfb, 0x74,
    0x10, 0x3e, 0xff, 0xf9, 0x32, 0x8e, 0xff, 0xf1,
    0xb, 0xb9, 0x55, 0x55, 0x55, 0x89, 0x70, 0x0,
    0x9f, 0xff, 0xff, 0xff, 0xf8, 0x0, 0x0, 0x9f,
    0x0, 0x0, 0x0, 0xf8, 0x0, 0x0, 0x9f, 0x22,
    0x22, 0x22, 0xf8, 0x0, 0x0, 0x9f, 0xff, 0xff,
    0xff, 0xf8, 0x0, 0x0, 0x9f, 0x33, 0x33, 0x33,
    0xf8, 0x0,

    /* U+5408 "合" */
    0x0, 0x0, 0x1, 0xee, 0x10, 0x0, 0x0, 0x0,
    0x0, 0xc, 0xff, 0xb0, 0x0, 0x0, 0x0, 0x1,
    0xcf, 0x76, 0xfb, 0x0, 0x0, 0x0, 0x3d, 0xf7,
    0x0, 0x7f, 0xd3, 0x0, 0x19, 0xff, 0xd8, 0x88,
    0x8d, 0xff, 0xa1, 0x1f, 0xa9, 0xff, 0xff, 0xff,
    0x8a, 0xe1, 0x1, 0x0, 0x0, 0x0, 0x0, 0x0,
    0x0, 0x0, 0xaf, 0xff, 0xff, 0xff, 0xf9, 0x0,
    0x0, 0xbf, 0x88, 0x88, 0x88, 0xfa, 0x0, 0x0,
    0xbe, 0x0, 0x0, 0x0, 0xfa, 0x0, 0x0, 0xbe,
    0x33, 0x33, 0x33, 0xfa, 0x0, 0x0, 0xbf, 0xff,
    0xff, 0xff, 0xfa, 0x0, 0x0, 0xbf, 0x44, 0x44,
    0x44, 0xfa, 0x0, 0x0, 0x0, 0x0, 0x0, 0x0,
    0x0, 0x0,

    /* U+540C "同" */
    0xaf, 0xff, 0xff, 0xff, 0xff, 0xf9, 0xaf, 0x77,
    0x77, 0x77, 0x77, 0xf9, 0xaf, 0x36, 0x66, 0x66,
    0x63, 0xf9, 0xaf, 0x7f, 0xff, 0xff, 0xf7, 0xf9,
    0xaf, 0x2, 0x22, 0x22, 0x20, 0xf9, 0xaf, 0xe,
    0xff, 0xff, 0xe0, 0xf9, 0xaf, 0xe, 0x93, 0x3a,
    0xe0, 0xf9, 0xaf, 0xe, 0x80, 0x8, 0xe0, 0xf9,
    0xaf, 0xe, 0xff, 0xff, 0xe0, 0xf9, 0xaf, 0x5,
    0x66, 0x66, 0x50, 0xf9, 0xaf, 0x0, 0x0, 0x0,
    0x68, 0xf9, 0xaf, 0x0, 0x0, 0x0, 0xff, 0xe3,
    0x11, 0x0, 0x0, 0x0, 0x0, 0x0,

    /* U+540D "名" */
    0x0, 0x0, 0xb, 0xc0, 0x0, 0x0, 0x0, 0x0,
    0xa, 0xfc, 0x88, 0x88, 0x80, 0x0, 0xa, 0xff,
    0xff, 0xff, 0xff, 0x0, 0x1c, 0xfe, 0x10, 0x0,
    0xaf, 0x70, 0xc, 0xf9, 0xfe, 0x22, 0xcf, 0x60,
    0x0, 0x23, 0x2, 0xa8, 0xfe, 0x40, 0x0, 0x0,
    0x2, 0x9f, 0xf9, 0x10, 0x0, 0x1, 0x8d, 0xff,
    0xff, 0xff, 0xff, 0xf1, 0x1f, 0xbf, 0xc7, 0x77,
    0x77, 0xbf, 0x10, 0x0, 0xe9, 0x0, 0x0, 0x7,
    0xf1, 0x0, 0xe, 0xa2, 0x22, 0x22, 0x8f, 0x10,
    0x0, 0xef, 0xff, 0xff, 0xff, 0xf1, 0x0, 0xe,
    0xb4, 0x44, 0x44, 0x9f, 0x10,

    /* U+540E "后" */
    0x0, 0x0, 0x0, 0x12, 0x35, 0x79, 0x10, 0x0,
    0xce, 0xff, 0xff, 0xff, 0xff, 0x40, 0x0, 0xed,
    0x98, 0x76, 0x53, 0x20, 0x0, 0x0, 0xea, 0x0,
    0x0, 0x0, 0x0, 0x0, 0x0, 0xef, 0xff, 0xff,
    0xff, 0xff, 0xf0, 0x0, 0xfc, 0x77, 0x77, 0x77,
    0x77, 0x70, 0x0, 0xf9, 0x0, 0x0, 0x0, 0x0,
    0x0, 0x0, 0xf8, 0xbf, 0xff, 0xff, 0xff, 0x10,
    0x3, 0xf6, 0xbe, 0x77, 0x77, 0xaf, 0x10, 0x6,
    0xf3, 0xbd, 0x0, 0x0, 0x7f, 0x10, 0xb, 0xe0,
    0xbd, 0x44, 0x44, 0x9f, 0x10, 0x3f, 0x90, 0xbf,
    0xff, 0xff, 0xff, 0x10, 0x1a, 0x20, 0xbd, 0x22,
    0x22, 0x8f, 0x10,

    /* U+5411 "向" */
    0x0, 0x0, 0x2, 0x0, 0x0, 0x0, 0x0, 0x0,
    0x7f, 0x50, 0x0, 0x0, 0x47, 0x77, 0xdf, 0x87,
    0x77, 0x73, 0xaf, 0xff, 0xff, 0xff, 0xff, 0xf7,
    0xae, 0x0, 0x0, 0x0, 0x1, 0xf7, 0xae, 0x4,
    0x77, 0x77, 0x41, 0xf7, 0xae, 0x9, 0xff, 0xff,
    0x91, 0xf7, 0xae, 0x9, 0xe0, 0xe, 0x91, 0xf7,
    0xae, 0x9, 0xe0, 0xe, 0x91, 0xf7, 0xae, 0x9,
    0xe0, 0xe, 0x91, 0xf7, 0xae, 0x9, 0xff, 0xff,
    0x91, 0xf7, 0xae, 0x4, 0x77, 0x77, 0x41, 0xf7,
    0xae, 0x0, 0x0, 0x4, 0x8a, 0xf7, 0xae, 0x0,
    0x0, 0x5, 0xff, 0xe2, 0x0, 0x0, 0x0, 0x0,
    0x0, 0x0,

    /* U+5426 "否" */
    0xe, 0xff, 0xff, 0xff, 0xff, 0xff, 0x90, 0x6,
    0x77, 0x78, 0xff, 0x87, 0x77, 0x40, 0x0, 0x0,
    0x4e, 0xf9, 0x53, 0x0, 0x0, 0x0, 0x2a, 0xfd,
    0xf9, 0xcf, 0xb3, 0x0, 0x2b, 0xff, 0x70, 0xf9,
    0x6, 0xef, 0xa0, 0x1d, 0x70, 0x0, 0xe9, 0x0,
    0x8, 0x90, 0x0, 0xef, 0xff, 0xff, 0xff, 0xf9,
    0x0, 0x0, 0xed, 0x88, 0x88, 0x88, 0xf9, 0x0,
    0x0, 0xea, 0x0, 0x0, 0x0, 0xf9, 0x0, 0x0,
    0xeb, 0x33, 0x33, 0x33, 0xf9, 0x0, 0x0, 0xef,
    0xff, 0xff, 0xff, 0xf9, 0x0, 0x0, 0xeb, 0x33,
    0x33, 0x33, 0xf9, 0x0,

    /* U+542B "含" */
    0x0, 0x0, 0x1, 0xdf, 0x40, 0x0, 0x0, 0x0,
    0x0, 0x2d, 0xed, 0xf6, 0x0, 0x0, 0x0, 0x7,
    0xfe, 0x51, 0xbf, 0xb2, 0x0, 0x7, 0xef, 0xa1,
    0xeb, 0x7, 0xff, 0xa2, 0xe, 0xc5, 0x11, 0x5f,
    0x41, 0x29, 0xf2, 0x1, 0xf, 0xff, 0xff, 0xff,
    0xf4, 0x0, 0x0, 0x4, 0x44, 0x44, 0x6f, 0xe1,
    0x0, 0x0, 0x13, 0x33, 0x34, 0xef, 0x52, 0x0,
    0x0, 0x9f, 0xff, 0xff, 0xff, 0xfe, 0x0, 0x0,
    0x9f, 0x33, 0x33, 0x33, 0xbe, 0x0, 0x0, 0x9e,
    0x0, 0x0, 0x0, 0xae, 0x0, 0x0, 0x9f, 0xff,
    0xff, 0xff, 0xfe, 0x0, 0x0, 0x9f, 0x55, 0x55,
    0x55, 0xce, 0x0,

    /* U+542C "听" */
    0x0, 0x0, 0x0, 0x0, 0x0, 0x32, 0x8, 0x88,
    0x81, 0x48, 0xbd, 0xff, 0x90, 0xef, 0xff, 0x29,
    0xfe, 0xc9, 0x62, 0xe, 0x84, 0xf2, 0x9f, 0x0,
    0x0, 0x0, 0xe8, 0x4f, 0x29, 0xf0, 0x0, 0x0,
    0xe, 0x84, 0xf2, 0x9f, 0xff, 0xff, 0xf2, 0xe8,
    0x4f, 0x29, 0xf8, 0x8f, 0xb8, 0x1e, 0x84, 0xf2,
    0xae, 0x1, 0xf7, 0x0, 0xe8, 0x4f, 0x2b, 0xd0,
    0x1f, 0x70, 0xe, 0xff, 0xf2, 0xdb, 0x1, 0xf7,
    0x0, 0xec, 0x88, 0x3f, 0x70, 0x1f, 0x70, 0xb,
    0x60, 0xa, 0xf2, 0x1, 0xf7, 0x0, 0x0, 0x0,
    0xa9, 0x0, 0x1f, 0x70, 0x0, 0x0, 0x0, 0x0,
    0x0, 0x0, 0x0,

    /* U+542F "启" */
    0x0, 0x0, 0x0, 0x8e, 0x20, 0x0, 0x0, 0x7,
    0x77, 0x7b, 0xfb, 0x77, 0x76, 0x0, 0xff, 0xff,
    0xff, 0xff, 0xff, 0xc0, 0xf, 0xa0, 0x0, 0x0,
    0x0, 0xcc, 0x0, 0xfc, 0x77, 0x77, 0x77, 0x7e,
    0xc0, 0xf, 0xff, 0xff, 0xff, 0xff, 0xfb, 0x0,
    0xf9, 0x0, 0x0, 0x0, 0x0, 0x0, 0x1f, 0xaf,
    0xff, 0xff, 0xff, 0xf7, 0x4, 0xf8, 0xfb, 0x77,
    0x77, 0x8f, 0x80, 0x7f, 0x5f, 0x70, 0x0, 0x1,
    0xf8, 0xd, 0xd2, 0xf7, 0x11, 0x11, 0x2f, 0x83,
    0xf7, 0x2f, 0xff, 0xff, 0xff, 0xf8, 0x7, 0x12,
    0xf9, 0x55, 0x55, 0x5f, 0x80,

    /* U+5438 "吸" */
    0xef, 0xfe, 0x9f, 0xff, 0xff, 0xa0, 0xe, 0xaa,
    0xe4, 0xeb, 0x77, 0xf8, 0x0, 0xe6, 0x6e, 0xe,
    0x70, 0x5f, 0x20, 0xe, 0x66, 0xe0, 0xea, 0xd,
    0xe7, 0x20, 0xe6, 0x6e, 0xf, 0xf0, 0xef, 0xf5,
    0xe, 0x66, 0xe1, 0xff, 0x60, 0x4f, 0x20, 0xe6,
    0x6e, 0x3f, 0xce, 0xc, 0xa0, 0xe, 0x66, 0xe7,
    0xf2, 0xfd, 0xf2, 0x0, 0xef, 0xfe, 0xda, 0x9,
    0xfb, 0x0, 0xe, 0xb7, 0xcf, 0x36, 0xfd, 0xfa,
    0x0, 0x52, 0x2f, 0xbb, 0xfa, 0x8, 0xfc, 0x0,
    0x0, 0x81, 0x86, 0x0, 0x5, 0x60,

    /* U+5446 "呆" */
    0x0, 0xcf, 0xff, 0xff, 0xff, 0xfc, 0x0, 0x0,
    0xce, 0x77, 0x77, 0x77, 0xec, 0x0, 0x0, 0xcc,
    0x0, 0x0, 0x0, 0xcc, 0x0, 0x0, 0xcf, 0xff,
    0xff, 0xff, 0xfc, 0x0, 0x0, 0x68, 0x88, 0xee,
    0x88, 0x86, 0x0, 0x0, 0x0, 0x0, 0xdc, 0x0,
    0x0, 0x0, 0xf, 0xff, 0xff, 0xff, 0xff, 0xff,
    0xf0, 0x7, 0x77, 0x7e, 0xff, 0xf8, 0x77, 0x70,
    0x0, 0x2, 0xcf, 0xfe, 0xed, 0x30, 0x0, 0x2,
    0x9f, 0xe3, 0xdc, 0x2c, 0xfa, 0x30, 0x1f, 0xf9,
    0x10, 0xdc, 0x0, 0x7f, 0xf1, 0x5, 0x20, 0x0,
    0xdc, 0x0, 0x1, 0x40,

    /* U+5468 "周" */
    0x1, 0xff, 0xff, 0xff, 0xff, 0xff, 0x90, 0x1f,
    0xb6, 0x7e, 0xf7, 0x76, 0xf9, 0x1, 0xf7, 0xbf,
    0xff, 0xff, 0x3f, 0x90, 0x1f, 0x72, 0x39, 0xf3,
    0x30, 0xf9, 0x1, 0xf9, 0xee, 0xff, 0xee, 0x8f,
    0x90, 0x1f, 0x86, 0x66, 0x66, 0x63, 0xf9, 0x1,
    0xf7, 0x25, 0x55, 0x54, 0xf, 0x90, 0x2f, 0x67,
    0xfe, 0xef, 0xe0, 0xf9, 0x4, 0xf4, 0x7e, 0x11,
    0x8e, 0xf, 0x90, 0x9f, 0x17, 0xff, 0xff, 0xe0,
    0xf9, 0x1f, 0xc0, 0x2, 0x22, 0x36, 0x5f, 0x81,
    0xc5, 0x0, 0x0, 0x1, 0xff, 0xe3, 0x0, 0x0,
    0x0, 0x0, 0x0, 0x0, 0x0,

    /* U+547C "呼" */
    0x0, 0x0, 0x0, 0x1, 0x24, 0x66, 0xb, 0xcc,
    0xb5, 0xff, 0xff, 0xff, 0xb0, 0xed, 0xdf, 0x28,
    0x79, 0xf3, 0x10, 0xe, 0x66, 0xf3, 0xd1, 0x6f,
    0x1a, 0xb0, 0xe6, 0x6f, 0x1f, 0x96, 0xf3, 0xf7,
    0xe, 0x66, 0xf0, 0x8d, 0x6f, 0x9e, 0x0, 0xe6,
    0x6f, 0x25, 0x59, 0xf6, 0x65, 0xe, 0x66, 0xf9,
    0xff, 0xff, 0xff, 0xf1, 0xe6, 0x6f, 0x12, 0x27,
    0xf3, 0x22, 0xe, 0xbb, 0xf0, 0x0, 0x6f, 0x10,
    0x0, 0xef, 0xfe, 0x0, 0x6, 0xf1, 0x0, 0xc,
    0x50, 0x0, 0x57, 0xcf, 0x0, 0x0, 0x0, 0x0,
    0x9, 0xff, 0x90, 0x0, 0x0,

    /* U+547D "命" */
    0x0, 0x0, 0x4, 0xfd, 0x20, 0x0, 0x0, 0x0,
    0x0, 0x6f, 0xde, 0xe4, 0x0, 0x0, 0x0, 0x2b,
    0xfb, 0x2, 0xdf, 0xa1, 0x0, 0x19, 0xff, 0xd6,
    0x66, 0x6e, 0xff, 0x91, 0x1f, 0xa7, 0xff, 0xff,
    0xff, 0x5a, 0xf1, 0x1, 0x0, 0x0, 0x0, 0x0,
    0x0, 0x10, 0x4, 0xee, 0xee, 0x2e, 0xff, 0xff,
    0x50, 0x5, 0xf8, 0x9f, 0x3e, 0xb7, 0x7f, 0x60,
    0x5, 0xf1, 0x3f, 0x3e, 0x80, 0x1f, 0x60, 0x5,
    0xf3, 0x5f, 0x3e, 0x80, 0x2f, 0x50, 0x5, 0xff,
    0xff, 0x3e, 0x8e, 0xff, 0x40, 0x1, 0x44, 0x44,
    0xe, 0x86, 0x74, 0x0, 0x0, 0x0, 0x0, 0xe,
    0x80, 0x0, 0x0,

    /* U+548C "和" */
    0x0, 0x2, 0x58, 0x20, 0x0, 0x0, 0x0, 0xcf,
    0xff, 0xf5, 0x9a, 0xaa, 0xa6, 0x8, 0x8f, 0x90,
    0xe, 0xff, 0xff, 0x90, 0x0, 0xf8, 0x0, 0xe9,
    0x0, 0xe9, 0x1f, 0xff, 0xff, 0x9e, 0x90, 0xe,
    0x90, 0x79, 0xfc, 0x74, 0xe9, 0x0, 0xe9, 0x0,
    0xaf, 0xa0, 0xe, 0x90, 0xe, 0x90, 0x3f, 0xff,
    0xb1, 0xe9, 0x0, 0xe9, 0xd, 0xcf, 0xbe, 0x9e,
    0x90, 0xe, 0x95, 0xf3, 0xf8, 0x21, 0xe9, 0x0,
    0xe9, 0x7, 0xf, 0x80, 0xe, 0xff, 0xff, 0x90,
    0x0, 0xf8, 0x0, 0xed, 0x99, 0xf9, 0x0, 0xf,
    0x80, 0x7, 0x40, 0x7, 0x40,

    /* U+54C0 "哀" */
    0x0, 0x0, 0x0, 0x12, 0x0, 0x0, 0x0, 0x0,
    0x0, 0x0, 0xee, 0x0, 0x0, 0x0, 0x1f, 0xff,
    0xff, 0xff, 0xff, 0xff, 0xf0, 0x6, 0x66, 0x66,
    0x66, 0x66, 0x66, 0x60, 0x0, 0x45, 0x55, 0x55,
    0x55, 0x53, 0x0, 0x0, 0xcf, 0xff, 0xff, 0xff,
    0xfb, 0x0, 0x0, 0xcb, 0x0, 0x0, 0x0, 0xcb,
    0x0, 0x0, 0xcf, 0xff, 0xff, 0xff, 0xfb, 0x0,
    0x0, 0x45, 0x7f, 0xff, 0x65, 0x6c, 0x10, 0x0,
    0x7, 0xfe, 0x5e, 0xb6, 0xef, 0x60, 0x29, 0xff,
    0xf3, 0x4, 0xff, 0xb2, 0x0, 0x3f, 0xa8, 0xf3,
    0x59, 0x4f, 0xf9, 0x30, 0x1, 0x8, 0xff, 0xfd,
    0x1, 0xaf, 0xf2, 0x0, 0x7, 0xb7, 0x20, 0x0,
    0x1, 0x60,

    /* U+54C1 "品" */
    0x5, 0xff, 0xff, 0xff, 0xff, 0xc0, 0x5, 0xf7,
    0x66, 0x66, 0x6e, 0xc0, 0x5, 0xf2, 0x0, 0x0,
    0xd, 0xc0, 0x5, 0xff, 0xff, 0xff, 0xff, 0xc0,
    0x2, 0x77, 0x77, 0x77, 0x77, 0x50, 0x13, 0x33,
    0x31, 0x13, 0x33, 0x33, 0x8f, 0xff, 0xf7, 0x5f,
    0xff, 0xfe, 0x8e, 0x22, 0xe7, 0x5f, 0x32, 0x8e,
    0x8e, 0x0, 0xe7, 0x5f, 0x10, 0x7e, 0x8f, 0x33,
    0xf7, 0x5f, 0x43, 0x9e, 0x8f, 0xff, 0xf7, 0x5f,
    0xff, 0xfe, 0x8f, 0x33, 0xf7, 0x5f, 0x43, 0x9e,

    /* U+54CD "响" */
    0x0, 0x0, 0x0, 0xc, 0xc0, 0x0, 0xab, 0xb4,
    0x25, 0x6f, 0xc5, 0x55, 0xed, 0xf6, 0x7f, 0xff,
    0xff, 0xfe, 0xe6, 0xe6, 0x7e, 0x0, 0x0, 0x7e,
    0xe6, 0xe6, 0x7e, 0x16, 0x65, 0x7e, 0xe6, 0xe6,
    0x7e, 0x5f, 0xfd, 0x7e, 0xe6, 0xe6, 0x7e, 0x5c,
    0x4d, 0x7e, 0xe6, 0xe6, 0x7e, 0x5c, 0x4d, 0x7e,
    0xe6, 0xe6, 0x7e, 0x5c, 0x4d, 0x7e, 0xeb, 0xe6,
    0x7e, 0x5f, 0xed, 0x7e, 0xef, 0xf6, 0x7e, 0x26,
    0x65, 0x7e, 0xc5, 0x0, 0x7e, 0x0, 0x27, 0xbe,
    0x0, 0x0, 0x7e, 0x0, 0x4f, 0xf8, 0x0, 0x0,
    0x1, 0x0, 0x0, 0x0,

    /* U+5566 "啦" */
    0x0, 0x0, 0x0, 0x0, 0x0, 0x0, 0x0, 0x0,
    0x5, 0xf1, 0x6, 0xf0, 0x0, 0xde, 0xe4, 0x5f,
    0x10, 0x4f, 0x40, 0xe, 0xcf, 0x69, 0xf5, 0x9d,
    0xfd, 0xb0, 0xe6, 0xe9, 0xff, 0xf8, 0xbb, 0xba,
    0xe, 0x6e, 0x56, 0xf2, 0x43, 0x5, 0x50, 0xe6,
    0xe5, 0x5f, 0x4a, 0x90, 0xaa, 0xe, 0x6e, 0x69,
    0xff, 0x7d, 0xd, 0x60, 0xe6, 0xeb, 0xff, 0x64,
    0xf1, 0xf3, 0xe, 0x6e, 0x66, 0xf1, 0x1f, 0x6f,
    0x0, 0xee, 0xf5, 0x5f, 0x10, 0xeb, 0xd0, 0xe,
    0xb9, 0x25, 0xf1, 0x0, 0xa9, 0x0, 0xb4, 0x5,
    0xaf, 0x5f, 0xff, 0xff, 0x10, 0x0, 0xbf, 0xb1,
    0x66, 0x66, 0x60,

    /* U+559C "喜" */
    0x0, 0x0, 0x0, 0xf9, 0x0, 0x0, 0x0, 0x4f,
    0xff, 0xff, 0xff, 0xff, 0xff, 0xc0, 0x4, 0x44,
    0x44, 0xfa, 0x44, 0x44, 0x30, 0x9, 0xff, 0xff,
    0xff, 0xff, 0xff, 0x20, 0x0, 0x78, 0x88, 0x88,
    0x88, 0x84, 0x0, 0x0, 0xfb, 0x66, 0x66, 0x66,
    0xf8, 0x0, 0x0, 0xff, 0xff, 0xff, 0xff, 0xf8,
    0x0, 0x0, 0x4, 0xf4, 0x0, 0xbc, 0x0, 0x0,
    0x8f, 0xff, 0xff, 0xff, 0xff, 0xff, 0xf1, 0x24,
    0x55, 0x55, 0x55, 0x55, 0x54, 0x40, 0x0, 0xff,
    0xff, 0xff, 0xff, 0xf8, 0x0, 0x0, 0xf9, 0x44,
    0x44, 0x44, 0xf8, 0x0, 0x0, 0xfe, 0xcc, 0xcc,
    0xcc, 0xf8, 0x0,

    /* U+559D "喝" */
    0x44, 0x41, 0x4f, 0xff, 0xff, 0xf2, 0xef, 0xf5,
    0x4f, 0x76, 0x68, 0xf2, 0xe5, 0xd5, 0x4f, 0xdd,
    0xdd, 0xf2, 0xe5, 0xd5, 0x4f, 0x97, 0x79, 0xf2,
    0xe5, 0xd5, 0x2d, 0xe7, 0x77, 0x71, 0xe5, 0xd5,
    0x7f, 0xfd, 0xdd, 0xd9, 0xe5, 0xde, 0xfb, 0x5a,
    0xd5, 0xcb, 0xe5, 0xdc, 0xf8, 0x1e, 0xc0, 0xaa,
    0xe9, 0xe5, 0x7d, 0xcb, 0xac, 0xba, 0xef, 0xf5,
    0x6e, 0x73, 0x36, 0xc9, 0xe6, 0x10, 0x5e, 0xee,
    0xfd, 0xe8, 0x0, 0x0, 0x0, 0x0, 0x7f, 0xe3,

    /* U+5668 "器" */
    0x8, 0xff, 0xff, 0x79, 0xff, 0xff, 0x60, 0x8,
    0xe3, 0x3e, 0x79, 0xc3, 0x3f, 0x60, 0x8, 0xff,
    0xff, 0x79, 0xff, 0xff, 0x60, 0x2, 0x44, 0x44,
    0x65, 0x47, 0x84, 0x10, 0x6, 0x77, 0x77, 0xfc,
    0x7c, 0xf7, 0x50, 0xd, 0xee, 0xef, 0xff, 0xfe,
    0xee, 0xc0, 0x1, 0x48, 0xee, 0x43, 0xde, 0x84,
    0x10, 0x4f, 0xff, 0xa4, 0x12, 0x49, 0xef, 0xf1,
    0x8, 0xff, 0xff, 0x7a, 0xff, 0xff, 0x70, 0x6,
    0xf0, 0xe, 0x7a, 0xb0, 0xf, 0x40, 0x6, 0xff,
    0xff, 0x7a, 0xff, 0xff, 0x40, 0x6, 0xf4, 0x4e,
    0x7a, 0xc4, 0x5f, 0x40,

    /* U+56DE "回" */
    0xbf, 0xff, 0xff, 0xff, 0xff, 0xfa, 0xbf, 0xaa,
    0xaa, 0xaa, 0xaa, 0xfa, 0xbe, 0x2, 0x55, 0x55,
    0x20, 0xfa, 0xbe, 0x7, 0xff, 0xff, 0x70, 0xfa,
    0xbe, 0x7, 0xe1, 0x1e, 0x70, 0xfa, 0xbe, 0x7,
    0xe0, 0xe, 0x70, 0xfa, 0xbe, 0x7, 0xf4, 0x4e,
    0x70, 0xfa, 0xbe, 0x7, 0xff, 0xff, 0x70, 0xfa,
    0xbe, 0x1, 0x22, 0x22, 0x10, 0xfa, 0xbf, 0x88,
    0x88, 0x88, 0x88, 0xfa, 0xbf, 0xff, 0xff, 0xff,
    0xff, 0xfa, 0xbe, 0x0, 0x0, 0x0, 0x0, 0xfa,

    /* U+56F0 "困" */
    0x9f, 0xff, 0xff, 0xff, 0xff, 0xf9, 0x9f, 0x77,
    0x79, 0xa7, 0x77, 0xf9, 0x9f, 0x1, 0x19, 0xe1,
    0x10, 0xf9, 0x9f, 0x6f, 0xff, 0xff, 0xf7, 0xf9,
    0x9f, 0x25, 0x7f, 0xf5, 0x52, 0xf9, 0x9f, 0x0,
    0xcf, 0xf7, 0x0, 0xf9, 0x9f, 0x1b, 0xfc, 0xff,
    0xc2, 0xf9, 0x9f, 0xcf, 0x49, 0xe2, 0xda, 0xf9,
    0x9f, 0x44, 0x9, 0xe0, 0x12, 0xf9, 0x9f, 0x11,
    0x15, 0x81, 0x11, 0xf9, 0x9f, 0xff, 0xff, 0xff,
    0xff, 0xf9, 0x9f, 0x66, 0x66, 0x66, 0x66, 0xf9,

    /* U+56FE "图" */
    0x9f, 0xff, 0xff, 0xff, 0xff, 0xfe, 0x9f, 0x56,
    0xd9, 0x66, 0x66, 0xbe, 0x9e, 0xa, 0xff, 0xff,
    0xf6, 0x9e, 0x9e, 0xad, 0xf6, 0x3d, 0xc1, 0x9e,
    0x9e, 0x11, 0x8f, 0xfc, 0x10, 0x9e, 0x9e, 0x9f,
    0xf9, 0x7d, 0xfd, 0xae, 0x9e, 0x55, 0xec, 0x96,
    0x44, 0x9e, 0x9e, 0x4, 0x34, 0x7b, 0x30, 0x9e,
    0x9e, 0xd, 0xff, 0xc9, 0x50, 0x9e, 0x9e, 0x0,
    0x4, 0x7a, 0xc0, 0x9e, 0x9f, 0xff, 0xff, 0xff,
    0xff, 0xfe, 0x9f, 0x55, 0x55, 0x55, 0x55, 0xbe,

    /* U+5706 "圆" */
    0x8f, 0xff, 0xff, 0xff, 0xff, 0xfe, 0x8f, 0x48,
    0x88, 0x88, 0x85, 0xae, 0x8e, 0xe, 0xdb, 0xbc,
    0xf2, 0x9e, 0x8e, 0xe, 0xb9, 0x9a, 0xf2, 0x9e,
    0x8e, 0x5, 0x66, 0x66, 0x61, 0x9e, 0x8e, 0x3f,
    0xff, 0xff, 0xf7, 0x9e, 0x8e, 0x3f, 0x18, 0xa0,
    0xe7, 0x9e, 0x8e, 0x2e, 0x2e, 0xd3, 0xc6, 0x9e,
    0x8e, 0x39, 0xed, 0xbf, 0xd7, 0x9e, 0x8e, 0x6a,
    0x50, 0x1, 0x89, 0x9e, 0x8f, 0xff, 0xff, 0xff,
    0xff, 0xfe, 0x8f, 0x55, 0x55, 0x55, 0x55, 0xbe,

    /* U+5708 "圈" */
    0x9f, 0xff, 0xff, 0xff, 0xff, 0xfe, 0x9f, 0x3b,
    0x99, 0xf5, 0xd5, 0xae, 0x9e, 0x39, 0xec, 0xcb,
    0xd6, 0x8e, 0x9e, 0x37, 0x7f, 0x97, 0x76, 0x8e,
    0x9e, 0xaf, 0xff, 0xff, 0xff, 0x9e, 0x9e, 0x2b,
    0xf8, 0x5d, 0xe4, 0x8e, 0x9f, 0xef, 0xfa, 0xaf,
    0xaf, 0xee, 0x9e, 0x35, 0xe4, 0xce, 0xa6, 0x9e,
    0x9e, 0x5, 0xf7, 0x77, 0xf6, 0x8e, 0x9e, 0x0,
    0x78, 0x88, 0x71, 0x8e, 0x9f, 0xff, 0xff, 0xff,
    0xff, 0xfe, 0x9f, 0x55, 0x55, 0x55, 0x55, 0xbe,

    /* U+5728 "在" */
    0x0, 0x0, 0x0, 0x0, 0x0, 0x0, 0x0, 0x0,
    0x0, 0xd, 0xb0, 0x0, 0x0, 0x0, 0x7, 0x77,
    0x8f, 0xb7, 0x77, 0x77, 0x70, 0xf, 0xff, 0xff,
    0xff, 0xff, 0xff, 0xf0, 0x0, 0x4, 0xf9, 0x0,
    0x11, 0x0, 0x0, 0x0, 0xd, 0xf1, 0x0, 0xeb,
    0x0, 0x0, 0x0, 0x9f, 0x60, 0x0, 0xeb, 0x0,
    0x0, 0x6, 0xff, 0x2c, 0xff, 0xff, 0xff, 0xa0,
    0x3f, 0xff, 0x26, 0x88, 0xfe, 0x88, 0x50, 0xc,
    0x8f, 0x20, 0x0, 0xeb, 0x0, 0x0, 0x0, 0x6f,
    0x20, 0x0, 0xeb, 0x0, 0x0, 0x0, 0x6f, 0x23,
    0x33, 0xec, 0x33, 0x30, 0x0, 0x6f, 0x7f, 0xff,
    0xff, 0xff, 0xf2, 0x0, 0x6f, 0x34, 0x44, 0x44,
    0x44, 0x40,

    /* U+5730 "地" */
    0x0, 0x0, 0x0, 0x0, 0xe8, 0x0, 0x0, 0x0,
    0xe8, 0x3, 0x50, 0xe8, 0x0, 0x0, 0x0, 0xe8,
    0x8, 0xe0, 0xe8, 0x3, 0x40, 0x6, 0xfb, 0x38,
    0xe1, 0xfe, 0xff, 0x80, 0x2f, 0xff, 0xbb, 0xff,
    0xfe, 0x8f, 0x80, 0x1, 0xe9, 0xcf, 0xf7, 0xf8,
    0xf, 0x70, 0x0, 0xe8, 0x3a, 0xe0, 0xe8, 0xf,
    0x70, 0x0, 0xe8, 0x8, 0xe0, 0xe9, 0x7f, 0x60,
    0x0, 0xe8, 0x8, 0xe0, 0xe9, 0xfe, 0x20, 0x1,
    0xfd, 0xa8, 0xe0, 0xe8, 0x4, 0xe3, 0x4f, 0xff,
    0xa8, 0xe0, 0x21, 0x4, 0xf3, 0x2c, 0x61, 0x7,
    0xf8, 0x77, 0x7b, 0xf1, 0x0, 0x0, 0x2, 0xdf,
    0xff, 0xff, 0xa0,

    /* U+573A "场" */
    0x0, 0xda, 0x0, 0x0, 0x0, 0x0, 0x0, 0xd,
    0xa0, 0xaf, 0xff, 0xff, 0xd0, 0x0, 0xda, 0x4,
    0x77, 0xaf, 0xfa, 0x0, 0x9e, 0xd8, 0x1, 0x8f,
    0xc4, 0x0, 0x1d, 0xfe, 0xb6, 0xef, 0xa4, 0x44,
    0x20, 0xd, 0xa0, 0xff, 0xff, 0xff, 0xfa, 0x0,
    0xda, 0x2, 0xac, 0x4f, 0x4d, 0x90, 0xd, 0xa0,
    0xe, 0x75, 0xf0, 0xe8, 0x0, 0xdd, 0x76, 0xf1,
    0xac, 0xf, 0x72, 0xbf, 0xfd, 0xf8, 0x1f, 0x60,
    0xf6, 0x3f, 0xa6, 0xdd, 0xa, 0xe1, 0x1f, 0x50,
    0x0, 0xa, 0x27, 0xf9, 0x7a, 0xf4, 0x0, 0x0,
    0x1, 0xf9, 0x4f, 0xfb, 0x0, 0x0, 0x0, 0x2,
    0x0, 0x0, 0x0,

    /* U+5747 "均" */
    0x0, 0x0, 0x0, 0x1, 0x0, 0x0, 0x0, 0xa,
    0xf0, 0x2, 0xf7, 0x0, 0x0, 0x0, 0xaf, 0x0,
    0x9f, 0x64, 0x44, 0x30, 0xa, 0xf0, 0x2f, 0xff,
    0xff, 0xfc, 0x8, 0xdf, 0x9c, 0xf5, 0x55, 0x5e,
    0xb0, 0xff, 0xff, 0x98, 0x80, 0x0, 0xdb, 0x0,
    0xaf, 0x0, 0x4f, 0xa0, 0xe, 0xb0, 0xa, 0xf0,
    0x0, 0x6d, 0x12, 0xea, 0x0, 0xaf, 0x0, 0x0,
    0x6d, 0x9e, 0xa0, 0xa, 0xf0, 0x5, 0xdf, 0xe5,
    0xf9, 0x0, 0xbf, 0xd9, 0xfe, 0x70, 0xf, 0x93,
    0xff, 0xfd, 0x47, 0x0, 0x0, 0xf8, 0x1b, 0x62,
    0x0, 0x0, 0x99, 0xcf, 0x70, 0x0, 0x0, 0x0,
    0xe, 0xff, 0xc1,

    /* U+5782 "垂" */
    0x0, 0x0, 0x0, 0x1, 0x23, 0x45, 0x0, 0x3,
    0xdd, 0xef, 0xff, 0xff, 0xff, 0x0, 0x2, 0x87,
    0x76, 0xdd, 0x32, 0x10, 0x0, 0xb, 0xff, 0xff,
    0xff, 0xff, 0xff, 0xb0, 0x4, 0x6f, 0xa6, 0xee,
    0x6b, 0xf6, 0x40, 0x1, 0x1f, 0x81, 0xdd, 0x18,
    0xf1, 0x10, 0x3f, 0xff, 0xff, 0xff, 0xff, 0xff,
    0xf3, 0x15, 0x5f, 0xa5, 0xdd, 0x5a, 0xf5, 0x51,
    0x4, 0x5f, 0xa5, 0xdd, 0x5a, 0xf5, 0x40, 0xc,
    0xff, 0xff, 0xff, 0xff, 0xff, 0xc0, 0x0, 0x0,
    0x0, 0xcc, 0x0, 0x0, 0x0, 0x5, 0xff, 0xff,
    0xff, 0xff, 0xff, 0x50, 0x1, 0x55, 0x55, 0x55,
    0x55, 0x55, 0x10,

    /* U+57DF "域" */
    0x0, 0x0, 0x0, 0x0, 0x0, 0x0, 0x0, 0x0,
    0xe8, 0x0, 0x0, 0x3f, 0x2a, 0x10, 0x0, 0xe8,
    0x0, 0x0, 0x3f, 0x2d, 0x50, 0x0, 0xe8, 0x3f,
    0xff, 0xff, 0xff, 0xf3, 0x9, 0xfd, 0x77, 0x77,
    0x8f, 0x87, 0x71, 0x1f, 0xff, 0x95, 0x55, 0x2f,
    0x34, 0x50, 0x0, 0xe8, 0x1f, 0xff, 0x4f, 0x4a,
    0xb0, 0x0, 0xe8, 0x1f, 0xe, 0x4e, 0x7f, 0x50,
    0x0, 0xe8, 0x1f, 0x5f, 0x4d, 0xef, 0x0, 0x0,
    0xe8, 0x2f, 0xff, 0x4a, 0xf8, 0x0, 0x5, 0xff,
    0x90, 0x2, 0x1b, 0xf1, 0xd1, 0x3f, 0xfa, 0xcb,
    0xef, 0xef, 0xf3, 0xf1, 0x3, 0x0, 0xab, 0x8c,
    0xf9, 0xee, 0xe0, 0x0, 0x0, 0x0, 0x4, 0xa0,
    0x5f, 0x80, 0x0, 0x0, 0x0, 0x0, 0x0, 0x0,
    0x0,

    /* U+57FA "基" */
    0x0, 0xf, 0x80, 0x0, 0x8, 0xf0, 0x0, 0xa,
    0xff, 0xff, 0xff, 0xff, 0xff, 0xa0, 0x2, 0x4f,
    0xa4, 0x44, 0x4a, 0xf4, 0x20, 0x0, 0xf, 0xff,
    0xff, 0xff, 0xf0, 0x0, 0x0, 0xf, 0x93, 0x33,
    0x3a, 0xf0, 0x0, 0x0, 0xf, 0xfe, 0xee, 0xef,
    0xf0, 0x0, 0x4, 0x4f, 0xa4, 0x44, 0x4a, 0xf4,
    0x40, 0x1f, 0xff, 0xff, 0xff, 0xff, 0xff, 0xf1,
    0x0, 0x3d, 0xc1, 0x55, 0x1c, 0xd4, 0x0, 0x2c,
    0xfc, 0xee, 0xff, 0xee, 0xbf, 0xc2, 0x1e, 0x61,
    0x44, 0xdd, 0x44, 0x5, 0xc0, 0x2, 0x44, 0x44,
    0xdd, 0x44, 0x44, 0x10, 0x5, 0xff, 0xff, 0xff,
    0xff, 0xff, 0x40,

    /* U+585E "塞" */
    0x0, 0x0, 0x0, 0x0, 0x0, 0x0, 0x0, 0x0,
    0x0, 0x0, 0xee, 0x0, 0x0, 0x0, 0xc, 0xff,
    0xff, 0xff, 0xff, 0xff, 0xc0, 0xd, 0xb4, 0x88,
    0x44, 0x88, 0x4b, 0xd0, 0x2, 0xfd, 0xff, 0xdd,
    0xff, 0xdf, 0x20, 0x0, 0x44, 0xbd, 0x44, 0xdc,
    0x44, 0x0, 0x0, 0xff, 0xff, 0xff, 0xff, 0xff,
    0x0, 0x3, 0x44, 0xbd, 0x44, 0xdc, 0x44, 0x30,
    0x1f, 0xff, 0xff, 0xff, 0xff, 0xff, 0xf1, 0x1,
    0x3d, 0xe3, 0x33, 0x3d, 0xc4, 0x10, 0x2b, 0xfb,
    0xed, 0xff, 0xdd, 0xbf, 0xc2, 0x1e, 0x70, 0x55,
    0xdd, 0x55, 0x5, 0xc0, 0x1, 0x33, 0x33, 0xcc,
    0x33, 0x33, 0x0, 0x2, 0xff, 0xff, 0xff, 0xff,
    0xff, 0x30,

    /* U+5883 "境" */
    0x0, 0x0, 0x0, 0x0, 0x21, 0x0, 0x0, 0x0,
    0xf6, 0x0, 0x4, 0xf7, 0x0, 0x0, 0x0, 0xf6,
    0x2f, 0xff, 0xff, 0xff, 0xb0, 0x0, 0xf6, 0x3,
    0xcb, 0x36, 0xf5, 0x20, 0x1a, 0xfc, 0x8b, 0xef,
    0xbd, 0xfb, 0xb1, 0x1e, 0xfe, 0x76, 0x66, 0x66,
    0x66, 0x60, 0x0, 0xf6, 0xe, 0xff, 0xff, 0xff,
    0x40, 0x0, 0xf6, 0xf, 0x83, 0x33, 0x5f, 0x40,
    0x0, 0xf6, 0xf, 0xff, 0xff, 0xff, 0x40, 0x0,
    0xf6, 0xf, 0x83, 0x33, 0x5f, 0x40, 0x2, 0xfd,
    0x6e, 0xff, 0xff, 0xff, 0x40, 0x3f, 0xff, 0x60,
    0xae, 0xe, 0x60, 0xe4, 0x1a, 0x50, 0x2a, 0xf7,
    0xe, 0x93, 0xf4, 0x0, 0x1, 0xfe, 0x60, 0xa,
    0xff, 0xe1, 0x0, 0x0, 0x30, 0x0, 0x0, 0x0,
    0x0,

    /* U+589E "增" */
    0x0, 0x0, 0x0, 0x10, 0x0, 0x20, 0x0, 0xf,
    0x60, 0x1f, 0x70, 0x2f, 0x80, 0x0, 0xf6, 0x29,
    0xdf, 0x9d, 0xfa, 0x80, 0xf, 0x64, 0xfc, 0xcf,
    0xdc, 0xed, 0x7, 0xfa, 0x7f, 0x93, 0xe5, 0xaa,
    0xd1, 0xff, 0xfa, 0xf3, 0x9e, 0x8b, 0x7d, 0x0,
    0xf6, 0x4f, 0xcc, 0xfd, 0xce, 0xd0, 0xf, 0x61,
    0x66, 0x66, 0x66, 0x64, 0x0, 0xf6, 0xb, 0xff,
    0xff, 0xff, 0x40, 0xf, 0x61, 0xcb, 0x33, 0x35,
    0xf4, 0x5, 0xff, 0x9c, 0xff, 0xff, 0xff, 0x43,
    0xff, 0xc4, 0xcb, 0x22, 0x24, 0xf4, 0x6, 0x10,
    0xc, 0xff, 0xff, 0xff, 0x40, 0x0, 0x0, 0xcb,
    0x44, 0x46, 0xf4,

    /* U+58F0 "声" */
    0x0, 0x0, 0x0, 0xcc, 0x0, 0x0, 0x0, 0x1f,
    0xff, 0xff, 0xff, 0xff, 0xff, 0xf1, 0x7, 0x77,
    0x77, 0xee, 0x77, 0x77, 0x70, 0x0, 0x88, 0x88,
    0xee, 0x88, 0x88, 0x10, 0x1, 0xee, 0xee, 0xee,
    0xee, 0xee, 0x10, 0x0, 0x33, 0x33, 0x33, 0x33,
    0x33, 0x0, 0x0, 0xff, 0xff, 0xff, 0xff, 0xff,
    0x10, 0x0, 0xf9, 0x11, 0xbd, 0x11, 0x8f, 0x10,
    0x0, 0xfb, 0x55, 0xcd, 0x55, 0xaf, 0x10, 0x0,
    0xff, 0xff, 0xff, 0xff, 0xff, 0x10, 0x3, 0xf6,
    0x0, 0x0, 0x0, 0x0, 0x0, 0x9, 0xf2, 0x0,
    0x0, 0x0, 0x0, 0x0, 0xe, 0xa0, 0x0, 0x0,
    0x0, 0x0, 0x0, 0x1, 0x10, 0x0, 0x0, 0x0,
    0x0, 0x0,

    /* U+5904 "处" */
    0x0, 0x0, 0x0, 0x0, 0x0, 0x0, 0x0, 0x0,
    0x2e, 0x40, 0x0, 0x9f, 0x0, 0x0, 0x0, 0x6f,
    0x20, 0x0, 0x9f, 0x0, 0x0, 0x0, 0xbf, 0xff,
    0xf4, 0x9f, 0x0, 0x0, 0x1, 0xfd, 0xbc, 0xf4,
    0x9f, 0x40, 0x0, 0x7, 0xf4, 0x7, 0xf1, 0x9f,
    0xf7, 0x0, 0xe, 0xf7, 0xa, 0xe0, 0x9f, 0xaf,
    0xb1, 0x4f, 0xdc, 0x1f, 0x90, 0x9f, 0x7, 0xe0,
    0x6, 0x6f, 0xaf, 0x30, 0x9f, 0x0, 0x10, 0x0,
    0xe, 0xfb, 0x0, 0x9f, 0x0, 0x0, 0x0, 0xd,
    0xf8, 0x0, 0x9f, 0x0, 0x0, 0x0, 0xaf, 0xef,
    0x91, 0x35, 0x0, 0x0, 0xa, 0xfa, 0xb, 0xff,
    0xca, 0xaa, 0xa2, 0x1e, 0xb0, 0x0, 0x5a, 0xef,
    0xff, 0xf0, 0x2, 0x0, 0x0, 0x0, 0x0, 0x0,
    0x0,

    /* U+5907 "备" */
    0x0, 0x0, 0x10, 0x0, 0x0, 0x0, 0x0, 0x0,
    0x2, 0xfc, 0x0, 0x0, 0x0, 0x0, 0x0, 0x1d,
    0xff, 0xff, 0xff, 0xf9, 0x0, 0x2, 0xdf, 0xf6,
    0x55, 0x7f, 0xf7, 0x0, 0xe, 0xf8, 0xfd, 0x47,
    0xef, 0x60, 0x0, 0x5, 0x20, 0x6f, 0xff, 0xf5,
    0x0, 0x0, 0x28, 0xbe, 0xff, 0xac, 0xff, 0xfc,
    0x90, 0x2f, 0xfc, 0x83, 0x33, 0x59, 0xdf, 0xb0,
    0x0, 0xef, 0xff, 0xff, 0xff, 0xf9, 0x0, 0x0,
    0xe9, 0x0, 0xe9, 0x0, 0xe9, 0x0, 0x0, 0xef,
    0xff, 0xff, 0xff, 0xf9, 0x0, 0x0, 0xe9, 0x11,
    0xe9, 0x11, 0xe9, 0x0, 0x0, 0xef, 0xff, 0xff,
    0xff, 0xf9, 0x0, 0x0, 0xeb, 0x44, 0x44, 0x44,
    0xf9, 0x0,

    /* U+590D "复" */
    0x0, 0x0, 0x0, 0x0, 0x0, 0x0, 0x0, 0x0,
    0xc, 0xd0, 0x0, 0x0, 0x0, 0x0, 0x0, 0x6f,
    0xff, 0xff, 0xff, 0xff, 0xe0, 0x3, 0xfb, 0x44,
    0x44, 0x44, 0x44, 0x30, 0x2e, 0xff, 0xff, 0xff,
    0xff, 0xff, 0x0, 0x1d, 0xbf, 0x33, 0x33, 0x33,
    0xaf, 0x0, 0x0, 0x9f, 0xee, 0xee, 0xee, 0xff,
    0x0, 0x0, 0x9f, 0x77, 0x77, 0x77, 0xcf, 0x0,
    0x0, 0x49, 0xfb, 0x77, 0x77, 0x77, 0x0, 0x0,
    0x3e, 0xfe, 0xee, 0xee, 0xee, 0x0, 0x9, 0xfb,
    0xfd, 0x63, 0x5d, 0xf8, 0x0, 0x9, 0x50, 0x2d,
    0xfd, 0xfd, 0x30, 0x0, 0x6, 0x9c, 0xff, 0xda,
    0xdf, 0xfd, 0xb0, 0xa, 0xc9, 0x52, 0x0, 0x2,
    0x68, 0xa0,

    /* U+5916 "外" */
    0x0, 0x0, 0x0, 0x0, 0x0, 0x0, 0x0, 0x0,
    0xd, 0xb0, 0x0, 0xae, 0x0, 0x0, 0x0, 0x2f,
    0x90, 0x0, 0xae, 0x0, 0x0, 0x0, 0x7f, 0xff,
    0xf7, 0xae, 0x0, 0x0, 0x0, 0xee, 0x9a, 0xf7,
    0xaf, 0x0, 0x0, 0x6, 0xf6, 0x4, 0xf4, 0xaf,
    0xd2, 0x0, 0xe, 0xfc, 0x29, 0xf1, 0xaf, 0xfe,
    0x40, 0x3f, 0xaf, 0x9e, 0xb0, 0xae, 0x3e, 0xf2,
    0x4, 0x3, 0x8f, 0x50, 0xae, 0x1, 0x80, 0x0,
    0x1, 0xfd, 0x0, 0xae, 0x0, 0x0, 0x0, 0xc,
    0xf3, 0x0, 0xae, 0x0, 0x0, 0x0, 0xbf, 0x70,
    0x0, 0xae, 0x0, 0x0, 0xc, 0xf9, 0x0, 0x0,
    0xae, 0x0, 0x0, 0x6, 0x90, 0x0, 0x0, 0xae,
    0x0, 0x0, 0x0, 0x0, 0x0, 0x0, 0x0, 0x0,
    0x0,

    /* U+591A "多" */
    0x0, 0x0, 0x0, 0x30, 0x0, 0x0, 0x0, 0x0,
    0x1, 0xbf, 0x50, 0x0, 0x0, 0x0, 0x5, 0xef,
    0xff, 0xff, 0xff, 0x30, 0x3c, 0xff, 0x97, 0x77,
    0xbf, 0xe1, 0x7, 0xf8, 0xef, 0x51, 0xaf, 0xc1,
    0x0, 0x1, 0x1, 0xba, 0xff, 0x70, 0x0, 0x0,
    0x48, 0xdf, 0xff, 0x60, 0x0, 0x0, 0xef, 0xfb,
    0x8d, 0xf9, 0x66, 0x64, 0x5, 0x41, 0x7f, 0xff,
    0xff, 0xff, 0xc0, 0x18, 0xff, 0xf3, 0x0, 0x2d,
    0xf3, 0x7, 0xfa, 0x5d, 0xf2, 0x7f, 0xd2, 0x0,
    0x1, 0x0, 0x4d, 0xff, 0x80, 0x0, 0x4, 0x7b,
    0xff, 0xe8, 0x10, 0x0, 0x0, 0xef, 0xc8, 0x40,
    0x0, 0x0, 0x0, 0x2, 0x0, 0x0, 0x0, 0x0,
    0x0, 0x0,

    /* U+591C "夜" */
    0x0, 0x0, 0x0, 0xdc, 0x0, 0x0, 0x0, 0x7,
    0x88, 0x88, 0xef, 0x88, 0x88, 0x80, 0xf, 0xff,
    0xff, 0xff, 0xff, 0xff, 0xf0, 0x0, 0xa, 0x80,
    0x9a, 0x0, 0x0, 0x0, 0x0, 0x4f, 0x52, 0xff,
    0xff, 0xff, 0x50, 0x0, 0xce, 0xa, 0xe8, 0xb7,
    0xaf, 0x40, 0x9, 0xfd, 0x5f, 0xb6, 0xf4, 0x9e,
    0x0, 0x3f, 0xfe, 0xfe, 0xf3, 0x98, 0xf8, 0x0,
    0x9, 0x9d, 0x72, 0xce, 0x3d, 0xe1, 0x0, 0x0,
    0x9d, 0x0, 0x1e, 0xff, 0x40, 0x0, 0x0, 0x9d,
    0x0, 0x7f, 0xff, 0xb4, 0x0, 0x0, 0x9d, 0x8f,
    0xfb, 0x28, 0xff, 0xe1, 0x0, 0x9d, 0x6c, 0x40,
    0x0, 0x17, 0x90, 0x0, 0x0, 0x0, 0x0, 0x0,
    0x0, 0x0,

    /* U+5927 "大" */
    0x0, 0x0, 0x0, 0xdd, 0x0, 0x0, 0x0, 0x0,
    0x0, 0x0, 0xdd, 0x0, 0x0, 0x0, 0x0, 0x0,
    0x0, 0xdd, 0x0, 0x0, 0x0, 0x7, 0x99, 0x99,
    0xef, 0x99, 0x99, 0x80, 0xd, 0xff, 0xff, 0xff,
    0xff, 0xff, 0xe0, 0x0, 0x0, 0x0, 0xfe, 0x0,
    0x0, 0x0, 0x0, 0x0, 0x4, 0xff, 0x40, 0x0,
    0x0, 0x0, 0x0, 0xc, 0xff, 0xc0, 0x0, 0x0,
    0x0, 0x0, 0x7f, 0xa7, 0xf7, 0x0, 0x0, 0x0,
    0x7, 0xfe, 0x10, 0xcf, 0x60, 0x0, 0x0, 0x9f,
    0xe2, 0x0, 0x1d, 0xf9, 0x0, 0x1e, 0xfd, 0x20,
    0x0, 0x1, 0xcf, 0xe1, 0x9, 0x90, 0x0, 0x0,
    0x0, 0x7, 0x90, 0x0, 0x0, 0x0, 0x0, 0x0,
    0x0, 0x0,

    /* U+5929 "天" */
    0x5, 0xff, 0xff, 0xff, 0xff, 0xff, 0x30, 0x2,
    0x88, 0x88, 0xfe, 0x88, 0x88, 0x10, 0x0, 0x0,
    0x0, 0xed, 0x0, 0x0, 0x0, 0x0, 0x0, 0x0,
    0xed, 0x0, 0x0, 0x0, 0x1f, 0xff, 0xff, 0xff,
    0xff, 0xff, 0xf0, 0x8, 0x88, 0x89, 0xff, 0x98,
    0x88, 0x80, 0x0, 0x0, 0x7, 0xff, 0x60, 0x0,
    0x0, 0x0, 0x0, 0x2e, 0xed, 0xe2, 0x0, 0x0,
    0x0, 0x2, 0xdf, 0x53, 0xfd, 0x20, 0x0, 0x0,
    0x6f, 0xf6, 0x0, 0x6f, 0xf7, 0x10, 0x1d, 0xfe,
    0x40, 0x0, 0x4, 0xef, 0xf1, 0xa, 0x91, 0x0,
    0x0, 0x0, 0x8, 0x90, 0x0, 0x0, 0x0, 0x0,
    0x0, 0x0, 0x0,

    /* U+5931 "失" */
    0x0, 0x6, 0x20, 0xaf, 0x0, 0x0, 0x0, 0x0,
    0x3f, 0x70, 0xaf, 0x0, 0x0, 0x0, 0x0, 0x9f,
    0xb9, 0xdf, 0x99, 0x99, 0x20, 0x0, 0xef, 0xff,
    0xff, 0xff, 0xff, 0x30, 0x7, 0xf4, 0x0, 0xaf,
    0x0, 0x0, 0x0, 0x1, 0x70, 0x0, 0xbf, 0x0,
    0x0, 0x0, 0xe, 0xff, 0xff, 0xff, 0xff, 0xff,
    0xd0, 0x8, 0x99, 0x9a, 0xff, 0xa9, 0x99, 0x70,
    0x0, 0x0, 0x8, 0xff, 0xa0, 0x0, 0x0, 0x0,
    0x0, 0x7f, 0xc8, 0xf9, 0x0, 0x0, 0x0, 0x2b,
    0xfd, 0x10, 0xaf, 0xd4, 0x0, 0xa, 0xff, 0xa1,
    0x0, 0x8, 0xff, 0xd0, 0x9, 0xc4, 0x0, 0x0,
    0x0, 0x2a, 0x90, 0x0, 0x0, 0x0, 0x0, 0x0,
    0x0, 0x0,

    /* U+5934 "头" */
    0x0, 0x7, 0x20, 0x6, 0xf4, 0x0, 0x0, 0x0,
    0x1f, 0xf7, 0x6, 0xf3, 0x0, 0x0, 0x0, 0x2,
    0xbf, 0xa6, 0xf3, 0x0, 0x0, 0x1, 0xc4, 0x6,
    0x56, 0xf3, 0x0, 0x0, 0x3, 0xef, 0xa1, 0x7,
    0xf2, 0x0, 0x0, 0x0, 0x19, 0xfa, 0x8, 0xf1,
    0x0, 0x0, 0x1, 0x11, 0x53, 0x1a, 0xf1, 0x11,
    0x10, 0x2f, 0xff, 0xff, 0xff, 0xff, 0xff, 0xf2,
    0x6, 0x66, 0x66, 0xaf, 0xb6, 0x66, 0x61, 0x0,
    0x0, 0x3, 0xef, 0xe6, 0x0, 0x0, 0x0, 0x4,
    0xaf, 0xf6, 0xcf, 0xd5, 0x0, 0xb, 0xff, 0xfb,
    0x20, 0x5, 0xef, 0xc0, 0xb, 0xd8, 0x20, 0x0,
    0x0, 0x8, 0x90, 0x0, 0x0, 0x0, 0x0, 0x0,
    0x0, 0x0,

    /* U+5947 "奇" */
    0x0, 0x0, 0x0, 0xcc, 0x0, 0x0, 0x0, 0x8,
    0xff, 0xff, 0xff, 0xff, 0xff, 0x80, 0x3, 0x66,
    0x6b, 0xff, 0xa6, 0x66, 0x30, 0x0, 0x47, 0xcf,
    0xbb, 0xfe, 0x82, 0x0, 0x2, 0xfe, 0xa4, 0x0,
    0x18, 0xed, 0x0, 0x2f, 0xff, 0xff, 0xff, 0xff,
    0xff, 0xf2, 0x16, 0x66, 0x66, 0x66, 0x66, 0xfc,
    0x61, 0x0, 0x56, 0x66, 0x66, 0x20, 0xfa, 0x0,
    0x0, 0xef, 0xff, 0xff, 0x70, 0xfa, 0x0, 0x0,
    0xea, 0x0, 0x1f, 0x70, 0xfa, 0x0, 0x0, 0xef,
    0xff, 0xff, 0x70, 0xfa, 0x0, 0x0, 0x45, 0x55,
    0x58, 0x87, 0xf9, 0x0, 0x0, 0x0, 0x0, 0x6,
    0xff, 0xe3, 0x0,

    /* U+597D "好" */
    0x0, 0x69, 0x0, 0x0, 0x0, 0x0, 0x0, 0x0,
    0xad, 0x0, 0x2f, 0xff, 0xff, 0xf0, 0x18, 0xed,
    0x88, 0x39, 0x99, 0xaf, 0xe0, 0x3f, 0xff, 0xff,
    0x30, 0x2, 0xde, 0x20, 0x2, 0xf6, 0x5f, 0x20,
    0xe, 0xe2, 0x0, 0x4, 0xf3, 0x7f, 0x0, 0xe,
    0xb0, 0x0, 0x7, 0xf0, 0xbd, 0xaf, 0xff, 0xff,
    0xf5, 0xb, 0xe1, 0xfa, 0x58, 0x8f, 0xd8, 0x82,
    0x7, 0xfe, 0xf5, 0x0, 0xe, 0xb0, 0x0, 0x0,
    0x6f, 0xf4, 0x0, 0xe, 0xb0, 0x0, 0x0, 0xbf,
    0xff, 0x40, 0xe, 0xb0, 0x0, 0x1b, 0xf8, 0x2d,
    0x39, 0xaf, 0xa0, 0x0, 0x1d, 0x80, 0x0, 0xc,
    0xfe, 0x40, 0x0, 0x0, 0x0, 0x0, 0x0, 0x0,
    0x0, 0x0,

    /* U+59CB "始" */
    0x0, 0x0, 0x0, 0x0, 0x10, 0x0, 0x0, 0x0,
    0xca, 0x0, 0x0, 0xdd, 0x0, 0x0, 0x0, 0xe9,
    0x0, 0x5, 0xf6, 0x33, 0x0, 0xa, 0xfd, 0xa8,
    0xd, 0xd0, 0xdc, 0x0, 0x1e, 0xff, 0xfc, 0x8f,
    0x40, 0x5f, 0x50, 0x4, 0xf3, 0xbc, 0xff, 0xef,
    0xff, 0xd0, 0x7, 0xf1, 0xd9, 0x89, 0x87, 0x77,
    0xe3, 0xa, 0xd0, 0xf7, 0x0, 0x0, 0x0, 0x10,
    0xd, 0xb4, 0xf3, 0x9f, 0xff, 0xff, 0x90, 0xb,
    0xfd, 0xe0, 0x9f, 0x66, 0x6f, 0x90, 0x0, 0xaf,
    0xc0, 0x9e, 0x0, 0xe, 0x90, 0x0, 0xdf, 0xfb,
    0x9e, 0x33, 0x3f, 0x90, 0xc, 0xf3, 0x6a, 0x9f,
    0xff, 0xff, 0x90, 0xb, 0x40, 0x0, 0x9e, 0x33,
    0x3f, 0x90, 0x0, 0x0, 0x0, 0x0, 0x0, 0x0,
    0x0,

    /* U+59D4 "委" */
    0x0, 0x0, 0x0, 0x0, 0x23, 0x43, 0x0, 0x0,
    0xbd, 0xef, 0xff, 0xff, 0xfb, 0x0, 0x0, 0x68,
    0x76, 0xdd, 0x43, 0x20, 0x0, 0xc, 0xff, 0xff,
    0xff, 0xff, 0xff, 0xe0, 0x4, 0x55, 0xaf, 0xff,
    0xfa, 0x55, 0x40, 0x2, 0x7d, 0xfa, 0xcd, 0xaf,
    0xc6, 0x10, 0x1f, 0xf9, 0x22, 0x89, 0x2, 0x9f,
    0xf1, 0x8, 0x55, 0x7f, 0xd5, 0x55, 0x56, 0x90,
    0xf, 0xff, 0xff, 0xff, 0xff, 0xff, 0xf0, 0x0,
    0xc, 0xf7, 0x0, 0x9f, 0x50, 0x0, 0x0, 0x17,
    0xcf, 0xfd, 0xfa, 0x0, 0x0, 0x4, 0x68, 0xbf,
    0xfd, 0xff, 0xd8, 0x30, 0xb, 0xff, 0xc8, 0x30,
    0x4, 0xaf, 0x80, 0x2, 0x10, 0x0, 0x0, 0x0,
    0x0, 0x0,

    /* U+5A92 "媒" */
    0x0, 0x0, 0x0, 0x0, 0x0, 0x0, 0x0, 0x2,
    0xf3, 0x0, 0xe8, 0x0, 0x5f, 0x0, 0x3, 0xf2,
    0x4, 0xfb, 0x55, 0x9f, 0x60, 0x5, 0xf3, 0x2b,
    0xff, 0xee, 0xff, 0xe2, 0x2f, 0xff, 0xf2, 0xe9,
    0x33, 0x7f, 0x0, 0x9, 0xd6, 0xf2, 0xef, 0xff,
    0xff, 0x0, 0xa, 0xb6, 0xf0, 0xe9, 0x33, 0x7f,
    0x0, 0xc, 0x88, 0xe0, 0xef, 0xff, 0xff, 0x0,
    0xf, 0x7c, 0xa1, 0x22, 0xbd, 0x22, 0x20, 0xa,
    0xff, 0x5b, 0xff, 0xff, 0xff, 0xf1, 0x0, 0xcf,
    0x91, 0x2c, 0xff, 0xc2, 0x20, 0x5, 0xfc, 0xe4,
    0xcf, 0xee, 0xed, 0x40, 0x3f, 0xc0, 0x4f, 0xe3,
    0xbc, 0x1c, 0xf3, 0xb, 0x10, 0x8, 0x10, 0xbc,
    0x0, 0x60, 0x0, 0x0, 0x0, 0x0, 0x0, 0x0,
    0x0,

    /* U+5B50 "子" */
    0x1, 0xff, 0xff, 0xff, 0xff, 0xff, 0x50, 0x0,
    0x88, 0x88, 0x88, 0x8d, 0xff, 0x30, 0x0, 0x0,
    0x0, 0x1, 0xbf, 0xc2, 0x0, 0x0, 0x0, 0x0,
    0x5f, 0xf7, 0x0, 0x0, 0x0, 0x0, 0x0, 0xbf,
    0x30, 0x0, 0x0, 0x2f, 0xff, 0xff, 0xff, 0xff,
    0xff, 0xf2, 0x18, 0x88, 0x88, 0xdf, 0x88, 0x88,
    0x81, 0x0, 0x0, 0x0, 0xbf, 0x0, 0x0, 0x0,
    0x0, 0x0, 0x0, 0xbf, 0x0, 0x0, 0x0, 0x0,
    0x0, 0x0, 0xcf, 0x0, 0x0, 0x0, 0x0, 0x3,
    0xaa, 0xfe, 0x0, 0x0, 0x0, 0x0, 0x3, 0xff,
    0xf7, 0x0, 0x0, 0x0,

    /* U+5B54 "孔" */
    0xc, 0xff, 0xff, 0xf2, 0xf8, 0x0, 0x0, 0x7,
    0x99, 0x9f, 0xf1, 0xf8, 0x0, 0x0, 0x0, 0x0,
    0xaf, 0x41, 0xf8, 0x0, 0x0, 0x0, 0x6, 0xf7,
    0x1, 0xf8, 0x0, 0x0, 0x0, 0x9, 0xf2, 0x63,
    0xf8, 0x0, 0x0, 0x3, 0x7d, 0xff, 0xf6, 0xf8,
    0x0, 0x0, 0x3f, 0xff, 0xf7, 0x31, 0xf8, 0x0,
    0x0, 0x16, 0x29, 0xf0, 0x1, 0xf8, 0x4, 0xa1,
    0x0, 0x9, 0xf0, 0x1, 0xf8, 0x5, 0xf1, 0x0,
    0x9, 0xf0, 0x1, 0xf8, 0x6, 0xf1, 0x6, 0x7e,
    0xf0, 0x0, 0xfd, 0x8c, 0xf0, 0xb, 0xff, 0x90,
    0x0, 0x8f, 0xff, 0x80, 0x1, 0x11, 0x0, 0x0,
    0x0, 0x0, 0x0,

    /* U+5B57 "字" */
    0x0, 0x0, 0x0, 0x0, 0x0, 0x0, 0x0, 0x0,
    0x0, 0x0, 0xdd, 0x0, 0x0, 0x0, 0x6, 0x77,
    0x77, 0xdf, 0x87, 0x77, 0x60, 0xd, 0xff, 0xff,
    0xff, 0xff, 0xff, 0xd0, 0xd, 0xb0, 0x0, 0x0,
    0x0, 0xc, 0xd0, 0x9, 0x8b, 0xff, 0xff, 0xff,
    0xb9, 0x90, 0x0, 0x6, 0x88, 0x89, 0xff, 0x90,
    0x0, 0x0, 0x0, 0x0, 0x3e, 0xf6, 0x0, 0x0,
    0x7, 0x77, 0x77, 0xdf, 0x97, 0x77, 0x70, 0x1f,
    0xff, 0xff, 0xff, 0xff, 0xff, 0xf1, 0x0, 0x0,
    0x0, 0xbf, 0x0, 0x0, 0x0, 0x0, 0x0, 0x0,
    0xbf, 0x0, 0x0, 0x0, 0x0, 0x0, 0x88, 0xef,
    0x0, 0x0, 0x0, 0x0, 0x0, 0xff, 0xf9, 0x0,
    0x0, 0x0,

    /* U+5B58 "存" */
    0x0, 0x0, 0x1d, 0x60, 0x0, 0x0, 0x0, 0x7,
    0x77, 0xaf, 0xb7, 0x77, 0x77, 0x70, 0xf, 0xff,
    0xff, 0xff, 0xff, 0xff, 0xf1, 0x0, 0x7, 0xf6,
    0x0, 0x0, 0x0, 0x0, 0x0, 0x2f, 0xc5, 0xff,
    0xff, 0xff, 0xa0, 0x0, 0xcf, 0x32, 0x77, 0x78,
    0xff, 0x70, 0xb, 0xff, 0x10, 0x0, 0x4e, 0xe4,
    0x0, 0x4f, 0xef, 0x36, 0x66, 0xcf, 0x76, 0x61,
    0x8, 0x6f, 0x6f, 0xff, 0xff, 0xff, 0xf4, 0x0,
    0x6f, 0x10, 0x0, 0xaf, 0x0, 0x0, 0x0, 0x6f,
    0x10, 0x0, 0xaf, 0x0, 0x0, 0x0, 0x6f, 0x10,
    0x89, 0xee, 0x0, 0x0, 0x0, 0x6f, 0x10, 0xae,
    0xd6, 0x0, 0x0,

    /* U+5B89 "安" */
    0x0, 0x0, 0x0, 0x0, 0x0, 0x0, 0x0, 0x0,
    0x0, 0x0, 0xdd, 0x0, 0x0, 0x0, 0x4, 0x77,
    0x77, 0xdf, 0x97, 0x77, 0x40, 0xa, 0xff, 0xff,
    0xff, 0xff, 0xff, 0xb0, 0xa, 0xf0, 0x8, 0x60,
    0x0, 0xd, 0xb0, 0x4, 0x60, 0x2f, 0xa0, 0x0,
    0x5, 0x40, 0x18, 0x88, 0xcf, 0xb8, 0x88, 0x88,
    0x81, 0x2f, 0xff, 0xff, 0xff, 0xff, 0xff, 0xf2,
    0x0, 0xb, 0xf2, 0x0, 0x3f, 0x90, 0x0, 0x0,
    0x5f, 0xe7, 0x10, 0xcf, 0x10, 0x0, 0x0, 0x6,
    0xcf, 0xfd, 0xf6, 0x0, 0x0, 0x0, 0x0, 0x2a,
    0xff, 0xfd, 0x60, 0x0, 0x8, 0xae, 0xff, 0xb3,
    0x7e, 0xfe, 0x70, 0xd, 0xeb, 0x61, 0x0, 0x0,
    0x6d, 0x60, 0x1, 0x0, 0x0, 0x0, 0x0, 0x0,
    0x0,

    /* U+5B8C "完" */
    0x0, 0x0, 0x1, 0xdb, 0x0, 0x0, 0x0, 0x6,
    0x77, 0x77, 0xff, 0x77, 0x77, 0x50, 0xc, 0xff,
    0xff, 0xff, 0xff, 0xff, 0xc0, 0xc, 0xb0, 0x0,
    0x0, 0x0, 0xd, 0xc0, 0x2, 0x46, 0x66, 0x66,
    0x66, 0x64, 0x20, 0x0, 0x6f, 0xff, 0xff, 0xff,
    0xf4, 0x0, 0x0, 0x0, 0x0, 0x0, 0x0, 0x0,
    0x0, 0xe, 0xff, 0xff, 0xff, 0xff, 0xff, 0xc0,
    0x7, 0x77, 0xee, 0x7a, 0xf9, 0x77, 0x60, 0x0,
    0x0, 0xfb, 0x6, 0xf3, 0x5, 0x90, 0x0, 0x8,
    0xf7, 0x6, 0xf3, 0x7, 0xf0, 0x5, 0xcf, 0xc0,
    0x5, 0xfa, 0x6c, 0xe0, 0xb, 0xf8, 0x0, 0x0,
    0xcf, 0xff, 0x70, 0x1, 0x0, 0x0, 0x0, 0x0,
    0x0, 0x0,

    /* U+5B9A "定" */
    0x0, 0x0, 0x0, 0xbd, 0x0, 0x0, 0x0, 0x4,
    0x77, 0x77, 0xdf, 0x87, 0x77, 0x60, 0x9, 0xff,
    0xff, 0xff, 0xff, 0xff, 0xe0, 0x9, 0xe0, 0x0,
    0x0, 0x0, 0x9, 0xe0, 0x3, 0x97, 0x77, 0x77,
    0x77, 0x78, 0x60, 0x4, 0xff, 0xff, 0xff, 0xff,
    0xff, 0x90, 0x0, 0x2, 0x0, 0x8f, 0x10, 0x0,
    0x0, 0x0, 0x2f, 0x60, 0x8f, 0x54, 0x44, 0x0,
    0x0, 0x4f, 0x30, 0x8f, 0xff, 0xff, 0x20, 0x0,
    0x8f, 0x50, 0x8f, 0x32, 0x22, 0x0, 0x0, 0xef,
    0xe2, 0x8f, 0x10, 0x0, 0x0, 0x9, 0xf6, 0xdf,
    0xef, 0x87, 0x77, 0x72, 0xe, 0xa0, 0x8, 0xdf,
    0xff, 0xff, 0xf3, 0x2, 0x0, 0x0, 0x0, 0x0,
    0x0, 0x0,

    /* U+5B9E "实" */
    0x0, 0x0, 0x0, 0xbc, 0x0, 0x0, 0x0, 0x6,
    0x77, 0x77, 0xdf, 0x87, 0x77, 0x60, 0xd, 0xff,
    0xff, 0xff, 0xff, 0xff, 0xd0, 0xd, 0xc1, 0x91,
    0x2, 0x82, 0xb, 0xd0, 0x7, 0x64, 0xff, 0x75,
    0xf4, 0x7, 0x80, 0x0, 0x37, 0x29, 0xc5, 0xf3,
    0x0, 0x0, 0x0, 0x6f, 0xe7, 0x6, 0xf2, 0x0,
    0x0, 0x3, 0x34, 0xbe, 0x39, 0xf3, 0x33, 0x30,
    0x1f, 0xff, 0xff, 0xff, 0xff, 0xff, 0xf1, 0x4,
    0x44, 0x44, 0xbf, 0xb4, 0x44, 0x40, 0x0, 0x0,
    0x4c, 0xfe, 0xfd, 0x71, 0x0, 0x7, 0xcf, 0xfe,
    0x70, 0x4b, 0xff, 0x90, 0x8, 0xea, 0x50, 0x0,
    0x0, 0x3a, 0x90, 0x0, 0x0, 0x0, 0x0, 0x0,
    0x0, 0x0,

    /* U+5BA1 "审" */
    0x0, 0x0, 0x1b, 0x80, 0x0, 0x0, 0x67, 0x77,
    0x7f, 0xf7, 0x77, 0x75, 0xef, 0xff, 0xff, 0xff,
    0xff, 0xfc, 0xeb, 0x0, 0xb, 0x70, 0x0, 0xcc,
    0x7, 0x77, 0x7f, 0xc7, 0x77, 0x70, 0xf, 0xee,
    0xef, 0xfe, 0xef, 0xe0, 0xf, 0x71, 0x1e, 0xa1,
    0x18, 0xe0, 0xf, 0xff, 0xff, 0xff, 0xff, 0xe0,
    0xf, 0x83, 0x3e, 0xb3, 0x39, 0xe0, 0xf, 0xa6,
    0x6f, 0xc6, 0x6b, 0xe0, 0xf, 0xff, 0xff, 0xff,
    0xff, 0xe0, 0x0, 0x0, 0xe, 0xa0, 0x0, 0x0,
    0x0, 0x0, 0xe, 0xa0, 0x0, 0x0,

    /* U+5BB9 "容" */
    0x0, 0x0, 0x2, 0xc9, 0x0, 0x0, 0x0, 0x6,
    0x77, 0x77, 0xfe, 0x77, 0x77, 0x30, 0xe, 0xff,
    0xff, 0xff, 0xff, 0xff, 0x80, 0xe, 0x90, 0x76,
    0x0, 0xb4, 0xf, 0x80, 0x2, 0x8e, 0xf7, 0x54,
    0xaf, 0xc8, 0x10, 0xa, 0xf9, 0x2a, 0xff, 0x42,
    0xaf, 0x60, 0x1, 0x13, 0xdf, 0x5a, 0xf8, 0x2,
    0x0, 0x3, 0xaf, 0xc2, 0x0, 0x7f, 0xe7, 0x10,
    0x6f, 0xff, 0xff, 0xff, 0xff, 0xff, 0xe0, 0x16,
    0x8f, 0x66, 0x66, 0x6a, 0xf3, 0x50, 0x0, 0x7f,
    0x0, 0x0, 0x7, 0xf1, 0x0, 0x0, 0x7f, 0xff,
    0xff, 0xff, 0xf1, 0x0, 0x0, 0x7f, 0x66, 0x66,
    0x6a, 0xf1, 0x0,

    /* U+5BBD "宽" */
    0x0, 0x0, 0x0, 0x0, 0x0, 0x0, 0x0, 0x0,
    0x0, 0x0, 0xde, 0x0, 0x0, 0x0, 0xb, 0xff,
    0xff, 0xff, 0xff, 0xff, 0xb0, 0xc, 0xd6, 0x66,
    0x66, 0x66, 0x6d, 0xc0, 0x7, 0x73, 0xcd, 0x33,
    0xdc, 0x37, 0x70, 0xf, 0xff, 0xff, 0xff, 0xff,
    0xff, 0xf0, 0x1, 0x11, 0x89, 0x11, 0x98, 0x11,
    0x10, 0x0, 0xaf, 0xff, 0xff, 0xff, 0xf9, 0x0,
    0x0, 0xbf, 0x66, 0x88, 0x66, 0xf9, 0x0, 0x0,
    0xbf, 0x0, 0xea, 0x0, 0xf9, 0x0, 0x0, 0x9d,
    0x2, 0xfc, 0x30, 0xeb, 0x50, 0x0, 0x0, 0x4d,
    0xff, 0x60, 0x7, 0xf2, 0x5, 0x9d, 0xfd, 0x4f,
    0xb7, 0x7c, 0xf0, 0xd, 0xfb, 0x50, 0xa, 0xff,
    0xff, 0x90, 0x2, 0x0, 0x0, 0x0, 0x0, 0x0,
    0x0,

    /* U+5BF9 "对" */
    0x0, 0x0, 0x0, 0x0, 0x0, 0x9f, 0x0, 0xc,
    0xcc, 0xcc, 0x30, 0x0, 0x9f, 0x0, 0xb, 0xcc,
    0xdf, 0x68, 0x88, 0xcf, 0x82, 0x1, 0x20, 0x7f,
    0x6f, 0xff, 0xff, 0xf4, 0xd, 0xc0, 0xbd, 0x1,
    0x0, 0xaf, 0x0, 0x5, 0xf9, 0xf9, 0x5d, 0x0,
    0x9f, 0x0, 0x0, 0xaf, 0xf4, 0x2f, 0x90, 0x9f,
    0x0, 0x0, 0x1f, 0xf0, 0x8, 0xf3, 0x9f, 0x0,
    0x0, 0x5f, 0xf9, 0x0, 0xd5, 0x9f, 0x0, 0x0,
    0xee, 0xbf, 0x30, 0x0, 0x9f, 0x0, 0xa, 0xf4,
    0x1f, 0xc0, 0x0, 0x9f, 0x0, 0x4f, 0x90, 0x4,
    0x11, 0x99, 0xee, 0x0, 0x7, 0x0, 0x0, 0x0,
    0xff, 0xf7, 0x0,

    /* U+5C04 "射" */
    0x0, 0x0, 0x0, 0x0, 0x0, 0x0, 0x0, 0x0,
    0x9, 0xe0, 0x0, 0x0, 0x6f, 0x10, 0x1, 0x5d,
    0xe5, 0x40, 0x0, 0x6f, 0x10, 0x4, 0xff, 0xff,
    0xe0, 0x0, 0x6f, 0x10, 0x4, 0xf3, 0x28, 0xeb,
    0xff, 0xff, 0xf2, 0x4, 0xfe, 0xef, 0xe6, 0x99,
    0xcf, 0x91, 0x4, 0xf3, 0x38, 0xe2, 0x40, 0x6f,
    0x10, 0x4, 0xfd, 0xde, 0xe6, 0xf1, 0x6f, 0x10,
    0x7, 0xf4, 0x49, 0xe0, 0xe8, 0x6f, 0x10, 0x1f,
    0xff, 0xff, 0xe0, 0x7b, 0x6f, 0x10, 0x0, 0xb,
    0xe8, 0xe0, 0x0, 0x6f, 0x10, 0x1, 0xbf, 0x36,
    0xe0, 0x0, 0x6f, 0x10, 0x2e, 0xe5, 0x5b, 0xe0,
    0x77, 0xdf, 0x0, 0x8, 0x14, 0xff, 0x80, 0xdf,
    0xe8, 0x0,

    /* U+5C06 "将" */
    0x0, 0x0, 0x0, 0x0, 0x10, 0x0, 0x0, 0x0,
    0xe, 0x90, 0xa, 0xf3, 0x0, 0x0, 0x4, 0xe,
    0x90, 0x8f, 0xfe, 0xee, 0xc0, 0x3f, 0x3e, 0x9a,
    0xfc, 0x66, 0x7f, 0xd0, 0xe, 0x8e, 0x9e, 0xcf,
    0x71, 0xdf, 0x30, 0x9, 0xde, 0x91, 0x9, 0xae,
    0xe3, 0x0, 0x4, 0xef, 0x95, 0xaf, 0xf8, 0x35,
    0x0, 0x0, 0xf, 0x97, 0xa5, 0x0, 0x9e, 0x0,
    0x2, 0xdf, 0x9f, 0xff, 0xff, 0xff, 0xf3, 0x3f,
    0xef, 0x97, 0xd8, 0x77, 0xcf, 0x71, 0x3e, 0x2e,
    0x91, 0xfc, 0x0, 0x9e, 0x0, 0x2, 0xe, 0x90,
    0x5f, 0x60, 0x9e, 0x0, 0x0, 0xe, 0x90, 0x4,
    0x57, 0xde, 0x0, 0x0, 0xe, 0x90, 0x0, 0xaf,
    0xf8, 0x0,

    /* U+5C0F "小" */
    0x0, 0x0, 0x0, 0xcf, 0x0, 0x0, 0x0, 0x0,
    0x0, 0x0, 0xcf, 0x0, 0x0, 0x0, 0x0, 0x3,
    0x0, 0xcf, 0x1, 0x40, 0x0, 0x0, 0x4f, 0x70,
    0xcf, 0xc, 0xf0, 0x0, 0x0, 0x8f, 0x20, 0xcf,
    0x6, 0xf6, 0x0, 0x0, 0xce, 0x0, 0xcf, 0x1,
    0xfc, 0x0, 0x1, 0xfa, 0x0, 0xcf, 0x0, 0xbf,
    0x20, 0x6, 0xf5, 0x0, 0xcf, 0x0, 0x5f, 0x80,
    0xc, 0xf0, 0x0, 0xcf, 0x0, 0xf, 0xe0, 0x3f,
    0x90, 0x0, 0xcf, 0x0, 0xa, 0xf3, 0x18, 0x20,
    0x0, 0xcf, 0x0, 0x4, 0x71, 0x0, 0x3, 0xab,
    0xff, 0x0, 0x0, 0x0, 0x0, 0x2, 0xff, 0xe7,
    0x0, 0x0, 0x0,

    /* U+5C14 "尔" */
    0x0, 0x0, 0x0, 0x0, 0x0, 0x0, 0x0, 0x0,
    0x9, 0xe2, 0x0, 0x0, 0x0, 0x0, 0x0, 0xe,
    0xf8, 0x88, 0x88, 0x88, 0x70, 0x0, 0x8f, 0xff,
    0xff, 0xff, 0xff, 0xd0, 0x2, 0xfc, 0x0, 0x11,
    0x0, 0x3f, 0x90, 0xd, 0xf3, 0x0, 0xaf, 0x0,
    0xaf, 0x20, 0x9, 0x70, 0x0, 0xaf, 0x0, 0xaa,
    0x0, 0x0, 0xb, 0xc0, 0xaf, 0x1b, 0xa0, 0x0,
    0x0, 0x3f, 0xa0, 0xaf, 0xa, 0xf4, 0x0, 0x0,
    0xcf, 0x20, 0xaf, 0x1, 0xfd, 0x0, 0x6, 0xf9,
    0x0, 0xaf, 0x0, 0x7f, 0x80, 0x1f, 0xe0, 0x0,
    0xaf, 0x0, 0xd, 0xf2, 0x6, 0x40, 0xbb, 0xff,
    0x0, 0x4, 0x40, 0x0, 0x0, 0xdf, 0xf9, 0x0,
    0x0, 0x0,

    /* U+5C31 "就" */
    0x0, 0x0, 0x10, 0x0, 0x0, 0x0, 0x0, 0x0,
    0xa, 0xd0, 0x0, 0xbc, 0x25, 0x0, 0x6, 0x7b,
    0xf7, 0x71, 0xbb, 0x8f, 0x40, 0xe, 0xff, 0xff,
    0xf3, 0xbb, 0xa, 0xb0, 0x1, 0x33, 0x33, 0x27,
    0xee, 0xaa, 0xa2, 0x7, 0xff, 0xff, 0xc8, 0xee,
    0xbb, 0xb2, 0x7, 0xe1, 0x19, 0xc0, 0xda, 0x30,
    0x0, 0x7, 0xe5, 0x5b, 0xc0, 0xec, 0xf2, 0x0,
    0x7, 0xef, 0xfe, 0xb0, 0xfa, 0xf2, 0x0, 0x2,
    0x56, 0xf3, 0x54, 0xf7, 0xf2, 0x0, 0x9, 0xd6,
    0xf6, 0xe9, 0xe3, 0xf2, 0xc3, 0xe, 0x76, 0xf0,
    0x8f, 0xa3, 0xf2, 0xd4, 0x3e, 0x7b, 0xf0, 0x8f,
    0x33, 0xf9, 0xf3, 0x0, 0xcf, 0xa0, 0x9a, 0x0,
    0xbe, 0xb0, 0x0, 0x0, 0x0, 0x0, 0x0, 0x0,
    0x0,

    /* U+5C3E "尾" */
    0x1, 0xff, 0xff, 0xff, 0xff, 0xff, 0x90, 0x1,
    0xfa, 0x66, 0x66, 0x66, 0x6f, 0x90, 0x1, 0xfe,
    0xdd, 0xdd, 0xdd, 0xdf, 0x90, 0x1, 0xf9, 0x33,
    0x34, 0x57, 0x89, 0x20, 0x1, 0xf7, 0xdf, 0xff,
    0xfe, 0xdb, 0x0, 0x1, 0xf7, 0x43, 0x8f, 0x33,
    0x45, 0x0, 0x2, 0xf6, 0xef, 0xff, 0xff, 0xed,
    0x20, 0x3, 0xf5, 0x32, 0x8f, 0x33, 0x45, 0x60,
    0x5, 0xfc, 0xef, 0xff, 0xff, 0xfe, 0xe0, 0x9,
    0xf3, 0x43, 0x8f, 0x20, 0x8, 0xa0, 0xe, 0xc0,
    0x0, 0x6f, 0x75, 0x5d, 0xb0, 0x2d, 0x60, 0x0,
    0x1d, 0xff, 0xff, 0x50, 0x0, 0x0, 0x0, 0x0,
    0x0, 0x0, 0x0,

    /* U+5C40 "局" */
    0x0, 0xff, 0xff, 0xff, 0xff, 0xff, 0x10, 0xf,
    0xa6, 0x66, 0x66, 0x69, 0xf1, 0x0, 0xff, 0xff,
    0xff, 0xff, 0xff, 0x10, 0xf, 0xb6, 0x66, 0x66,
    0x66, 0x60, 0x0, 0xfc, 0x88, 0x88, 0x88, 0x88,
    0x50, 0xf, 0xee, 0xee, 0xee, 0xee, 0xfa, 0x1,
    0xf6, 0x22, 0x22, 0x22, 0xd, 0xa0, 0x2f, 0x5c,
    0xff, 0xff, 0xe0, 0xe9, 0x5, 0xf2, 0xca, 0x0,
    0x7e, 0xe, 0x90, 0x9e, 0xc, 0xff, 0xff, 0xe0,
    0xf9, 0x1f, 0xa0, 0x23, 0x33, 0x56, 0x6f, 0x71,
    0xc3, 0x0, 0x0, 0x9, 0xff, 0xc1, 0x0, 0x0,
    0x0, 0x0, 0x0, 0x0, 0x0,

    /* U+5C48 "屈" */
    0x1, 0xff, 0xff, 0xff, 0xff, 0xff, 0xa0, 0x1f,
    0xa5, 0x55, 0x55, 0x55, 0xfa, 0x1, 0xff, 0xff,
    0xff, 0xff, 0xff, 0xa0, 0x1f, 0xb6, 0x66, 0x8a,
    0x76, 0x64, 0x1, 0xf7, 0x69, 0x8, 0xf1, 0x1b,
    0x30, 0x1f, 0x79, 0xd0, 0x8f, 0x12, 0xf4, 0x1,
    0xf6, 0x9f, 0xff, 0xff, 0xff, 0x40, 0x3f, 0x53,
    0x66, 0xbf, 0x76, 0x61, 0x6, 0xf2, 0xf7, 0x8,
    0xf1, 0xb, 0xa0, 0xbf, 0xf, 0x70, 0x8f, 0x10,
    0xcb, 0x2f, 0xa0, 0xff, 0xff, 0xff, 0xff, 0xb1,
    0xb3, 0x7, 0x77, 0x77, 0x77, 0xeb, 0x0, 0x0,
    0x0, 0x0, 0x0, 0x0, 0x0,

    /* U+5C4F "屏" */
    0x1, 0xff, 0xff, 0xff, 0xff, 0xff, 0xb0, 0x1,
    0xfb, 0x77, 0x77, 0x77, 0x7e, 0xb0, 0x1, 0xff,
    0xff, 0xff, 0xff, 0xff, 0xb0, 0x1, 0xf9, 0x37,
    0xc3, 0x37, 0xc5, 0x20, 0x1, 0xf7, 0x28, 0xf5,
    0x2c, 0xe3, 0x20, 0x1, 0xf7, 0xff, 0xff, 0xff,
    0xff, 0xc0, 0x2, 0xf6, 0x28, 0xf4, 0x3a, 0xe3,
    0x20, 0x3, 0xf7, 0x6a, 0xf7, 0x6c, 0xf6, 0x61,
    0x5, 0xf8, 0xff, 0xff, 0xff, 0xff, 0xf4, 0xa,
    0xf0, 0xb, 0xd0, 0x9, 0xe0, 0x0, 0x2f, 0xa0,
    0x6f, 0x70, 0x9, 0xe0, 0x0, 0xb, 0x40, 0xcb,
    0x0, 0x9, 0xe0, 0x0, 0x0, 0x0, 0x0, 0x0,
    0x0, 0x0, 0x0,

    /* U+5DE5 "工" */
    0x4, 0xff, 0xff, 0xff, 0xff, 0xff, 0x50, 0x3,
    0xbb, 0xbb, 0xff, 0xbb, 0xbb, 0x40, 0x0, 0x0,
    0x0, 0xee, 0x0, 0x0, 0x0, 0x0, 0x0, 0x0,
    0xee, 0x0, 0x0, 0x0, 0x0, 0x0, 0x0, 0xee,
    0x0, 0x0, 0x0, 0x0, 0x0, 0x0, 0xee, 0x0,
    0x0, 0x0, 0x0, 0x0, 0x0, 0xee, 0x0, 0x0,
    0x0, 0x0, 0x0, 0x0, 0xee, 0x0, 0x0, 0x0,
    0x0, 0x0, 0x0, 0xee, 0x0, 0x0, 0x0, 0x8,
    0x88, 0x88, 0xff, 0x88, 0x88, 0x81, 0x1f, 0xff,
    0xff, 0xff, 0xff, 0xff, 0xf2, 0x0, 0x0, 0x0,
    0x0, 0x0, 0x0, 0x0,

    /* U+5DE6 "左" */
    0x0, 0x0, 0x9, 0xc0, 0x0, 0x0, 0x0, 0x0,
    0x0, 0xe, 0xc0, 0x0, 0x0, 0x0, 0xe, 0xff,
    0xff, 0xff, 0xff, 0xff, 0xf1, 0x8, 0x99, 0xcf,
    0xa9, 0x99, 0x99, 0x90, 0x0, 0x0, 0xde, 0x0,
    0x0, 0x0, 0x0, 0x0, 0x4, 0xf9, 0x0, 0x0,
    0x0, 0x0, 0x0, 0xc, 0xff, 0xff, 0xff, 0xff,
    0x50, 0x0, 0x6f, 0xb8, 0x8e, 0xe8, 0x88, 0x20,
    0x1, 0xfe, 0x0, 0xc, 0xd0, 0x0, 0x0, 0xd,
    0xf4, 0x0, 0xc, 0xd0, 0x0, 0x0, 0x4f, 0x70,
    0x0, 0xc, 0xd0, 0x0, 0x0, 0x5, 0x7f, 0xff,
    0xff, 0xff, 0xff, 0xf0, 0x0, 0x37, 0x77, 0x77,
    0x77, 0x77, 0x70,

    /* U+5DF2 "已" */
    0x4f, 0xff, 0xff, 0xff, 0xff, 0xf1, 0x2, 0x99,
    0x99, 0x99, 0x99, 0xdf, 0x10, 0x0, 0x0, 0x0,
    0x0, 0x9, 0xf1, 0x1, 0xe9, 0x0, 0x0, 0x0,
    0x9f, 0x10, 0x1f, 0xea, 0xaa, 0xaa, 0xad, 0xf1,
    0x1, 0xff, 0xff, 0xff, 0xff, 0xff, 0x0, 0x1f,
    0xa0, 0x0, 0x0, 0x0, 0x0, 0x1, 0xfa, 0x0,
    0x0, 0x0, 0x4, 0x60, 0x1f, 0xa0, 0x0, 0x0,
    0x0, 0x8f, 0x21, 0xfa, 0x0, 0x0, 0x0, 0x9,
    0xf1, 0xf, 0xfa, 0x99, 0x99, 0x9a, 0xff, 0x0,
    0x6e, 0xff, 0xff, 0xff, 0xfe, 0x70,

    /* U+5E26 "带" */
    0x0, 0x1f, 0x70, 0xbc, 0x7, 0xf0, 0x0, 0x2b,
    0xbf, 0xdb, 0xee, 0xbd, 0xfb, 0xb2, 0x2b, 0xbf,
    0xdb, 0xee, 0xbd, 0xfb, 0xb2, 0x0, 0xd, 0x50,
    0x99, 0x5, 0xd0, 0x0, 0x5, 0x66, 0x66, 0x66,
    0x66, 0x66, 0x50, 0xd, 0xff, 0xff, 0xff, 0xff,
    0xff, 0xd0, 0xd, 0xb0, 0x0, 0x88, 0x0, 0xb,
    0xd0, 0x2, 0x76, 0x66, 0xde, 0x66, 0x67, 0x20,
    0x0, 0xcf, 0xff, 0xff, 0xff, 0xfd, 0x0, 0x0,
    0xcd, 0x0, 0xcd, 0x0, 0xbd, 0x0, 0x0, 0xcd,
    0x0, 0xcd, 0x24, 0xdd, 0x0, 0x0, 0xcd, 0x0,
    0xcd, 0x7f, 0xf8, 0x0, 0x0, 0x1, 0x0, 0xcd,
    0x1, 0x0, 0x0,

    /* U+5E27 "帧" */
    0x3, 0xf3, 0x0, 0x7, 0xf0, 0x0, 0x0, 0x3f,
    0x30, 0x0, 0x7f, 0xff, 0xf1, 0xff, 0xff, 0xe0,
    0x7, 0xf7, 0x77, 0xf, 0xbf, 0xbe, 0x14, 0x9f,
    0x44, 0x20, 0xf5, 0xf4, 0xe6, 0xff, 0xff, 0xf7,
    0xf, 0x5f, 0x4e, 0x6e, 0x26, 0x3e, 0x70, 0xf5,
    0xf4, 0xe6, 0xe1, 0xf3, 0xe7, 0xf, 0x5f, 0x4e,
    0x6e, 0x1f, 0x3e, 0x70, 0xf5, 0xf5, 0xe6, 0xe3,
    0xf2, 0xe7, 0xf, 0x5f, 0xed, 0x4a, 0x7f, 0x78,
    0x40, 0x63, 0xf5, 0x20, 0x6f, 0xdf, 0xa0, 0x0,
    0x2f, 0x23, 0xdf, 0xa0, 0x5f, 0xc1, 0x2, 0xf2,
    0x2d, 0x50, 0x0, 0x3a, 0x0, 0x0, 0x0, 0x0,
    0x0, 0x0, 0x0,

    /* U+5E2E "帮" */
    0x0, 0x6f, 0x10, 0x0, 0x0, 0x0, 0xbf, 0xff,
    0xff, 0x5f, 0xff, 0xfc, 0x23, 0x8f, 0x53, 0x1f,
    0x96, 0xf8, 0x7e, 0xff, 0xee, 0x1f, 0x6a, 0xe0,
    0x13, 0x9f, 0x43, 0xf, 0x61, 0xd9, 0xff, 0xff,
    0xff, 0x5f, 0x85, 0xbe, 0x48, 0xfa, 0x44, 0x2f,
    0xaf, 0xf8, 0x5e, 0xd1, 0xb, 0xca, 0x40, 0x0,
    0x6f, 0xff, 0xff, 0xff, 0xff, 0xe0, 0xd, 0xd6,
    0x6d, 0xe6, 0x6b, 0xf0, 0xd, 0xc0, 0xc, 0xd0,
    0x1a, 0xf0, 0xd, 0xc0, 0xc, 0xd7, 0xff, 0xc0,
    0x3, 0x30, 0xc, 0xd1, 0x43, 0x0,

    /* U+5E55 "幕" */
    0x0, 0x0, 0xea, 0x0, 0xae, 0x0, 0x0, 0x1f,
    0xff, 0xff, 0xff, 0xff, 0xff, 0xf1, 0x1, 0x34,
    0xeb, 0x44, 0xbf, 0x43, 0x10, 0x0, 0xdf, 0xdd,
    0xdd, 0xdd, 0xfe, 0x0, 0x0, 0xde, 0x99, 0x99,
    0x99, 0xde, 0x0, 0x0, 0xdd, 0x66, 0x66, 0x66,
    0xce, 0x0, 0x0, 0xac, 0xcf, 0xec, 0xcc, 0xca,
    0x0, 0x2b, 0xbb, 0xcf, 0xdb, 0xbb, 0xbb, 0xb2,
    0x4, 0x7e, 0xe6, 0x9a, 0x6e, 0xe7, 0x40, 0x2b,
    0xff, 0xdc, 0xef, 0xcd, 0xff, 0xd2, 0xc, 0x8f,
    0x74, 0xcd, 0x45, 0xf8, 0x80, 0x0, 0x3f, 0x30,
    0xbc, 0x36, 0xf4, 0x0, 0x0, 0x2b, 0x20, 0xbc,
    0x7c, 0xa0, 0x0,

    /* U+5E73 "平" */
    0x9, 0xff, 0xff, 0xff, 0xff, 0xff, 0x90, 0x5,
    0x99, 0x99, 0xee, 0x99, 0x99, 0x50, 0x0, 0xb4,
    0x0, 0xdd, 0x0, 0x49, 0x0, 0x0, 0xcf, 0x30,
    0xdd, 0x2, 0xfc, 0x0, 0x0, 0x1e, 0xe0, 0xdd,
    0xe, 0xe1, 0x0, 0x0, 0x2, 0x30, 0xdd, 0x3,
    0x20, 0x0, 0x2f, 0xff, 0xff, 0xff, 0xff, 0xff,
    0xf2, 0x1a, 0xaa, 0xaa, 0xef, 0xaa, 0xaa, 0xa1,
    0x0, 0x0, 0x0, 0xdd, 0x0, 0x0, 0x0, 0x0,
    0x0, 0x0, 0xdd, 0x0, 0x0, 0x0, 0x0, 0x0,
    0x0, 0xdd, 0x0, 0x0, 0x0, 0x0, 0x0, 0x0,
    0xdd, 0x0, 0x0, 0x0,

    /* U+5E76 "并" */
    0x0, 0x0, 0x0, 0x0, 0x0, 0x0, 0x0, 0x0,
    0x3, 0xd3, 0x0, 0xa, 0xa0, 0x0, 0x0, 0x1,
    0xee, 0x10, 0x4f, 0xa0, 0x0, 0x4, 0x88, 0xbf,
    0x98, 0xdf, 0x98, 0x80, 0x7, 0xff, 0xff, 0xff,
    0xff, 0xff, 0xf0, 0x0, 0x0, 0xfa, 0x0, 0xf,
    0xa0, 0x0, 0x0, 0x0, 0xfa, 0x0, 0xf, 0xa0,
    0x0, 0x8, 0x88, 0xfd, 0x88, 0x8f, 0xd8, 0x84,
    0x1f, 0xff, 0xff, 0xff, 0xff, 0xff, 0xf7, 0x0,
    0x2, 0xf8, 0x0, 0xf, 0xa0, 0x0, 0x0, 0x6,
    0xf5, 0x0, 0xf, 0xa0, 0x0, 0x0, 0x1e, 0xf0,
    0x0, 0xf, 0xa0, 0x0, 0x2, 0xdf, 0x70, 0x0,
    0xf, 0xa0, 0x0, 0x2, 0xe8, 0x0, 0x0, 0xf,
    0xa0, 0x0, 0x0, 0x10, 0x0, 0x0, 0x0, 0x0,
    0x0,

    /* U+5E94 "应" */
    0x0, 0x0, 0x0, 0x0, 0x0, 0x0, 0x0, 0x0,
    0x0, 0x0, 0x4e, 0x70, 0x0, 0x0, 0x0, 0x77,
    0x77, 0x8f, 0xd7, 0x77, 0x71, 0x1, 0xff, 0xff,
    0xff, 0xff, 0xff, 0xf3, 0x1, 0xf8, 0x0, 0x1,
    0x20, 0x0, 0x0, 0x1, 0xf8, 0x72, 0xe, 0xa0,
    0xa, 0x70, 0x1, 0xf8, 0xf9, 0xa, 0xe0, 0x1f,
    0x90, 0x1, 0xf7, 0xbe, 0x7, 0xf2, 0x5f, 0x40,
    0x1, 0xf7, 0x5f, 0x33, 0xf5, 0xae, 0x0, 0x3,
    0xf6, 0x1f, 0x80, 0xf9, 0xf9, 0x0, 0x5, 0xf3,
    0xc, 0xa0, 0x35, 0xf4, 0x0, 0xa, 0xf1, 0x1,
    0x0, 0xa, 0xe0, 0x0, 0x1f, 0xd9, 0xff, 0xff,
    0xff, 0xff, 0xf4, 0xa, 0x64, 0x77, 0x77, 0x77,
    0x77, 0x72, 0x0, 0x0, 0x0, 0x0, 0x0, 0x0,
    0x0,

    /* U+5E95 "底" */
    0x0, 0x0, 0x0, 0x1, 0x10, 0x0, 0x0, 0x0,
    0x0, 0x0, 0x4f, 0x90, 0x0, 0x0, 0x1, 0xff,
    0xff, 0xff, 0xff, 0xff, 0xf2, 0x1, 0xfb, 0x88,
    0x88, 0x88, 0x88, 0x81, 0x1, 0xf6, 0x2, 0x34,
    0x57, 0x8b, 0x50, 0x1, 0xf6, 0x8f, 0xff, 0xff,
    0xec, 0x60, 0x1, 0xf6, 0x8f, 0x43, 0xae, 0x0,
    0x0, 0x1, 0xf6, 0x8f, 0x33, 0x9f, 0x33, 0x30,
    0x1, 0xf6, 0x8f, 0xff, 0xff, 0xff, 0xf2, 0x2,
    0xf5, 0x8f, 0x33, 0x6f, 0x63, 0x30, 0x5, 0xf3,
    0x8f, 0x0, 0x1f, 0x70, 0x61, 0x8, 0xf0, 0x8f,
    0x45, 0x7b, 0xd0, 0xf4, 0xe, 0xd0, 0xaf, 0xf7,
    0xf6, 0xfd, 0xf0, 0xb, 0x70, 0x7b, 0x30, 0xd7,
    0x8f, 0x70, 0x0, 0x0, 0x0, 0x0, 0x0, 0x0,
    0x0,

    /* U+5EA6 "度" */
    0x0, 0x0, 0x0, 0x1, 0x10, 0x0, 0x0, 0x0,
    0x0, 0x0, 0x5f, 0xa0, 0x0, 0x0, 0x1, 0xff,
    0xff, 0xff, 0xff, 0xff, 0xf4, 0x1, 0xfa, 0x6f,
    0xb6, 0x68, 0xf9, 0x62, 0x1, 0xf9, 0x5f, 0xb5,
    0x57, 0xf8, 0x51, 0x1, 0xff, 0xff, 0xff, 0xff,
    0xff, 0xf4, 0x1, 0xf6, 0xe, 0x92, 0x25, 0xf4,
    0x0, 0x1, 0xf6, 0xe, 0xff, 0xff, 0xf4, 0x0,
    0x1, 0xf6, 0x34, 0x44, 0x44, 0x44, 0x0, 0x2,
    0xf5, 0xdf, 0xff, 0xff, 0xff, 0x20, 0x5, 0xf3,
    0x4f, 0xb1, 0x9, 0xf9, 0x0, 0x8, 0xf0, 0x3,
    0xef, 0xef, 0x60, 0x0, 0xd, 0xc5, 0x9d, 0xfe,
    0xef, 0xeb, 0x92, 0x1c, 0x6b, 0xea, 0x40, 0x4,
    0x9c, 0xf1, 0x0, 0x0, 0x0, 0x0, 0x0, 0x0,
    0x0,

    /* U+5EA7 "座" */
    0x0, 0x0, 0x0, 0x3c, 0x70, 0x0, 0x0, 0x0,
    0x88, 0x88, 0x9f, 0xe8, 0x88, 0x82, 0x1, 0xff,
    0xff, 0xff, 0xff, 0xff, 0xf5, 0x1, 0xf7, 0x19,
    0x16, 0xd0, 0x66, 0x0, 0x1, 0xf7, 0x6f, 0x17,
    0xf0, 0xda, 0x0, 0x1, 0xf7, 0xdf, 0xa7, 0xf5,
    0xff, 0x40, 0x1, 0xfe, 0xf5, 0xfc, 0xfe, 0xa9,
    0xe1, 0x1, 0xf9, 0x50, 0x37, 0xf3, 0x10, 0x40,
    0x3, 0xf5, 0xee, 0xef, 0xfe, 0xee, 0x80, 0x5,
    0xf3, 0x77, 0x7b, 0xf7, 0x77, 0x40, 0x9, 0xf1,
    0x0, 0x7, 0xf0, 0x0, 0x0, 0xe, 0xcb, 0xff,
    0xff, 0xff, 0xff, 0xf4, 0x8, 0x65, 0x77, 0x77,
    0x77, 0x77, 0x71,

    /* U+5EF6 "延" */
    0x0, 0x0, 0x0, 0x0, 0x1, 0x24, 0x30, 0xf,
    0xff, 0xf5, 0xde, 0xff, 0xff, 0xc0, 0x7, 0x7f,
    0xf3, 0x98, 0x9f, 0x92, 0x0, 0x0, 0xaf, 0x30,
    0x20, 0x2f, 0x50, 0x0, 0x9, 0xf7, 0x30, 0xf7,
    0x2f, 0xb9, 0x60, 0xe, 0xff, 0xf2, 0xf7, 0x2f,
    0xed, 0x90, 0x4, 0x48, 0xf1, 0xf7, 0x2f, 0x50,
    0x0, 0xf, 0x69, 0xd0, 0xf7, 0x2f, 0x50, 0x0,
    0xb, 0xce, 0x80, 0xfb, 0x9f, 0xa8, 0x70, 0x3,
    0xff, 0x20, 0xff, 0xff, 0xff, 0xd0, 0x1, 0xff,
    0x80, 0x0, 0x0, 0x0, 0x0, 0xc, 0xfd, 0xfe,
    0xa8, 0x77, 0x77, 0x71, 0x2f, 0x50, 0x6b, 0xef,
    0xff, 0xff, 0xf0, 0x2, 0x0, 0x0, 0x0, 0x0,
    0x0, 0x0,

    /* U+5F00 "开" */
    0x7, 0xff, 0xff, 0xff, 0xff, 0xff, 0xe0, 0x4,
    0x99, 0xfd, 0x99, 0x9f, 0xe9, 0x80, 0x0, 0x1,
    0xfa, 0x0, 0xf, 0xb0, 0x0, 0x0, 0x1, 0xfa,
    0x0, 0xf, 0xb0, 0x0, 0x1, 0x12, 0xfa, 0x11,
    0x1f, 0xb1, 0x10, 0x1f, 0xff, 0xff, 0xff, 0xff,
    0xff, 0xf7, 0x8, 0x89, 0xfc, 0x88, 0x8f, 0xd8,
    0x83, 0x0, 0x4, 0xf7, 0x0, 0xf, 0xb0, 0x0,
    0x0, 0x8, 0xf4, 0x0, 0xf, 0xb0, 0x0, 0x0,
    0x3f, 0xd0, 0x0, 0xf, 0xb0, 0x0, 0x3, 0xef,
    0x40, 0x0, 0xf, 0xb0, 0x0, 0x4, 0xf5, 0x0,
    0x0, 0xf, 0xb0, 0x0, 0x0, 0x10, 0x0, 0x0,
    0x0, 0x0, 0x0,

    /* U+5F02 "异" */
    0x0, 0xff, 0xff, 0xff, 0xff, 0xfa, 0x0, 0x0,
    0xfb, 0x55, 0x55, 0x55, 0xfa, 0x0, 0x0, 0xff,
    0xff, 0xff, 0xff, 0xfb, 0x10, 0x0, 0xfb, 0x55,
    0x55, 0x55, 0x5a, 0xf1, 0x0, 0xfc, 0x44, 0x44,
    0x44, 0x4b, 0xf0, 0x0, 0xaf, 0xff, 0xff, 0xff,
    0xff, 0x90, 0x0, 0x1, 0x85, 0x11, 0x38, 0x30,
    0x0, 0x16, 0x67, 0xfb, 0x66, 0x9f, 0x96, 0x61,
    0x4f, 0xff, 0xff, 0xff, 0xff, 0xff, 0xf3, 0x0,
    0x7, 0xf4, 0x0, 0x4f, 0x50, 0x0, 0x3, 0xaf,
    0xb0, 0x0, 0x4f, 0x50, 0x0, 0x5, 0xe7, 0x0,
    0x0, 0x4f, 0x50, 0x0, 0x0, 0x0, 0x0, 0x0,
    0x0, 0x0, 0x0,

    /* U+5F0F "式" */
    0x0, 0x0, 0x0, 0x0, 0x0, 0x0, 0x0, 0x0,
    0x0, 0x0, 0x9, 0xf1, 0xc4, 0x0, 0x0, 0x0,
    0x0, 0x8, 0xf1, 0xcf, 0x30, 0x18, 0x88, 0x88,
    0x8c, 0xf8, 0x9f, 0x80, 0x3f, 0xff, 0xff, 0xff,
    0xff, 0xff, 0xf1, 0x0, 0x0, 0x0, 0x6, 0xf3,
    0x0, 0x0, 0x6, 0x77, 0x77, 0x75, 0xf4, 0x0,
    0x0, 0xd, 0xff, 0xff, 0xf5, 0xf6, 0x0, 0x0,
    0x0, 0xa, 0xf0, 0x0, 0xf8, 0x0, 0x0, 0x0,
    0xa, 0xf0, 0x0, 0xdb, 0x0, 0x20, 0x0, 0xa,
    0xf0, 0x12, 0x9f, 0x4, 0xf1, 0x17, 0x9e, 0xff,
    0xfb, 0x4f, 0x77, 0xe0, 0x3f, 0xfe, 0xca, 0x84,
    0xd, 0xff, 0xa0, 0x2, 0x0, 0x0, 0x0, 0x2,
    0xde, 0x30,

    /* U+5F27 "弧" */
    0x0, 0x0, 0x0, 0x0, 0x0, 0x36, 0x20, 0xf,
    0xff, 0xe2, 0xac, 0xef, 0xff, 0x60, 0x8, 0x8b,
    0xe3, 0xfb, 0xf9, 0xd8, 0x0, 0x0, 0x18, 0xe3,
    0xf1, 0xf5, 0xb9, 0x0, 0xd, 0xff, 0xe3, 0xf1,
    0xf5, 0xba, 0x0, 0xe, 0xa5, 0x53, 0xf1, 0xf4,
    0x9b, 0x0, 0xf, 0x71, 0x3, 0xf1, 0xf4, 0x8d,
    0x0, 0xf, 0xff, 0xb4, 0xf2, 0xf3, 0x6f, 0x0,
    0x5, 0x5c, 0xb5, 0xf3, 0xfb, 0x8f, 0x30, 0x0,
    0xb, 0xb8, 0xe6, 0xf8, 0x8f, 0x80, 0x0, 0xb,
    0xac, 0xba, 0xb8, 0xbb, 0xd0, 0x6, 0x7f, 0xbf,
    0x7d, 0xff, 0xf6, 0xf4, 0xc, 0xfe, 0x8f, 0x17,
    0x83, 0xe2, 0xd2, 0x0, 0x0, 0x1, 0x0, 0x0,
    0x0, 0x0,

    /* U+5F2F "弯" */
    0x0, 0x0, 0x0, 0x0, 0x0, 0x0, 0x0, 0x0,
    0x0, 0x0, 0xed, 0x0, 0x0, 0x0, 0xf, 0xff,
    0xff, 0xff, 0xff, 0xff, 0xf0, 0x6, 0x69, 0x8f,
    0x99, 0xf8, 0xa6, 0x60, 0x0, 0x8f, 0x6f, 0x44,
    0xf5, 0xfa, 0x10, 0x2d, 0xe4, 0x2b, 0x23, 0xb1,
    0x3d, 0xe2, 0x7, 0x8e, 0xee, 0xee, 0xee, 0xe8,
    0x60, 0x0, 0x25, 0x55, 0x55, 0x55, 0xf9, 0x0,
    0x0, 0xdf, 0xff, 0xff, 0xff, 0xf9, 0x0, 0x0,
    0xfa, 0x44, 0x44, 0x44, 0x42, 0x0, 0x2, 0xff,
    0xff, 0xff, 0xff, 0xff, 0x20, 0x0, 0x33, 0x33,
    0x33, 0x33, 0xaf, 0x10, 0x0, 0x0, 0x0, 0x34,
    0x44, 0xce, 0x0, 0x0, 0x0, 0x0, 0x9f, 0xff,
    0xe5, 0x0,

    /* U+5F31 "弱" */
    0xb, 0xff, 0xff, 0x6c, 0xff, 0xff, 0xa0, 0x45,
    0x57, 0xf6, 0x45, 0x55, 0xfa, 0x5, 0xff, 0xff,
    0x67, 0xff, 0xff, 0xa0, 0x7f, 0x55, 0x52, 0x9e,
    0x55, 0x53, 0x9, 0xf5, 0x55, 0x2b, 0xe5, 0x55,
    0x30, 0xaf, 0xff, 0xf7, 0xcf, 0xff, 0xfb, 0x3,
    0xd2, 0xf, 0x74, 0xc2, 0xd, 0xa0, 0x1b, 0xc5,
    0xf7, 0x1c, 0xb4, 0xea, 0x7, 0xcf, 0xff, 0x77,
    0xcf, 0xff, 0xa1, 0xfc, 0x73, 0xf7, 0xfc, 0x72,
    0xe9, 0x0, 0x46, 0x9f, 0x51, 0x46, 0x7f, 0x80,
    0xa, 0xff, 0xc0, 0x8, 0xff, 0xd2,

    /* U+5F39 "弹" */
    0x0, 0x0, 0x0, 0x4a, 0x0, 0x87, 0x0, 0xf,
    0xff, 0xc0, 0x2f, 0x64, 0xf5, 0x0, 0x6, 0x7c,
    0xc7, 0xff, 0xff, 0xff, 0xa0, 0x0, 0x9, 0xc7,
    0xf5, 0xbd, 0x5d, 0xa0, 0xb, 0xff, 0xc7, 0xf4,
    0xbd, 0x4d, 0xa0, 0xc, 0xc8, 0x67, 0xff, 0xff,
    0xff, 0xa0, 0xd, 0x81, 0x7, 0xf0, 0xac, 0xc,
    0xa0, 0xe, 0xff, 0xb7, 0xff, 0xff, 0xff, 0xa0,
    0x4, 0x5c, 0xb1, 0x44, 0xbd, 0x44, 0x20, 0x0,
    0xb, 0xa7, 0x88, 0xce, 0x88, 0x82, 0x0, 0xd,
    0x9f, 0xff, 0xff, 0xff, 0xf4, 0x9, 0xaf, 0x80,
    0x0, 0x9c, 0x0, 0x0, 0xa, 0xdb, 0x10, 0x0,
    0x9c, 0x0, 0x0,

    /* U+5F3A "强" */
    0xf, 0xff, 0xb3, 0xff, 0xff, 0xff, 0x0, 0x7,
    0x7d, 0xc3, 0xf6, 0x33, 0x7f, 0x0, 0x3, 0x4c,
    0xc3, 0xff, 0xff, 0xff, 0x0, 0xb, 0xff, 0xc0,
    0x44, 0xaf, 0x44, 0x0, 0xc, 0xc6, 0x42, 0x44,
    0xaf, 0x44, 0x20, 0xd, 0x90, 0xa, 0xff, 0xff,
    0xff, 0x70, 0xe, 0xfe, 0x9a, 0xc0, 0x8e, 0xe,
    0x70, 0x2, 0x3c, 0xaa, 0xff, 0xff, 0xff, 0x70,
    0x0, 0xc, 0x93, 0x44, 0xaf, 0x5b, 0x20, 0x0,
    0xd, 0x80, 0x0, 0x8e, 0x4f, 0x40, 0x6, 0x7f,
    0x7e, 0xff, 0xff, 0xff, 0xb0, 0xe, 0xfd, 0x19,
    0x87, 0x65, 0x47, 0xc0, 0x0, 0x0, 0x0, 0x0,
    0x0, 0x0, 0x0,

    /* U+5F53 "当" */
    0x5, 0x20, 0xc, 0xe0, 0x0, 0x70, 0xe, 0xe1,
    0xc, 0xe0, 0x9, 0xf7, 0x4, 0xfc, 0xc, 0xe0,
    0x7f, 0xb0, 0x0, 0x6c, 0x1c, 0xe0, 0xbc, 0x0,
    0x39, 0x99, 0x9e, 0xf9, 0x9a, 0x95, 0x6f, 0xff,
    0xff, 0xff, 0xff, 0xfa, 0x0, 0x0, 0x0, 0x0,
    0x1, 0xfa, 0x7, 0x77, 0x77, 0x77, 0x78, 0xfa,
    0xf, 0xff, 0xff, 0xff, 0xff, 0xfa, 0x0, 0x0,
    0x0, 0x0, 0x1, 0xfa, 0x0, 0x0, 0x0, 0x0,
    0x1, 0xfa, 0xaf, 0xff, 0xff, 0xff, 0xff, 0xfa,
    0x57, 0x77, 0x77, 0x77, 0x78, 0xfa,

    /* U+5F57 "彗" */
    0x0, 0x9e, 0x0, 0x0, 0xea, 0x0, 0xaf, 0xff,
    0xfb, 0xcf, 0xff, 0xfb, 0x35, 0xbe, 0x53, 0x45,
    0xeb, 0x53, 0x6f, 0xff, 0xf9, 0xaf, 0xff, 0xf6,
    0x35, 0xbe, 0x53, 0x45, 0xeb, 0x53, 0xef, 0xff,
    0xfb, 0xcf, 0xff, 0xfe, 0x0, 0x58, 0x0, 0x0,
    0x86, 0x0, 0x2f, 0xff, 0xff, 0xff, 0xff, 0xf3,
    0x4, 0x44, 0x44, 0x44, 0x48, 0xf4, 0xb, 0xff,
    0xff, 0xff, 0xff, 0xf4, 0x2, 0x33, 0x33, 0x33,
    0x37, 0xf4, 0x5f, 0xff, 0xff, 0xff, 0xff, 0xf4,
    0x15, 0x55, 0x55, 0x55, 0x58, 0xf4,

    /* U+5F62 "形" */
    0x0, 0x0, 0x0, 0x0, 0x0, 0x5, 0x0, 0xf,
    0xff, 0xff, 0xff, 0x0, 0x9f, 0x70, 0x7, 0xed,
    0x8d, 0xe7, 0x2c, 0xf9, 0x0, 0x0, 0xdb, 0xb,
    0xc1, 0xff, 0x50, 0x0, 0x0, 0xdb, 0xb, 0xc0,
    0x61, 0xa, 0x50, 0x17, 0xed, 0x7d, 0xe7, 0x10,
    0xbf, 0x80, 0x3f, 0xff, 0xff, 0xff, 0x7d, 0xf7,
    0x0, 0x0, 0xda, 0xb, 0xc2, 0xff, 0x50, 0x10,
    0x0, 0xe9, 0xb, 0xc0, 0x61, 0x9, 0xd0, 0x1,
    0xf7, 0xb, 0xc0, 0x0, 0x9f, 0x90, 0x5, 0xf3,
    0xb, 0xc0, 0x1b, 0xfa, 0x0, 0xd, 0xe0, 0xb,
    0xc5, 0xef, 0x80, 0x0, 0x2d, 0x60, 0xb, 0xc4,
    0xe5, 0x0, 0x0, 0x0, 0x0, 0x0, 0x0, 0x0,
    0x0, 0x0,

    /* U+5F84 "径" */
    0x0, 0x6, 0x10, 0x0, 0x0, 0x0, 0x0, 0x0,
    0x6f, 0x8c, 0xff, 0xff, 0xfe, 0x0, 0x6, 0xfb,
    0x6, 0x88, 0x8a, 0xfc, 0x0, 0x4f, 0xa1, 0x0,
    0x0, 0x6f, 0xd1, 0x0, 0x7, 0xc, 0xb0, 0x5d,
    0xff, 0xc3, 0x0, 0x0, 0x9f, 0xaf, 0xfc, 0x45,
    0xdf, 0xb0, 0x7, 0xfa, 0x19, 0x30, 0x0, 0x6,
    0x80, 0x5f, 0xfa, 0xf, 0xff, 0xff, 0xff, 0x60,
    0x2a, 0xea, 0x8, 0x99, 0xfc, 0x99, 0x30, 0x0,
    0xea, 0x0, 0x1, 0xf8, 0x0, 0x0, 0x0, 0xea,
    0x0, 0x1, 0xf8, 0x0, 0x0, 0x0, 0xea, 0xaf,
    0xff, 0xff, 0xff, 0xf1, 0x0, 0xea, 0x57, 0x77,
    0x77, 0x77, 0x70,

    /* U+5F85 "待" */
    0x0, 0x0, 0x0, 0x0, 0x0, 0x0, 0x0, 0x0,
    0xa, 0xa0, 0x0, 0xaf, 0x0, 0x0, 0x0, 0x7f,
    0x91, 0x55, 0xcf, 0x55, 0x40, 0x5, 0xfc, 0x5,
    0xff, 0xff, 0xff, 0xe0, 0xf, 0xd3, 0x0, 0x22,
    0xbf, 0x22, 0x20, 0x7, 0x2c, 0xd8, 0x88, 0xdf,
    0x88, 0x84, 0x0, 0x7f, 0x8f, 0xff, 0xff, 0xff,
    0xf8, 0x3, 0xfe, 0x0, 0x0, 0x0, 0xdc, 0x0,
    0x1f, 0xfe, 0xc, 0xff, 0xff, 0xff, 0xf5, 0xd,
    0xbe, 0x6, 0xd8, 0x88, 0xee, 0x83, 0x0, 0x9e,
    0x2, 0xfa, 0x0, 0xdc, 0x0, 0x0, 0x9e, 0x0,
    0x8f, 0x40, 0xdc, 0x0, 0x0, 0x9e, 0x0, 0x6,
    0x89, 0xfc, 0x0, 0x0, 0x9e, 0x0, 0x1, 0xff,
    0xe5, 0x0, 0x0, 0x1, 0x0, 0x0, 0x0, 0x0,
    0x0,

    /* U+5F8B "律" */
    0x0, 0x0, 0x0, 0x0, 0x0, 0x0, 0x0, 0x0,
    0x1c, 0x30, 0x6, 0xf1, 0x0, 0x0, 0x0, 0xcf,
    0x3d, 0xff, 0xff, 0xff, 0x40, 0xa, 0xf6, 0x4,
    0x59, 0xf6, 0x7f, 0x40, 0x3f, 0x72, 0x6a, 0xac,
    0xfb, 0xbf, 0xb0, 0x6, 0x3f, 0xab, 0xbd, 0xfc,
    0xcf, 0xc0, 0x0, 0xdd, 0x4, 0x48, 0xf5, 0x6f,
    0x40, 0x9, 0xf8, 0xf, 0xff, 0xff, 0xff, 0x40,
    0x5f, 0xf8, 0x12, 0x27, 0xf4, 0x22, 0x10, 0x39,
    0xe8, 0x6f, 0xff, 0xff, 0xff, 0x70, 0x0, 0xe8,
    0x1, 0x17, 0xf3, 0x11, 0x0, 0x0, 0xe8, 0xff,
    0xff, 0xff, 0xff, 0xf0, 0x0, 0xe8, 0x55, 0x59,
    0xf6, 0x55, 0x50, 0x0, 0xd7, 0x0, 0x6, 0xf1,
    0x0, 0x0,

    /* U+5FAA "循" */
    0x0, 0x0, 0x0, 0x0, 0x0, 0x0, 0x0, 0x0,
    0x2e, 0x52, 0x34, 0x68, 0xac, 0x90, 0x0, 0xcf,
    0x3f, 0xff, 0xff, 0xeb, 0x70, 0xa, 0xf5, 0x1f,
    0x71, 0x2f, 0x50, 0x0, 0x1f, 0x74, 0x2f, 0xee,
    0xef, 0xee, 0xe3, 0x4, 0x3f, 0x8f, 0x85, 0x7f,
    0x85, 0x51, 0x0, 0xdd, 0x2f, 0xac, 0xcf, 0xdc,
    0x80, 0x9, 0xf8, 0x2f, 0xbf, 0x66, 0x6d, 0xb0,
    0x4f, 0xf8, 0x3f, 0xaf, 0xcc, 0xcf, 0xb0, 0x19,
    0xe8, 0x6f, 0x8f, 0x44, 0x4d, 0xb0, 0x0, 0xe8,
    0x8e, 0x7f, 0xdd, 0xdf, 0xb0, 0x0, 0xe8, 0xda,
    0x7f, 0x33, 0x3c, 0xb0, 0x0, 0xec, 0xf6, 0x7f,
    0xee, 0xef, 0xb0, 0x0, 0xe9, 0xa0, 0x7f, 0x33,
    0x3c, 0xb0,

    /* U+5FAE "微" */
    0x0, 0x5a, 0x11, 0xf3, 0x0, 0xe4, 0x0, 0x0,
    0xeb, 0xd5, 0xf5, 0xe3, 0xf1, 0x0, 0xb, 0xe1,
    0xd5, 0xf5, 0xe7, 0xfe, 0xe7, 0x1f, 0x43, 0xde,
    0xfe, 0xec, 0xaa, 0xf3, 0x3, 0x7f, 0x66, 0x66,
    0x9f, 0x66, 0xd0, 0x1, 0xe8, 0x8a, 0xaa, 0xaf,
    0x88, 0xc0, 0xa, 0xf5, 0x9c, 0xcc, 0xa5, 0xcc,
    0x90, 0x4f, 0xf5, 0x25, 0x55, 0x22, 0xff, 0x40,
    0x39, 0xf5, 0x7f, 0xff, 0x60, 0xef, 0x0, 0x0,
    0xf5, 0x7d, 0xf, 0xa2, 0xee, 0x10, 0x0, 0xf5,
    0x9c, 0xf, 0xfb, 0xff, 0xa0, 0x0, 0xf6, 0xe8,
    0xb, 0x8f, 0x87, 0xf7, 0x0, 0xf9, 0xd1, 0x0,
    0x6c, 0x0, 0x93, 0x0, 0x0, 0x0, 0x0, 0x0,
    0x0, 0x0,

    /* U+5FC3 "心" */
    0x0, 0x0, 0x1, 0x60, 0x0, 0x0, 0x0, 0x0,
    0x0, 0x8, 0xf6, 0x0, 0x0, 0x0, 0x0, 0x0,
    0x0, 0xdf, 0x20, 0x0, 0x0, 0x0, 0x0, 0xa7,
    0x2f, 0xd0, 0x0, 0x0, 0x0, 0x62, 0xfb, 0x8,
    0xb1, 0x85, 0x0, 0x3, 0xf8, 0xfb, 0x0, 0x0,
    0xec, 0x0, 0x7, 0xf4, 0xfb, 0x0, 0x0, 0x8f,
    0x30, 0xb, 0xf0, 0xfb, 0x0, 0x0, 0x1f, 0xa0,
    0xf, 0xb0, 0xfb, 0x0, 0x7, 0x4b, 0xf1, 0x4f,
    0x50, 0xfb, 0x0, 0xe, 0xb4, 0xc2, 0x1, 0x0,
    0xfb, 0x0, 0xf, 0xa0, 0x0, 0x0, 0x0, 0xff,
    0xaa, 0xbf, 0x90, 0x0, 0x0, 0x0, 0x6e, 0xff,
    0xfd, 0x20, 0x0,

    /* U+5FC6 "忆" */
    0x0, 0x7f, 0x10, 0x0, 0x0, 0x0, 0x0, 0x7,
    0xf1, 0x7f, 0xff, 0xff, 0xf1, 0x5, 0x8f, 0x24,
    0x99, 0x9a, 0xff, 0x0, 0xfa, 0xfe, 0x30, 0x0,
    0xaf, 0x50, 0x1f, 0x8f, 0xee, 0x0, 0x6f, 0x90,
    0x3, 0xf7, 0xf2, 0x50, 0x3f, 0xc0, 0x0, 0x5d,
    0x7f, 0x10, 0x1e, 0xe1, 0x0, 0x3, 0x77, 0xf1,
    0xa, 0xf3, 0x0, 0x0, 0x0, 0x7f, 0x15, 0xf7,
    0x0, 0x7, 0x90, 0x7, 0xf1, 0xdd, 0x0, 0x0,
    0x9e, 0x0, 0x7f, 0x3f, 0x60, 0x0, 0xa, 0xd0,
    0x7, 0xf3, 0xfb, 0x88, 0x88, 0xfc, 0x0, 0x7f,
    0x19, 0xff, 0xff, 0xfe, 0x40,

    /* U+5FD7 "志" */
    0x0, 0x0, 0x0, 0xdd, 0x0, 0x0, 0x0, 0x0,
    0x0, 0x0, 0xdd, 0x0, 0x0, 0x0, 0x1f, 0xff,
    0xff, 0xff, 0xff, 0xff, 0xf1, 0x8, 0x88, 0x88,
    0xee, 0x88, 0x88, 0x80, 0x0, 0x0, 0x0, 0xdd,
    0x0, 0x0, 0x0, 0x5, 0xff, 0xff, 0xff, 0xff,
    0xff, 0x50, 0x3, 0x99, 0x99, 0x9a, 0x99, 0x99,
    0x30, 0x0, 0x0, 0x41, 0x8d, 0x0, 0x1, 0x0,
    0x2, 0xe5, 0xf7, 0x7f, 0x70, 0xad, 0x0, 0x8,
    0xf3, 0xf7, 0xc, 0x78, 0x8f, 0x60, 0xe, 0xb2,
    0xf7, 0x0, 0xf, 0x7c, 0xe0, 0x2e, 0x51, 0xfc,
    0x88, 0x9f, 0x64, 0xb1, 0x0, 0x0, 0xbf, 0xff,
    0xfd, 0x10, 0x0,

    /* U+5FEB "快" */
    0x0, 0x9f, 0x0, 0x8, 0xf1, 0x0, 0x0, 0x9,
    0xf0, 0x0, 0x8f, 0x10, 0x0, 0x7, 0xbf, 0x3b,
    0xff, 0xff, 0xff, 0x10, 0xfb, 0xff, 0xb9, 0xcf,
    0x9c, 0xf1, 0xf, 0xaf, 0xb3, 0x8, 0xf1, 0x7f,
    0x12, 0xf9, 0xf0, 0x0, 0x8f, 0x17, 0xf1, 0x4d,
    0x9f, 0x39, 0x9c, 0xf9, 0xcf, 0x91, 0x39, 0xf6,
    0xff, 0xff, 0xff, 0xff, 0x0, 0x9f, 0x0, 0xe,
    0xfa, 0x0, 0x0, 0x9, 0xf0, 0x7, 0xfd, 0xf4,
    0x0, 0x0, 0x9f, 0x5, 0xfc, 0x1d, 0xf5, 0x0,
    0x9, 0xf9, 0xfd, 0x10, 0x2e, 0xfa, 0x0, 0x9f,
    0x8a, 0x0, 0x0, 0x1b, 0x60, 0x0, 0x0, 0x0,
    0x0, 0x0, 0x0,

    /* U+6001 "态" */
    0x0, 0x0, 0x0, 0x0, 0x0, 0x0, 0x0, 0x0,
    0x0, 0x0, 0xdd, 0x0, 0x0, 0x0, 0x5, 0x66,
    0x66, 0xfd, 0x66, 0x66, 0x60, 0xe, 0xff, 0xff,
    0xff, 0xff, 0xff, 0xe0, 0x0, 0x11, 0x1b, 0xff,
    0xa1, 0x11, 0x0, 0x0, 0x0, 0x8f, 0xa8, 0xf9,
    0x0, 0x0, 0x0, 0x4c, 0xff, 0xd2, 0x9f, 0xd6,
    0x0, 0x1e, 0xff, 0x83, 0xea, 0x6, 0xef, 0xf1,
    0xb, 0x92, 0x0, 0x33, 0x0, 0x18, 0xb0, 0x0,
    0x73, 0xd5, 0xad, 0x0, 0x79, 0x0, 0x5, 0xf5,
    0xf6, 0x2f, 0x93, 0x8f, 0x30, 0xb, 0xd2, 0xf6,
    0x4, 0x1f, 0x7d, 0xd0, 0x2f, 0x61, 0xfc, 0x77,
    0x8f, 0x55, 0xe2, 0x2, 0x0, 0xbf, 0xff, 0xfd,
    0x10, 0x0,

    /* U+6027 "性" */
    0x0, 0x8f, 0x0, 0x0, 0x5f, 0x30, 0x0, 0x0,
    0x8f, 0x0, 0xe8, 0x6f, 0x30, 0x0, 0x5, 0x9f,
    0x62, 0xf7, 0x6f, 0x40, 0x0, 0xe, 0xbf, 0xfa,
    0xff, 0xff, 0xff, 0xf0, 0xf, 0xaf, 0x7b, 0xf9,
    0xbf, 0xa9, 0x90, 0x2f, 0x8f, 0xe, 0x90, 0x6f,
    0x30, 0x0, 0x4d, 0x8f, 0x2, 0x87, 0xaf, 0x97,
    0x60, 0x1, 0x8f, 0x4, 0xff, 0xff, 0xff, 0xd0,
    0x0, 0x8f, 0x0, 0x0, 0x6f, 0x40, 0x0, 0x0,
    0x8f, 0x0, 0x0, 0x6f, 0x30, 0x0, 0x0, 0x8f,
    0x0, 0x0, 0x6f, 0x40, 0x0, 0x0, 0x8f, 0xf,
    0xff, 0xff, 0xff, 0xf4, 0x0, 0x8f, 0x7, 0x77,
    0x77, 0x77, 0x72,

    /* U+603B "总" */
    0x0, 0x0, 0x0, 0x0, 0x0, 0x0, 0x0, 0x0,
    0x5, 0xe3, 0x0, 0x5d, 0x30, 0x0, 0x0, 0x1,
    0xfc, 0x1, 0xed, 0x0, 0x0, 0x0, 0xef, 0xff,
    0xff, 0xff, 0xfb, 0x0, 0x0, 0xed, 0x88, 0x88,
    0x88, 0xec, 0x0, 0x0, 0xeb, 0x0, 0x0, 0x0,
    0xdc, 0x0, 0x0, 0xec, 0x33, 0x33, 0x33, 0xec,
    0x0, 0x0, 0xef, 0xff, 0xff, 0xff, 0xfc, 0x0,
    0x0, 0x34, 0x44, 0x99, 0x44, 0x43, 0x0, 0x2,
    0x94, 0x93, 0xde, 0x10, 0x58, 0x0, 0x8, 0xf5,
    0xf5, 0x3f, 0x74, 0x9f, 0x30, 0xd, 0xb4, 0xf5,
    0x2, 0xf, 0x8e, 0xc0, 0x3f, 0x53, 0xfb, 0x88,
    0x9f, 0x56, 0xd1, 0x2, 0x0, 0xcf, 0xff, 0xfd,
    0x10, 0x0,

    /* U+60C5 "情" */
    0x0, 0x8e, 0x0, 0x0, 0xcb, 0x0, 0x0, 0x0,
    0x8e, 0xe, 0xff, 0xff, 0xff, 0xf3, 0x6, 0xaf,
    0x43, 0x33, 0xcc, 0x33, 0x30, 0xd, 0xbf, 0xfc,
    0xff, 0xff, 0xff, 0xd0, 0xf, 0xae, 0x87, 0x77,
    0xdd, 0x77, 0x73, 0x1f, 0x8e, 0x27, 0x77, 0x77,
    0x77, 0x74, 0x3d, 0x8e, 0x7, 0xff, 0xff, 0xff,
    0xb0, 0x1, 0x8e, 0x8, 0xf4, 0x44, 0x4c, 0xc0,
    0x0, 0x8e, 0x8, 0xff, 0xff, 0xff, 0xc0, 0x0,
    0x8e, 0x8, 0xf4, 0x44, 0x4c, 0xc0, 0x0, 0x8e,
    0x8, 0xff, 0xff, 0xff, 0xc0, 0x0, 0x8e, 0x8,
    0xf0, 0x2, 0x3d, 0xb0, 0x0, 0x8e, 0x7, 0xe0,
    0xb, 0xff, 0x60,

    /* U+60CA "惊" */
    0x0, 0x0, 0x0, 0x0, 0x0, 0x0, 0x0, 0x0,
    0x8e, 0x0, 0x0, 0xec, 0x0, 0x0, 0x0, 0x8e,
    0x9, 0x99, 0xef, 0x99, 0x92, 0x7, 0xaf, 0x4e,
    0xee, 0xee, 0xee, 0xe4, 0xe, 0xaf, 0xf6, 0x22,
    0x22, 0x22, 0x10, 0xf, 0x9e, 0x97, 0xff, 0xff,
    0xff, 0x80, 0x2e, 0x8e, 0x5, 0xf5, 0x44, 0x4f,
    0x80, 0x4c, 0x8e, 0x5, 0xf4, 0x33, 0x3f, 0x80,
    0x14, 0x8e, 0x5, 0xff, 0xff, 0xff, 0x80, 0x0,
    0x8e, 0x1, 0x63, 0xbf, 0x36, 0x10, 0x0, 0x8e,
    0x5, 0xf3, 0x9f, 0x6f, 0x20, 0x0, 0x8e, 0x1e,
    0xb0, 0x9f, 0x1e, 0xc0, 0x0, 0x8e, 0x9f, 0x48,
    0xde, 0x6, 0xf3, 0x0, 0x8e, 0x3, 0x2f, 0xf9,
    0x0, 0x30,

    /* U+611F "感" */
    0x0, 0x0, 0x0, 0x0, 0x0, 0x0, 0x0, 0x0,
    0x0, 0x0, 0x2, 0xf5, 0x68, 0x0, 0x1, 0x88,
    0x88, 0x89, 0xfb, 0xbe, 0x81, 0x3, 0xff, 0xee,
    0xee, 0xff, 0xee, 0xe1, 0x3, 0xf6, 0x44, 0x44,
    0xca, 0x7, 0x0, 0x3, 0xf8, 0xcc, 0xca, 0x9d,
    0x8f, 0x10, 0x4, 0xf6, 0xaa, 0xa7, 0x6f, 0xf6,
    0x20, 0x7, 0xf6, 0xf3, 0x9a, 0x7f, 0xb0, 0xf4,
    0xc, 0xe4, 0xff, 0xfd, 0xff, 0xfc, 0xf1, 0x1e,
    0x90, 0x11, 0x75, 0x71, 0xcf, 0x90, 0x4, 0xb4,
    0xa2, 0xce, 0x21, 0x5d, 0x0, 0xa, 0xe4, 0xf4,
    0x1c, 0x4f, 0x8f, 0x70, 0x2f, 0x83, 0xf9, 0x55,
    0x8f, 0x3a, 0xf1, 0x8, 0x10, 0xcf, 0xff, 0xfb,
    0x2, 0x30,

    /* U+6162 "慢" */
    0x0, 0xe8, 0x0, 0x0, 0x0, 0x0, 0x0, 0x0,
    0xe8, 0xc, 0xff, 0xff, 0xff, 0x50, 0x17, 0xed,
    0x4c, 0xed, 0xdd, 0xdf, 0x50, 0x3c, 0xef, 0xfd,
    0xb6, 0x66, 0x9f, 0x50, 0x4b, 0xe8, 0x36, 0x88,
    0x88, 0x88, 0x20, 0x69, 0xe8, 0x4e, 0xee, 0xee,
    0xee, 0xd0, 0x88, 0xe8, 0x5e, 0x1f, 0xe, 0x26,
    0xe0, 0x32, 0xe8, 0x5f, 0xff, 0xff, 0xff, 0xe0,
    0x0, 0xe8, 0x5, 0x66, 0x66, 0x66, 0x30, 0x0,
    0xe8, 0xd, 0xfc, 0xcc, 0xff, 0x50, 0x0, 0xe8,
    0x2, 0xdd, 0x5c, 0xf6, 0x0, 0x0, 0xe8, 0x25,
    0x9f, 0xff, 0xb7, 0x51, 0x0, 0xe8, 0x9d, 0x95,
    0x15, 0x9d, 0xf0, 0x0, 0x0, 0x0, 0x0, 0x0,
    0x0, 0x0,

    /* U+6210 "成" */
    0x0, 0x0, 0x0, 0x0, 0x0, 0x10, 0x0, 0x0,
    0x0, 0x0, 0x9, 0xe2, 0xe7, 0x0, 0x0, 0x0,
    0x0, 0x8, 0xf0, 0x8f, 0x20, 0x1, 0xff, 0xff,
    0xff, 0xff, 0xff, 0xf4, 0x1, 0xfc, 0x88, 0x8b,
    0xf9, 0x88, 0x82, 0x1, 0xf7, 0x0, 0x4, 0xf3,
    0x7, 0x10, 0x1, 0xfc, 0x88, 0x72, 0xf5, 0x4f,
    0x60, 0x1, 0xff, 0xff, 0xd0, 0xf7, 0xae, 0x0,
    0x1, 0xf6, 0xb, 0xc0, 0xdc, 0xf7, 0x0, 0x2,
    0xf5, 0xb, 0xb0, 0xaf, 0xd0, 0x0, 0x5, 0xf4,
    0xd, 0xa0, 0xbf, 0x50, 0xd6, 0x8, 0xfb, 0xff,
    0x8b, 0xff, 0xa0, 0xf4, 0xe, 0xd4, 0x86, 0xcf,
    0x77, 0xfd, 0xf1, 0x1b, 0x70, 0x0, 0x35, 0x0,
    0x9f, 0x70, 0x0, 0x0, 0x0, 0x0, 0x0, 0x0,
    0x0,

    /* U+6211 "我" */
    0x0, 0x2, 0x48, 0x4d, 0xc1, 0x70, 0x0, 0xc,
    0xff, 0xff, 0x8c, 0xd7, 0xf7, 0x0, 0x8, 0x8e,
    0xd1, 0xb, 0xd0, 0xaf, 0x40, 0x0, 0xd, 0xd0,
    0xb, 0xe0, 0x6, 0x0, 0x3f, 0xff, 0xff, 0xff,
    0xff, 0xff, 0xf2, 0x17, 0x7e, 0xe7, 0x7c, 0xf8,
    0x7a, 0x71, 0x0, 0xd, 0xd1, 0x46, 0xf2, 0x4f,
    0x60, 0x3, 0x6e, 0xff, 0xf4, 0xf7, 0xed, 0x0,
    0x2f, 0xff, 0xf9, 0x51, 0xff, 0xe2, 0x0, 0x7,
    0x4d, 0xd0, 0x7, 0xff, 0x32, 0xc2, 0x0, 0xd,
    0xd4, 0xdf, 0xff, 0x36, 0xf1, 0x6, 0x8f, 0xc8,
    0xe7, 0x2f, 0xee, 0xc0, 0xa, 0xfe, 0x60, 0x10,
    0x4, 0xee, 0x40,

    /* U+6237 "户" */
    0x0, 0x0, 0x0, 0xac, 0x0, 0x0, 0x0, 0x0,
    0x0, 0xa, 0xf4, 0x0, 0x0, 0x0, 0xff, 0xff,
    0xff, 0xff, 0xff, 0x90, 0xf, 0xd8, 0x88, 0x88,
    0x89, 0xf9, 0x0, 0xfb, 0x0, 0x0, 0x0, 0x1f,
    0x90, 0xf, 0xb0, 0x0, 0x0, 0x1, 0xf9, 0x0,
    0xff, 0xff, 0xff, 0xff, 0xff, 0x90, 0xf, 0xea,
    0xaa, 0xaa, 0xaa, 0xa6, 0x2, 0xf9, 0x0, 0x0,
    0x0, 0x0, 0x0, 0x5f, 0x60, 0x0, 0x0, 0x0,
    0x0, 0xa, 0xf2, 0x0, 0x0, 0x0, 0x0, 0x2,
    0xfc, 0x0, 0x0, 0x0, 0x0, 0x0, 0x9, 0x30,
    0x0, 0x0, 0x0, 0x0, 0x0,

    /* U+623F "房" */
    0x0, 0x0, 0x0, 0x2, 0x0, 0x0, 0x0, 0x0,
    0x0, 0x0, 0xcf, 0x20, 0x0, 0x0, 0x2, 0xff,
    0xff, 0xff, 0xff, 0xff, 0x90, 0x3, 0xfa, 0x77,
    0x77, 0x77, 0x7f, 0x90, 0x3, 0xf9, 0x55, 0x55,
    0x55, 0x5f, 0x90, 0x3, 0xff, 0xff, 0xff, 0xff,
    0xff, 0x90, 0x3, 0xf6, 0x0, 0x9, 0xb0, 0x0,
    0x0, 0x3, 0xff, 0xff, 0xff, 0xff, 0xff, 0xf3,
    0x3, 0xf9, 0x6c, 0xf6, 0x66, 0x66, 0x61, 0x4,
    0xf4, 0xb, 0xf5, 0x55, 0x55, 0x0, 0x7, 0xf2,
    0xd, 0xff, 0xff, 0xff, 0x0, 0xa, 0xf0, 0x3f,
    0x80, 0x0, 0x9e, 0x0, 0xf, 0xb4, 0xee, 0x12,
    0x56, 0xed, 0x0, 0x3f, 0x6e, 0xd2, 0x5, 0xff,
    0xe5, 0x0, 0x1, 0x1, 0x0, 0x0, 0x0, 0x0,
    0x0,

    /* U+6240 "所" */
    0x0, 0x35, 0x8c, 0x60, 0x24, 0x7b, 0x70, 0x5,
    0xff, 0xfe, 0x6e, 0xff, 0xfe, 0x70, 0x5, 0xf5,
    0x10, 0xe, 0xc5, 0x20, 0x0, 0x5, 0xf7, 0x66,
    0xe, 0x90, 0x0, 0x0, 0x5, 0xff, 0xff, 0x1e,
    0xc7, 0x77, 0x71, 0x5, 0xf2, 0x6f, 0x1e, 0xff,
    0xff, 0xf3, 0x5, 0xf2, 0x5f, 0x1f, 0x90, 0xea,
    0x0, 0x5, 0xf9, 0xbf, 0x1f, 0x80, 0xea, 0x0,
    0x6, 0xff, 0xff, 0x3f, 0x60, 0xea, 0x0, 0x8,
    0xf0, 0x0, 0x5f, 0x30, 0xea, 0x0, 0xa, 0xe0,
    0x0, 0xbe, 0x0, 0xea, 0x0, 0xf, 0xb0, 0x4,
    0xf9, 0x0, 0xea, 0x0, 0x2e, 0x50, 0x5, 0xe1,
    0x0, 0xea, 0x0, 0x0, 0x0, 0x0, 0x10, 0x0,
    0x0, 0x0,

    /* U+6241 "扁" */
    0x0, 0x0, 0x0, 0x1, 0x0, 0x0, 0x0, 0x0,
    0x0, 0xd, 0xf2, 0x0, 0x0, 0x1, 0xff, 0xff,
    0xff, 0xff, 0xff, 0x40, 0x1f, 0xb7, 0x77, 0x77,
    0x78, 0xf5, 0x1, 0xfa, 0x66, 0x66, 0x66, 0x7f,
    0x50, 0x1f, 0xff, 0xff, 0xff, 0xff, 0xf5, 0x1,
    0xf7, 0x11, 0x11, 0x11, 0x11, 0x0, 0x1f, 0xdf,
    0xff, 0xff, 0xff, 0xf7, 0x2, 0xfc, 0xe4, 0xf8,
    0x7f, 0x4f, 0x70, 0x4f, 0xae, 0x4f, 0x87, 0xf4,
    0xf7, 0x7, 0xf8, 0xff, 0xff, 0xff, 0xff, 0x70,
    0xbd, 0x7e, 0x1e, 0x75, 0xf1, 0xe7, 0x2f, 0x87,
    0xe0, 0xe6, 0x4f, 0x5f, 0x70, 0x91, 0x7e, 0x6,
    0x21, 0x5e, 0xf3, 0x0, 0x0, 0x10, 0x0, 0x0,
    0x0, 0x0,

    /* U+624B "手" */
    0x0, 0x0, 0x1, 0x24, 0x56, 0x8a, 0x10, 0x5,
    0xff, 0xff, 0xff, 0xff, 0xff, 0x40, 0x2, 0x98,
    0x76, 0xcf, 0x42, 0x0, 0x0, 0x0, 0x0, 0x0,
    0xaf, 0x10, 0x0, 0x0, 0x2, 0x99, 0x99, 0xdf,
    0x99, 0x99, 0x20, 0x3, 0xff, 0xff, 0xff, 0xff,
    0xff, 0x40, 0x0, 0x0, 0x0, 0xaf, 0x10, 0x0,
    0x0, 0x18, 0x88, 0x88, 0xdf, 0x88, 0x88, 0x82,
    0x3f, 0xff, 0xff, 0xff, 0xff, 0xff, 0xf4, 0x0,
    0x0, 0x0, 0xaf, 0x10, 0x0, 0x0, 0x0, 0x0,
    0x0, 0xaf, 0x10, 0x0, 0x0, 0x0, 0x3, 0xaa,
    0xef, 0x0, 0x0, 0x0, 0x0, 0x3, 0xff, 0xf9,
    0x0, 0x0, 0x0,

    /* U+6258 "托" */
    0x0, 0x5f, 0x30, 0x0, 0x0, 0x48, 0x20, 0x0,
    0x5f, 0x31, 0x79, 0xdf, 0xff, 0x60, 0x8, 0xbf,
    0x97, 0xff, 0xf9, 0x62, 0x0, 0xf, 0xff, 0xf8,
    0x29, 0xf0, 0x0, 0x0, 0x0, 0x6f, 0x30, 0x8,
    0xf0, 0x0, 0x0, 0x0, 0x5f, 0x71, 0x1a, 0xf7,
    0x9a, 0xc2, 0x3, 0xbf, 0xfb, 0xff, 0xff, 0xfe,
    0xc2, 0x4f, 0xff, 0x63, 0x7b, 0xf2, 0x0, 0x0,
    0x7, 0x7f, 0x30, 0x8, 0xf0, 0x4, 0x50, 0x0,
    0x5f, 0x30, 0x8, 0xf0, 0x8, 0xe0, 0x0, 0x5f,
    0x30, 0x8, 0xf0, 0x9, 0xd0, 0x9, 0xcf, 0x20,
    0x7, 0xfb, 0xae, 0xc0, 0xd, 0xfc, 0x0, 0x1,
    0xcd, 0xdc, 0x40,

    /* U+6267 "执" */
    0x0, 0xab, 0x0, 0x3f, 0x50, 0x0, 0x0, 0x0,
    0xbc, 0x0, 0x3f, 0x50, 0x0, 0x0, 0x1a, 0xee,
    0xa4, 0x9f, 0xa8, 0x83, 0x0, 0x1d, 0xff, 0xd8,
    0xff, 0xff, 0xf6, 0x0, 0x0, 0xbc, 0x0, 0x4f,
    0x41, 0xf6, 0x0, 0x0, 0xbe, 0xa1, 0x4f, 0x31,
    0xf6, 0x0, 0x6, 0xef, 0xfc, 0xff, 0x21, 0xf6,
    0x0, 0x3f, 0xfd, 0x5, 0xef, 0xc4, 0xf6, 0x0,
    0x5, 0xbc, 0x0, 0xbf, 0xfe, 0xf6, 0x0, 0x0,
    0xbc, 0x1, 0xfa, 0x25, 0xf7, 0x72, 0x0, 0xbc,
    0xa, 0xf3, 0x0, 0xe8, 0xd3, 0x18, 0xec, 0x6f,
    0xa0, 0x0, 0xbe, 0xf0, 0xf, 0xf7, 0x8d, 0x10,
    0x0, 0x4f, 0x80, 0x0, 0x0, 0x0, 0x0, 0x0,
    0x0, 0x0,

    /* U+6269 "扩" */
    0x0, 0x0, 0x0, 0x0, 0x0, 0x0, 0x0, 0x0,
    0x9f, 0x0, 0x0, 0x6f, 0x30, 0x0, 0x0, 0x9f,
    0x0, 0x0, 0x2f, 0x80, 0x0, 0x7, 0xcf, 0x73,
    0xcc, 0xcf, 0xec, 0xc2, 0x2f, 0xff, 0xf6, 0xfe,
    0xcc, 0xcc, 0xc2, 0x0, 0xaf, 0x1, 0xf8, 0x0,
    0x0, 0x0, 0x0, 0x9f, 0x63, 0xf8, 0x0, 0x0,
    0x0, 0x5, 0xdf, 0xf6, 0xf7, 0x0, 0x0, 0x0,
    0x4f, 0xff, 0x52, 0xf7, 0x0, 0x0, 0x0, 0x16,
    0xaf, 0x3, 0xf5, 0x0, 0x0, 0x0, 0x0, 0x9f,
    0x6, 0xf2, 0x0, 0x0, 0x0, 0x0, 0x9f, 0xb,
    0xe0, 0x0, 0x0, 0x0, 0x19, 0xef, 0x4f, 0x80,
    0x0, 0x0, 0x0, 0xf, 0xf9, 0x5d, 0x10, 0x0,
    0x0, 0x0, 0x0, 0x0, 0x0, 0x0, 0x0, 0x0,
    0x0,

    /* U+626B "扫" */
    0x0, 0x9f, 0x0, 0x0, 0x0, 0x0, 0x0, 0x9,
    0xf0, 0x2f, 0xff, 0xff, 0xf9, 0x9, 0xdf, 0x96,
    0xcc, 0xcc, 0xcf, 0x91, 0xff, 0xff, 0x70, 0x0,
    0x0, 0xf9, 0x0, 0x9f, 0x0, 0x0, 0x0, 0xf,
    0x90, 0x9, 0xf7, 0x57, 0x88, 0x88, 0xf9, 0x16,
    0xdf, 0xf8, 0xef, 0xff, 0xff, 0x93, 0xff, 0xf2,
    0x0, 0x11, 0x11, 0xf9, 0x5, 0x9f, 0x0, 0x0,
    0x0, 0xf, 0x90, 0x9, 0xf0, 0x0, 0x0, 0x0,
    0xf9, 0x0, 0x9f, 0x5, 0x88, 0x88, 0x8f, 0x91,
    0x9e, 0xf0, 0xaf, 0xff, 0xff, 0xf9, 0xf, 0xf9,
    0x0, 0x0, 0x0, 0x1f, 0x90, 0x0, 0x0, 0x0,
    0x0, 0x0, 0x0,

    /* U+626C "扬" */
    0x0, 0xcb, 0x0, 0x0, 0x0, 0x0, 0x0, 0xc,
    0xb0, 0x8f, 0xff, 0xff, 0xf0, 0x6, 0xdd, 0x54,
    0x88, 0x9f, 0xfb, 0x1, 0xff, 0xfe, 0x0, 0x7f,
    0xd5, 0x0, 0x0, 0xcb, 0x5, 0xef, 0xa4, 0x44,
    0x20, 0xc, 0xc2, 0xff, 0xff, 0xff, 0xfb, 0x4,
    0xef, 0xb3, 0xcc, 0x6f, 0x5d, 0xa2, 0xff, 0xe4,
    0x2f, 0x68, 0xe0, 0xe9, 0x7, 0xdb, 0xb, 0xe0,
    0xda, 0xf, 0x80, 0xc, 0xb8, 0xf6, 0x6f, 0x40,
    0xf7, 0x0, 0xcc, 0xea, 0x2f, 0xb0, 0x1f, 0x61,
    0x9f, 0xb2, 0x2e, 0xe6, 0x9c, 0xf4, 0xf, 0xf6,
    0x2, 0xd3, 0x4d, 0xd9, 0x0, 0x0, 0x0, 0x0,
    0x0, 0x0, 0x0,

    /* U+62A5 "报" */
    0x0, 0xad, 0x0, 0x0, 0x0, 0x0, 0x0, 0x0,
    0xad, 0x9, 0xff, 0xff, 0xff, 0x80, 0x8, 0xde,
    0x89, 0xf7, 0x77, 0x7f, 0x70, 0xf, 0xff, 0xfa,
    0xf0, 0xab, 0xcf, 0x60, 0x0, 0xad, 0x9, 0xf0,
    0x8a, 0xa9, 0x10, 0x0, 0xad, 0x19, 0xf8, 0x88,
    0x88, 0x50, 0x1, 0xcf, 0xf9, 0xff, 0xff, 0xff,
    0xa0, 0x3f, 0xff, 0x89, 0xf8, 0xe0, 0x1f, 0x60,
    0x19, 0xcd, 0x9, 0xf2, 0xf7, 0x9f, 0x0, 0x0,
    0xad, 0x9, 0xf0, 0x9f, 0xf6, 0x0, 0x0, 0xad,
    0x9, 0xf0, 0x7f, 0xf5, 0x0, 0x8, 0xec, 0x9,
    0xfb, 0xfa, 0xcf, 0xb1, 0xf, 0xf7, 0x9, 0xfb,
    0x60, 0x8, 0xc0, 0x0, 0x0, 0x1, 0x20, 0x0,
    0x0, 0x0,

    /* U+62AC "抬" */
    0x0, 0x0, 0x0, 0x0, 0x0, 0x0, 0x0, 0x0,
    0xbd, 0x0, 0x5, 0xf2, 0x0, 0x0, 0x0, 0xbd,
    0x0, 0xd, 0xb0, 0x60, 0x0, 0xc, 0xef, 0xc0,
    0x8f, 0x32, 0xf8, 0x0, 0xc, 0xff, 0xc5, 0xf8,
    0x0, 0x9f, 0x20, 0x0, 0xbd, 0xd, 0xfe, 0xef,
    0xff, 0xc0, 0x0, 0xbd, 0x47, 0xa9, 0x88, 0x78,
    0xe1, 0x4, 0xdf, 0xf0, 0x0, 0x0, 0x0, 0x0,
    0x5f, 0xfe, 0x57, 0xff, 0xff, 0xff, 0x70, 0x15,
    0xbd, 0x7, 0xf7, 0x77, 0x7f, 0x70, 0x0, 0xbd,
    0x7, 0xf1, 0x0, 0x1f, 0x70, 0x0, 0xbd, 0x7,
    0xf4, 0x33, 0x4f, 0x70, 0x17, 0xec, 0x7, 0xff,
    0xff, 0xff, 0x70, 0x1f, 0xf7, 0x7, 0xf4, 0x33,
    0x4f, 0x70, 0x0, 0x0, 0x0, 0x20, 0x0, 0x2,
    0x0,

    /* U+62B5 "抵" */
    0x0, 0xbc, 0x0, 0x0, 0x14, 0x6a, 0x40, 0x0,
    0xbc, 0x7, 0xdf, 0xff, 0xff, 0x80, 0x9, 0xee,
    0x89, 0xfc, 0xaf, 0xa1, 0x0, 0xf, 0xff, 0xe9,
    0xd0, 0xe, 0x90, 0x0, 0x0, 0xbc, 0x9, 0xd0,
    0xd, 0xa0, 0x0, 0x0, 0xbd, 0x69, 0xff, 0xff,
    0xff, 0xe0, 0x17, 0xef, 0xe9, 0xe9, 0x9d, 0xe9,
    0x80, 0x3f, 0xfd, 0x39, 0xd0, 0x9, 0xe0, 0x0,
    0x15, 0xcc, 0x9, 0xd0, 0x6, 0xf0, 0x0, 0x0,
    0xbc, 0x9, 0xd0, 0x3, 0xf3, 0x73, 0x0, 0xbc,
    0x9, 0xeb, 0x85, 0xf7, 0xc5, 0x19, 0xec, 0xc,
    0xfd, 0x7c, 0xaf, 0xf2, 0xf, 0xf7, 0x7, 0x80,
    0x1d, 0x3e, 0xa0,

    /* U+62BD "抽" */
    0x0, 0xba, 0x0, 0x0, 0xe9, 0x0, 0x0, 0xc,
    0xb0, 0x0, 0xe, 0x90, 0x0, 0x8, 0xed, 0x68,
    0xbb, 0xfd, 0xbb, 0x61, 0xff, 0xfd, 0xce, 0xcf,
    0xec, 0xf9, 0x0, 0xcb, 0xc, 0xa0, 0xe9, 0xe,
    0x90, 0xc, 0xb2, 0xca, 0xe, 0x90, 0xe9, 0x2,
    0xdf, 0xdc, 0xc7, 0xfc, 0x7f, 0x93, 0xff, 0xe6,
    0xcf, 0xff, 0xff, 0xf9, 0x17, 0xdb, 0xc, 0xa0,
    0xe9, 0xe, 0x90, 0xc, 0xb0, 0xca, 0xe, 0x90,
    0xe9, 0x0, 0xcb, 0xc, 0xc6, 0xfb, 0x6f, 0x92,
    0xaf, 0xa0, 0xcf, 0xff, 0xff, 0xf9, 0x1d, 0xc4,
    0xc, 0xa1, 0x11, 0x1e, 0x90,

    /* U+62C9 "拉" */
    0x0, 0x0, 0x0, 0x0, 0x0, 0x0, 0x0, 0x0,
    0xbc, 0x0, 0x0, 0xdc, 0x0, 0x0, 0x0, 0xbc,
    0x0, 0x0, 0xcf, 0x0, 0x0, 0x16, 0xce, 0x65,
    0x99, 0xdf, 0xa9, 0x90, 0x3f, 0xff, 0xf8, 0xff,
    0xff, 0xff, 0xf0, 0x1, 0xbd, 0x10, 0x21, 0x0,
    0x14, 0x0, 0x0, 0xbc, 0x21, 0xf7, 0x0, 0x6f,
    0x30, 0x1, 0xcf, 0xf1, 0xdc, 0x0, 0xbe, 0x0,
    0x4f, 0xff, 0x80, 0x8f, 0x0, 0xfa, 0x0, 0x2a,
    0xcc, 0x0, 0x4f, 0x53, 0xf5, 0x0, 0x0, 0xbc,
    0x0, 0xf, 0x98, 0xf1, 0x0, 0x0, 0xbc, 0x0,
    0x3, 0xd, 0xc0, 0x0, 0x19, 0xec, 0x4f, 0xff,
    0xff, 0xff, 0xf3, 0xf, 0xf7, 0x28, 0x88, 0x88,
    0x88, 0x81,

    /* U+62D6 "拖" */
    0x0, 0x0, 0x0, 0x10, 0x0, 0x0, 0x0, 0x0,
    0xd9, 0x0, 0xad, 0x0, 0x0, 0x0, 0x0, 0xd9,
    0x2, 0xfe, 0xbb, 0xbb, 0xb0, 0xb, 0xfe, 0x6b,
    0xfb, 0xbb, 0xbb, 0xb0, 0x1f, 0xff, 0xef, 0x70,
    0xd6, 0x0, 0x0, 0x1, 0xda, 0x3f, 0x40, 0xe7,
    0x15, 0x40, 0x0, 0xd9, 0x9, 0xc3, 0xfe, 0xff,
    0x70, 0x2, 0xef, 0xac, 0xff, 0xfb, 0x5e, 0x60,
    0x3f, 0xfd, 0x6d, 0xd1, 0xe7, 0xf, 0x50, 0x5,
    0xd9, 0x8, 0xc0, 0xea, 0xdf, 0x40, 0x0, 0xd9,
    0x8, 0xc0, 0xe7, 0x67, 0x80, 0x0, 0xd9, 0x8,
    0xc0, 0x63, 0x3, 0xf2, 0x16, 0xf9, 0x7, 0xe6,
    0x66, 0x6a, 0xf0, 0x1f, 0xf5, 0x3, 0xef, 0xff,
    0xff, 0x80, 0x2, 0x10, 0x0, 0x0, 0x0, 0x0,
    0x0,

    /* U+62DF "拟" */
    0x0, 0xbc, 0x0, 0x1, 0x60, 0x0, 0x0, 0x0,
    0xbc, 0x5, 0x88, 0xf1, 0x6f, 0x10, 0x7, 0xde,
    0x69, 0xe1, 0xea, 0x6f, 0x0, 0xf, 0xff, 0xd9,
    0xe0, 0x6a, 0x6f, 0x0, 0x0, 0xbc, 0x9, 0xe0,
    0x0, 0x7f, 0x0, 0x0, 0xbd, 0x59, 0xe0, 0x0,
    0x8e, 0x0, 0x4, 0xef, 0xd9, 0xe0, 0x10, 0xad,
    0x0, 0x2f, 0xfd, 0x29, 0xe3, 0xe2, 0xd9, 0x0,
    0x7, 0xcc, 0x9, 0xff, 0xc3, 0xf7, 0x0, 0x0,
    0xbc, 0xa, 0xfc, 0xb, 0xfd, 0x0, 0x0, 0xbc,
    0x7, 0xb0, 0x8f, 0xaf, 0x80, 0x18, 0xeb, 0x0,
    0xa, 0xfa, 0xa, 0xf2, 0x1f, 0xf6, 0x0, 0xa,
    0x90, 0x1, 0x80, 0x0, 0x0, 0x0, 0x0, 0x0,
    0x0, 0x0,

    /* U+6301 "持" */
    0x0, 0xcb, 0x0, 0x0, 0xae, 0x0, 0x0, 0x0,
    0xcb, 0x1, 0x66, 0xcf, 0x66, 0x40, 0x9, 0xee,
    0x95, 0xff, 0xff, 0xff, 0xb0, 0x1f, 0xff, 0xe0,
    0x11, 0xae, 0x11, 0x10, 0x0, 0xcb, 0x8, 0x88,
    0xdf, 0x88, 0x83, 0x0, 0xcb, 0x2f, 0xff, 0xff,
    0xff, 0xf5, 0x4, 0xdf, 0xd0, 0x0, 0x0, 0xeb,
    0x0, 0x5f, 0xfe, 0x5e, 0xff, 0xff, 0xff, 0xf3,
    0x16, 0xcb, 0x6, 0xd8, 0x77, 0xed, 0x71, 0x0,
    0xcb, 0x3, 0xfb, 0x0, 0xeb, 0x0, 0x0, 0xcb,
    0x0, 0x7f, 0x40, 0xeb, 0x0, 0x18, 0xeb, 0x0,
    0x5, 0x89, 0xfb, 0x0, 0xf, 0xf6, 0x0, 0x2,
    0xff, 0xe4, 0x0,

    /* U+6307 "指" */
    0x0, 0xbc, 0x7, 0xf0, 0x0, 0x16, 0x10, 0x0,
    0xbc, 0x7, 0xf3, 0x6b, 0xff, 0x50, 0x8, 0xde,
    0x88, 0xff, 0xfe, 0xa7, 0x30, 0xf, 0xff, 0xf8,
    0xf6, 0x20, 0x6, 0xf1, 0x0, 0xbc, 0x6, 0xfb,
    0xaa, 0xad, 0xf0, 0x0, 0xbc, 0x21, 0xac, 0xcc,
    0xcc, 0x60, 0x1, 0xcf, 0xf3, 0x66, 0x66, 0x66,
    0x30, 0x3f, 0xff, 0x97, 0xfe, 0xee, 0xef, 0x80,
    0x19, 0xdc, 0x7, 0xf2, 0x22, 0x2f, 0x80, 0x0,
    0xbc, 0x7, 0xff, 0xff, 0xff, 0x80, 0x0, 0xbc,
    0x7, 0xf2, 0x11, 0x1f, 0x80, 0x18, 0xec, 0x7,
    0xff, 0xff, 0xff, 0x80, 0xf, 0xf7, 0x7, 0xf6,
    0x66, 0x6f, 0x80, 0x0, 0x0, 0x1, 0x20, 0x0,
    0x2, 0x10,

    /* U+6362 "换" */
    0x0, 0x0, 0x0, 0x0, 0x0, 0x0, 0x0, 0x0,
    0xda, 0x0, 0x4f, 0x40, 0x0, 0x0, 0x0, 0xda,
    0x0, 0xcf, 0xff, 0xfa, 0x0, 0xb, 0xfe, 0x86,
    0xf8, 0x68, 0xf8, 0x0, 0x1f, 0xff, 0xef, 0xb0,
    0xc, 0xd0, 0x0, 0x0, 0xda, 0x5f, 0xff, 0xff,
    0xff, 0x60, 0x0, 0xda, 0x2a, 0xd6, 0xfb, 0x6f,
    0x70, 0x3, 0xef, 0xaa, 0xb0, 0xe8, 0xe, 0x70,
    0x2f, 0xfd, 0x7b, 0xc3, 0xfa, 0x3f, 0x90, 0x7,
    0xda, 0x8f, 0xff, 0xff, 0xff, 0xf3, 0x0, 0xda,
    0x12, 0x28, 0xff, 0x42, 0x20, 0x0, 0xda, 0x0,
    0x7f, 0xcd, 0xd3, 0x0, 0x19, 0xfa, 0x7e, 0xfc,
    0x12, 0xef, 0xa1, 0xf, 0xf5, 0x7d, 0x50, 0x0,
    0x19, 0xd0, 0x0, 0x0, 0x0, 0x0, 0x0, 0x0,
    0x0,

    /* U+6392 "排" */
    0x0, 0xd7, 0x0, 0x6e, 0x19, 0xe0, 0x0, 0x0,
    0xe8, 0x0, 0x6f, 0x19, 0xe0, 0x0, 0x8, 0xfc,
    0x7c, 0xdf, 0x19, 0xfc, 0xc2, 0xf, 0xff, 0xbc,
    0xdf, 0x19, 0xfb, 0xb2, 0x0, 0xe8, 0x0, 0x6f,
    0x19, 0xe0, 0x0, 0x0, 0xea, 0x46, 0xaf, 0x19,
    0xf6, 0x60, 0x4, 0xff, 0xcf, 0xff, 0x19, 0xff,
    0xf0, 0x2f, 0xfb, 0x11, 0x7f, 0x19, 0xe1, 0x10,
    0x7, 0xe8, 0x0, 0x7f, 0x19, 0xe0, 0x0, 0x0,
    0xe8, 0x9f, 0xff, 0x19, 0xff, 0xf5, 0x0, 0xe8,
    0x47, 0xbf, 0x19, 0xf7, 0x72, 0x19, 0xf8, 0x0,
    0x6f, 0x19, 0xe0, 0x0, 0xf, 0xe3, 0x0, 0x6f,
    0x19, 0xe0, 0x0,

    /* U+63A5 "接" */
    0x0, 0x0, 0x0, 0x0, 0x22, 0x0, 0x0, 0x0,
    0xca, 0x0, 0x0, 0xfd, 0x0, 0x0, 0x0, 0xca,
    0x5, 0x77, 0xef, 0x77, 0x50, 0x5, 0xdc, 0x3b,
    0xff, 0xee, 0xff, 0xb0, 0x1f, 0xff, 0xb0, 0x7f,
    0x0, 0xf8, 0x0, 0x2, 0xdb, 0x26, 0x9f, 0x78,
    0xf9, 0x61, 0x0, 0xca, 0x4f, 0xff, 0xff, 0xff,
    0xf2, 0x2, 0xdf, 0xa0, 0xc, 0x70, 0x0, 0x0,
    0x4f, 0xfd, 0x8f, 0xff, 0xff, 0xff, 0xf3, 0x16,
    0xda, 0x16, 0xfc, 0x56, 0xfc, 0x51, 0x0, 0xca,
    0x5, 0xfd, 0x58, 0xf4, 0x0, 0x0, 0xca, 0x0,
    0x4d, 0xff, 0xc0, 0x0, 0x17, 0xfa, 0x38, 0xcf,
    0xfc, 0xfe, 0x70, 0x1f, 0xf5, 0x6f, 0xb7, 0x10,
    0x3b, 0xd0, 0x0, 0x0, 0x0, 0x0, 0x0, 0x0,
    0x0,

    /* U+63A7 "控" */
    0x0, 0x0, 0x0, 0x0, 0x0, 0x0, 0x0, 0x0,
    0xcb, 0x0, 0x2, 0xf8, 0x0, 0x0, 0x0, 0xcb,
    0x8, 0x99, 0xfe, 0x99, 0x90, 0x9, 0xed, 0x6f,
    0xff, 0xff, 0xff, 0xf0, 0x1f, 0xff, 0xaf, 0x70,
    0x0, 0x7, 0xf0, 0x0, 0xcb, 0x5, 0x5d, 0x38,
    0xc5, 0x60, 0x0, 0xcc, 0x34, 0xed, 0x14, 0xef,
    0x50, 0x3, 0xef, 0xbc, 0xc1, 0x0, 0x1b, 0xe0,
    0x3f, 0xfd, 0x46, 0x88, 0x88, 0x88, 0x70, 0x19,
    0xdb, 0x8, 0xff, 0xff, 0xff, 0x80, 0x0, 0xcb,
    0x0, 0x0, 0xea, 0x0, 0x0, 0x0, 0xcb, 0x0,
    0x0, 0xea, 0x0, 0x0, 0x18, 0xfb, 0x5f, 0xff,
    0xff, 0xff, 0xf3, 0x1f, 0xf5, 0x28, 0x88, 0x88,
    0x88, 0x81,

    /* U+63D0 "提" */
    0x0, 0xda, 0x0, 0x0, 0x0, 0x0, 0x0, 0x0,
    0xda, 0x7, 0xff, 0xff, 0xff, 0x80, 0x3, 0xdb,
    0x27, 0xf5, 0x55, 0x5f, 0x80, 0x1f, 0xff, 0xc7,
    0xff, 0xff, 0xff, 0x80, 0x5, 0xdc, 0x37, 0xf4,
    0x33, 0x3f, 0x80, 0x0, 0xdb, 0x36, 0xee, 0xee,
    0xee, 0x70, 0x5, 0xef, 0xc5, 0x55, 0x55, 0x55,
    0x51, 0x3f, 0xfc, 0x6f, 0xff, 0xff, 0xff, 0xf5,
    0x15, 0xda, 0x5, 0xa0, 0x9e, 0x11, 0x10, 0x0,
    0xda, 0xa, 0xd0, 0x9f, 0xff, 0xe0, 0x0, 0xda,
    0x1f, 0xf5, 0x9e, 0x33, 0x20, 0x19, 0xfa, 0xbf,
    0x8f, 0xef, 0x77, 0x73, 0xf, 0xf8, 0xe5, 0x5,
    0xbd, 0xdd, 0xd3, 0x0, 0x0, 0x0, 0x0, 0x0,
    0x0, 0x0,

    /* U+63D2 "插" */
    0x0, 0xd9, 0x0, 0x12, 0x46, 0x8a, 0xb0, 0x0,
    0xd9, 0xf, 0xff, 0xff, 0xff, 0xd0, 0x8, 0xec,
    0x46, 0x54, 0xf9, 0x0, 0x0, 0xc, 0xfe, 0xaf,
    0xff, 0xff, 0xff, 0xf7, 0x0, 0xd9, 0x15, 0x55,
    0xfb, 0x55, 0x52, 0x0, 0xdd, 0x74, 0xa7, 0xe9,
    0x56, 0x50, 0x1a, 0xff, 0x8f, 0xe7, 0xe9, 0xdf,
    0xe0, 0x2d, 0xf9, 0x1f, 0x40, 0xe9, 0x8, 0xe0,
    0x0, 0xd9, 0x1f, 0xf8, 0xe9, 0xbf, 0xe0, 0x0,
    0xd9, 0x1f, 0x83, 0xe9, 0x4a, 0xe0, 0x0, 0xd9,
    0x1f, 0x40, 0xe9, 0x8, 0xe0, 0x17, 0xf9, 0x1f,
    0xff, 0xff, 0xff, 0xe0, 0x1f, 0xf4, 0x1f, 0x85,
    0x55, 0x5a, 0xe0, 0x0, 0x0, 0x0, 0x0, 0x0,
    0x2, 0x30,

    /* U+641C "搜" */
    0x0, 0xb8, 0x0, 0x33, 0xf8, 0x0, 0x0, 0x0,
    0xd9, 0xe, 0xfb, 0xfd, 0xff, 0x70, 0xa, 0xfd,
    0x6f, 0x60, 0xf8, 0x2e, 0x70, 0x1d, 0xff, 0x8f,
    0xe8, 0xfc, 0xef, 0x70, 0x0, 0xd9, 0xf, 0x82,
    0xf9, 0x4f, 0x70, 0x0, 0xda, 0x4f, 0x84, 0xfa,
    0x4f, 0x70, 0x1, 0xef, 0x9e, 0xee, 0xff, 0xee,
    0x60, 0x2f, 0xfc, 0x24, 0x44, 0xfa, 0x44, 0x0,
    0x8, 0xe9, 0xf, 0xff, 0xff, 0xff, 0x30, 0x0,
    0xd9, 0x7, 0xf8, 0x4, 0xfa, 0x0, 0x0, 0xd9,
    0x0, 0x7f, 0xdf, 0x90, 0x0, 0x17, 0xf9, 0x69,
    0xdf, 0xff, 0xea, 0x70, 0xf, 0xf4, 0xce, 0x94,
    0x3, 0x9d, 0xe0, 0x0, 0x0, 0x10, 0x0, 0x0,
    0x0, 0x0,

    /* U+6444 "摄" */
    0x0, 0xf7, 0x6c, 0xcc, 0xcc, 0xcc, 0xc0, 0x7,
    0xfb, 0x7b, 0xfe, 0xee, 0xef, 0x60, 0x1f, 0xff,
    0x99, 0xe6, 0x66, 0x9f, 0x10, 0x0, 0xf8, 0x9,
    0xfe, 0xee, 0xff, 0x10, 0x0, 0xf9, 0x29, 0xe3,
    0x34, 0x8f, 0x30, 0x2, 0xff, 0xcf, 0xff, 0xff,
    0xff, 0xf2, 0x3f, 0xfe, 0x9a, 0x99, 0x67, 0xbf,
    0x40, 0x15, 0xf7, 0x9f, 0xff, 0xaf, 0xff, 0xe0,
    0x0, 0xf7, 0x6b, 0x6f, 0x3f, 0x5b, 0xa0, 0x0,
    0xf7, 0x1c, 0xfa, 0x7, 0xfe, 0x10, 0x2a, 0xf8,
    0x7f, 0xcf, 0x5c, 0xff, 0x81, 0x1f, 0xf5, 0xe7,
    0x1, 0xea, 0x16, 0xe2, 0x0, 0x0, 0x0, 0x0,
    0x0, 0x0, 0x0,

    /* U+64AD "播" */
    0x0, 0x0, 0x0, 0x0, 0x0, 0x0, 0x0, 0x0,
    0xf7, 0x0, 0x13, 0x57, 0x9c, 0x80, 0x0, 0xf7,
    0x3f, 0xff, 0xff, 0xed, 0x70, 0x5, 0xfa, 0x2b,
    0xc2, 0xf5, 0x7d, 0x0, 0x1f, 0xff, 0x76, 0xe6,
    0xf8, 0xd9, 0x40, 0x1, 0xf7, 0x8f, 0xff, 0xff,
    0xff, 0xf0, 0x0, 0xfb, 0x32, 0xcd, 0xfe, 0xf6,
    0x0, 0x29, 0xff, 0xdf, 0xb1, 0xb4, 0x8f, 0xd2,
    0x3f, 0xf8, 0x5f, 0xee, 0xee, 0xef, 0xc0, 0x1,
    0xf7, 0xf, 0x62, 0xf6, 0x2f, 0x60, 0x0, 0xf7,
    0xf, 0xee, 0xff, 0xef, 0x60, 0x0, 0xf7, 0xf,
    0x51, 0xf6, 0x1f, 0x60, 0x2c, 0xf6, 0xf, 0xcb,
    0xfc, 0xbf, 0x60, 0xc, 0xb1, 0xf, 0x96, 0x66,
    0x6f, 0x60,

    /* U+64CD "操" */
    0x0, 0xf7, 0x7, 0xdd, 0xdd, 0xdd, 0x0, 0x0,
    0xf7, 0x9, 0xe6, 0x66, 0xbf, 0x0, 0x4, 0xf9,
    0x19, 0xe3, 0x33, 0x9f, 0x0, 0x1f, 0xff, 0x78,
    0xff, 0xff, 0xff, 0x0, 0x4, 0xf9, 0x48, 0x88,
    0x28, 0x88, 0x60, 0x0, 0xfa, 0x7e, 0x6f, 0x4f,
    0x8a, 0xc0, 0x29, 0xff, 0xaf, 0xdf, 0x4f, 0xde,
    0xc0, 0x4f, 0xf8, 0x14, 0x44, 0x24, 0x44, 0x30,
    0x18, 0xf7, 0x47, 0x77, 0xfb, 0x77, 0x70, 0x0,
    0xf7, 0x8d, 0xdf, 0xff, 0xed, 0xd1, 0x0, 0xf7,
    0x2, 0xbf, 0xff, 0xe5, 0x0, 0x18, 0xf7, 0xaf,
    0xd3, 0xf7, 0x9f, 0xd2, 0x1f, 0xe2, 0xa7, 0x1,
    0xf7, 0x3, 0xa0, 0x0, 0x0, 0x0, 0x0, 0x31,
    0x0, 0x0,

    /* U+6536 "收" */
    0x0, 0x0, 0x0, 0x0, 0x0, 0x0, 0x0, 0x0,
    0x1, 0xf7, 0x6, 0xf2, 0x0, 0x0, 0x5, 0x21,
    0xf7, 0xb, 0xe0, 0x0, 0x0, 0xe, 0x81, 0xf7,
    0x2f, 0xff, 0xff, 0xf4, 0xe, 0x81, 0xf7, 0x9f,
    0xaa, 0xcf, 0xb2, 0xe, 0x81, 0xf9, 0xff, 0x20,
    0x6f, 0x10, 0xe, 0x81, 0xff, 0xff, 0x60, 0xae,
    0x0, 0xe, 0x81, 0xf8, 0x5c, 0xc0, 0xe9, 0x0,
    0xe, 0x84, 0xf7, 0x6, 0xfa, 0xf4, 0x0, 0xf,
    0xff, 0xf7, 0x0, 0xdf, 0xc0, 0x0, 0xf, 0xe8,
    0xf7, 0x1, 0xcf, 0xc1, 0x0, 0x3, 0x1, 0xf7,
    0x2d, 0xfb, 0xfd, 0x30, 0x0, 0x1, 0xfb, 0xff,
    0x70, 0x8f, 0xf2, 0x0, 0x1, 0xf8, 0xd5, 0x0,
    0x5, 0xb0, 0x0, 0x0, 0x0, 0x0, 0x0, 0x0,
    0x0,

    /* U+653E "放" */
    0x0, 0xb, 0x90, 0x0, 0x99, 0x0, 0x0, 0x0,
    0xc, 0xe0, 0x0, 0xfa, 0x0, 0x0, 0x1f, 0xff,
    0xff, 0xd5, 0xff, 0xee, 0xe3, 0x9, 0xfc, 0x99,
    0x8c, 0xeb, 0xbf, 0xc2, 0x0, 0xf8, 0x0, 0x4f,
    0xb0, 0x3f, 0x30, 0x0, 0xfd, 0x99, 0xdf, 0xf0,
    0x6f, 0x10, 0x0, 0xff, 0xff, 0x9a, 0xf3, 0xad,
    0x0, 0x1, 0xf6, 0xf, 0x50, 0xfa, 0xf9, 0x0,
    0x2, 0xf5, 0xf, 0x50, 0x9f, 0xf3, 0x0, 0x4,
    0xf3, 0x1f, 0x40, 0x4f, 0xe0, 0x0, 0x9, 0xf0,
    0x3f, 0x32, 0xef, 0xfa, 0x0, 0xe, 0xb8, 0xcf,
    0x7f, 0xf4, 0xbf, 0xb1, 0x2f, 0x4e, 0xfb, 0xbe,
    0x40, 0xa, 0xe1, 0x2, 0x0, 0x0, 0x12, 0x0,
    0x0, 0x20,

    /* U+6548 "效" */
    0x0, 0x7, 0x70, 0x0, 0x59, 0x0, 0x0, 0x1,
    0x1b, 0xf1, 0x10, 0xbd, 0x0, 0x0, 0x1f, 0xff,
    0xff, 0xf4, 0xfd, 0x99, 0x92, 0x6, 0x76, 0x67,
    0x68, 0xff, 0xff, 0xf3, 0x0, 0xd9, 0xac, 0x1e,
    0xf0, 0x2f, 0x40, 0x8, 0xf2, 0x2f, 0xaf, 0xf3,
    0x5f, 0x10, 0x2f, 0x70, 0x3a, 0xf5, 0xf7, 0x9d,
    0x0, 0x5, 0xc8, 0xae, 0x40, 0xae, 0xe8, 0x0,
    0x0, 0x8f, 0xf7, 0x0, 0x3f, 0xf2, 0x0, 0x0,
    0xe, 0xf5, 0x0, 0x3f, 0xf2, 0x0, 0x0, 0xbf,
    0xef, 0x33, 0xfe, 0xfe, 0x20, 0x2d, 0xf6, 0x1d,
    0x9f, 0xe2, 0x4f, 0xf2, 0xc, 0x50, 0x0, 0x6d,
    0x20, 0x4, 0xc0, 0x0, 0x0, 0x0, 0x0, 0x0,
    0x0, 0x0,

    /* U+6563 "散" */
    0x0, 0x0, 0x0, 0x0, 0x0, 0x0, 0x0, 0x0,
    0xca, 0xe, 0x80, 0xf, 0x60, 0x0, 0xb, 0xff,
    0xef, 0xf7, 0x4f, 0x31, 0x10, 0x5, 0xdc, 0x6f,
    0xb3, 0x8f, 0xff, 0xf5, 0x5, 0xdc, 0x5e, 0xa3,
    0xed, 0xbf, 0xd4, 0x1f, 0xff, 0xff, 0xff, 0xf9,
    0xe, 0x70, 0x1, 0x44, 0x44, 0x49, 0xfb, 0xf,
    0x40, 0x6, 0xff, 0xff, 0xf6, 0x8e, 0x4f, 0x10,
    0x6, 0xf2, 0x25, 0xf3, 0x2f, 0xcd, 0x0, 0x6,
    0xff, 0xff, 0xf3, 0xd, 0xf7, 0x0, 0x6, 0xf3,
    0x35, 0xf3, 0xb, 0xf5, 0x0, 0x6, 0xff, 0xff,
    0xf3, 0x7f, 0xfe, 0x20, 0x6, 0xf0, 0x36, 0xfc,
    0xfa, 0x3f, 0xf2, 0x6, 0xf0, 0xcf, 0xd9, 0xb0,
    0x3, 0xc0, 0x0, 0x10, 0x0, 0x0, 0x0, 0x0,
    0x0,

    /* U+6570 "数" */
    0x0, 0x0, 0x0, 0x0, 0x0, 0x0, 0x0, 0x5,
    0x36, 0xf0, 0x81, 0x3f, 0x30, 0x0, 0x9, 0xd6,
    0xf6, 0xf2, 0x8f, 0x0, 0x0, 0x0, 0x97, 0xf6,
    0x70, 0xdf, 0xee, 0xe3, 0x1f, 0xff, 0xff, 0xfa,
    0xfd, 0xcf, 0xd3, 0x4, 0xaf, 0xfa, 0x4e, 0xf4,
    0x1f, 0x40, 0x1c, 0xfb, 0xfd, 0xed, 0xf7, 0x4f,
    0x20, 0xb, 0x5a, 0x50, 0x61, 0xaa, 0x7f, 0x0,
    0x4, 0x8f, 0x64, 0x40, 0x6e, 0xdb, 0x0, 0x3f,
    0xff, 0xff, 0xf1, 0x1f, 0xf6, 0x0, 0x6, 0xf8,
    0xc, 0xc0, 0xe, 0xf2, 0x0, 0x2, 0xaf, 0xff,
    0x20, 0xaf, 0xfd, 0x10, 0x5, 0xbf, 0xef, 0xcb,
    0xf6, 0x5f, 0xe1, 0x1f, 0xc6, 0x3, 0x5e, 0x60,
    0x6, 0xc0, 0x1, 0x0, 0x0, 0x1, 0x0, 0x0,
    0x0,

    /* U+6574 "整" */
    0x0, 0x0, 0x0, 0x0, 0x0, 0x0, 0x0, 0x0,
    0x7, 0xd0, 0x0, 0x7e, 0x0, 0x0, 0x1f, 0xff,
    0xff, 0xf8, 0xef, 0xff, 0xf4, 0x8, 0xbd, 0xfb,
    0xbb, 0xf7, 0x5f, 0x81, 0xb, 0x99, 0xe5, 0xfd,
    0xdc, 0x7f, 0x10, 0xb, 0xff, 0xff, 0xf2, 0x1f,
    0xf7, 0x0, 0x0, 0xaf, 0xfc, 0x43, 0xbf, 0xef,
    0x91, 0x1e, 0xc8, 0xe7, 0xc9, 0xd4, 0x9, 0xe1,
    0xa, 0x44, 0x43, 0x34, 0x43, 0x33, 0x20, 0x6,
    0xee, 0xee, 0xff, 0xee, 0xee, 0x70, 0x0, 0x15,
    0x10, 0x9e, 0x44, 0x43, 0x0, 0x0, 0x4f, 0x30,
    0x9f, 0xdd, 0xdb, 0x0, 0x2, 0x6f, 0x52, 0xae,
    0x22, 0x22, 0x20, 0x2f, 0xff, 0xff, 0xff, 0xff,
    0xff, 0xf2,

    /* U+6587 "文" */
    0x0, 0x0, 0x0, 0x0, 0x0, 0x0, 0x0, 0x0,
    0x0, 0x0, 0xdb, 0x0, 0x0, 0x0, 0x0, 0x0,
    0x0, 0xdf, 0x10, 0x0, 0x0, 0x1f, 0xff, 0xff,
    0xff, 0xff, 0xff, 0xf1, 0x19, 0x9f, 0xe9, 0x99,
    0x9f, 0xf9, 0x91, 0x0, 0xc, 0xf0, 0x0, 0x1f,
    0xb0, 0x0, 0x0, 0x5, 0xf6, 0x0, 0x8f, 0x50,
    0x0, 0x0, 0x0, 0xee, 0x12, 0xfd, 0x0, 0x0,
    0x0, 0x0, 0x5f, 0xbc, 0xf4, 0x0, 0x0, 0x0,
    0x0, 0x9, 0xff, 0x80, 0x0, 0x0, 0x0, 0x0,
    0x4d, 0xff, 0xd4, 0x0, 0x0, 0x0, 0x5c, 0xff,
    0x66, 0xff, 0xd6, 0x10, 0x1e, 0xff, 0xa1, 0x0,
    0x19, 0xff, 0xf1, 0x9, 0x92, 0x0, 0x0, 0x0,
    0x18, 0x80,

    /* U+6599 "料" */
    0x0, 0x0, 0x0, 0x0, 0x0, 0x10, 0x0, 0x2,
    0x1f, 0x51, 0x1, 0x0, 0xea, 0x0, 0x1f, 0x3f,
    0x5c, 0x7e, 0xb1, 0xea, 0x0, 0xa, 0xaf, 0x9e,
    0x3, 0xea, 0xea, 0x0, 0x5, 0x8f, 0x97, 0x4,
    0x21, 0xea, 0x0, 0x2f, 0xff, 0xff, 0xaf, 0x80,
    0xea, 0x0, 0x5, 0xaf, 0x95, 0x18, 0xf5, 0xea,
    0x0, 0x0, 0xef, 0xb1, 0x0, 0x40, 0xeb, 0x30,
    0x8, 0xff, 0xfe, 0x79, 0xbd, 0xff, 0xf3, 0x3f,
    0x9f, 0x7a, 0xaf, 0xdb, 0xfc, 0x51, 0x1c, 0x2f,
    0x50, 0x0, 0x0, 0xea, 0x0, 0x1, 0x1f, 0x50,
    0x0, 0x0, 0xea, 0x0, 0x0, 0x1f, 0x50, 0x0,
    0x0, 0xea, 0x0, 0x0, 0x0, 0x0, 0x0, 0x0,
    0x0, 0x0,

    /* U+659C "斜" */
    0x0, 0xc, 0xf5, 0x0, 0x0, 0x7f, 0x0, 0x0,
    0x7f, 0xaf, 0x46, 0xd1, 0x8f, 0x0, 0x3, 0xf9,
    0xb, 0xf6, 0xed, 0x8f, 0x0, 0x2f, 0xe2, 0x23,
    0xe6, 0x26, 0x8f, 0x0, 0x2e, 0xff, 0xff, 0x92,
    0x10, 0x8f, 0x0, 0x2, 0x4a, 0xf4, 0x2c, 0xd2,
    0x8f, 0x0, 0x6, 0x6b, 0xf6, 0x64, 0xec, 0x8f,
    0x0, 0x1f, 0xff, 0xff, 0xf2, 0x22, 0x8f, 0x10,
    0x2, 0x57, 0xf3, 0x36, 0x8b, 0xef, 0xf3, 0x9,
    0xa7, 0xf9, 0xce, 0xfd, 0xef, 0x71, 0x1f, 0x47,
    0xf1, 0xf6, 0x0, 0x8f, 0x0, 0x4d, 0x5b, 0xf0,
    0x30, 0x0, 0x8f, 0x0, 0x0, 0xdf, 0xa0, 0x0,
    0x0, 0x8f, 0x0,

    /* U+65B0 "新" */
    0x0, 0x6, 0xa0, 0x0, 0x0, 0x0, 0x30, 0x4,
    0x7b, 0xf8, 0x72, 0x79, 0xcf, 0xe0, 0xa, 0xfe,
    0xef, 0xf4, 0xff, 0xc9, 0x40, 0x0, 0xc8, 0xe,
    0x70, 0xf8, 0x0, 0x0, 0x6, 0xbd, 0x7f, 0x83,
    0xf9, 0x22, 0x20, 0x1f, 0xff, 0xff, 0xf9, 0xff,
    0xff, 0xf4, 0x0, 0x5, 0xf1, 0x0, 0xfa, 0x7f,
    0x61, 0xd, 0xff, 0xff, 0xf6, 0xf7, 0x4f, 0x30,
    0x4, 0x88, 0xf6, 0x74, 0xf6, 0x4f, 0x30, 0x4,
    0xf6, 0xf9, 0xd5, 0xf4, 0x4f, 0x30, 0xb, 0xb5,
    0xf2, 0xec, 0xf1, 0x4f, 0x30, 0xd, 0x8a, 0xf1,
    0x1e, 0xd0, 0x4f, 0x30, 0x0, 0x8f, 0xc0, 0x3d,
    0x60, 0x4f, 0x20, 0x0, 0x0, 0x0, 0x0, 0x0,
    0x0, 0x0,

    /* U+65B9 "方" */
    0x0, 0x0, 0x0, 0xaa, 0x0, 0x0, 0x0, 0x0,
    0x0, 0x0, 0xdf, 0x20, 0x0, 0x0, 0xf, 0xff,
    0xff, 0xff, 0xff, 0xff, 0xf0, 0x8, 0x88, 0xfe,
    0x88, 0x88, 0x88, 0x80, 0x0, 0x0, 0xfb, 0x0,
    0x0, 0x0, 0x0, 0x0, 0x0, 0xfe, 0xaa, 0xaa,
    0xa6, 0x0, 0x0, 0x2, 0xff, 0xff, 0xff, 0xf8,
    0x0, 0x0, 0x5, 0xf6, 0x0, 0x2, 0xf8, 0x0,
    0x0, 0x9, 0xf2, 0x0, 0x3, 0xf6, 0x0, 0x0,
    0x1f, 0xd0, 0x0, 0x4, 0xf5, 0x0, 0x0, 0xbf,
    0x50, 0x0, 0x6, 0xf4, 0x0, 0x9, 0xfb, 0x0,
    0x89, 0xaf, 0xf2, 0x0, 0xd, 0xc1, 0x0, 0xbf,
    0xfe, 0x80, 0x0, 0x1, 0x10, 0x0, 0x0, 0x0,
    0x0, 0x0,

    /* U+65CB "旋" */
    0x0, 0x0, 0x0, 0x0, 0x0, 0x0, 0x0, 0x0,
    0x7d, 0x0, 0xb, 0xa0, 0x0, 0x0, 0x0, 0x5f,
    0x40, 0x3f, 0xd9, 0x99, 0x92, 0x1f, 0xff, 0xfd,
    0xcf, 0xdd, 0xdd, 0xd3, 0xa, 0xf9, 0x8c, 0xf5,
    0x0, 0x0, 0x0, 0x4, 0xf2, 0x1, 0xdf, 0xff,
    0xff, 0xf1, 0x4, 0xff, 0xf7, 0x47, 0x8f, 0x9c,
    0xf0, 0x4, 0xf7, 0xe7, 0x14, 0x1f, 0x48, 0x80,
    0x4, 0xf1, 0xe6, 0x7e, 0x1f, 0x85, 0x40, 0x5,
    0xf0, 0xf6, 0x8c, 0x1f, 0xff, 0xd0, 0x7, 0xe0,
    0xf5, 0xbe, 0x1f, 0x41, 0x0, 0xb, 0xb0, 0xf6,
    0xff, 0x8f, 0x40, 0x0, 0xf, 0xa8, 0xfc, 0xfb,
    0xff, 0x97, 0x71, 0x3f, 0x7f, 0xde, 0x90, 0x8d,
    0xff, 0xf1, 0x2, 0x0, 0x1, 0x10, 0x0, 0x0,
    0x0,

    /* U+65E0 "无" */
    0x4, 0xff, 0xff, 0xff, 0xff, 0xff, 0x40, 0x2,
    0x99, 0x99, 0xfd, 0x99, 0x99, 0x20, 0x0, 0x0,
    0x2, 0xf9, 0x0, 0x0, 0x0, 0x8, 0x88, 0x8a,
    0xfc, 0x88, 0x88, 0x81, 0x1f, 0xff, 0xff, 0xff,
    0xff, 0xff, 0xf2, 0x0, 0x0, 0xb, 0xf3, 0x0,
    0x0, 0x0, 0x0, 0x0, 0x1f, 0xf8, 0x50, 0x0,
    0x0, 0x0, 0x0, 0x9f, 0xaf, 0xa0, 0x1, 0x0,
    0x0, 0x4, 0xff, 0x2f, 0xa0, 0x8, 0xf1, 0x0,
    0x4f, 0xf5, 0xf, 0xa0, 0x9, 0xf0, 0x8, 0xff,
    0x60, 0xf, 0xe9, 0x9e, 0xf0, 0xc, 0xe4, 0x0,
    0x8, 0xff, 0xff, 0x80, 0x1, 0x10, 0x0, 0x0,
    0x0, 0x0, 0x0,

    /* U+65E5 "日" */
    0xef, 0xff, 0xff, 0xff, 0xfe, 0xee, 0xaa, 0xaa,
    0xaa, 0xee, 0xec, 0x0, 0x0, 0x0, 0xce, 0xec,
    0x0, 0x0, 0x0, 0xce, 0xee, 0x99, 0x99, 0x99,
    0xee, 0xef, 0xff, 0xff, 0xff, 0xfe, 0xec, 0x0,
    0x0, 0x0, 0xce, 0xec, 0x0, 0x0, 0x0, 0xce,
    0xec, 0x0, 0x0, 0x0, 0xce, 0xee, 0x99, 0x99,
    0x99, 0xee, 0xef, 0xff, 0xff, 0xff, 0xfe, 0xec,
    0x0, 0x0, 0x0, 0xce, 0x0, 0x0, 0x0, 0x0,
    0x0,

    /* U+65E9 "早" */
    0x0, 0xff, 0xff, 0xff, 0xff, 0xff, 0x0, 0x0,
    0xfd, 0x77, 0x77, 0x77, 0xdf, 0x0, 0x0, 0xfd,
    0x77, 0x77, 0x77, 0xcf, 0x0, 0x0, 0xff, 0xff,
    0xff, 0xff, 0xff, 0x0, 0x0, 0xfb, 0x0, 0x0,
    0x0, 0xaf, 0x0, 0x0, 0xff, 0xff, 0xff, 0xff,
    0xff, 0x0, 0x0, 0x88, 0x88, 0xef, 0x88, 0x88,
    0x0, 0x0, 0x0, 0x0, 0xde, 0x0, 0x0, 0x0,
    0x3f, 0xff, 0xff, 0xff, 0xff, 0xff, 0xf3, 0x17,
    0x77, 0x77, 0xee, 0x77, 0x77, 0x71, 0x0, 0x0,
    0x0, 0xde, 0x0, 0x0, 0x0, 0x0, 0x0, 0x0,
    0xde, 0x0, 0x0, 0x0,

    /* U+65F6 "时" */
    0x0, 0x0, 0x0, 0x0, 0xe, 0xb0, 0xe, 0xff,
    0xfe, 0x0, 0x0, 0xeb, 0x0, 0xed, 0x9c, 0xe0,
    0x0, 0xe, 0xb0, 0xe, 0x90, 0x9e, 0x9f, 0xff,
    0xff, 0xf0, 0xe9, 0x9, 0xe5, 0x99, 0x9f, 0xd9,
    0xe, 0xc8, 0xce, 0x2a, 0x0, 0xeb, 0x0, 0xef,
    0xff, 0xe2, 0xf7, 0xe, 0xb0, 0xe, 0x90, 0x9e,
    0x9, 0xf1, 0xeb, 0x0, 0xe9, 0x9, 0xe0, 0x1c,
    0x2e, 0xb0, 0xe, 0x90, 0x9e, 0x0, 0x0, 0xeb,
    0x0, 0xef, 0xff, 0xe0, 0x0, 0xf, 0xb0, 0xe,
    0xc8, 0x87, 0x4, 0xab, 0xfa, 0x0, 0x74, 0x0,
    0x0, 0x5f, 0xfe, 0x40, 0x0,

    /* U+660E "明" */
    0x0, 0x0, 0x0, 0x23, 0x33, 0x32, 0x8f, 0xff,
    0xf0, 0xef, 0xff, 0xfe, 0x8f, 0x8b, 0xf0, 0xec,
    0x55, 0xce, 0x8e, 0x6, 0xf0, 0xea, 0x0, 0xae,
    0x8e, 0x6, 0xf0, 0xef, 0xdd, 0xfe, 0x8f, 0xff,
    0xf0, 0xed, 0x88, 0xde, 0x8f, 0x8b, 0xf0, 0xea,
    0x0, 0xae, 0x8e, 0x6, 0xf0, 0xfd, 0xaa, 0xee,
    0x8e, 0x6, 0xf1, 0xfe, 0xdd, 0xfe, 0x8f, 0x7b,
    0xf4, 0xf5, 0x0, 0xae, 0x8f, 0xff, 0xfb, 0xf1,
    0x0, 0xae, 0x8e, 0x0, 0x7f, 0xa0, 0x9a, 0xfe,
    0x12, 0x0, 0x7e, 0x20, 0xcf, 0xf7, 0x0, 0x0,
    0x1, 0x0, 0x0, 0x0,

    /* U+661F "星" */
    0x0, 0xdf, 0xff, 0xff, 0xff, 0xff, 0x0, 0x0,
    0xdd, 0x66, 0x66, 0x66, 0xbf, 0x0, 0x0, 0xdf,
    0xff, 0xff, 0xff, 0xff, 0x0, 0x0, 0xdd, 0x44,
    0x44, 0x44, 0xbf, 0x0, 0x0, 0xdf, 0xff, 0xff,
    0xff, 0xff, 0x0, 0x0, 0x5c, 0x32, 0x9f, 0x32,
    0x22, 0x10, 0x1, 0xef, 0xff, 0xff, 0xff, 0xff,
    0xa0, 0xc, 0xe3, 0x33, 0xaf, 0x43, 0x33, 0x10,
    0x8, 0x7f, 0xff, 0xff, 0xff, 0xff, 0x20, 0x0,
    0x2, 0x22, 0x9f, 0x32, 0x22, 0x0, 0xf, 0xff,
    0xff, 0xff, 0xff, 0xff, 0xf2, 0x5, 0x55, 0x55,
    0x55, 0x55, 0x55, 0x50,

    /* U+662F "是" */
    0x0, 0xaf, 0xff, 0xff, 0xff, 0xfa, 0x0, 0x0,
    0xaf, 0x66, 0x66, 0x66, 0xfa, 0x0, 0x0, 0xaf,
    0xff, 0xff, 0xff, 0xfa, 0x0, 0x0, 0xaf, 0x44,
    0x44, 0x44, 0xfa, 0x0, 0x0, 0xaf, 0xff, 0xff,
    0xff, 0xf9, 0x0, 0x4, 0x44, 0x44, 0x44, 0x44,
    0x44, 0x40, 0x2f, 0xff, 0xff, 0xff, 0xff, 0xff,
    0xf2, 0x0, 0x2a, 0x20, 0xae, 0x22, 0x22, 0x0,
    0x0, 0x7f, 0x20, 0xaf, 0xff, 0xff, 0x30, 0x0,
    0xdf, 0xb0, 0xae, 0x22, 0x22, 0x0, 0x9, 0xfa,
    0xfe, 0xdf, 0x55, 0x55, 0x51, 0x1f, 0x90, 0x4b,
    0xef, 0xff, 0xff, 0xf1, 0x2, 0x0, 0x0, 0x0,
    0x0, 0x0, 0x0,

    /* U+663E "显" */
    0x0, 0xff, 0xff, 0xff, 0xff, 0xff, 0x0, 0x0,
    0xfc, 0x66, 0x66, 0x66, 0xbf, 0x0, 0x0, 0xfe,
    0xdd, 0xdd, 0xdd, 0xef, 0x0, 0x0, 0xfb, 0x22,
    0x22, 0x22, 0xaf, 0x0, 0x0, 0xff, 0xff, 0xff,
    0xff, 0xff, 0x0, 0x0, 0x44, 0x7f, 0x77, 0xf8,
    0x45, 0x0, 0x6, 0xc0, 0x4f, 0x44, 0xf5, 0xe,
    0x70, 0x4, 0xf8, 0x4f, 0x44, 0xf5, 0x7f, 0x40,
    0x0, 0xbf, 0x6f, 0x44, 0xf6, 0xfc, 0x0, 0x0,
    0x2a, 0x5f, 0x44, 0xf7, 0xb3, 0x0, 0x17, 0x77,
    0xaf, 0xa9, 0xfa, 0x77, 0x71, 0x2f, 0xff, 0xff,
    0xff, 0xff, 0xff, 0xf2,

    /* U+6643 "晃" */
    0x0, 0xff, 0xff, 0xff, 0xff, 0xff, 0x0, 0x0,
    0xfc, 0x77, 0x77, 0x77, 0xcf, 0x0, 0x0, 0xfc,
    0x99, 0x99, 0x99, 0xcf, 0x0, 0x0, 0xff, 0xee,
    0xee, 0xee, 0xff, 0x0, 0x0, 0x8e, 0x54, 0xdd,
    0x45, 0xe9, 0x0, 0x0, 0x5f, 0xd1, 0xdc, 0xb,
    0xf6, 0x0, 0x2, 0x27, 0xd3, 0xdd, 0x3d, 0x82,
    0x20, 0x2f, 0xff, 0xff, 0xff, 0xff, 0xff, 0xf1,
    0x2, 0x22, 0xdd, 0x27, 0xf5, 0x25, 0x70, 0x0,
    0x5, 0xf8, 0x5, 0xf3, 0x6, 0xf1, 0x5, 0xbf,
    0xc0, 0x4, 0xf9, 0x5b, 0xf0, 0xc, 0xf7, 0x0,
    0x1, 0xdf, 0xff, 0x90, 0x2, 0x0, 0x0, 0x0,
    0x0, 0x0, 0x0,

    /* U+6655 "晕" */
    0x0, 0xdf, 0xff, 0xff, 0xff, 0xfd, 0x0, 0x0,
    0xde, 0x88, 0x88, 0x88, 0xed, 0x0, 0x0, 0xdf,
    0xcc, 0xcc, 0xcc, 0xfd, 0x0, 0x1, 0x55, 0x55,
    0x55, 0x55, 0x55, 0x10, 0xe, 0xff, 0xff, 0xff,
    0xff, 0xff, 0xd0, 0xe, 0xb1, 0x3e, 0x61, 0x11,
    0x1b, 0xd0, 0x2, 0xdf, 0xff, 0xff, 0xff, 0xfd,
    0x20, 0x0, 0x3e, 0xc3, 0x7c, 0x43, 0x32, 0x0,
    0x0, 0x8f, 0xff, 0xff, 0xff, 0xfc, 0x0, 0x3,
    0x33, 0x33, 0x9f, 0x43, 0x33, 0x30, 0x1f, 0xff,
    0xff, 0xff, 0xff, 0xff, 0xf1, 0x0, 0x0, 0x0,
    0x7f, 0x20, 0x0, 0x0,

    /* U+666F "景" */
    0x0, 0xff, 0xff, 0xff, 0xff, 0xff, 0x0, 0x0,
    0xff, 0xee, 0xee, 0xee, 0xff, 0x0, 0x0, 0xfa,
    0x44, 0x44, 0x44, 0xaf, 0x0, 0x0, 0xdd, 0xdd,
    0xff, 0xdd, 0xdd, 0x0, 0x15, 0x55, 0x55, 0xef,
    0x55, 0x55, 0x51, 0x2c, 0xcc, 0xcc, 0xcc, 0xcc,
    0xcc, 0xc2, 0x0, 0x7a, 0xaa, 0xaa, 0xaa, 0xa7,
    0x0, 0x0, 0xbe, 0x44, 0x44, 0x44, 0xeb, 0x0,
    0x0, 0xbf, 0xff, 0xff, 0xff, 0xfb, 0x0, 0x0,
    0x2a, 0xd1, 0x9f, 0x2c, 0x92, 0x0, 0x9, 0xff,
    0xc6, 0xcf, 0x18, 0xff, 0x80, 0xb, 0x71, 0x7f,
    0xfa, 0x0, 0x7, 0xa0,

    /* U+6674 "晴" */
    0x11, 0x11, 0x0, 0x7, 0xf0, 0x0, 0xe, 0xff,
    0xe7, 0xff, 0xff, 0xff, 0xf0, 0xeb, 0xbe, 0x13,
    0x39, 0xf3, 0x33, 0xe, 0x66, 0xe1, 0xff, 0xff,
    0xff, 0xa0, 0xe6, 0x6e, 0x47, 0x7b, 0xf7, 0x77,
    0x1e, 0xcc, 0xe4, 0x77, 0x77, 0x77, 0x71, 0xec,
    0xce, 0xf, 0xff, 0xff, 0xf8, 0xe, 0x66, 0xe0,
    0xf9, 0x44, 0x4e, 0x80, 0xe6, 0x6e, 0xf, 0xff,
    0xff, 0xf8, 0xe, 0x76, 0xe0, 0xf9, 0x44, 0x4e,
    0x80, 0xef, 0xfe, 0xf, 0xdc, 0xcc, 0xf8, 0xe,
    0x96, 0x50, 0xf6, 0x2, 0x3f, 0x80, 0x52, 0x0,
    0xf, 0x60, 0xcf, 0xe4, 0x0, 0x0, 0x0, 0x10,
    0x0, 0x0, 0x0,

    /* U+6682 "暂" */
    0x0, 0xd, 0x60, 0x0, 0x13, 0x58, 0x50, 0xf,
    0xff, 0xff, 0xf7, 0xff, 0xfe, 0x80, 0x5, 0xfa,
    0x94, 0x38, 0xe3, 0x10, 0x0, 0xa, 0xfb, 0xfb,
    0x78, 0xfc, 0xcc, 0xc2, 0x4, 0x68, 0xf7, 0x58,
    0xe6, 0xcd, 0x61, 0x2c, 0xde, 0xff, 0xdc, 0xb0,
    0xac, 0x0, 0x6, 0x57, 0xf4, 0x4f, 0x60, 0xac,
    0x0, 0x0, 0x24, 0x74, 0x48, 0x44, 0x43, 0x0,
    0x0, 0xaf, 0xff, 0xff, 0xff, 0xfa, 0x0, 0x0,
    0xae, 0x66, 0x66, 0x66, 0xfa, 0x0, 0x0, 0xaf,
    0x77, 0x77, 0x77, 0xfa, 0x0, 0x0, 0xaf, 0xcc,
    0xcc, 0xcc, 0xfa, 0x0, 0x0, 0xae, 0x44, 0x44,
    0x44, 0xea, 0x0,

    /* U+6697 "暗" */
    0x0, 0x0, 0x0, 0x1, 0x20, 0x0, 0x2, 0x33,
    0x20, 0x0, 0xcd, 0x0, 0x0, 0xef, 0xfe, 0x6e,
    0xef, 0xfe, 0xea, 0xe, 0x99, 0xe2, 0x9f, 0x86,
    0xec, 0x40, 0xe6, 0x6e, 0x1, 0xf5, 0x1f, 0x50,
    0xe, 0x66, 0xe8, 0xbf, 0xdc, 0xfc, 0xb1, 0xeb,
    0xbe, 0x8b, 0xbb, 0xbb, 0xbb, 0x1e, 0xff, 0xe0,
    0x55, 0x55, 0x55, 0x10, 0xe6, 0x6e, 0x3f, 0xff,
    0xff, 0xf5, 0xe, 0x66, 0xe3, 0xf4, 0x0, 0x1f,
    0x50, 0xe7, 0x6e, 0x3f, 0xff, 0xff, 0xf5, 0xe,
    0xff, 0xe3, 0xf4, 0x0, 0x1f, 0x50, 0xe9, 0x54,
    0x3f, 0xff, 0xff, 0xf5, 0x3, 0x10, 0x3, 0xf7,
    0x44, 0x5f, 0x50,

    /* U+66F2 "曲" */
    0x0, 0x7, 0xf1, 0x1f, 0x70, 0x0, 0x0, 0x7,
    0xf1, 0x1f, 0x70, 0x0, 0x9f, 0xff, 0xff, 0xff,
    0xff, 0xf9, 0x9f, 0x8c, 0xf9, 0x9f, 0xc8, 0xf9,
    0x9f, 0x7, 0xf1, 0x1f, 0x70, 0xf9, 0x9f, 0x7,
    0xf1, 0x1f, 0x70, 0xf9, 0x9f, 0x8c, 0xf9, 0x9f,
    0xc8, 0xf9, 0x9f, 0xff, 0xff, 0xff, 0xff, 0xf9,
    0x9f, 0x7, 0xf1, 0x1f, 0x70, 0xf9, 0x9f, 0x7,
    0xf1, 0x1f, 0x70, 0xf9, 0x9f, 0x49, 0xf5, 0x5f,
    0x94, 0xf9, 0x9f, 0xff, 0xff, 0xff, 0xff, 0xf9,
    0x9f, 0x33, 0x33, 0x33, 0x33, 0xf9,

    /* U+66F4 "更" */
    0xf, 0xff, 0xff, 0xff, 0xff, 0xff, 0xf1, 0x6,
    0x66, 0x66, 0xde, 0x66, 0x66, 0x60, 0x1, 0xdd,
    0xdd, 0xff, 0xdd, 0xdd, 0x10, 0x1, 0xf9, 0x44,
    0xdd, 0x44, 0x9f, 0x10, 0x1, 0xff, 0xff, 0xff,
    0xff, 0xff, 0x10, 0x1, 0xf9, 0x33, 0xdd, 0x33,
    0x8f, 0x10, 0x1, 0xfb, 0x66, 0xde, 0x66, 0xaf,
    0x10, 0x1, 0xef, 0xee, 0xff, 0xee, 0xee, 0x10,
    0x0, 0x4f, 0x61, 0xf9, 0x0, 0x0, 0x0, 0x0,
    0xa, 0xff, 0xf3, 0x0, 0x0, 0x0, 0x3, 0x7c,
    0xff, 0xff, 0xdb, 0x98, 0x71, 0xe, 0xfd, 0x81,
    0x37, 0xac, 0xef, 0xf0, 0x3, 0x10, 0x0, 0x0,
    0x0, 0x0, 0x0,

    /* U+6700 "最" */
    0x0, 0xbf, 0xff, 0xff, 0xff, 0xfb, 0x0, 0x0,
    0xbf, 0xff, 0xff, 0xff, 0xfb, 0x0, 0x0, 0xbe,
    0x77, 0x77, 0x77, 0xeb, 0x0, 0x0, 0x57, 0x77,
    0x77, 0x77, 0x75, 0x0, 0x3f, 0xff, 0xff, 0xff,
    0xff, 0xff, 0xf3, 0x5, 0xf7, 0x4a, 0xe4, 0x44,
    0x44, 0x40, 0x2, 0xfe, 0xef, 0xd8, 0xff, 0xff,
    0x80, 0x2, 0xf6, 0x29, 0xd6, 0xf6, 0x6f, 0x60,
    0x2, 0xff, 0xff, 0xd0, 0xdb, 0xcd, 0x0, 0x2,
    0xf5, 0x3a, 0xe5, 0x3f, 0xf5, 0x0, 0x1d, 0xff,
    0xff, 0xfd, 0xee, 0xdf, 0xa1, 0x6, 0x42, 0x8,
    0xd8, 0x80, 0x7, 0xc0,

    /* U+6708 "月" */
    0x0, 0x1f, 0xff, 0xff, 0xff, 0xfe, 0x0, 0x1f,
    0xc9, 0x99, 0x99, 0xee, 0x0, 0x1f, 0x80, 0x0,
    0x0, 0xbe, 0x0, 0x1f, 0xff, 0xff, 0xff, 0xfe,
    0x0, 0x1f, 0xc9, 0x99, 0x99, 0xee, 0x0, 0x1f,
    0x80, 0x0, 0x0, 0xbe, 0x0, 0x1f, 0xc8, 0x88,
    0x88, 0xde, 0x0, 0x2f, 0xff, 0xff, 0xff, 0xfe,
    0x0, 0x5f, 0x30, 0x0, 0x0, 0xbe, 0x0, 0xbf,
    0x0, 0x0, 0x0, 0xbe, 0x5, 0xf9, 0x0, 0x6,
    0xaa, 0xfe, 0xa, 0xe1, 0x0, 0x8, 0xff, 0xf7,
    0x0, 0x10, 0x0, 0x0, 0x0, 0x0,

    /* U+6709 "有" */
    0x0, 0x0, 0xc, 0xb0, 0x0, 0x0, 0x0, 0x8,
    0x88, 0x9f, 0xd8, 0x88, 0x88, 0x82, 0xf, 0xff,
    0xff, 0xff, 0xff, 0xff, 0xf4, 0x0, 0x5, 0xf8,
    0x0, 0x0, 0x0, 0x0, 0x0, 0x1e, 0xff, 0xff,
    0xff, 0xfe, 0x0, 0x0, 0xcf, 0xc7, 0x77, 0x77,
    0xde, 0x0, 0xb, 0xff, 0xb6, 0x66, 0x66, 0xce,
    0x0, 0x3f, 0xaf, 0xff, 0xff, 0xff, 0xfe, 0x0,
    0x7, 0xf, 0x90, 0x0, 0x0, 0xae, 0x0, 0x0,
    0xf, 0xff, 0xff, 0xff, 0xfe, 0x0, 0x0, 0xf,
    0xb5, 0x55, 0x55, 0xce, 0x0, 0x0, 0xf, 0x90,
    0x1, 0x66, 0xee, 0x0, 0x0, 0xf, 0x90, 0x1,
    0xff, 0xf8, 0x0, 0x0, 0x1, 0x0, 0x0, 0x0,
    0x0, 0x0,

    /* U+6717 "朗" */
    0x0, 0x76, 0x0, 0x0, 0x0, 0x0, 0x8e, 0xff,
    0xe7, 0x6f, 0xff, 0xf9, 0x9f, 0x66, 0xf8, 0x6f,
    0x99, 0xf9, 0x9e, 0x22, 0xf8, 0x6f, 0x10, 0xe9,
    0x9f, 0xff, 0xf8, 0x6f, 0xff, 0xf9, 0x9e, 0x22,
    0xf8, 0x6f, 0x87, 0xf9, 0x9f, 0x77, 0xf8, 0x6f,
    0x0, 0xe9, 0x9f, 0xff, 0xf8, 0x7f, 0x77, 0xf9,
    0x9e, 0x6, 0x90, 0x8f, 0xff, 0xf9, 0x9e, 0x7,
    0xf3, 0xae, 0x0, 0xe9, 0x9f, 0x9f, 0xfd, 0xfa,
    0x0, 0xe9, 0xcf, 0xf9, 0x5b, 0xf4, 0x79, 0xf9,
    0x57, 0x10, 0xd, 0xb0, 0xbf, 0xe3, 0x0, 0x0,
    0x0, 0x0, 0x0, 0x0,

    /* U+671D "朝" */
    0x0, 0xb, 0xc0, 0x0, 0x0, 0x0, 0x1, 0xff,
    0xff, 0xff, 0x7f, 0xff, 0xf8, 0x6, 0x6d, 0xd6,
    0x65, 0xf9, 0x8f, 0x80, 0x34, 0xcd, 0x43, 0x4f,
    0x20, 0xe8, 0xb, 0xff, 0xff, 0xc4, 0xfd, 0xcf,
    0x80, 0xbb, 0x33, 0xac, 0x4f, 0xcb, 0xf8, 0xb,
    0xfe, 0xef, 0xc4, 0xf2, 0xe, 0x80, 0xbc, 0x55,
    0xbc, 0x4f, 0x87, 0xf8, 0x8, 0xce, 0xfc, 0x95,
    0xfe, 0xef, 0x81, 0x55, 0xcd, 0x55, 0x8f, 0x0,
    0xe8, 0x3f, 0xff, 0xff, 0xfd, 0xb0, 0xe, 0x80,
    0x0, 0xac, 0x6, 0xf6, 0x58, 0xf8, 0x0, 0xa,
    0xc0, 0x9d, 0x9, 0xfe, 0x30, 0x0, 0x12, 0x0,
    0x10, 0x0, 0x0,

    /* U+671F "期" */
    0x1, 0xf5, 0x9, 0xd0, 0x0, 0x0, 0x0, 0x6f,
    0x96, 0xce, 0x4d, 0xff, 0xfe, 0xd, 0xff, 0xff,
    0xf9, 0xdc, 0x8c, 0xe0, 0x1f, 0x73, 0xad, 0xd,
    0x90, 0x8e, 0x1, 0xff, 0xff, 0xd0, 0xdf, 0xff,
    0xe0, 0x1f, 0x50, 0x9d, 0xd, 0xc7, 0xbe, 0x1,
    0xff, 0xff, 0xd0, 0xd9, 0x8, 0xe0, 0x1f, 0x62,
    0xad, 0xe, 0xec, 0xee, 0x1e, 0xff, 0xef, 0xf9,
    0xfc, 0xad, 0xe0, 0x69, 0x96, 0xe7, 0x6f, 0x60,
    0x8e, 0x0, 0xce, 0x3f, 0xa6, 0xf3, 0x8, 0xe0,
    0xaf, 0x50, 0x6c, 0xdd, 0x27, 0xde, 0xc, 0x70,
    0x0, 0x4e, 0x62, 0xff, 0x80, 0x0, 0x0, 0x0,
    0x10, 0x0, 0x0,

    /* U+672C "本" */
    0x0, 0x0, 0x0, 0xce, 0x0, 0x0, 0x0, 0x0,
    0x0, 0x0, 0xce, 0x0, 0x0, 0x0, 0xb, 0xff,
    0xff, 0xff, 0xff, 0xff, 0xe0, 0x8, 0xaa, 0xad,
    0xff, 0xea, 0xaa, 0x90, 0x0, 0x0, 0x1f, 0xff,
    0xf2, 0x0, 0x0, 0x0, 0x0, 0x9e, 0xde, 0xea,
    0x0, 0x0, 0x0, 0x5, 0xf7, 0xce, 0x5f, 0x60,
    0x0, 0x0, 0x3f, 0xc0, 0xce, 0xb, 0xf4, 0x0,
    0x3, 0xee, 0x20, 0xce, 0x1, 0xdf, 0x50, 0x2f,
    0xf6, 0x99, 0xef, 0x99, 0x6e, 0xf3, 0xc, 0x44,
    0xff, 0xff, 0xff, 0x62, 0xb0, 0x0, 0x0, 0x0,
    0xce, 0x0, 0x0, 0x0, 0x0, 0x0, 0x0, 0xce,
    0x0, 0x0, 0x0,

    /* U+673A "机" */
    0x0, 0x8f, 0x0, 0x0, 0x0, 0x0, 0x0, 0x0,
    0x8f, 0x0, 0xef, 0xff, 0xf1, 0x0, 0x7, 0xcf,
    0x73, 0xed, 0x9c, 0xf1, 0x0, 0x1f, 0xff, 0xf7,
    0xe9, 0x7, 0xf1, 0x0, 0x0, 0xbf, 0x0, 0xe9,
    0x7, 0xf1, 0x0, 0x1, 0xff, 0x40, 0xe9, 0x7,
    0xf1, 0x0, 0x8, 0xff, 0xf8, 0xe9, 0x7, 0xf1,
    0x0, 0x1f, 0xff, 0x9b, 0xf9, 0x7, 0xf1, 0x0,
    0x4e, 0x9f, 0x1, 0xf8, 0x7, 0xf1, 0x71, 0x27,
    0x8f, 0x2, 0xf5, 0x7, 0xf2, 0xf2, 0x0, 0x8f,
    0x7, 0xf1, 0x7, 0xf3, 0xf2, 0x0, 0x8f, 0x1e,
    0xa0, 0x6, 0xfa, 0xf1, 0x0, 0x8f, 0x6d, 0x10,
    0x3, 0xef, 0xc0, 0x0, 0x0, 0x0, 0x0, 0x0,
    0x0, 0x0,

    /* U+674F "杏" */
    0x0, 0x0, 0x0, 0xcd, 0x0, 0x0, 0x0, 0x7,
    0x88, 0x88, 0xee, 0x88, 0x88, 0x70, 0xe, 0xff,
    0xff, 0xff, 0xff, 0xff, 0xe0, 0x0, 0x0, 0x5e,
    0xff, 0xe4, 0x0, 0x0, 0x0, 0x3a, 0xfc, 0xdd,
    0xbf, 0xa3, 0x0, 0x2b, 0xff, 0x90, 0xcd, 0x7,
    0xff, 0xc2, 0xf, 0xc3, 0x0, 0x55, 0x0, 0x2a,
    0xf0, 0x2, 0xbf, 0xff, 0xff, 0xff, 0xfb, 0x10,
    0x0, 0xce, 0x77, 0x77, 0x77, 0xec, 0x0, 0x0,
    0xcd, 0x0, 0x0, 0x0, 0xdc, 0x0, 0x0, 0xce,
    0x44, 0x44, 0x44, 0xec, 0x0, 0x0, 0xcf, 0xff,
    0xff, 0xff, 0xfc, 0x0, 0x0, 0xce, 0x33, 0x33,
    0x33, 0xdb, 0x0,

    /* U+675F "束" */
    0x0, 0x0, 0x0, 0xcc, 0x0, 0x0, 0x0, 0x8,
    0x88, 0x88, 0xee, 0x88, 0x88, 0x80, 0xf, 0xff,
    0xff, 0xff, 0xff, 0xff, 0xf0, 0x0, 0x0, 0x0,
    0xcc, 0x0, 0x0, 0x0, 0x2, 0xff, 0xff, 0xff,
    0xff, 0xff, 0x20, 0x2, 0xfa, 0x66, 0xed, 0x66,
    0xaf, 0x20, 0x2, 0xf6, 0x0, 0xcc, 0x0, 0x6f,
    0x20, 0x2, 0xff, 0xff, 0xff, 0xff, 0xff, 0x20,
    0x0, 0x66, 0x6e, 0xff, 0xf7, 0x66, 0x0, 0x0,
    0x2, 0xdf, 0xff, 0xfd, 0x30, 0x0, 0x1, 0x9f,
    0xe4, 0xcc, 0x4e, 0xfa, 0x30, 0x1f, 0xfa, 0x10,
    0xcc, 0x1, 0xaf, 0xf1, 0x7, 0x30, 0x0, 0xcc,
    0x0, 0x2, 0x60,

    /* U+6761 "条" */
    0x0, 0x0, 0x0, 0x0, 0x0, 0x0, 0x0, 0x0,
    0x0, 0xad, 0x10, 0x0, 0x0, 0x0, 0x0, 0x9,
    0xff, 0xff, 0xff, 0xff, 0x10, 0x1, 0xbf, 0xf9,
    0x55, 0x5b, 0xfe, 0x10, 0xa, 0xf7, 0xdf, 0x95,
    0xcf, 0xb1, 0x0, 0x2, 0x30, 0x4e, 0xff, 0xfb,
    0x10, 0x0, 0x7, 0xbe, 0xff, 0xb9, 0xef, 0xfd,
    0xb3, 0xc, 0xda, 0x61, 0x49, 0x13, 0x7a, 0xd2,
    0x4, 0x88, 0x88, 0xbf, 0x98, 0x88, 0x70, 0x8,
    0xff, 0xff, 0xff, 0xff, 0xff, 0xe0, 0x0, 0x4,
    0xa0, 0x7f, 0x28, 0x40, 0x0, 0x0, 0x7f, 0xc1,
    0x7f, 0x3c, 0xfb, 0x20, 0xc, 0xfb, 0x57, 0xcf,
    0x20, 0x6f, 0xf2, 0x6, 0x60, 0x7f, 0xfb, 0x0,
    0x2, 0x80,

    /* U+6765 "来" */
    0x0, 0x0, 0x0, 0xdc, 0x0, 0x0, 0x0, 0x3,
    0x77, 0x77, 0xee, 0x77, 0x77, 0x30, 0x7, 0xff,
    0xff, 0xff, 0xff, 0xff, 0x70, 0x0, 0x4b, 0x10,
    0xdc, 0x0, 0xb5, 0x0, 0x0, 0x6f, 0xa0, 0xdc,
    0x9, 0xf5, 0x0, 0x0, 0x8, 0xb0, 0xdc, 0xc,
    0x70, 0x0, 0x1f, 0xff, 0xff, 0xff, 0xff, 0xff,
    0xf1, 0x8, 0x88, 0x8d, 0xff, 0xd8, 0x88, 0x80,
    0x0, 0x0, 0x8f, 0xff, 0xf8, 0x0, 0x0, 0x0,
    0x2c, 0xfa, 0xdc, 0x9f, 0xc2, 0x0, 0x1a, 0xff,
    0x70, 0xdc, 0x6, 0xff, 0xa1, 0xe, 0xc3, 0x0,
    0xdc, 0x0, 0x2b, 0xd0, 0x2, 0x0, 0x0, 0xdc,
    0x0, 0x0, 0x10,

    /* U+677F "板" */
    0x0, 0x8e, 0x0, 0x0, 0x2, 0x69, 0xa0, 0x0,
    0x8e, 0x3, 0xce, 0xff, 0xff, 0xe0, 0x6, 0xbf,
    0x76, 0xfb, 0x86, 0x41, 0x0, 0xf, 0xff, 0xf9,
    0xf3, 0x0, 0x0, 0x0, 0x0, 0xce, 0x4, 0xff,
    0xff, 0xff, 0xc0, 0x2, 0xff, 0x54, 0xfe, 0xe7,
    0x7e, 0xb0, 0x8, 0xff, 0xfb, 0xf8, 0xf1, 0x1f,
    0x70, 0x1f, 0xde, 0xaa, 0xf2, 0xf7, 0x7f, 0x20,
    0x1d, 0x8e, 0x8, 0xf0, 0xae, 0xea, 0x0, 0x4,
    0x8e, 0xc, 0xc0, 0x3f, 0xf2, 0x0, 0x0, 0x8e,
    0x2f, 0x73, 0xdf, 0xfc, 0x10, 0x0, 0x8e, 0xbf,
    0x9f, 0xf4, 0x6f, 0xf3, 0x0, 0x8e, 0x58, 0x5b,
    0x20, 0x4, 0xc0, 0x0, 0x0, 0x0, 0x0, 0x0,
    0x0, 0x0,

    /* U+6781 "极" */
    0x0, 0x9e, 0x0, 0x0, 0x0, 0x0, 0x0, 0x0,
    0x9e, 0xd, 0xff, 0xff, 0xff, 0x10, 0x3, 0xaf,
    0x37, 0xce, 0x77, 0xcf, 0x0, 0xf, 0xff, 0xf4,
    0xac, 0x1, 0xf8, 0x0, 0x3, 0xcf, 0x31, 0xbe,
    0x8, 0xf8, 0x60, 0x1, 0xff, 0x30, 0xcf, 0x49,
    0xff, 0xd0, 0x6, 0xff, 0xf5, 0xdf, 0xa0, 0xe,
    0x90, 0xe, 0xfe, 0xa4, 0xfc, 0xf3, 0x6f, 0x20,
    0x6e, 0x9e, 0x5, 0xf3, 0xdd, 0xf9, 0x0, 0x15,
    0x9e, 0xb, 0xe0, 0x5f, 0xf1, 0x0, 0x0, 0x9e,
    0x3f, 0x74, 0xef, 0xfc, 0x10, 0x0, 0x9e, 0xbe,
    0xaf, 0xd2, 0x5f, 0xf2, 0x0, 0x9e, 0x34, 0xb9,
    0x0, 0x3, 0xa0, 0x0, 0x0, 0x0, 0x0, 0x0,
    0x0, 0x0,

    /* U+6784 "构" */
    0x0, 0x0, 0x0, 0x0, 0x0, 0x0, 0x0, 0x9,
    0xe0, 0x4, 0xf3, 0x0, 0x0, 0x0, 0x9e, 0x0,
    0xaf, 0x76, 0x66, 0x50, 0x7c, 0xf7, 0x4f, 0xff,
    0xff, 0xfc, 0xf, 0xff, 0xfd, 0xf3, 0x22, 0x2c,
    0xc0, 0xe, 0xe1, 0xe7, 0xc6, 0x0, 0xcc, 0x4,
    0xff, 0x51, 0x3f, 0x42, 0xc, 0xb0, 0xaf, 0xff,
    0x6a, 0xe8, 0xd0, 0xcb, 0x2f, 0xde, 0xa5, 0xf7,
    0x2f, 0x4d, 0xa3, 0xd9, 0xe0, 0x9f, 0x9a, 0xfb,
    0xda, 0x15, 0x9e, 0x7, 0xff, 0xdc, 0xff, 0xa0,
    0x9, 0xe0, 0x0, 0x0, 0x3, 0xf9, 0x0, 0x9e,
    0x0, 0x0, 0xaa, 0xcf, 0x80, 0x9, 0xe0, 0x0,
    0xe, 0xff, 0xc1,

    /* U+6790 "析" */
    0x0, 0x8f, 0x0, 0x0, 0x1, 0x59, 0x50, 0x0,
    0x8f, 0x0, 0xad, 0xff, 0xff, 0x90, 0x5, 0xaf,
    0x52, 0xee, 0xb9, 0x74, 0x10, 0x1f, 0xff, 0xf8,
    0xea, 0x0, 0x0, 0x0, 0x2, 0xcf, 0x21, 0xea,
    0x0, 0x0, 0x0, 0x2, 0xff, 0x50, 0xef, 0xff,
    0xff, 0xf3, 0x9, 0xff, 0xf7, 0xfd, 0x88, 0xfb,
    0x81, 0x2f, 0xef, 0x98, 0xf9, 0x1, 0xf7, 0x0,
    0x2e, 0x8f, 0x1, 0xf8, 0x1, 0xf7, 0x0, 0x5,
    0x8f, 0x3, 0xf6, 0x1, 0xf7, 0x0, 0x0, 0x8f,
    0x8, 0xf1, 0x1, 0xf7, 0x0, 0x0, 0x8f, 0x2f,
    0xc0, 0x1, 0xf7, 0x0, 0x0, 0x8f, 0x1d, 0x30,
    0x1, 0xe7, 0x0, 0x0, 0x0, 0x0, 0x0, 0x0,
    0x0, 0x0,

    /* U+679C "果" */
    0x0, 0xff, 0xff, 0xff, 0xff, 0xff, 0x0, 0x0,
    0xfb, 0x55, 0xdd, 0x55, 0xbf, 0x0, 0x0, 0xfe,
    0xdd, 0xff, 0xdd, 0xef, 0x0, 0x0, 0xfa, 0x33,
    0xdd, 0x33, 0xaf, 0x0, 0x0, 0xff, 0xff, 0xff,
    0xff, 0xff, 0x0, 0x0, 0x56, 0x66, 0xde, 0x66,
    0x66, 0x0, 0x7, 0x77, 0x77, 0xee, 0x77, 0x77,
    0x70, 0x1f, 0xff, 0xff, 0xff, 0xff, 0xff, 0xf1,
    0x0, 0x0, 0x8f, 0xff, 0xf9, 0x0, 0x0, 0x1,
    0x7e, 0xf6, 0xcc, 0x5f, 0xe7, 0x10, 0x2f, 0xfb,
    0x20, 0xcc, 0x2, 0xbf, 0xf1, 0x8, 0x30, 0x0,
    0xcc, 0x0, 0x3, 0x70,

    /* U+67D3 "染" */
    0x0, 0x0, 0x0, 0x0, 0x0, 0x0, 0x0, 0x1,
    0xe7, 0x0, 0x4f, 0x30, 0x0, 0x0, 0x1, 0xaf,
    0x68, 0xaf, 0x98, 0x70, 0x0, 0xb, 0x64, 0x2f,
    0xff, 0xff, 0xf0, 0x0, 0xa, 0xf8, 0x0, 0x9f,
    0x9, 0xf1, 0xb2, 0x0, 0x5c, 0x52, 0xfa, 0x9,
    0xf2, 0xf3, 0x8, 0xfe, 0xaf, 0xe1, 0x8, 0xfe,
    0xf1, 0x9, 0x91, 0x3b, 0x97, 0x1, 0x78, 0x50,
    0x6, 0x66, 0x66, 0xdd, 0x66, 0x66, 0x60, 0x1f,
    0xff, 0xff, 0xff, 0xff, 0xff, 0xf0, 0x0, 0x0,
    0x7f, 0xff, 0xf8, 0x10, 0x0, 0x0, 0x6d, 0xf8,
    0xdc, 0x7f, 0xe7, 0x10, 0xf, 0xfc, 0x30, 0xcc,
    0x2, 0xbf, 0xf1, 0x7, 0x40, 0x0, 0xcc, 0x0,
    0x3, 0x60,

    /* U+67D4 "柔" */
    0x0, 0xff, 0xff, 0xff, 0xff, 0xff, 0x10, 0x0,
    0x47, 0xfb, 0x54, 0xaf, 0xe8, 0x0, 0x5, 0x55,
    0xaf, 0xee, 0xfb, 0x55, 0x40, 0xe, 0xff, 0xff,
    0xff, 0xff, 0xff, 0xe0, 0x0, 0x18, 0xec, 0x2c,
    0xc0, 0x5f, 0x70, 0xc, 0xfc, 0x5c, 0xdf, 0xa0,
    0x69, 0x0, 0x4, 0x20, 0x3, 0xaa, 0x0, 0x0,
    0x0, 0xf, 0xff, 0xff, 0xff, 0xff, 0xff, 0xf0,
    0x5, 0x55, 0x8f, 0xff, 0xf7, 0x55, 0x50, 0x0,
    0x39, 0xfd, 0xee, 0xdf, 0x93, 0x0, 0x1e, 0xfe,
    0x70, 0xcc, 0x6, 0xef, 0xe1, 0x8, 0x50, 0x0,
    0xcc, 0x0, 0x4, 0x70,

    /* U+6807 "标" */
    0x0, 0x9e, 0x5, 0xff, 0xff, 0xff, 0xa0, 0x3,
    0xaf, 0x33, 0x88, 0x88, 0x88, 0x50, 0xf, 0xff,
    0xf3, 0x0, 0x0, 0x0, 0x0, 0x3, 0xcf, 0x38,
    0x88, 0x88, 0x88, 0x81, 0x1, 0xff, 0x1d, 0xff,
    0xff, 0xff, 0xf2, 0x8, 0xff, 0xd2, 0x10, 0xbd,
    0x1, 0x0, 0x1f, 0xff, 0xb4, 0xf6, 0xbd, 0x9d,
    0x0, 0x2e, 0x9e, 0x4, 0xf3, 0xbd, 0x4f, 0x40,
    0x6, 0x9e, 0xa, 0xd0, 0xbd, 0xe, 0xa0, 0x0,
    0x9e, 0x1f, 0x70, 0xbd, 0x8, 0xf1, 0x0, 0x9e,
    0x19, 0x59, 0xed, 0x2, 0x70, 0x0, 0x9e, 0x0,
    0x5f, 0xf8, 0x0, 0x0,

    /* U+6821 "校" */
    0x0, 0x0, 0x0, 0x0, 0x22, 0x0, 0x0, 0x0,
    0x9e, 0x0, 0x0, 0xeb, 0x0, 0x0, 0x0, 0x9e,
    0x3, 0x55, 0xcf, 0x55, 0x50, 0x7, 0xcf, 0x7c,
    0xff, 0xff, 0xff, 0xf1, 0x1f, 0xff, 0xf5, 0x4b,
    0x44, 0xb5, 0x40, 0x0, 0xce, 0x0, 0x8f, 0x53,
    0xfb, 0x0, 0x2, 0xff, 0x26, 0xf9, 0x0, 0x5f,
    0xa0, 0x9, 0xff, 0xef, 0xe9, 0x0, 0xbb, 0xd1,
    0x2f, 0xef, 0xb2, 0x6f, 0x46, 0xf4, 0x0, 0x2e,
    0x9e, 0x0, 0xd, 0xde, 0xb0, 0x0, 0x4, 0x9e,
    0x0, 0x5, 0xff, 0x30, 0x0, 0x0, 0x9e, 0x0,
    0x6f, 0xef, 0xe6, 0x0, 0x0, 0x9e, 0x2d, 0xfc,
    0x13, 0xdf, 0xe1, 0x0, 0x9e, 0xc, 0x50, 0x0,
    0x7, 0x90, 0x0, 0x0, 0x0, 0x0, 0x0, 0x0,
    0x0,

    /* U+6837 "样" */
    0x0, 0x0, 0x0, 0x1, 0x0, 0x10, 0x0, 0x0,
    0x9e, 0x0, 0x5f, 0x10, 0x9e, 0x0, 0x0, 0x9e,
    0x0, 0x1f, 0x81, 0xfa, 0x0, 0x6, 0xcf, 0x64,
    0x7d, 0x9a, 0xfa, 0x70, 0xf, 0xff, 0xf9, 0xff,
    0xff, 0xff, 0xf0, 0x1, 0xce, 0x10, 0x0, 0x9f,
    0x0, 0x0, 0x2, 0xff, 0x50, 0x88, 0xcf, 0x88,
    0x40, 0x9, 0xff, 0xf7, 0xff, 0xff, 0xff, 0x90,
    0x2f, 0xee, 0x82, 0x0, 0x9f, 0x0, 0x0, 0x3d,
    0x9e, 0x6, 0x77, 0xcf, 0x77, 0x72, 0x4, 0x9e,
    0xe, 0xff, 0xff, 0xff, 0xf4, 0x0, 0x9e, 0x0,
    0x0, 0x9f, 0x0, 0x0, 0x0, 0x9e, 0x0, 0x0,
    0x9f, 0x0, 0x0, 0x0, 0x9e, 0x0, 0x0, 0x9f,
    0x0, 0x0, 0x0, 0x0, 0x0, 0x0, 0x0, 0x0,
    0x0,

    /* U+6848 "案" */
    0x0, 0x0, 0x0, 0x0, 0x0, 0x0, 0x0, 0x0,
    0x0, 0x0, 0xdc, 0x0, 0x0, 0x0, 0x8, 0xff,
    0xff, 0xff, 0xff, 0xff, 0x80, 0x8, 0xf4, 0x49,
    0x84, 0x44, 0x4f, 0x90, 0x5, 0x64, 0x6f, 0xa4,
    0x44, 0x46, 0x50, 0xf, 0xff, 0xff, 0xff, 0xff,
    0xff, 0xf0, 0x0, 0xc, 0xfa, 0x53, 0xbf, 0x40,
    0x0, 0x1, 0x25, 0xaf, 0xff, 0xfc, 0x74, 0x0,
    0xb, 0xff, 0xc8, 0x96, 0x37, 0xdf, 0x60, 0x6,
    0x64, 0x44, 0xdd, 0x44, 0x46, 0x50, 0x1f, 0xff,
    0xff, 0xff, 0xff, 0xff, 0xf1, 0x0, 0x16, 0xdf,
    0xef, 0xfd, 0x61, 0x0, 0x2c, 0xff, 0x91, 0xcc,
    0x19, 0xff, 0xc2, 0xa, 0x60, 0x0, 0xcc, 0x0,
    0x16, 0xb0,

    /* U+690D "植" */
    0x0, 0xc7, 0x2, 0x22, 0xf9, 0x22, 0x10, 0x0,
    0xe9, 0x2f, 0xff, 0xff, 0xff, 0xd0, 0x2b, 0xfd,
    0x92, 0x22, 0xf9, 0x22, 0x20, 0x3c, 0xfe, 0xa9,
    0xee, 0xff, 0xee, 0x30, 0x3, 0xf9, 0xa, 0xe6,
    0x66, 0x8f, 0x40, 0x9, 0xfe, 0x3a, 0xfd, 0xdd,
    0xdf, 0x40, 0x1f, 0xff, 0xeb, 0xe5, 0x55, 0x7f,
    0x40, 0x7e, 0xfa, 0x5a, 0xfe, 0xee, 0xef, 0x40,
    0x76, 0xe9, 0xa, 0xd3, 0x33, 0x6f, 0x40, 0x20,
    0xe9, 0xa, 0xff, 0xff, 0xff, 0x40, 0x0, 0xe9,
    0xa, 0xd2, 0x22, 0x5f, 0x40, 0x0, 0xe9, 0x8f,
    0xff, 0xff, 0xff, 0xf1, 0x0, 0xe9, 0x35, 0x55,
    0x55, 0x55, 0x50,

    /* U+6A21 "模" */
    0x0, 0xe8, 0x0, 0x9d, 0x4, 0xf1, 0x0, 0x0,
    0xe8, 0x6f, 0xff, 0xff, 0xff, 0xf0, 0x17, 0xfb,
    0x76, 0xbd, 0x69, 0xf7, 0x60, 0x4f, 0xff, 0xa9,
    0xbb, 0xbb, 0xbb, 0x30, 0x2, 0xf8, 0xe, 0xc7,
    0x77, 0x8f, 0x50, 0x7, 0xfe, 0x2e, 0xfe, 0xee,
    0xef, 0x50, 0xe, 0xff, 0xde, 0x93, 0x33, 0x3f,
    0x50, 0x6f, 0xf9, 0x4e, 0xff, 0xff, 0xff, 0x50,
    0x78, 0xe8, 0x13, 0x33, 0xf9, 0x33, 0x30, 0x31,
    0xe8, 0x8f, 0xff, 0xff, 0xff, 0xf0, 0x0, 0xe8,
    0x1, 0x3d, 0xff, 0x51, 0x10, 0x0, 0xe8, 0x5a,
    0xfd, 0x3b, 0xfb, 0x70, 0x0, 0xe8, 0xac, 0x60,
    0x0, 0x5b, 0xd0, 0x0, 0x0, 0x0, 0x0, 0x0,
    0x0, 0x0,

    /* U+6B21 "次" */
    0x0, 0x20, 0x0, 0x7a, 0x0, 0x0, 0x0, 0xd,
    0xd0, 0x0, 0xec, 0x0, 0x0, 0x0, 0x6, 0xf7,
    0x5, 0xff, 0xff, 0xff, 0xd0, 0x0, 0xdf, 0x1c,
    0xe8, 0x88, 0x8f, 0xc0, 0x0, 0x47, 0x7f, 0x66,
    0xb1, 0x6f, 0x40, 0x0, 0x0, 0xcc, 0x8, 0xf1,
    0xcc, 0x0, 0x0, 0x35, 0x2, 0x9, 0xf4, 0x1,
    0x0, 0x0, 0xbf, 0x0, 0xd, 0xf8, 0x0, 0x0,
    0x1, 0xfa, 0x0, 0x3f, 0xff, 0x10, 0x0, 0x6,
    0xf4, 0x1, 0xdf, 0x4f, 0xb0, 0x0, 0xc, 0xf0,
    0x2d, 0xf5, 0x8, 0xfa, 0x0, 0x2f, 0xa5, 0xff,
    0x60, 0x0, 0xaf, 0xd0, 0x3, 0x22, 0xd4, 0x0,
    0x0, 0x7, 0x80, 0x0, 0x0, 0x0, 0x0, 0x0,
    0x0, 0x0,

    /* U+6B22 "欢" */
    0x0, 0x0, 0x0, 0x9, 0x80, 0x0, 0x0, 0xa,
    0xaa, 0xa6, 0x1f, 0xa0, 0x0, 0x0, 0x1d, 0xdd,
    0xf9, 0x5f, 0xff, 0xff, 0xf0, 0x1, 0x1, 0xf7,
    0xbe, 0x77, 0x7c, 0xf0, 0xe, 0x84, 0xf7, 0xf8,
    0x8b, 0xe, 0x80, 0x8, 0xfa, 0xf7, 0xf1, 0xad,
    0x4f, 0x10, 0x0, 0xef, 0xb0, 0x10, 0xbf, 0x0,
    0x0, 0x0, 0x6f, 0x80, 0x0, 0xef, 0x20, 0x0,
    0x0, 0xaf, 0xe1, 0x3, 0xff, 0x90, 0x0, 0x3,
    0xfa, 0xf9, 0xc, 0xe9, 0xf3, 0x0, 0x1e, 0xe0,
    0x87, 0xaf, 0x51, 0xee, 0x30, 0x1f, 0x40, 0x1c,
    0xf8, 0x0, 0x4f, 0xf3, 0x2, 0x0, 0xc, 0x70,
    0x0, 0x4, 0xa0, 0x0, 0x0, 0x0, 0x0, 0x0,
    0x0, 0x0,

    /* U+6B3E "款" */
    0x0, 0x0, 0x0, 0x0, 0x0, 0x0, 0x0, 0x0,
    0x8, 0xf0, 0x0, 0x7d, 0x0, 0x0, 0x1f, 0xff,
    0xff, 0xf7, 0xbd, 0x33, 0x30, 0x6, 0x6b, 0xf6,
    0x63, 0xff, 0xff, 0xf1, 0x4, 0x5a, 0xf5, 0x56,
    0xfa, 0x9c, 0xf0, 0xa, 0xee, 0xee, 0xed, 0xe9,
    0x5a, 0xc0, 0x3, 0x55, 0x55, 0x5a, 0x9e, 0x8d,
    0x80, 0x9, 0xee, 0xee, 0xe0, 0x1f, 0x80, 0x0,
    0x5, 0x55, 0x55, 0x53, 0xf, 0xb0, 0x0, 0x1f,
    0xff, 0xff, 0xf8, 0x3f, 0xf0, 0x0, 0x3, 0x66,
    0xf5, 0x40, 0x9f, 0xf7, 0x0, 0xa, 0xc6, 0xf7,
    0xe5, 0xf8, 0xaf, 0x30, 0x3f, 0x9a, 0xf1, 0x8f,
    0xe1, 0x1e, 0xf2, 0x4, 0xaf, 0xb0, 0x1d, 0x30,
    0x3, 0xb0, 0x0, 0x0, 0x0, 0x0, 0x0, 0x0,
    0x0,

    /* U+6B4C "歌" */
    0x0, 0x0, 0x0, 0x0, 0x7, 0x30, 0x0, 0x1f,
    0xff, 0xff, 0xfe, 0x2f, 0x60, 0x0, 0x6, 0x77,
    0x78, 0xf6, 0x8f, 0xdc, 0xc2, 0x9, 0xdb, 0xe5,
    0xf2, 0xec, 0x78, 0xf2, 0x9, 0xee, 0xe5, 0xf8,
    0xfa, 0xea, 0xd0, 0x1, 0x22, 0x14, 0xf7, 0xb7,
    0xe4, 0x70, 0x2a, 0xaa, 0xaa, 0xaa, 0x28, 0xf0,
    0x0, 0x17, 0x77, 0x79, 0xf7, 0x1a, 0xf1, 0x0,
    0xa, 0xff, 0xe4, 0xf1, 0xe, 0xf4, 0x0, 0xb,
    0x74, 0xe4, 0xf1, 0x5f, 0xcb, 0x0, 0xb, 0xff,
    0xe4, 0xf2, 0xdc, 0x2f, 0x40, 0x0, 0x1, 0x5a,
    0xfd, 0xf3, 0x9, 0xf2, 0x0, 0x1, 0xff, 0xbb,
    0x60, 0x0, 0xb0, 0x0, 0x0, 0x0, 0x0, 0x0,
    0x0, 0x0,

    /* U+6B63 "正" */
    0x7, 0xff, 0xff, 0xff, 0xff, 0xff, 0xb0, 0x4,
    0xaa, 0xaa, 0xaf, 0xda, 0xaa, 0x70, 0x0, 0x0,
    0x0, 0x2f, 0x90, 0x0, 0x0, 0x0, 0x29, 0x30,
    0x2f, 0x90, 0x0, 0x0, 0x0, 0x4f, 0x60, 0x2f,
    0xd9, 0x99, 0x20, 0x0, 0x4f, 0x60, 0x2f, 0xff,
    0xff, 0x50, 0x0, 0x4f, 0x60, 0x2f, 0x90, 0x0,
    0x0, 0x0, 0x4f, 0x60, 0x2f, 0x90, 0x0, 0x0,
    0x0, 0x4f, 0x60, 0x2f, 0x90, 0x0, 0x0, 0x0,
    0x5f, 0x60, 0x2f, 0x90, 0x0, 0x0, 0x1f, 0xff,
    0xff, 0xff, 0xff, 0xff, 0xf2, 0x9, 0x99, 0x99,
    0x99, 0x99, 0x99, 0x91,

    /* U+6BB5 "段" */
    0x0, 0x1, 0x35, 0x10, 0x0, 0x0, 0x0, 0x3,
    0xff, 0xff, 0x79, 0xff, 0xff, 0x30, 0x3, 0xf9,
    0x52, 0x9, 0xe6, 0x8f, 0x30, 0x3, 0xf9, 0x76,
    0xc, 0xc0, 0x4f, 0x72, 0x3, 0xff, 0xfe, 0x4f,
    0x60, 0x2f, 0xf5, 0x3, 0xf4, 0x0, 0x9, 0x66,
    0x66, 0x50, 0x3, 0xff, 0xfe, 0x1f, 0xfe, 0xef,
    0xc0, 0x3, 0xf9, 0x77, 0xc, 0xd0, 0x1f, 0x90,
    0x3, 0xf4, 0x2, 0x14, 0xf6, 0x9f, 0x20, 0x3b,
    0xff, 0xff, 0x50, 0x9f, 0xf7, 0x0, 0x4f, 0xfb,
    0x85, 0x12, 0xbf, 0xf7, 0x0, 0x3, 0xf4, 0x2,
    0xbf, 0xe6, 0x9f, 0xe3, 0x3, 0xf4, 0x0, 0xd7,
    0x10, 0x4, 0xc0, 0x0, 0x0, 0x0, 0x0, 0x0,
    0x0, 0x0,

    /* U+6BCF "每" */
    0x0, 0x0, 0x0, 0x0, 0x0, 0x0, 0x0, 0x0,
    0xb, 0xc0, 0x0, 0x0, 0x0, 0x0, 0x0, 0x5f,
    0xff, 0xff, 0xff, 0xff, 0xe0, 0x3, 0xfc, 0x66,
    0x66, 0x66, 0x66, 0x50, 0xe, 0xf9, 0x66, 0x66,
    0x66, 0x65, 0x0, 0xa, 0x9f, 0xfe, 0xfe, 0xee,
    0xfb, 0x0, 0x0, 0x7f, 0x24, 0xfb, 0x20, 0xeb,
    0x0, 0x16, 0xcf, 0x66, 0x8f, 0x86, 0xfc, 0x61,
    0x3f, 0xff, 0xff, 0xff, 0xff, 0xff, 0xf4, 0x0,
    0xdb, 0x5, 0xf9, 0x10, 0xf9, 0x0, 0x0, 0xfb,
    0x55, 0x9f, 0x76, 0xfb, 0x50, 0x1, 0xff, 0xff,
    0xff, 0xff, 0xff, 0xe0, 0x0, 0x0, 0x0, 0x25,
    0x5a, 0xf6, 0x0, 0x0, 0x0, 0x0, 0x6f, 0xff,
    0xc1, 0x0,

    /* U+6BD4 "比" */
    0x1d, 0x80, 0x0, 0xbf, 0x0, 0x0, 0x1, 0xf9,
    0x0, 0xb, 0xf0, 0x0, 0x60, 0x1f, 0x90, 0x0,
    0xbf, 0x2, 0xcf, 0x41, 0xff, 0xff, 0x9b, 0xf7,
    0xff, 0x50, 0x1f, 0xdb, 0xb6, 0xbf, 0xfe, 0x30,
    0x1, 0xf9, 0x0, 0xb, 0xfa, 0x10, 0x0, 0x1f,
    0x90, 0x0, 0xbf, 0x0, 0x0, 0x1, 0xf9, 0x0,
    0xb, 0xf0, 0x0, 0xa4, 0x1f, 0x90, 0x3, 0xbf,
    0x0, 0x1f, 0x91, 0xfa, 0x8f, 0xab, 0xf0, 0x2,
    0xf8, 0x3f, 0xff, 0xe5, 0xaf, 0xa9, 0xcf, 0x61,
    0xfb, 0x50, 0x4, 0xef, 0xff, 0xc1, 0x1, 0x0,
    0x0, 0x0, 0x0, 0x0, 0x0,

    /* U+6C14 "气" */
    0x0, 0x9, 0xa0, 0x0, 0x0, 0x0, 0x0, 0x0,
    0x2f, 0xf8, 0x88, 0x88, 0x88, 0x60, 0x0, 0xcf,
    0xff, 0xff, 0xff, 0xff, 0xc0, 0x9, 0xfb, 0x44,
    0x44, 0x44, 0x43, 0x0, 0x1e, 0xd7, 0xff, 0xff,
    0xff, 0xfe, 0x0, 0x3, 0x20, 0x11, 0x11, 0x11,
    0x11, 0x0, 0x7, 0xff, 0xff, 0xff, 0xff, 0xf0,
    0x0, 0x4, 0x99, 0x99, 0x99, 0x9d, 0xf0, 0x0,
    0x0, 0x0, 0x0, 0x0, 0x9, 0xf0, 0x0, 0x0,
    0x0, 0x0, 0x0, 0x9, 0xf1, 0xc3, 0x0, 0x0,
    0x0, 0x0, 0x7, 0xf6, 0xf4, 0x0, 0x0, 0x0,
    0x0, 0x3, 0xff, 0xf0, 0x0, 0x0, 0x0, 0x0,
    0x0, 0x8f, 0x70,

    /* U+6C34 "水" */
    0x0, 0x0, 0x0, 0xce, 0x0, 0x0, 0x0, 0x0,
    0x0, 0x0, 0xce, 0x0, 0x0, 0x0, 0x0, 0x0,
    0x0, 0xcf, 0x0, 0x1d, 0x40, 0xf, 0xff, 0xf6,
    0xcf, 0x51, 0xdf, 0x70, 0xa, 0xab, 0xf6, 0xcf,
    0xcd, 0xf7, 0x0, 0x0, 0x5, 0xf3, 0xcf, 0xff,
    0x50, 0x0, 0x0, 0xb, 0xe0, 0xce, 0xec, 0x0,
    0x0, 0x0, 0x2f, 0x80, 0xce, 0x6f, 0x80, 0x0,
    0x0, 0xcf, 0x20, 0xce, 0xb, 0xf5, 0x0, 0x8,
    0xf7, 0x0, 0xce, 0x1, 0xef, 0x80, 0x2f, 0xc0,
    0x0, 0xce, 0x0, 0x2e, 0xf3, 0xa, 0x12, 0xaa,
    0xfe, 0x0, 0x2, 0x80, 0x0, 0x0, 0xff, 0xf7,
    0x0, 0x0, 0x0,

    /* U+6C42 "求" */
    0x0, 0x0, 0x0, 0x0, 0x0, 0x0, 0x0, 0x0,
    0x0, 0x0, 0xcd, 0xc, 0x90, 0x0, 0x0, 0x0,
    0x0, 0xcd, 0x6, 0xf7, 0x0, 0xe, 0xff, 0xff,
    0xff, 0xff, 0xff, 0xf1, 0x8, 0x99, 0x99, 0xef,
    0x99, 0x99, 0x90, 0x0, 0xb5, 0x0, 0xcf, 0x10,
    0x1d, 0x30, 0x0, 0xcf, 0x30, 0xcf, 0x81, 0xdf,
    0x30, 0x0, 0x1d, 0xb0, 0xdf, 0xfd, 0xf4, 0x0,
    0x0, 0x1, 0x5d, 0xfe, 0xef, 0x40, 0x0, 0x0,
    0x1a, 0xfe, 0xed, 0x5f, 0xb0, 0x0, 0x7, 0xff,
    0xa1, 0xcd, 0x8, 0xfc, 0x20, 0x1f, 0xe4, 0x0,
    0xcd, 0x0, 0x8f, 0xf2, 0x5, 0x11, 0x99, 0xfc,
    0x0, 0x5, 0xa0, 0x0, 0x0, 0xff, 0xe6, 0x0,
    0x0, 0x0,

    /* U+6C60 "池" */
    0x2, 0x70, 0x0, 0x1, 0xf7, 0x0, 0x0, 0x9,
    0xf8, 0x3, 0x11, 0xf7, 0x0, 0x0, 0x2, 0xcf,
    0x3f, 0x71, 0xf7, 0x2, 0x30, 0x0, 0x4, 0x1f,
    0x71, 0xfc, 0xdf, 0x90, 0x1d, 0x60, 0x2f, 0xdf,
    0xfe, 0x9f, 0x80, 0x1b, 0xf9, 0xef, 0xd8, 0xf7,
    0xf, 0x80, 0x0, 0x73, 0x5f, 0x71, 0xf7, 0xf,
    0x70, 0x0, 0x12, 0x1f, 0x71, 0xf9, 0x7f, 0x70,
    0x0, 0x7f, 0x2f, 0x71, 0xfa, 0xff, 0x20, 0x0,
    0xdb, 0x1f, 0x71, 0xe6, 0x12, 0xf4, 0x3, 0xf6,
    0x1f, 0x70, 0x0, 0x3, 0xf4, 0x9, 0xf0, 0xf,
    0xd7, 0x77, 0x7b, 0xf3, 0xd, 0xa0, 0x8, 0xff,
    0xff, 0xff, 0xa0, 0x0, 0x10, 0x0, 0x0, 0x0,
    0x0, 0x0,

    /* U+6CE8 "注" */
    0x0, 0x0, 0x0, 0x0, 0x0, 0x0, 0x0, 0x1,
    0x50, 0x0, 0x7, 0xf2, 0x0, 0x0, 0x8, 0xfa,
    0x0, 0x4, 0xf9, 0x0, 0x0, 0x0, 0x8e, 0x58,
    0x88, 0xea, 0x88, 0x80, 0x1, 0x1, 0x7f, 0xff,
    0xff, 0xff, 0xf0, 0x1e, 0x90, 0x0, 0x3, 0xf8,
    0x0, 0x0, 0xa, 0xfc, 0x0, 0x2, 0xf8, 0x0,
    0x0, 0x0, 0x66, 0x28, 0x89, 0xfc, 0x88, 0x50,
    0x0, 0x22, 0x4f, 0xff, 0xff, 0xff, 0x90, 0x0,
    0x8f, 0x20, 0x3, 0xf8, 0x0, 0x0, 0x0, 0xeb,
    0x0, 0x2, 0xf8, 0x0, 0x0, 0x5, 0xf5, 0x0,
    0x3, 0xf8, 0x0, 0x0, 0xb, 0xe0, 0xff, 0xff,
    0xff, 0xff, 0xf4, 0xb, 0x80, 0x88, 0x88, 0x88,
    0x88, 0x82, 0x0, 0x0, 0x0, 0x0, 0x0, 0x0,
    0x0,

    /* U+6CEA "泪" */
    0x0, 0x30, 0x0, 0x0, 0x0, 0x0, 0x0, 0x5f,
    0x81, 0xff, 0xff, 0xff, 0xfb, 0x0, 0x9f, 0x8f,
    0xc8, 0x88, 0x8f, 0xb0, 0x10, 0x41, 0xf8, 0x0,
    0x0, 0xeb, 0xd, 0xc1, 0x1f, 0xff, 0xff, 0xff,
    0xb0, 0x5f, 0xe2, 0xfc, 0x88, 0x88, 0xfb, 0x0,
    0x38, 0x1f, 0x80, 0x0, 0xe, 0xb0, 0x1, 0x1,
    0xfc, 0x88, 0x88, 0xfb, 0x0, 0x8f, 0x3f, 0xff,
    0xff, 0xff, 0xb0, 0xe, 0xd1, 0xf8, 0x0, 0x0,
    0xeb, 0x4, 0xf7, 0x1f, 0xb7, 0x77, 0x7f, 0xb0,
    0xbf, 0x11, 0xff, 0xff, 0xff, 0xfb, 0x6, 0x80,
    0x1f, 0x80, 0x0, 0xe, 0xb0, 0x0, 0x0, 0x0,
    0x0, 0x0, 0x0,

    /* U+6D4B "测" */
    0x0, 0x0, 0x0, 0x0, 0x0, 0x0, 0x0, 0xd9,
    0x3f, 0xff, 0xfe, 0x1, 0x6e, 0x3, 0xe9, 0xf6,
    0x69, 0xe5, 0xd6, 0xe0, 0x2, 0x2f, 0x5e, 0x4e,
    0x5d, 0x6e, 0xb, 0x32, 0xf5, 0xf5, 0xe5, 0xd6,
    0xe1, 0xdf, 0x6f, 0x5f, 0x5e, 0x5d, 0x6e, 0x1,
    0x93, 0xf5, 0xf4, 0xe5, 0xd6, 0xe0, 0x2, 0x2f,
    0x5f, 0x4e, 0x5d, 0x6e, 0x1, 0xf8, 0xf7, 0xe4,
    0xe5, 0xd6, 0xe0, 0x5f, 0x24, 0xbf, 0x53, 0x5d,
    0x6e, 0x9, 0xd0, 0x5f, 0xdf, 0x30, 0x6, 0xe0,
    0xe9, 0x6f, 0xb0, 0xbf, 0x46, 0xbe, 0x1d, 0x48,
    0xb0, 0x0, 0x63, 0xff, 0x80, 0x0, 0x0, 0x0,
    0x0, 0x0, 0x0,

    /* U+6D88 "消" */
    0x7, 0x60, 0x26, 0x8, 0xf1, 0x17, 0x0, 0xbf,
    0xa8, 0xf5, 0x8f, 0x1c, 0xe1, 0x0, 0x7a, 0xa,
    0xa8, 0xf5, 0xe3, 0x0, 0x60, 0x3, 0x77, 0xbf,
    0x78, 0x60, 0x4f, 0xc2, 0x7f, 0xff, 0xff, 0xff,
    0x0, 0x5f, 0x77, 0xf1, 0x0, 0x9, 0xf0, 0x0,
    0x30, 0x7f, 0xee, 0xee, 0xff, 0x0, 0x7, 0x47,
    0xf8, 0x77, 0x7c, 0xf0, 0x0, 0xfb, 0x7f, 0x43,
    0x33, 0xaf, 0x0, 0x3f, 0x67, 0xff, 0xff, 0xff,
    0xf0, 0x8, 0xf1, 0x7f, 0x43, 0x33, 0xaf, 0x0,
    0xdc, 0x7, 0xf1, 0x5, 0x7d, 0xf0, 0x1d, 0x80,
    0x7f, 0x10, 0x8f, 0xf9, 0x0, 0x0, 0x0, 0x10,
    0x0, 0x0, 0x0,

    /* U+6D9F "涟" */
    0x3, 0x50, 0x64, 0x0, 0x4b, 0x20, 0x0, 0xa,
    0xf2, 0xdc, 0x25, 0xbf, 0x65, 0x50, 0x1, 0xe8,
    0x6f, 0x8f, 0xff, 0xff, 0xf1, 0x3, 0x10, 0x16,
    0x15, 0xf6, 0x90, 0x0, 0x2f, 0x92, 0x77, 0xc,
    0xb6, 0xe0, 0x0, 0x8, 0xf9, 0xff, 0x1f, 0xff,
    0xff, 0xc0, 0x0, 0x40, 0x7f, 0x16, 0x6c, 0xf6,
    0x50, 0x0, 0x82, 0x7f, 0x10, 0x9, 0xe0, 0x0,
    0x4, 0xf4, 0x7f, 0x8f, 0xff, 0xff, 0xf2, 0x7,
    0xf1, 0x7f, 0x46, 0x6b, 0xf6, 0x61, 0xb, 0xd1,
    0xdf, 0x90, 0x6, 0xa0, 0x0, 0xf, 0x9b, 0xfc,
    0xfc, 0x87, 0x77, 0x72, 0x2f, 0x57, 0x60, 0x8d,
    0xff, 0xff, 0xf2, 0x0, 0x0, 0x0, 0x0, 0x0,
    0x0, 0x0,

    /* U+6DE1 "淡" */
    0x2, 0xb1, 0x5, 0x1, 0xf8, 0x3, 0x30, 0x4,
    0xfe, 0x5f, 0x91, 0xf7, 0x2e, 0xc0, 0x0, 0x3d,
    0x16, 0xf4, 0xf7, 0x8d, 0x10, 0x3, 0x10, 0x0,
    0x1a, 0xff, 0x82, 0x0, 0xe, 0xe3, 0x16, 0xdf,
    0x8a, 0xfe, 0x70, 0x3, 0xed, 0x9f, 0xc4, 0x73,
    0x3c, 0xf3, 0x0, 0x12, 0x18, 0x1, 0xf6, 0x3,
    0x60, 0x0, 0x55, 0x3f, 0x73, 0xf6, 0x1e, 0xb0,
    0x0, 0xcd, 0x8, 0xd8, 0xfc, 0x8e, 0x10, 0x1,
    0xf8, 0x0, 0x4f, 0xef, 0x81, 0x0, 0x6, 0xf2,
    0x7, 0xfe, 0x29, 0xfa, 0x10, 0xb, 0xd0, 0xef,
    0xc2, 0x0, 0x9f, 0xf3, 0x4, 0x50, 0x86, 0x0,
    0x0, 0x3, 0xa0,

    /* U+6E05 "清" */
    0x3, 0x60, 0x0, 0x3, 0xf4, 0x0, 0x0, 0xa,
    0xf9, 0xaf, 0xff, 0xff, 0xff, 0xe0, 0x0, 0xae,
    0x34, 0x47, 0xf7, 0x44, 0x30, 0x2, 0x1, 0x4f,
    0xff, 0xff, 0xff, 0x80, 0x1f, 0xa1, 0x77, 0x79,
    0xf9, 0x77, 0x71, 0x8, 0xfa, 0x77, 0x77, 0x77,
    0x77, 0x72, 0x0, 0x31, 0x4f, 0xff, 0xff, 0xff,
    0x50, 0x0, 0x52, 0x4f, 0x63, 0x33, 0x5f, 0x50,
    0x0, 0xeb, 0x4f, 0xff, 0xff, 0xff, 0x50, 0x3,
    0xf6, 0x4f, 0x62, 0x22, 0x4f, 0x50, 0x8, 0xf1,
    0x4f, 0xff, 0xff, 0xff, 0x50, 0xd, 0xd0, 0x4f,
    0x40, 0x13, 0x6f, 0x50, 0xc, 0x80, 0x4f, 0x40,
    0x4f, 0xfd, 0x10, 0x0, 0x0, 0x0, 0x0, 0x0,
    0x0, 0x0,

    /* U+6E10 "渐" */
    0x4, 0x20, 0xc, 0x50, 0x0, 0x3, 0x60, 0xd,
    0xe4, 0x6f, 0x86, 0x6d, 0xff, 0xf1, 0x1, 0xda,
    0xff, 0xff, 0x9f, 0x95, 0x10, 0x1, 0x0, 0xab,
    0x30, 0x8e, 0x0, 0x0, 0x1e, 0x60, 0xe8, 0xe0,
    0x8e, 0x55, 0x51, 0xa, 0xf8, 0xf6, 0xe2, 0x8f,
    0xff, 0xf5, 0x0, 0x77, 0xff, 0xfe, 0x8e, 0x3f,
    0x60, 0x0, 0x63, 0x4a, 0xe4, 0x9d, 0xf, 0x50,
    0x3, 0xf2, 0x19, 0xf7, 0x9d, 0xf, 0x50, 0x7,
    0xe9, 0xff, 0xfd, 0xbb, 0xf, 0x50, 0xb, 0xb5,
    0x6a, 0xe0, 0xe7, 0xf, 0x50, 0xf, 0x70, 0x8,
    0xe4, 0xf3, 0xf, 0x50, 0x1b, 0x30, 0x8, 0xe6,
    0xc0, 0xd, 0x40, 0x0, 0x0, 0x0, 0x0, 0x0,
    0x0, 0x0,

    /* U+6E21 "渡" */
    0x0, 0x0, 0x0, 0x0, 0x0, 0x0, 0x0, 0x5,
    0x20, 0x0, 0x2, 0xf7, 0x0, 0x0, 0xd, 0xf4,
    0xef, 0xff, 0xff, 0xff, 0xf1, 0x1, 0xc7, 0xeb,
    0x6f, 0x85, 0xfa, 0x50, 0x0, 0x0, 0xeb, 0x6f,
    0x85, 0xfa, 0x50, 0x3e, 0x40, 0xef, 0xff, 0xff,
    0xff, 0xf0, 0x1c, 0xf4, 0xe8, 0x1f, 0x51, 0xe7,
    0x0, 0x0, 0x90, 0xe8, 0x1f, 0xff, 0xf7, 0x0,
    0x1, 0x50, 0xf8, 0x44, 0x44, 0x44, 0x0, 0x5,
    0xf2, 0xf7, 0xef, 0xff, 0xff, 0x20, 0x8, 0xe3,
    0xf5, 0x8f, 0x42, 0xeb, 0x0, 0xd, 0xa6, 0xf2,
    0xa, 0xff, 0xc0, 0x0, 0x1f, 0x6c, 0xe6, 0xae,
    0xff, 0xfb, 0x80, 0x3e, 0x3d, 0x7c, 0xd8, 0x11,
    0x7c, 0xd0, 0x0, 0x0, 0x0, 0x0, 0x0, 0x0,
    0x0,

    /* U+6E29 "温" */
    0x0, 0x0, 0x0, 0x0, 0x0, 0x0, 0x0, 0xc,
    0xa1, 0x8f, 0xff, 0xff, 0xfb, 0x0, 0x6, 0xfd,
    0x8f, 0x88, 0x88, 0xdb, 0x0, 0x3, 0x36, 0x8f,
    0xff, 0xff, 0xfb, 0x0, 0x7f, 0x70, 0x8f, 0x22,
    0x22, 0xbb, 0x0, 0xa, 0xf6, 0x8f, 0xff, 0xff,
    0xfb, 0x0, 0x0, 0x60, 0x12, 0x22, 0x22, 0x21,
    0x0, 0x0, 0x71, 0xff, 0xff, 0xff, 0xff, 0x30,
    0x4, 0xf3, 0xf9, 0xbc, 0x9d, 0x7f, 0x30, 0x9,
    0xf0, 0xf7, 0x9a, 0x6d, 0x3f, 0x30, 0xe, 0xa0,
    0xf7, 0x9a, 0x6d, 0x3f, 0x30, 0x3f, 0x6e, 0xff,
    0xff, 0xff, 0xff, 0xf1, 0x17, 0x15, 0x66, 0x66,
    0x66, 0x66, 0x60,

    /* U+6E32 "渲" */
    0x1, 0x10, 0x0, 0x4, 0xb2, 0x0, 0x0, 0xb,
    0xe3, 0x56, 0x69, 0xfa, 0x66, 0x60, 0x2, 0xdd,
    0xdf, 0xee, 0xee, 0xee, 0xf1, 0x0, 0x12, 0xca,
    0x33, 0x33, 0x37, 0xf0, 0x1e, 0x60, 0xc, 0xff,
    0xff, 0xff, 0x0, 0x1b, 0xf8, 0x3, 0x33, 0x33,
    0x33, 0x0, 0x0, 0x93, 0x2f, 0xfe, 0xee, 0xef,
    0x40, 0x0, 0x42, 0x2f, 0x96, 0x66, 0x8f, 0x40,
    0x0, 0xea, 0x2f, 0x96, 0x66, 0x8f, 0x40, 0x2,
    0xf6, 0x2f, 0xfe, 0xee, 0xef, 0x40, 0x7, 0xf2,
    0x3, 0x33, 0x33, 0x33, 0x10, 0xc, 0xd0, 0x55,
    0x55, 0x55, 0x55, 0x51, 0xf, 0x91, 0xff, 0xff,
    0xff, 0xff, 0xf3, 0x0, 0x10, 0x0, 0x0, 0x0,
    0x0, 0x0,

    /* U+6E7F "湿" */
    0x0, 0x20, 0x0, 0x0, 0x0, 0x0, 0x0, 0x7,
    0xf5, 0x3f, 0xff, 0xff, 0xff, 0xb0, 0x1, 0xcf,
    0x7f, 0x84, 0x44, 0x4e, 0xb0, 0x0, 0x7, 0x3f,
    0xfe, 0xee, 0xef, 0xb0, 0xb, 0x90, 0x3f, 0x73,
    0x33, 0x3e, 0xb0, 0x7, 0xfd, 0x3f, 0xff, 0xff,
    0xff, 0xb0, 0x0, 0x47, 0x3, 0x6f, 0x6c, 0xc3,
    0x20, 0x0, 0x22, 0x78, 0x3f, 0x3b, 0xb1, 0xd2,
    0x0, 0x9f, 0x8f, 0x5f, 0x3b, 0xb8, 0xe0, 0x0,
    0xeb, 0xf, 0xcf, 0x3b, 0xce, 0x70, 0x2, 0xf6,
    0x7, 0x9f, 0x3b, 0xca, 0x0, 0x7, 0xf2, 0x66,
    0x8f, 0x8d, 0xd6, 0x62, 0x9, 0xc1, 0xff, 0xff,
    0xff, 0xff, 0xf7, 0x0, 0x0, 0x0, 0x0, 0x0,
    0x0, 0x0,

    /* U+6E90 "源" */
    0x1, 0x0, 0x0, 0x0, 0x0, 0x0, 0x0, 0xd,
    0xb1, 0xef, 0xff, 0xff, 0xff, 0xf1, 0x4, 0xfb,
    0xeb, 0x66, 0xed, 0x66, 0x60, 0x7, 0x33, 0xe8,
    0x9f, 0xff, 0xff, 0x60, 0x5f, 0x90, 0xe8, 0xad,
    0x55, 0x5f, 0x70, 0x8, 0xf8, 0xe8, 0xad, 0x55,
    0x5f, 0x70, 0x0, 0x72, 0xe8, 0xaf, 0xcc, 0xcf,
    0x70, 0x0, 0x30, 0xf8, 0xad, 0x55, 0x5f, 0x70,
    0x4, 0xf4, 0xf6, 0x9f, 0xff, 0xff, 0x60, 0x8,
    0xf4, 0xf4, 0x45, 0x5f, 0x46, 0x0, 0xc, 0xb7,
    0xf2, 0xe9, 0x5f, 0x7f, 0x40, 0xf, 0x7d, 0xdb,
    0xe6, 0xaf, 0x1a, 0xe1, 0x2d, 0x5e, 0x65, 0x3c,
    0xfb, 0x1, 0x60, 0x0, 0x0, 0x0, 0x0, 0x0,
    0x0, 0x0,

    /* U+6EDE "滞" */
    0x8, 0x70, 0x2f, 0x36, 0xf0, 0x7e, 0x0, 0x9,
    0xf7, 0xbf, 0xbc, 0xfa, 0xdf, 0xa3, 0x0, 0xc8,
    0xbf, 0xcd, 0xfb, 0xdf, 0xb3, 0x0, 0x0, 0x2f,
    0x36, 0xf0, 0x7e, 0x0, 0x1e, 0x61, 0x55, 0x55,
    0x55, 0x55, 0x50, 0xb, 0xf8, 0xff, 0xff, 0xff,
    0xff, 0xf1, 0x1, 0xb7, 0xf2, 0x6, 0xf0, 0x5,
    0xf1, 0x0, 0x41, 0x56, 0x5a, 0xf6, 0x56, 0x40,
    0x2, 0xf7, 0x9f, 0xff, 0xff, 0xff, 0x60, 0x6,
    0xf3, 0x9d, 0x6, 0xf0, 0xf, 0x60, 0xa, 0xf0,
    0x9d, 0x6, 0xf2, 0x5f, 0x60, 0xe, 0xb0, 0x9d,
    0x6, 0xf7, 0xff, 0x30, 0xa, 0x70, 0x11, 0x6,
    0xf1, 0x10, 0x0,

    /* U+6EE1 "满" */
    0x5, 0x40, 0x1, 0xf6, 0x8, 0xf0, 0x0, 0xb,
    0xf9, 0xdd, 0xfe, 0xde, 0xfd, 0xd1, 0x0, 0xa8,
    0x77, 0xfa, 0x7b, 0xf7, 0x70, 0x2, 0x1, 0x55,
    0x86, 0x57, 0x85, 0x50, 0x1f, 0x93, 0xff, 0xff,
    0xff, 0xff, 0xf2, 0x8, 0xf9, 0x0, 0xab, 0xe,
    0x70, 0x0, 0x0, 0x62, 0xef, 0xff, 0xff, 0xff,
    0xb0, 0x0, 0x72, 0xf9, 0xbc, 0x5f, 0x7b, 0xb0,
    0x2, 0xf6, 0xf7, 0xbf, 0x6f, 0x8a, 0xb0, 0x7,
    0xf2, 0xf8, 0xfa, 0xee, 0xfe, 0xb0, 0xb, 0xe0,
    0xff, 0xc1, 0xe7, 0x5c, 0xb0, 0xf, 0xa0, 0xf8,
    0x32, 0xa1, 0x5c, 0xb0, 0x1c, 0x60, 0xf7, 0x0,
    0x1, 0xff, 0x60, 0x0, 0x0, 0x0, 0x0, 0x0,
    0x0, 0x0,

    /* U+6F02 "漂" */
    0x0, 0x0, 0x0, 0x0, 0x0, 0x0, 0x0, 0xa,
    0xc3, 0xff, 0xff, 0xff, 0xff, 0xf0, 0x4, 0xfb,
    0x66, 0xbe, 0x6f, 0x96, 0x60, 0x0, 0x31, 0xff,
    0xff, 0xff, 0xff, 0xc0, 0x1e, 0x60, 0xf5, 0x7d,
    0xf, 0x48, 0xc0, 0x9, 0xf6, 0xff, 0xff, 0xff,
    0xff, 0xc0, 0x0, 0x50, 0x34, 0x44, 0x44, 0x44,
    0x20, 0x0, 0x30, 0x9f, 0xff, 0xff, 0xff, 0x60,
    0x2, 0xf6, 0x55, 0x55, 0x55, 0x55, 0x50, 0x6,
    0xf5, 0xff, 0xff, 0xff, 0xff, 0xf1, 0xa, 0xd0,
    0x2c, 0x23, 0xf4, 0xa5, 0x0, 0xe, 0xa8, 0xfb,
    0x68, 0xf4, 0x9f, 0xb1, 0x1c, 0x68, 0x60, 0xef,
    0xd0, 0x3, 0xb0,

    /* U+6F2A "漪" */
    0x3, 0x1, 0x40, 0x0, 0xe, 0x70, 0x2, 0xf9,
    0x8e, 0x6c, 0x66, 0xfb, 0x64, 0xa, 0xf6, 0xff,
    0x8c, 0xef, 0xed, 0x90, 0x4, 0x3f, 0xe0, 0xa,
    0xfe, 0x70, 0x3e, 0x4e, 0xef, 0xd, 0xd3, 0x5d,
    0x81, 0xcf, 0x53, 0xf6, 0xec, 0xcc, 0xdd, 0x0,
    0x40, 0xaf, 0x66, 0x66, 0x6f, 0x80, 0x38, 0x9f,
    0xf5, 0xdd, 0xd3, 0xf4, 0x7, 0xfd, 0x6e, 0x6f,
    0x6f, 0x4f, 0x40, 0xac, 0x20, 0xe6, 0xf3, 0xe4,
    0xf4, 0xd, 0x90, 0xf, 0x6f, 0xff, 0x4f, 0x40,
    0xf7, 0x47, 0xf4, 0x11, 0x46, 0xf3, 0x2e, 0x48,
    0xfb, 0x0, 0xb, 0xfd, 0x0, 0x0, 0x0, 0x0,
    0x0, 0x0, 0x0,

    /* U+706B "火" */
    0x0, 0x0, 0x0, 0xce, 0x0, 0x0, 0x0, 0x0,
    0x10, 0x0, 0xce, 0x0, 0x1, 0x0, 0x7, 0xf3,
    0x0, 0xce, 0x0, 0x1f, 0x80, 0x3, 0xfd, 0x0,
    0xce, 0x0, 0xbf, 0x40, 0x0, 0x8f, 0x70, 0xdf,
    0x6, 0xfa, 0x0, 0x0, 0xd, 0xd1, 0xff, 0x2d,
    0xe1, 0x0, 0x0, 0x2, 0x14, 0xff, 0x71, 0x30,
    0x0, 0x0, 0x0, 0xc, 0xfd, 0xe1, 0x0, 0x0,
    0x0, 0x0, 0x8f, 0x84, 0xfb, 0x0, 0x0, 0x0,
    0x9, 0xfc, 0x0, 0x8f, 0xc1, 0x0, 0x4, 0xdf,
    0xc1, 0x0, 0x9, 0xfe, 0x60, 0xe, 0xf9, 0x0,
    0x0, 0x0, 0x6f, 0xe1, 0x3, 0x40, 0x0, 0x0,
    0x0, 0x1, 0x30,

    /* U+706F "灯" */
    0x0, 0x1f, 0x70, 0x0, 0x0, 0x0, 0x0, 0x0,
    0x1f, 0x70, 0x9f, 0xff, 0xff, 0xf1, 0x29, 0x1f,
    0x78, 0x7a, 0xad, 0xfa, 0xa0, 0x2f, 0x3f, 0xef,
    0x60, 0x9, 0xf0, 0x0, 0xe, 0x7f, 0xf7, 0x0,
    0x9, 0xf0, 0x0, 0xa, 0xbf, 0x90, 0x0, 0x9,
    0xf0, 0x0, 0x5, 0x9f, 0x60, 0x0, 0x9, 0xf0,
    0x0, 0x0, 0x4f, 0x60, 0x0, 0x9, 0xf0, 0x0,
    0x0, 0x7f, 0xe1, 0x0, 0x9, 0xf0, 0x0, 0x0,
    0xce, 0xfa, 0x0, 0x9, 0xf0, 0x0, 0x4, 0xf7,
    0x7f, 0x30, 0x9, 0xf0, 0x0, 0xd, 0xe1, 0x7,
    0x19, 0x9e, 0xf0, 0x0, 0xb, 0x60, 0x0, 0xf,
    0xfe, 0x70, 0x0, 0x0, 0x0, 0x0, 0x0, 0x0,
    0x0, 0x0,

    /* U+70B9 "点" */
    0x0, 0x0, 0x1, 0xf8, 0x0, 0x0, 0x0, 0x0,
    0x0, 0x1, 0xfd, 0x99, 0x99, 0x90, 0x0, 0x0,
    0x1, 0xff, 0xff, 0xff, 0xf0, 0x0, 0x0, 0x1,
    0xf9, 0x0, 0x0, 0x0, 0x0, 0xef, 0xff, 0xff,
    0xff, 0xfe, 0x0, 0x0, 0xed, 0x88, 0x88, 0x88,
    0xde, 0x0, 0x0, 0xeb, 0x0, 0x0, 0x0, 0xbe,
    0x0, 0x0, 0xee, 0x99, 0x99, 0x99, 0xee, 0x0,
    0x0, 0xef, 0xff, 0xff, 0xff, 0xfe, 0x0, 0x0,
    0xb3, 0x14, 0x2, 0x60, 0x4a, 0x0, 0x6, 0xf3,
    0x8f, 0x6, 0xf2, 0x5f, 0x60, 0xe, 0xc0, 0x5f,
    0x40, 0xf7, 0xc, 0xe0, 0x2c, 0x40, 0x2c, 0x40,
    0x75, 0x4, 0xb1, 0x0, 0x0, 0x0, 0x0, 0x0,
    0x0, 0x0,

    /* U+7136 "然" */
    0x0, 0x1, 0x0, 0x0, 0x0, 0x0, 0x0, 0x0,
    0xe, 0xb0, 0x0, 0x6f, 0x35, 0x0, 0x0, 0x5f,
    0xec, 0xc2, 0x6f, 0x8f, 0x30, 0x0, 0xdf, 0xee,
    0xf3, 0x6f, 0xa, 0x60, 0x6, 0xfc, 0x27, 0xf8,
    0xbf, 0x77, 0x70, 0x2f, 0xca, 0x9d, 0xaf, 0xff,
    0xff, 0xe0, 0x2f, 0xe4, 0x6f, 0x30, 0xbf, 0x90,
    0x0, 0x1, 0x67, 0xfa, 0x3, 0xfd, 0xf2, 0x0,
    0x0, 0x3e, 0xd1, 0x3e, 0xd0, 0xce, 0x30, 0x6,
    0xfe, 0x25, 0xfe, 0x20, 0x2e, 0xf1, 0x7, 0xf2,
    0x1, 0x91, 0x0, 0x3, 0x50, 0x0, 0xea, 0x6f,
    0x7, 0xf0, 0x8e, 0x10, 0x6, 0xf4, 0x5f, 0x42,
    0xf5, 0x2f, 0x90, 0xd, 0xc0, 0x1e, 0x50, 0xb6,
    0xa, 0xc0, 0x0, 0x10, 0x0, 0x0, 0x0, 0x0,
    0x0,

    /* U+7231 "爱" */
    0x0, 0x0, 0x0, 0x0, 0x13, 0x45, 0x20, 0x6,
    0xde, 0xef, 0xff, 0xff, 0xfe, 0x50, 0x3, 0x9e,
    0x85, 0xca, 0x22, 0xa4, 0x0, 0x9, 0xdf, 0xed,
    0xff, 0xde, 0xfd, 0xa0, 0xb, 0xd6, 0x8b, 0x76,
    0x66, 0x6d, 0xc0, 0x8, 0x98, 0xbf, 0x98, 0x88,
    0x89, 0x80, 0xc, 0xee, 0xff, 0xee, 0xee, 0xee,
    0xd0, 0x0, 0x5, 0xf8, 0x33, 0x33, 0x32, 0x0,
    0x0, 0x1e, 0xff, 0xff, 0xff, 0xfc, 0x0, 0x1,
    0xde, 0x9f, 0x70, 0x3d, 0xf4, 0x0, 0x2e, 0xe3,
    0x7, 0xfe, 0xfd, 0x20, 0x0, 0x1d, 0x68, 0xbf,
    0xfc, 0xff, 0xec, 0x91, 0x0, 0x8e, 0xa6, 0x10,
    0x4, 0x8c, 0xd0, 0x0, 0x0, 0x0, 0x0, 0x0,
    0x0, 0x0,

    /* U+7259 "牙" */
    0xd, 0xff, 0xff, 0xff, 0xff, 0xff, 0xf0, 0x6,
    0x88, 0x88, 0x88, 0xbf, 0x98, 0x80, 0x0, 0x8e,
    0x20, 0x0, 0x7f, 0x30, 0x0, 0x0, 0xec, 0x0,
    0x0, 0x7f, 0x30, 0x0, 0x1, 0xff, 0xff, 0xff,
    0xff, 0xff, 0xf2, 0x1, 0x99, 0x99, 0xef, 0xdf,
    0xa9, 0x91, 0x0, 0x0, 0x6, 0xf9, 0x7f, 0x30,
    0x0, 0x0, 0x0, 0x7f, 0xb0, 0x7f, 0x30, 0x0,
    0x0, 0x1b, 0xfb, 0x0, 0x7f, 0x30, 0x0, 0x6,
    0xef, 0x90, 0x0, 0x7f, 0x30, 0x0, 0x1e, 0xe5,
    0x2, 0x99, 0xef, 0x30, 0x0, 0x3, 0x0, 0x2,
    0xff, 0xfa, 0x0, 0x0,

    /* U+7279 "特" */
    0x0, 0x1e, 0x50, 0x0, 0xaf, 0x0, 0x0, 0x8,
    0x6f, 0x60, 0x66, 0xcf, 0x66, 0x30, 0xc, 0x7f,
    0x71, 0xff, 0xff, 0xff, 0x80, 0xe, 0xff, 0xf4,
    0x11, 0xaf, 0x11, 0x0, 0xf, 0x9f, 0xb8, 0x88,
    0xdf, 0x88, 0x80, 0x3e, 0x1f, 0x6a, 0xff, 0xff,
    0xff, 0xf1, 0x15, 0x1f, 0xb2, 0x0, 0x0, 0xf9,
    0x0, 0x18, 0xdf, 0xfc, 0xff, 0xff, 0xff, 0xf0,
    0x3f, 0xef, 0x73, 0xc8, 0x77, 0xfc, 0x70, 0x4,
    0x1f, 0x60, 0xec, 0x0, 0xf9, 0x0, 0x0, 0x1f,
    0x60, 0x4f, 0x50, 0xf9, 0x0, 0x0, 0x1f, 0x60,
    0x4, 0x89, 0xf8, 0x0, 0x0, 0x1f, 0x60, 0x0,
    0xff, 0xe3, 0x0,

    /* U+72B6 "状" */
    0x0, 0x0, 0x0, 0x0, 0x0, 0x0, 0x0, 0x0,
    0x8, 0xf0, 0x0, 0xea, 0x43, 0x0, 0x1, 0x8,
    0xf0, 0x0, 0xea, 0xce, 0x10, 0x1f, 0x58, 0xf0,
    0x0, 0xea, 0x2f, 0x60, 0xc, 0xb8, 0xf1, 0x0,
    0xea, 0x3, 0x0, 0x6, 0xfa, 0xf9, 0xff, 0xff,
    0xff, 0xf0, 0x0, 0xfe, 0xf5, 0x88, 0xfd, 0x88,
    0x80, 0x0, 0x29, 0xf0, 0x2, 0xfd, 0x0, 0x0,
    0x0, 0x8f, 0xf0, 0x5, 0xff, 0x20, 0x0, 0x1b,
    0xff, 0xf0, 0xb, 0xff, 0x90, 0x0, 0x3f, 0x78,
    0xf0, 0x4f, 0x8a, 0xf4, 0x0, 0x4, 0x8, 0xf3,
    0xee, 0x11, 0xfe, 0x20, 0x0, 0x8, 0xfe, 0xf4,
    0x0, 0x4f, 0xe1, 0x0, 0x8, 0xf9, 0x60, 0x0,
    0x5, 0x90, 0x0, 0x0, 0x0, 0x0, 0x0, 0x0,
    0x0,

    /* U+732B "猫" */
    0x0, 0x0, 0x0, 0x0, 0x0, 0x0, 0x0, 0xa,
    0x60, 0x80, 0x5f, 0x21, 0xf5, 0x0, 0xb, 0xeb,
    0xfd, 0xcf, 0xbb, 0xfc, 0xb2, 0x2, 0xff, 0x5c,
    0xdf, 0xdd, 0xfd, 0xc3, 0x1c, 0xfe, 0x0, 0x4f,
    0x21, 0xf5, 0x0, 0x3f, 0xbf, 0x23, 0x55, 0x55,
    0x55, 0x30, 0x4, 0x3f, 0x4a, 0xff, 0xff, 0xff,
    0xb0, 0x0, 0xcf, 0x6a, 0xd1, 0xab, 0x1b, 0xb0,
    0x9, 0xff, 0x7a, 0xd4, 0xbc, 0x4c, 0xb0, 0x3f,
    0x5e, 0x8a, 0xff, 0xff, 0xff, 0xb0, 0x5, 0xe,
    0x8a, 0xd1, 0xab, 0x1b, 0xb0, 0x0, 0xf, 0x8a,
    0xd3, 0xbc, 0x3c, 0xb0, 0x7, 0x9f, 0x6a, 0xff,
    0xff, 0xff, 0xb0, 0xd, 0xfc, 0x1a, 0xd3, 0x33,
    0x3c, 0xb0, 0x0, 0x0, 0x1, 0x10, 0x0, 0x1,
    0x10,

    /* U+7387 "率" */
    0x0, 0x0, 0x0, 0x99, 0x0, 0x0, 0x0, 0x7,
    0x77, 0x77, 0xef, 0x87, 0x77, 0x70, 0xe, 0xee,
    0xef, 0xff, 0xee, 0xee, 0xe0, 0x7, 0xb1, 0x1c,
    0xb1, 0xa6, 0x1a, 0x70, 0x3, 0xec, 0xdf, 0xff,
    0xd3, 0xed, 0x20, 0x0, 0x28, 0x48, 0xfd, 0x80,
    0xa1, 0x0, 0x1, 0xbf, 0x9f, 0xc4, 0xfb, 0xfd,
    0x40, 0xf, 0xf5, 0xef, 0xff, 0xff, 0x8e, 0xe0,
    0x7, 0x10, 0x33, 0x65, 0x8, 0x1, 0x50, 0x17,
    0x77, 0x77, 0xee, 0x77, 0x77, 0x71, 0x3f, 0xff,
    0xff, 0xff, 0xff, 0xff, 0xf3, 0x0, 0x0, 0x0,
    0xcd, 0x0, 0x0, 0x0, 0x0, 0x0, 0x0, 0xcd,
    0x0, 0x0, 0x0,

    /* U+73AF "环" */
    0xe, 0xee, 0xea, 0xff, 0xff, 0xff, 0xe0, 0x9,
    0xdf, 0x96, 0x99, 0xdf, 0x99, 0x80, 0x0, 0xae,
    0x0, 0x0, 0xec, 0x0, 0x0, 0x0, 0xae, 0x0,
    0x5, 0xfb, 0x0, 0x0, 0x8, 0xdf, 0x92, 0xd,
    0xfc, 0x70, 0x0, 0xe, 0xff, 0xf3, 0x8f, 0xff,
    0xf7, 0x0, 0x0, 0xae, 0x4, 0xfb, 0xeb, 0xaf,
    0x50, 0x0, 0xae, 0x2f, 0xe1, 0xeb, 0xc, 0xf2,
    0x0, 0xae, 0x5b, 0x30, 0xeb, 0x1, 0x80, 0x2a,
    0xef, 0xf5, 0x0, 0xeb, 0x0, 0x0, 0x2f, 0xb8,
    0x51, 0x0, 0xeb, 0x0, 0x0, 0x0, 0x0, 0x0,
    0x0, 0xeb, 0x0, 0x0,

    /* U+73B0 "现" */
    0x2f, 0xff, 0xf9, 0xff, 0xff, 0xff, 0x70, 0x18,
    0xed, 0x88, 0xf8, 0x88, 0x8f, 0x70, 0x0, 0xda,
    0x8, 0xf0, 0xd9, 0xf, 0x70, 0x0, 0xda, 0x8,
    0xf0, 0xd9, 0xf, 0x70, 0x1f, 0xff, 0xe8, 0xf0,
    0xe9, 0xf, 0x70, 0x8, 0xed, 0x88, 0xf0, 0xf8,
    0xf, 0x70, 0x0, 0xda, 0x8, 0xf1, 0xf6, 0xf,
    0x70, 0x0, 0xda, 0x7, 0xd5, 0xff, 0x2e, 0x60,
    0x0, 0xdb, 0x81, 0xd, 0xff, 0x21, 0x70, 0x29,
    0xff, 0xf3, 0xaf, 0xbf, 0x22, 0xf2, 0x3f, 0xa5,
    0x4c, 0xf8, 0x5f, 0x9a, 0xf1, 0x0, 0x0, 0x7f,
    0x70, 0x1e, 0xff, 0xb0, 0x0, 0x0, 0x2, 0x0,
    0x0, 0x0, 0x0,

    /* U+7403 "球" */
    0x0, 0x0, 0x0, 0x0, 0xe8, 0x84, 0x0, 0x1f,
    0xff, 0xf0, 0x0, 0xe8, 0x8f, 0x30, 0x1c, 0xff,
    0xc7, 0x88, 0xfc, 0x8f, 0x90, 0x0, 0xcb, 0xc,
    0xff, 0xff, 0xff, 0xf1, 0x0, 0xcb, 0x3, 0x20,
    0xec, 0x3, 0x20, 0x8, 0xed, 0x7b, 0xc0, 0xef,
    0x4e, 0xb0, 0xf, 0xff, 0xe1, 0xe5, 0xef, 0xfd,
    0x10, 0x0, 0xcb, 0x0, 0x28, 0xff, 0xf3, 0x0,
    0x0, 0xcb, 0x1, 0xbf, 0xf9, 0xea, 0x0, 0x0,
    0xcb, 0x2d, 0xf4, 0xe8, 0x6f, 0x70, 0x17, 0xef,
    0xe5, 0x20, 0xe8, 0xa, 0xf1, 0x2f, 0xfc, 0x80,
    0x68, 0xf8, 0x0, 0x60, 0x2, 0x0, 0x0, 0xbf,
    0xd3, 0x0, 0x0,

    /* U+7406 "理" */
    0x2f, 0xff, 0xf9, 0xff, 0xff, 0xff, 0x80, 0x18,
    0xed, 0x79, 0xf6, 0xbf, 0x6f, 0x80, 0x0, 0xca,
    0x9, 0xf6, 0xbf, 0x6f, 0x80, 0x0, 0xca, 0x9,
    0xfe, 0xff, 0xef, 0x80, 0x9, 0xed, 0x79, 0xf0,
    0x9e, 0xe, 0x80, 0xd, 0xff, 0xb9, 0xff, 0xff,
    0xff, 0x80, 0x0, 0xca, 0x4, 0x77, 0xcf, 0x77,
    0x30, 0x0, 0xca, 0x4, 0x77, 0xcf, 0x77, 0x50,
    0x0, 0xcb, 0x4a, 0xff, 0xff, 0xff, 0xb0, 0x19,
    0xef, 0xf0, 0x0, 0x9e, 0x0, 0x0, 0x2f, 0xc8,
    0x9f, 0xff, 0xff, 0xff, 0xf2, 0x0, 0x0, 0x27,
    0x77, 0x77, 0x77, 0x71,

    /* U+751F "生" */
    0x0, 0x5, 0x10, 0x9f, 0x10, 0x0, 0x0, 0x0,
    0x3f, 0x80, 0x9f, 0x10, 0x0, 0x0, 0x0, 0x8f,
    0x50, 0x9f, 0x20, 0x0, 0x0, 0x0, 0xef, 0xff,
    0xff, 0xff, 0xff, 0xa0, 0x6, 0xfa, 0x88, 0xcf,
    0x88, 0x88, 0x50, 0xd, 0xc0, 0x0, 0x9f, 0x10,
    0x0, 0x0, 0x0, 0x98, 0x88, 0xdf, 0x98, 0x88,
    0x10, 0x0, 0xdf, 0xff, 0xff, 0xff, 0xff, 0x20,
    0x0, 0x0, 0x0, 0x9f, 0x20, 0x0, 0x0, 0x0,
    0x0, 0x0, 0x9f, 0x10, 0x0, 0x0, 0x0, 0x0,
    0x0, 0x9f, 0x20, 0x0, 0x0, 0xe, 0xff, 0xff,
    0xff, 0xff, 0xff, 0xf2, 0x8, 0x88, 0x88, 0x88,
    0x88, 0x88, 0x81,

    /* U+7528 "用" */
    0x1, 0xff, 0xff, 0xff, 0xff, 0xff, 0x80, 0x1f,
    0xd9, 0x9d, 0xf9, 0x9a, 0xf8, 0x1, 0xf9, 0x0,
    0xaf, 0x0, 0x1f, 0x80, 0x1f, 0xd9, 0x9d, 0xf9,
    0x9a, 0xf8, 0x1, 0xff, 0xff, 0xff, 0xff, 0xff,
    0x80, 0x1f, 0x90, 0xa, 0xf0, 0x1, 0xf8, 0x1,
    0xfc, 0x88, 0xdf, 0x88, 0x8f, 0x80, 0x1f, 0xff,
    0xff, 0xff, 0xff, 0xf8, 0x2, 0xf7, 0x0, 0xaf,
    0x0, 0x1f, 0x80, 0x6f, 0x30, 0xa, 0xf0, 0x1,
    0xf8, 0xb, 0xf0, 0x0, 0xaf, 0x8, 0xaf, 0x81,
    0xe9, 0x0, 0xa, 0xf0, 0xff, 0xe3, 0x0, 0x0,
    0x0, 0x0, 0x0, 0x0, 0x0,

    /* U+7531 "由" */
    0x0, 0x0, 0xe, 0xb0, 0x0, 0x0, 0x0, 0x0,
    0xe, 0xb0, 0x0, 0x0, 0x8f, 0xff, 0xff, 0xff,
    0xff, 0xf4, 0x8f, 0x99, 0x9f, 0xe9, 0x9b, 0xf4,
    0x8f, 0x10, 0xe, 0xb0, 0x5, 0xf4, 0x8f, 0x10,
    0xe, 0xb0, 0x5, 0xf4, 0x8f, 0x99, 0x9f, 0xe9,
    0x9b, 0xf4, 0x8f, 0xff, 0xff, 0xff, 0xff, 0xf4,
    0x8f, 0x10, 0xe, 0xb0, 0x5, 0xf4, 0x8f, 0x10,
    0xe, 0xb0, 0x5, 0xf4, 0x8f, 0x88, 0x8f, 0xd8,
    0x8a, 0xf4, 0x8f, 0xff, 0xff, 0xff, 0xff, 0xf4,
    0x8f, 0x10, 0x0, 0x0, 0x5, 0xf4,

    /* U+7535 "电" */
    0x0, 0x0, 0x1f, 0x90, 0x0, 0x0, 0x2, 0x44,
    0x45, 0xfa, 0x44, 0x43, 0x0, 0x8f, 0xff, 0xff,
    0xff, 0xff, 0xe0, 0x8, 0xf4, 0x34, 0xfa, 0x33,
    0xce, 0x0, 0x8f, 0x10, 0x1f, 0x90, 0xb, 0xe0,
    0x8, 0xff, 0xff, 0xff, 0xff, 0xfe, 0x0, 0x8f,
    0x77, 0x7f, 0xc7, 0x7d, 0xe0, 0x8, 0xf1, 0x1,
    0xf9, 0x0, 0xbe, 0x0, 0x8f, 0xff, 0xff, 0xff,
    0xff, 0xf2, 0x4, 0x88, 0x88, 0xfc, 0x88, 0x89,
    0xf5, 0x0, 0x0, 0x1f, 0x90, 0x0, 0x4f, 0x50,
    0x0, 0x0, 0xfe, 0x77, 0x7c, 0xf3, 0x0, 0x0,
    0x8, 0xff, 0xff, 0xfa, 0x0,

    /* U+753B "画" */
    0x3f, 0xff, 0xff, 0xff, 0xff, 0xff, 0xf3, 0x17,
    0x77, 0x77, 0x77, 0x77, 0x77, 0x71, 0x7, 0x83,
    0xff, 0xff, 0xff, 0x48, 0x70, 0xa, 0xd4, 0xf6,
    0xbb, 0x6f, 0x4c, 0xb0, 0xa, 0xd4, 0xf3, 0xaa,
    0x3f, 0x4c, 0xb0, 0xa, 0xd4, 0xff, 0xff, 0xff,
    0x4c, 0xb0, 0xa, 0xd4, 0xf3, 0xaa, 0x3f, 0x4c,
    0xb0, 0xa, 0xd4, 0xf6, 0xbc, 0x6f, 0x4c, 0xb0,
    0xa, 0xd3, 0xee, 0xee, 0xee, 0x3c, 0xb0, 0xa,
    0xd1, 0x11, 0x11, 0x11, 0x1c, 0xb0, 0xa, 0xff,
    0xff, 0xff, 0xff, 0xff, 0xb0, 0x3, 0x55, 0x55,
    0x55, 0x55, 0x5d, 0xb0,

    /* U+754C "界" */
    0x1, 0xff, 0xff, 0xff, 0xff, 0xff, 0x10, 0x1,
    0xfa, 0x55, 0xbf, 0x55, 0xaf, 0x10, 0x1, 0xfe,
    0xcc, 0xef, 0xcc, 0xef, 0x10, 0x1, 0xf8, 0x22,
    0xae, 0x22, 0x9f, 0x10, 0x1, 0xff, 0xff, 0xff,
    0xff, 0xff, 0x10, 0x0, 0x55, 0x7f, 0xff, 0xf7,
    0x55, 0x0, 0x0, 0x6, 0xef, 0x73, 0xfe, 0x60,
    0x0, 0x17, 0xef, 0xf7, 0x0, 0x4f, 0xfe, 0x81,
    0x1f, 0xd6, 0xec, 0x0, 0x6f, 0x5b, 0xe0, 0x2,
    0x2, 0xf9, 0x0, 0x6f, 0x0, 0x0, 0x0, 0x5e,
    0xe1, 0x0, 0x6f, 0x0, 0x0, 0x0, 0xad, 0x30,
    0x0, 0x6f, 0x0, 0x0, 0x0, 0x0, 0x0, 0x0,
    0x0, 0x0, 0x0,

    /* U+7559 "留" */
    0x0, 0x14, 0x82, 0x0, 0x0, 0x0, 0x5e, 0xff,
    0xf8, 0xff, 0xff, 0xfa, 0x7f, 0x65, 0x50, 0x7f,
    0x53, 0xe9, 0x7f, 0x6, 0xf1, 0x7f, 0x10, 0xe8,
    0x7f, 0xaf, 0xfa, 0xdc, 0x35, 0xf6, 0x9f, 0xd6,
    0x2b, 0xf3, 0xef, 0xe2, 0x28, 0x44, 0x46, 0x74,
    0x44, 0x40, 0x1f, 0xff, 0xff, 0xff, 0xff, 0xf1,
    0x1f, 0x70, 0xe, 0x90, 0x8, 0xf1, 0x1f, 0xff,
    0xff, 0xff, 0xff, 0xf1, 0x1f, 0x70, 0xe, 0x90,
    0x8, 0xf1, 0x1f, 0xff, 0xff, 0xff, 0xff, 0xf1,
    0x1f, 0xa4, 0x44, 0x44, 0x4a, 0xf1,

    /* U+7565 "略" */
    0x0, 0x0, 0x0, 0x1e, 0x50, 0x0, 0xe, 0xff,
    0xff, 0x9, 0xfd, 0xdd, 0x80, 0xe9, 0xf8, 0xf3,
    0xfc, 0x89, 0xf9, 0xe, 0x4f, 0x3f, 0xdf, 0xe1,
    0xbf, 0x10, 0xe4, 0xf3, 0xf7, 0x2d, 0xef, 0x50,
    0xe, 0x9f, 0x9f, 0x5, 0xef, 0xf8, 0x20, 0xee,
    0xfe, 0xfd, 0xfb, 0x28, 0xff, 0x1e, 0x4f, 0x3f,
    0x5a, 0x77, 0x78, 0x70, 0xe4, 0xf3, 0xf0, 0xff,
    0xff, 0xf5, 0xe, 0x4f, 0x3f, 0xf, 0x50, 0xf,
    0x50, 0xed, 0xfd, 0xf0, 0xf5, 0x0, 0xf5, 0xe,
    0xb9, 0x99, 0xf, 0xff, 0xff, 0x50, 0x72, 0x0,
    0x0, 0xf8, 0x55, 0xf5, 0x0,

    /* U+7597 "疗" */
    0x0, 0x0, 0x0, 0xa, 0xc0, 0x0, 0x0, 0x0,
    0x9, 0x99, 0x9d, 0xfb, 0x99, 0x93, 0x1a, 0x1f,
    0xff, 0xff, 0xff, 0xff, 0xf5, 0xe, 0x5f, 0x70,
    0x0, 0x0, 0x0, 0x0, 0xa, 0xaf, 0x7e, 0xff,
    0xff, 0xff, 0xc0, 0x4, 0x6f, 0x67, 0x88, 0x88,
    0xff, 0xa0, 0x2, 0xaf, 0x60, 0x0, 0x3d, 0xf7,
    0x0, 0x2f, 0xff, 0x60, 0x0, 0xbf, 0x30, 0x0,
    0xb, 0x8f, 0x40, 0x0, 0xbe, 0x0, 0x0, 0x0,
    0x8f, 0x20, 0x0, 0xbe, 0x0, 0x0, 0x0, 0xdd,
    0x0, 0x0, 0xbe, 0x0, 0x0, 0x5, 0xf7, 0x0,
    0x89, 0xee, 0x0, 0x0, 0x9, 0xe0, 0x0, 0xef,
    0xf7, 0x0, 0x0, 0x0, 0x10, 0x0, 0x0, 0x0,
    0x0, 0x0,

    /* U+7684 "的" */
    0x0, 0x9a, 0x0, 0xa, 0xb0, 0x0, 0x0, 0xf,
    0xb0, 0x0, 0xfa, 0x0, 0x0, 0x7c, 0xfe, 0xc7,
    0x6f, 0xff, 0xff, 0x1a, 0xfa, 0xaf, 0xad, 0xea,
    0xad, 0xf0, 0xae, 0x0, 0xfe, 0xf6, 0x0, 0x8f,
    0xa, 0xe0, 0xf, 0xa5, 0x40, 0x8, 0xf0, 0xaf,
    0xaa, 0xfa, 0x5f, 0x50, 0x9f, 0xa, 0xff, 0xff,
    0xa0, 0xcf, 0x29, 0xe0, 0xae, 0x0, 0xfa, 0x2,
    0xf6, 0xae, 0xa, 0xe0, 0xf, 0xa0, 0x0, 0xa,
    0xd0, 0xaf, 0x88, 0xfa, 0x0, 0x0, 0xbd, 0xa,
    0xff, 0xff, 0xa0, 0x59, 0xaf, 0xb0, 0xae, 0x0,
    0x0, 0x6, 0xff, 0xe4, 0x0,

    /* U+76D6 "盖" */
    0x0, 0x0, 0x0, 0x0, 0x0, 0x0, 0x0, 0x0,
    0x6, 0xe4, 0x0, 0x5f, 0x50, 0x0, 0x6, 0x78,
    0xfe, 0x77, 0xef, 0x77, 0x50, 0xb, 0xdd, 0xdd,
    0xff, 0xdd, 0xdd, 0xa0, 0x0, 0x44, 0x44, 0xee,
    0x44, 0x44, 0x0, 0x1, 0xff, 0xff, 0xff, 0xff,
    0xff, 0x10, 0x3, 0x33, 0x33, 0xdd, 0x33, 0x33,
    0x30, 0x1f, 0xff, 0xff, 0xff, 0xff, 0xff, 0xf1,
    0x2, 0x22, 0x22, 0x22, 0x22, 0x22, 0x20, 0x1,
    0xff, 0xff, 0xff, 0xff, 0xff, 0x10, 0x1, 0xfa,
    0x5f, 0x88, 0xf4, 0xaf, 0x10, 0x1, 0xf8, 0xf,
    0x55, 0xf0, 0x8f, 0x10, 0x17, 0xfb, 0x6f, 0x99,
    0xf6, 0xbf, 0x71, 0x4f, 0xff, 0xff, 0xff, 0xff,
    0xff, 0xf4,

    /* U+76EE "目" */
    0xef, 0xff, 0xff, 0xff, 0xfe, 0xed, 0x88, 0x88,
    0x88, 0xde, 0xea, 0x0, 0x0, 0x0, 0xae, 0xef,
    0xff, 0xff, 0xff, 0xfe, 0xed, 0x88, 0x88, 0x88,
    0xde, 0xea, 0x0, 0x0, 0x0, 0xae, 0xed, 0x88,
    0x88, 0x88, 0xde, 0xef, 0xff, 0xff, 0xff, 0xfe,
    0xea, 0x0, 0x0, 0x0, 0xae, 0xed, 0x88, 0x88,
    0x88, 0xde, 0xef, 0xff, 0xff, 0xff, 0xfe, 0xea,
    0x0, 0x0, 0x0, 0xae, 0x0, 0x0, 0x0, 0x0,
    0x0,

    /* U+76F4 "直" */
    0x2, 0x22, 0x22, 0xbf, 0x22, 0x22, 0x20, 0xb,
    0xff, 0xff, 0xff, 0xff, 0xff, 0xf2, 0x1, 0x22,
    0x22, 0xbf, 0x22, 0x22, 0x20, 0x0, 0x7f, 0xff,
    0xff, 0xff, 0xfe, 0x0, 0x0, 0x8f, 0x65, 0x55,
    0x55, 0xcf, 0x0, 0x0, 0x8f, 0xee, 0xee, 0xee,
    0xff, 0x0, 0x0, 0x8f, 0x54, 0x44, 0x44, 0xcf,
    0x0, 0x0, 0x8f, 0xff, 0xff, 0xff, 0xff, 0x0,
    0x0, 0x8f, 0x53, 0x33, 0x33, 0xcf, 0x0, 0x0,
    0x8f, 0xff, 0xff, 0xff, 0xff, 0x0, 0x0, 0x8f,
    0x53, 0x33, 0x33, 0xcf, 0x0, 0x1f, 0xff, 0xff,
    0xff, 0xff, 0xff, 0xf6, 0x6, 0x66, 0x66, 0x66,
    0x66, 0x66, 0x62,

    /* U+76F8 "相" */
    0x0, 0x8f, 0x0, 0x0, 0x0, 0x0, 0x0, 0x8,
    0xf0, 0xf, 0xff, 0xff, 0xf9, 0x5, 0xaf, 0x52,
    0xfc, 0x88, 0x8f, 0x91, 0xff, 0xff, 0x8f, 0x80,
    0x0, 0xe9, 0x0, 0xbf, 0x0, 0xff, 0xff, 0xff,
    0x90, 0x1f, 0xf5, 0xf, 0xc8, 0x88, 0xf9, 0x8,
    0xff, 0xf6, 0xf8, 0x0, 0xe, 0x91, 0xff, 0xfa,
    0xaf, 0xc8, 0x88, 0xf9, 0x3f, 0x9f, 0x0, 0xff,
    0xff, 0xff, 0x90, 0x78, 0xf0, 0xf, 0x80, 0x0,
    0xe9, 0x0, 0x8f, 0x0, 0xfb, 0x77, 0x7f, 0x90,
    0x8, 0xf0, 0xf, 0xff, 0xff, 0xf9, 0x0, 0x8f,
    0x0, 0xf8, 0x0, 0xe, 0x90,

    /* U+770B "看" */
    0x0, 0x0, 0x0, 0x0, 0x13, 0x45, 0x20, 0x6,
    0xdd, 0xee, 0xff, 0xff, 0xff, 0x60, 0x3, 0x76,
    0x5b, 0xf3, 0x21, 0x0, 0x0, 0x2, 0xff, 0xff,
    0xff, 0xff, 0xff, 0x30, 0x4, 0x55, 0x8f, 0x95,
    0x55, 0x55, 0x40, 0x1f, 0xff, 0xff, 0xff, 0xff,
    0xff, 0xf3, 0x0, 0xb, 0xfa, 0x77, 0x77, 0x76,
    0x0, 0x1, 0xbf, 0xc7, 0x77, 0x77, 0xdd, 0x0,
    0x2e, 0xff, 0xff, 0xff, 0xff, 0xfd, 0x0, 0xc,
    0x2e, 0xb5, 0x55, 0x55, 0xcd, 0x0, 0x0, 0xe,
    0xd9, 0x99, 0x99, 0xdd, 0x0, 0x0, 0xe, 0xec,
    0xcc, 0xcc, 0xed, 0x0, 0x0, 0xe, 0xa4, 0x44,
    0x44, 0xbd, 0x0, 0x0, 0x0, 0x0, 0x0, 0x0,
    0x0, 0x0,

    /* U+771F "真" */
    0x2, 0x22, 0x22, 0xfa, 0x22, 0x22, 0x10, 0x2f,
    0xff, 0xff, 0xff, 0xff, 0xff, 0xd0, 0x2, 0x33,
    0x33, 0xfa, 0x33, 0x33, 0x20, 0x0, 0xcf, 0xff,
    0xff, 0xff, 0xf7, 0x0, 0x0, 0xce, 0x66, 0x66,
    0x67, 0xf7, 0x0, 0x0, 0xce, 0x77, 0x77, 0x78,
    0xf7, 0x0, 0x0, 0xcf, 0xee, 0xee, 0xee, 0xf7,
    0x0, 0x0, 0xcd, 0x33, 0x33, 0x35, 0xf7, 0x0,
    0x0, 0xcf, 0xdd, 0xdd, 0xde, 0xf7, 0x0, 0x26,
    0xdd, 0x66, 0x66, 0x67, 0xfa, 0x60, 0x5d, 0xdd,
    0xfe, 0xdd, 0xfe, 0xdd, 0xd1, 0x2, 0x7d, 0xf8,
    0x0, 0xef, 0xb5, 0x0, 0x1f, 0xfa, 0x30, 0x0,
    0x5, 0xbf, 0x90, 0x5, 0x10, 0x0, 0x0, 0x0,
    0x1, 0x10,

    /* U+7720 "眠" */
    0xbd, 0xdd, 0x2f, 0xff, 0xff, 0xf9, 0xe, 0xdc,
    0xf2, 0xfa, 0x88, 0x8e, 0x90, 0xe7, 0x4f, 0x2f,
    0x85, 0x55, 0xe9, 0xe, 0xff, 0xf2, 0xff, 0xff,
    0xff, 0x90, 0xea, 0x8f, 0x2f, 0x61, 0xf8, 0x10,
    0xe, 0x74, 0xf2, 0xf9, 0x6f, 0xb6, 0x60, 0xef,
    0xff, 0x2f, 0xff, 0xff, 0xff, 0x1e, 0xb9, 0xf2,
    0xf5, 0xb, 0xb0, 0x0, 0xe7, 0x4f, 0x2f, 0x50,
    0x8d, 0x8, 0x1e, 0xff, 0xf2, 0xf7, 0xc6, 0xf3,
    0xf1, 0xeb, 0x88, 0x5f, 0xfd, 0x2f, 0xee, 0xe,
    0x70, 0x2, 0xd5, 0x0, 0x6f, 0x60, 0x0, 0x0,
    0x0, 0x0, 0x0, 0x0, 0x0,

    /* U+7728 "眨" */
    0x0, 0x0, 0x0, 0x0, 0x0, 0x33, 0xe, 0xff,
    0xf4, 0xab, 0xde, 0xff, 0xb0, 0xeb, 0x8f, 0x4d,
    0xca, 0xa6, 0x41, 0xe, 0x72, 0xf3, 0x0, 0x9f,
    0x0, 0x0, 0xef, 0xff, 0x34, 0x49, 0xf7, 0x42,
    0xe, 0xa7, 0xf5, 0xff, 0xff, 0xff, 0x60, 0xe7,
    0x2f, 0x33, 0x33, 0x3d, 0xf3, 0xe, 0xff, 0xf3,
    0x0, 0xb, 0xf4, 0x0, 0xeb, 0x8f, 0x30, 0x2d,
    0xe4, 0x0, 0xe, 0x72, 0xf3, 0xaf, 0xe2, 0x0,
    0x0, 0xef, 0xff, 0x8f, 0xf4, 0x0, 0x0, 0xe,
    0xb7, 0x8f, 0xde, 0xe8, 0x88, 0x80, 0xd6, 0x0,
    0x83, 0x3c, 0xff, 0xfe, 0x0, 0x0, 0x0, 0x0,
    0x0, 0x0, 0x0,

    /* U+7736 "眶" */
    0xde, 0xec, 0x4f, 0xff, 0xff, 0xff, 0xf, 0xbc,
    0xe4, 0xfa, 0x77, 0x77, 0x70, 0xf6, 0x7e, 0x4f,
    0x6b, 0xbb, 0xba, 0xf, 0xff, 0xe4, 0xf6, 0x8a,
    0xf8, 0x70, 0xfa, 0xbe, 0x4f, 0x52, 0x6f, 0x31,
    0xf, 0x67, 0xe4, 0xf5, 0xef, 0xff, 0xb0, 0xff,
    0xfe, 0x4f, 0x52, 0x6f, 0x31, 0xf, 0xbb, 0xe4,
    0xf6, 0x58, 0xf6, 0x40, 0xf6, 0x7e, 0x4f, 0x8f,
    0xff, 0xff, 0xf, 0xbc, 0xe4, 0xf6, 0x44, 0x44,
    0x30, 0xff, 0xfe, 0x4f, 0xa7, 0x77, 0x77, 0xf,
    0x60, 0x4, 0xff, 0xff, 0xff, 0xf1, 0x10, 0x0,
    0x0, 0x0, 0x0, 0x0, 0x0,

    /* U+773C "眼" */
    0xef, 0xff, 0x1f, 0xff, 0xff, 0xf4, 0xe, 0xa8,
    0xf1, 0xfa, 0x66, 0x8f, 0x40, 0xe6, 0x3f, 0x1f,
    0xb8, 0x89, 0xf4, 0xe, 0xff, 0xf1, 0xfd, 0xbb,
    0xcf, 0x40, 0xe8, 0x6f, 0x1f, 0x71, 0x13, 0xf4,
    0xe, 0x53, 0xf1, 0xff, 0xff, 0xff, 0x40, 0xef,
    0xff, 0x1f, 0x9d, 0xb4, 0x74, 0xe, 0x98, 0xf1,
    0xf6, 0x8f, 0x7f, 0xa0, 0xe5, 0x3f, 0x1f, 0x62,
    0xff, 0x70, 0xe, 0xff, 0xf1, 0xfa, 0xbd, 0xfd,
    0x30, 0xea, 0x66, 0x4f, 0xfe, 0x4a, 0xff, 0xe,
    0x50, 0x2, 0xf9, 0x10, 0x7, 0x80, 0x0, 0x0,
    0x2, 0x0, 0x0, 0x0, 0x0,

    /* U+7741 "睁" */
    0x0, 0x0, 0x2, 0xb4, 0x0, 0x0, 0xe, 0xff,
    0xe0, 0xaf, 0xee, 0xe6, 0x0, 0xea, 0x9e, 0x7f,
    0x76, 0xbf, 0x30, 0xe, 0x54, 0xfd, 0xd8, 0x9f,
    0xd8, 0x30, 0xef, 0xfe, 0x3c, 0xcf, 0xdc, 0xf6,
    0xe, 0x99, 0xe1, 0x13, 0xf6, 0x1f, 0x70, 0xe5,
    0x4e, 0xcf, 0xff, 0xff, 0xff, 0x2e, 0xff, 0xe2,
    0x34, 0xf7, 0x3f, 0x70, 0xe9, 0x9e, 0x5a, 0xbf,
    0xca, 0xf6, 0xe, 0x54, 0xe4, 0x9a, 0xfb, 0x99,
    0x30, 0xef, 0xfe, 0x0, 0x2f, 0x50, 0x0, 0xe,
    0x96, 0x51, 0x79, 0xf4, 0x0, 0x0, 0xe5, 0x0,
    0xf, 0xfc, 0x10, 0x0, 0x0,

    /* U+7751 "睑" */
    0x0, 0x0, 0x0, 0x8, 0xf1, 0x0, 0xe, 0xff,
    0xf0, 0x2, 0xff, 0xa0, 0x0, 0xeb, 0xaf, 0x1,
    0xde, 0x6f, 0x60, 0xe, 0x75, 0xf2, 0xdf, 0x40,
    0xaf, 0x60, 0xee, 0xef, 0xdf, 0xc7, 0x78, 0xff,
    0x4e, 0xcb, 0xf4, 0x7f, 0xff, 0xfb, 0x80, 0xe7,
    0x5f, 0x17, 0x18, 0x40, 0x73, 0xe, 0xff, 0xf1,
    0xf5, 0xb9, 0x1f, 0x60, 0xeb, 0xaf, 0xd, 0x97,
    0xd6, 0xf1, 0xe, 0x75, 0xf0, 0x8d, 0x3f, 0xcc,
    0x0, 0xeb, 0xaf, 0x4, 0x90, 0x2f, 0x70, 0xe,
    0xff, 0xf5, 0xaa, 0xab, 0xfb, 0xa0, 0xe7, 0x0,
    0x6d, 0xdd, 0xdd, 0xdd, 0x10,

    /* U+775B "睛" */
    0x0, 0x0, 0x0, 0x8, 0xe0, 0x0, 0xe, 0xff,
    0xe6, 0xbb, 0xef, 0xbb, 0x90, 0xea, 0xae, 0x35,
    0x5b, 0xf5, 0x54, 0xe, 0x65, 0xe4, 0xff, 0xff,
    0xff, 0x90, 0xed, 0xde, 0x24, 0x4a, 0xf4, 0x43,
    0xe, 0xcc, 0xea, 0xee, 0xee, 0xee, 0xe2, 0xe6,
    0x5e, 0x7, 0x77, 0x77, 0x73, 0xe, 0xed, 0xe2,
    0xfa, 0x88, 0x8f, 0x70, 0xea, 0xae, 0x2f, 0xff,
    0xff, 0xf7, 0xe, 0x65, 0xe2, 0xf7, 0x44, 0x4f,
    0x70, 0xea, 0xae, 0x2f, 0xff, 0xff, 0xf7, 0xe,
    0xfe, 0xd2, 0xf5, 0x24, 0x5f, 0x60, 0xe6, 0x0,
    0x2f, 0x40, 0xdf, 0xe3, 0x0, 0x0, 0x0, 0x0,
    0x0, 0x0, 0x0,

    /* U+7761 "睡" */
    0x56, 0x65, 0x14, 0x56, 0x79, 0xb4, 0xe, 0xff,
    0xd8, 0xff, 0xfe, 0xca, 0x40, 0xe6, 0x6d, 0x1,
    0xe, 0x70, 0x0, 0xe, 0x77, 0xda, 0xff, 0xff,
    0xff, 0xd0, 0xef, 0xfd, 0x5f, 0x6f, 0x97, 0xf5,
    0xe, 0x88, 0xd2, 0xf1, 0xe7, 0x2f, 0x10, 0xe5,
    0x5d, 0xff, 0xff, 0xff, 0xff, 0x2e, 0xff, 0xd6,
    0xf5, 0xf9, 0x6f, 0x50, 0xe9, 0xad, 0x4f, 0x5f,
    0x95, 0xf4, 0xe, 0x55, 0xdc, 0xff, 0xff, 0xff,
    0xe0, 0xee, 0xed, 0x0, 0xe, 0x70, 0x0, 0xe,
    0x96, 0x59, 0xff, 0xff, 0xff, 0x80, 0x62, 0x0,
    0x35, 0x55, 0x55, 0x53, 0x0,

    /* U+77AC "瞬" */
    0x0, 0x0, 0x0, 0x1, 0x24, 0x53, 0xe, 0xff,
    0x6f, 0xff, 0xff, 0xfe, 0x70, 0xe9, 0xe5, 0x9c,
    0x4d, 0x52, 0xd2, 0xe, 0x5d, 0x54, 0xf2, 0xa8,
    0x9e, 0x0, 0xee, 0xf7, 0xff, 0xff, 0xff, 0xfd,
    0xe, 0xae, 0x8f, 0x93, 0x33, 0x6c, 0xd0, 0xe5,
    0xd5, 0x7f, 0xa6, 0x8d, 0xd7, 0xe, 0xff, 0x5d,
    0xac, 0x8b, 0xee, 0xa0, 0xea, 0xec, 0xf6, 0xe7,
    0x7b, 0xa0, 0xe, 0x5d, 0xcb, 0xfe, 0x7c, 0xdd,
    0x80, 0xea, 0xe5, 0x1f, 0x75, 0xce, 0xec, 0xe,
    0xff, 0x7d, 0xc0, 0x0, 0xba, 0x0, 0xb3, 0x5,
    0xd1, 0x0, 0xb, 0xa0, 0x0, 0x0, 0x0, 0x0,
    0x0, 0x0, 0x0,

    /* U+77B3 "瞳" */
    0x0, 0x0, 0x0, 0x0, 0x0, 0x0, 0x34, 0x43,
    0x0, 0x2f, 0x80, 0x0, 0xef, 0xfe, 0x8e, 0xef,
    0xfe, 0xe8, 0xe8, 0x8e, 0x2a, 0xd4, 0x6f, 0x92,
    0xe6, 0x6e, 0x9e, 0xfd, 0xdf, 0xdc, 0xef, 0xfe,
    0x46, 0x66, 0x66, 0x66, 0xea, 0xae, 0x5f, 0xff,
    0xff, 0xf6, 0xe6, 0x5e, 0x6e, 0x7f, 0xb7, 0xf6,
    0xef, 0xfe, 0x6e, 0x8f, 0xb8, 0xf6, 0xea, 0xae,
    0x6f, 0xff, 0xff, 0xf6, 0xe6, 0x5e, 0x26, 0x6f,
    0xa6, 0x62, 0xee, 0xee, 0x4a, 0xaf, 0xda, 0xa4,
    0xeb, 0x97, 0xab, 0xbf, 0xdb, 0xbb, 0x31, 0x0,
    0x55, 0x55, 0x55, 0x55,

    /* U+77E2 "矢" */
    0x0, 0x1, 0x10, 0x0, 0x0, 0x0, 0x0, 0x0,
    0xc, 0xe0, 0x0, 0x0, 0x0, 0x0, 0x0, 0x2f,
    0xd8, 0x88, 0x88, 0x88, 0x20, 0x0, 0x9f, 0xff,
    0xff, 0xff, 0xff, 0x50, 0x2, 0xfc, 0x0, 0xaf,
    0x0, 0x0, 0x0, 0x8, 0xf4, 0x0, 0xaf, 0x0,
    0x0, 0x0, 0x0, 0x50, 0x0, 0xaf, 0x0, 0x0,
    0x0, 0x1f, 0xff, 0xff, 0xff, 0xff, 0xff, 0xf2,
    0x8, 0x88, 0x88, 0xff, 0x98, 0x88, 0x81, 0x0,
    0x0, 0x6, 0xff, 0xa0, 0x0, 0x0, 0x0, 0x0,
    0x4f, 0xda, 0xf7, 0x0, 0x0, 0x0, 0x19, 0xfe,
    0x20, 0xcf, 0xc4, 0x0, 0xa, 0xff, 0xc2, 0x0,
    0x9, 0xff, 0xe1, 0x9, 0xd5, 0x0, 0x0, 0x0,
    0x3b, 0xa0, 0x0, 0x0, 0x0, 0x0, 0x0, 0x0,
    0x0,

    /* U+77E5 "知" */
    0x0, 0x0, 0x0, 0x0, 0x0, 0x0, 0x0, 0xc,
    0xa0, 0x0, 0x0, 0x0, 0x0, 0x1, 0xfc, 0x77,
    0x58, 0xff, 0xff, 0xa0, 0x7f, 0xff, 0xfc, 0x8f,
    0x99, 0xfa, 0xe, 0xb7, 0xf1, 0x8, 0xf0, 0xe,
    0xa0, 0x93, 0x7f, 0x10, 0x8f, 0x0, 0xea, 0x7,
    0x7b, 0xf8, 0x78, 0xf0, 0xe, 0xa1, 0xff, 0xff,
    0xff, 0x8f, 0x0, 0xea, 0x0, 0xa, 0xe0, 0x8,
    0xf0, 0xe, 0xa0, 0x0, 0xdf, 0x20, 0x8f, 0x0,
    0xea, 0x0, 0x4f, 0xfd, 0x18, 0xf0, 0xe, 0xa0,
    0xd, 0xe5, 0xfb, 0x8f, 0xff, 0xfa, 0xb, 0xf5,
    0x8, 0xa8, 0xf7, 0x7f, 0xa0, 0xda, 0x0, 0x0,
    0x8f, 0x0, 0xea, 0x1, 0x0, 0x0, 0x0, 0x0,
    0x0, 0x0,

    /* U+786E "确" */
    0x0, 0x0, 0x0, 0x0, 0x0, 0x0, 0x0, 0x0,
    0x0, 0x0, 0xbb, 0x0, 0x0, 0xf, 0xff, 0xf7,
    0x4f, 0xff, 0xfe, 0x0, 0x6d, 0xd6, 0x4e, 0xd5,
    0x6f, 0xb0, 0x0, 0xf7, 0xc, 0xf9, 0x6b, 0xf8,
    0x50, 0x4f, 0x41, 0xaf, 0xff, 0xff, 0xfe, 0xb,
    0xff, 0xf2, 0xf4, 0x5f, 0x6, 0xe3, 0xfe, 0x3f,
    0x2f, 0xff, 0xff, 0xfe, 0x3f, 0xe1, 0xf2, 0xf8,
    0x9f, 0x6a, 0xe0, 0x6e, 0x1f, 0x2f, 0x9a, 0xf7,
    0xbe, 0x4, 0xe1, 0xf3, 0xfd, 0xdf, 0xde, 0xe0,
    0x4f, 0xff, 0x7f, 0x5, 0xf0, 0x6e, 0x4, 0xf6,
    0x6c, 0xd0, 0x5f, 0x4b, 0xe0, 0x27, 0x0, 0xb6,
    0x3, 0xc8, 0xf9, 0x0, 0x0, 0x0, 0x0, 0x0,
    0x0, 0x0,

    /* U+788E "碎" */
    0x0, 0x0, 0x0, 0x0, 0x7d, 0x0, 0x0, 0xe,
    0xee, 0xea, 0x77, 0xbf, 0x97, 0x60, 0x7, 0xde,
    0x86, 0xff, 0xff, 0xff, 0xe0, 0x0, 0xd9, 0x0,
    0xf, 0x60, 0xba, 0x0, 0x3, 0xf6, 0x21, 0x4f,
    0x31, 0xf8, 0x0, 0xa, 0xff, 0xf6, 0xcf, 0xc8,
    0xff, 0x40, 0x2f, 0xf4, 0xec, 0xf5, 0xed, 0x79,
    0xe0, 0x3f, 0xf0, 0xd8, 0x70, 0x48, 0x10, 0x20,
    0x7, 0xf0, 0xd8, 0x77, 0xbf, 0x87, 0x71, 0x3,
    0xf0, 0xda, 0xff, 0xff, 0xff, 0xf2, 0x3, 0xfd,
    0xf6, 0x0, 0x6f, 0x10, 0x0, 0x3, 0xfa, 0xa4,
    0x0, 0x6f, 0x10, 0x0, 0x1, 0x60, 0x0, 0x0,
    0x6f, 0x10, 0x0,

    /* U+78C1 "磁" */
    0x0, 0x0, 0x0, 0x4b, 0x0, 0x69, 0x0, 0x1f,
    0xff, 0xf3, 0x2f, 0x51, 0xf9, 0x0, 0x6, 0xcd,
    0x6d, 0xff, 0xff, 0xff, 0xf4, 0x0, 0xe7, 0x5,
    0xcd, 0x77, 0xfa, 0x72, 0x3, 0xf4, 0x10, 0xe6,
    0x33, 0xf2, 0x10, 0xa, 0xff, 0xe5, 0xe4, 0xeb,
    0xa7, 0xc0, 0x2f, 0xe7, 0xec, 0xdd, 0xaf, 0xce,
    0x60, 0x3f, 0xd3, 0xe9, 0xdf, 0x2b, 0xcf, 0x10,
    0x8, 0xd3, 0xe0, 0x9b, 0x0, 0xba, 0x0, 0x5,
    0xd3, 0xe2, 0xfb, 0x82, 0xfe, 0x60, 0x5, 0xe8,
    0xea, 0xb6, 0xca, 0xa7, 0xb0, 0x5, 0xff, 0xee,
    0xff, 0xfd, 0xff, 0xf0, 0x5, 0xd0, 0x4, 0x53,
    0xe8, 0x65, 0xe2, 0x0, 0x0, 0x0, 0x0, 0x20,
    0x0, 0x0,

    /* U+793A "示" */
    0x0, 0xff, 0xff, 0xff, 0xff, 0xff, 0x20, 0x0,
    0x9a, 0xaa, 0xaa, 0xaa, 0xaa, 0x10, 0x0, 0x0,
    0x0, 0x0, 0x0, 0x0, 0x0, 0x19, 0x99, 0x99,
    0x99, 0x99, 0x99, 0x92, 0x2f, 0xff, 0xff, 0xff,
    0xff, 0xff, 0xf4, 0x0, 0x1, 0x0, 0xbf, 0x10,
    0x10, 0x0, 0x0, 0xd, 0x80, 0xbf, 0x18, 0xd0,
    0x0, 0x0, 0x8f, 0x50, 0xbf, 0x16, 0xfa, 0x0,
    0x3, 0xfc, 0x0, 0xbf, 0x10, 0xbf, 0x50, 0x1d,
    0xf3, 0x0, 0xbf, 0x10, 0x1e, 0xe1, 0x1b, 0x70,
    0xab, 0xff, 0x0, 0x6, 0xa0, 0x0, 0x0, 0xdf,
    0xf8, 0x0, 0x0, 0x0,

    /* U+79BB "离" */
    0x0, 0x0, 0x0, 0x2, 0x0, 0x0, 0x0, 0x0,
    0x0, 0xd, 0xe0, 0x0, 0x0, 0xf, 0xff, 0xff,
    0xff, 0xff, 0xff, 0xf0, 0x55, 0x5b, 0x95, 0x58,
    0xb5, 0x55, 0x0, 0xf9, 0x8e, 0xcb, 0xf8, 0x9e,
    0x0, 0xf, 0x98, 0xed, 0xce, 0x89, 0xf0, 0x0,
    0xfc, 0xc9, 0x66, 0x9d, 0xcf, 0x0, 0xd, 0xee,
    0xef, 0xfe, 0xee, 0xd0, 0x2, 0x55, 0x57, 0xfa,
    0x55, 0x55, 0x20, 0x8f, 0xff, 0xff, 0xff, 0xff,
    0xf8, 0x8, 0xf0, 0x7f, 0x33, 0xf4, 0xf, 0x80,
    0x8f, 0xf, 0xfd, 0xef, 0xe2, 0xf8, 0x8, 0xf0,
    0x77, 0x65, 0x4b, 0x6f, 0x70, 0x8f, 0x0, 0x0,
    0x0, 0xff, 0xe3, 0x0, 0x0, 0x0, 0x0, 0x0,
    0x0, 0x0,

    /* U+79C1 "私" */
    0x0, 0x0, 0x26, 0x20, 0x37, 0x10, 0x0, 0xb,
    0xdf, 0xff, 0x50, 0x8f, 0x20, 0x0, 0xb, 0xaf,
    0xa2, 0x0, 0xce, 0x0, 0x0, 0x0, 0x1f, 0x80,
    0x0, 0xfa, 0x0, 0x0, 0x2f, 0xff, 0xff, 0x84,
    0xf6, 0x0, 0x0, 0x17, 0xaf, 0xb7, 0x48, 0xf2,
    0x10, 0x0, 0x0, 0xcf, 0xc1, 0xc, 0xd2, 0xf5,
    0x0, 0x4, 0xff, 0xfe, 0x4f, 0x80, 0xdb, 0x0,
    0xd, 0xbf, 0x9c, 0x9f, 0x40, 0x8f, 0x10, 0x2f,
    0x2f, 0x70, 0xce, 0x0, 0x3f, 0x60, 0x5, 0xf,
    0x72, 0xfc, 0x89, 0xbf, 0xb0, 0x0, 0xf, 0x71,
    0xff, 0xfe, 0xcd, 0xf0, 0x0, 0xf, 0x70, 0x21,
    0x0, 0x3, 0xb2,

    /* U+79D2 "秒" */
    0x0, 0x2, 0x56, 0x0, 0x8f, 0x0, 0x0, 0xc,
    0xff, 0xfc, 0x0, 0x8f, 0x1, 0x0, 0xb, 0xcf,
    0x30, 0x3d, 0xbf, 0xbc, 0x0, 0x0, 0x6f, 0x10,
    0x8f, 0x9f, 0x5f, 0x40, 0x2f, 0xff, 0xfb, 0xea,
    0x8f, 0xe, 0xb0, 0x18, 0xdf, 0x9b, 0xf5, 0x8f,
    0x7, 0xf2, 0x0, 0xef, 0x39, 0xe0, 0x8f, 0x6,
    0x60, 0x7, 0xff, 0xf8, 0x20, 0x8f, 0x7f, 0x40,
    0x2f, 0xdf, 0x7c, 0x0, 0x17, 0xfa, 0x0, 0x3d,
    0x6f, 0x10, 0x0, 0x6f, 0xc1, 0x0, 0x3, 0x6f,
    0x10, 0x2b, 0xfc, 0x10, 0x0, 0x0, 0x6f, 0x1a,
    0xff, 0x80, 0x0, 0x0, 0x0, 0x6f, 0x1a, 0xa2,
    0x0, 0x0, 0x0, 0x0, 0x0, 0x0, 0x0, 0x0,
    0x0, 0x0,

    /* U+79DF "租" */
    0x0, 0x0, 0x12, 0x0, 0x0, 0x0, 0x0, 0x7,
    0xad, 0xfa, 0xaf, 0xff, 0xff, 0x70, 0x1e, 0xef,
    0x72, 0xaf, 0x77, 0x8f, 0x70, 0x2, 0x8f, 0x31,
    0xae, 0x0, 0x1f, 0x70, 0x2f, 0xff, 0xfc, 0xaf,
    0xff, 0xff, 0x70, 0x4, 0xdf, 0x53, 0xaf, 0x88,
    0x8f, 0x70, 0x2, 0xff, 0x90, 0xae, 0x0, 0x1f,
    0x70, 0x8, 0xff, 0xfa, 0xaf, 0x66, 0x7f, 0x70,
    0x2f, 0xdf, 0x69, 0xaf, 0xff, 0xff, 0x70, 0x3d,
    0x7f, 0x10, 0xae, 0x0, 0x1f, 0x70, 0x3, 0x6f,
    0x10, 0xae, 0x0, 0x1f, 0x70, 0x0, 0x6f, 0x1f,
    0xff, 0xff, 0xff, 0xf5, 0x0, 0x6f, 0x18, 0x88,
    0x88, 0x88, 0x83,

    /* U+79F0 "称" */
    0x0, 0x0, 0x32, 0x1a, 0x30, 0x0, 0x0, 0xb,
    0xef, 0xf7, 0x6f, 0x53, 0x33, 0x30, 0x9, 0xcf,
    0x30, 0xcf, 0xff, 0xff, 0xf1, 0x0, 0x8e, 0x5,
    0xf8, 0x44, 0x4c, 0xe0, 0x1f, 0xff, 0xff, 0xd0,
    0x7b, 0x2f, 0x70, 0x8, 0xdf, 0x83, 0x30, 0xae,
    0x4, 0x0, 0x0, 0xff, 0x50, 0x86, 0xae, 0x59,
    0x0, 0x7, 0xff, 0xf7, 0xf7, 0xae, 0x6f, 0x10,
    0xe, 0xee, 0x68, 0xf1, 0xae, 0xf, 0x70, 0x2e,
    0x9e, 0xd, 0xb0, 0xae, 0x9, 0xe0, 0x3, 0x8e,
    0x4f, 0x50, 0xae, 0x3, 0xf4, 0x0, 0x8e, 0x6,
    0x39, 0xee, 0x0, 0x50, 0x0, 0x8e, 0x0, 0x2e,
    0xe7, 0x0, 0x0,

    /* U+79FB "移" */
    0x0, 0x0, 0x0, 0x0, 0x0, 0x0, 0x0, 0x0,
    0x3, 0x74, 0x2, 0xe6, 0x0, 0x0, 0x1e, 0xff,
    0xf6, 0x1d, 0xff, 0xff, 0xd0, 0x8, 0xbe, 0x2,
    0xef, 0x65, 0x7f, 0xb0, 0x0, 0x8e, 0x7, 0xdf,
    0xa3, 0xdd, 0x10, 0x1f, 0xff, 0xf6, 0x15, 0xbf,
    0xb1, 0x0, 0x7, 0xdf, 0x77, 0xbf, 0xfd, 0x10,
    0x0, 0x0, 0xff, 0x45, 0xd7, 0xdf, 0x66, 0x60,
    0x7, 0xff, 0xf5, 0xb, 0xff, 0xff, 0xf2, 0x1f,
    0xee, 0x63, 0xcf, 0x90, 0x1d, 0xb0, 0x3d, 0x8e,
    0xd, 0xd8, 0xf5, 0xdd, 0x10, 0x3, 0x8e, 0x2,
    0x1, 0xaf, 0xc1, 0x0, 0x0, 0x8e, 0x16, 0xbf,
    0xe6, 0x0, 0x0, 0x0, 0x8e, 0x1e, 0xb5, 0x0,
    0x0, 0x0, 0x0, 0x0, 0x0, 0x0, 0x0, 0x0,
    0x0,

    /* U+7A0B "程" */
    0x0, 0x0, 0x11, 0x0, 0x0, 0x0, 0x0, 0x8,
    0xbe, 0xf6, 0xff, 0xff, 0xff, 0xa0, 0xc, 0xef,
    0x61, 0xfb, 0x55, 0x5e, 0xa0, 0x0, 0x7f, 0x0,
    0xfa, 0x33, 0x3e, 0xa0, 0x1f, 0xff, 0xf7, 0xff,
    0xff, 0xff, 0x90, 0x7, 0xcf, 0x73, 0x11, 0x11,
    0x11, 0x10, 0x0, 0xef, 0x35, 0xff, 0xff, 0xff,
    0xf1, 0x5, 0xff, 0xf6, 0x33, 0x9f, 0x43, 0x30,
    0xe, 0xff, 0xa6, 0x55, 0xaf, 0x65, 0x40, 0x2e,
    0x8f, 0x2, 0xff, 0xff, 0xff, 0xb0, 0x3, 0x7f,
    0x0, 0x0, 0x7f, 0x10, 0x0, 0x0, 0x7f, 0xd,
    0xff, 0xff, 0xff, 0xf5, 0x0, 0x7f, 0x6, 0x66,
    0x66, 0x66, 0x62,

    /* U+7A7A "空" */
    0x0, 0x0, 0x0, 0xbc, 0x0, 0x0, 0x0, 0x6,
    0x88, 0x88, 0xef, 0x88, 0x88, 0x60, 0xc, 0xff,
    0xff, 0xff, 0xff, 0xff, 0xd0, 0xc, 0xd0, 0x3,
    0x0, 0x40, 0xc, 0xd0, 0x5, 0x53, 0xce, 0x11,
    0xfe, 0x65, 0x50, 0x2, 0xaf, 0xe5, 0x0, 0x4c,
    0xfd, 0x50, 0xf, 0xf8, 0x0, 0x0, 0x0, 0x5d,
    0xf1, 0x5, 0x8f, 0xff, 0xff, 0xff, 0xf8, 0x30,
    0x0, 0x49, 0x99, 0xef, 0x99, 0x94, 0x0, 0x0,
    0x0, 0x0, 0xdd, 0x0, 0x0, 0x0, 0x0, 0x0,
    0x0, 0xdd, 0x0, 0x0, 0x0, 0xf, 0xff, 0xff,
    0xff, 0xff, 0xff, 0xf0, 0x7, 0x88, 0x88, 0x88,
    0x88, 0x88, 0x70,

    /* U+7A97 "窗" */
    0x0, 0x0, 0x0, 0x0, 0x0, 0x0, 0x0, 0x0,
    0x0, 0x0, 0xed, 0x0, 0x0, 0x0, 0xe, 0xff,
    0xff, 0xff, 0xff, 0xff, 0xb0, 0xe, 0xb4, 0x8c,
    0x44, 0xc7, 0x4d, 0xc0, 0x5, 0x9d, 0xfb, 0x43,
    0xbf, 0xdb, 0x50, 0x2f, 0xfb, 0x54, 0xfa, 0x34,
    0xaf, 0xf0, 0x7, 0xff, 0xff, 0xff, 0xff, 0xff,
    0x20, 0x4, 0xf4, 0x9, 0x92, 0x22, 0x7f, 0x10,
    0x4, 0xf4, 0xaf, 0xff, 0xff, 0x9f, 0x10, 0x4,
    0xfa, 0xc7, 0x95, 0xe8, 0x6f, 0x10, 0x4, 0xf4,
    0x28, 0xff, 0xe4, 0x6f, 0x10, 0x4, 0xf5, 0xfb,
    0x51, 0x7a, 0x6f, 0x10, 0x4, 0xff, 0xff, 0xff,
    0xff, 0xff, 0x10, 0x4, 0xf7, 0x44, 0x44, 0x44,
    0x9f, 0x10,

    /* U+7ACB "立" */
    0x0, 0x0, 0x0, 0xb9, 0x0, 0x0, 0x0, 0x0,
    0x0, 0x0, 0xdf, 0x0, 0x0, 0x0, 0x7, 0xaa,
    0xaa, 0xef, 0xba, 0xaa, 0x80, 0xa, 0xff, 0xff,
    0xff, 0xff, 0xff, 0xc0, 0x0, 0x4, 0x20, 0x0,
    0x3, 0x60, 0x0, 0x0, 0x2f, 0x80, 0x0, 0xa,
    0xf3, 0x0, 0x0, 0xc, 0xe0, 0x0, 0xf, 0xd0,
    0x0, 0x0, 0x6, 0xf5, 0x0, 0x5f, 0x70, 0x0,
    0x0, 0x1, 0xfb, 0x0, 0xbf, 0x10, 0x0, 0x0,
    0x0, 0xae, 0x1, 0xfb, 0x0, 0x0, 0x0, 0x0,
    0x21, 0x7, 0xf5, 0x0, 0x0, 0x2f, 0xff, 0xff,
    0xff, 0xff, 0xff, 0xf2, 0x19, 0x99, 0x99, 0x99,
    0x99, 0x99, 0x91,

    /* U+7AD6 "竖" */
    0x0, 0x0, 0xf8, 0x0, 0x0, 0x0, 0x0, 0x9,
    0xe0, 0xf8, 0xbf, 0xff, 0xff, 0x90, 0x9, 0xe0,
    0xf8, 0x9f, 0x86, 0x9f, 0x80, 0x9, 0xe0, 0xf8,
    0x1e, 0xc3, 0xdd, 0x0, 0x9, 0xe0, 0xf8, 0x4,
    0xff, 0xe2, 0x0, 0x9, 0xe0, 0xf9, 0xaf, 0xfd,
    0xfd, 0x70, 0x7, 0xb0, 0x84, 0xd9, 0x10, 0x15,
    0x60, 0x2, 0x66, 0x66, 0xdf, 0x66, 0x66, 0x20,
    0x5, 0xff, 0xff, 0xff, 0xff, 0xff, 0x50, 0x0,
    0x4, 0xe2, 0x0, 0x2e, 0x40, 0x0, 0x0, 0x2,
    0xfb, 0x0, 0xaf, 0x30, 0x0, 0x7, 0x77, 0xdd,
    0x77, 0xfd, 0x77, 0x71, 0x2f, 0xff, 0xff, 0xff,
    0xff, 0xff, 0xf2,

    /* U+7AEF "端" */
    0x0, 0xb5, 0x0, 0x0, 0x6f, 0x0, 0x0, 0x0,
    0xdb, 0x6, 0xf2, 0x6f, 0x8, 0xe0, 0x16, 0xbb,
    0x66, 0xf7, 0x9f, 0x5a, 0xe0, 0x3e, 0xee, 0xe6,
    0xee, 0xee, 0xee, 0xd0, 0x8, 0x13, 0x83, 0x44,
    0x44, 0x44, 0x41, 0xe, 0x47, 0xdc, 0xff, 0xff,
    0xff, 0xf6, 0xb, 0x8a, 0x90, 0x0, 0xcc, 0x0,
    0x0, 0x8, 0xbd, 0x69, 0xff, 0xff, 0xff, 0xf0,
    0x5, 0xef, 0x39, 0xd8, 0xe8, 0xe7, 0xf1, 0x1,
    0x7f, 0x39, 0xc5, 0xe4, 0xe4, 0xf1, 0x2a, 0xdf,
    0xfa, 0xc5, 0xe4, 0xe4, 0xf1, 0x3d, 0xa7, 0x49,
    0xc5, 0xe4, 0xe7, 0xf0, 0x0, 0x0, 0x9, 0xc1,
    0x30, 0x9f, 0xb0,

    /* U+7B11 "笑" */
    0x0, 0x5a, 0x20, 0x0, 0xa7, 0x0, 0x0, 0x0,
    0xdf, 0x87, 0x74, 0xfc, 0x77, 0x71, 0x7, 0xff,
    0xff, 0xec, 0xff, 0xfe, 0xe2, 0x1f, 0xb2, 0xf8,
    0x4f, 0x83, 0xf7, 0x0, 0x6, 0x0, 0x54, 0x18,
    0x44, 0x96, 0x0, 0x0, 0xef, 0xff, 0xff, 0xff,
    0xfe, 0x0, 0x0, 0x66, 0x65, 0xdd, 0x32, 0x0,
    0x0, 0x7, 0x77, 0x77, 0xee, 0x77, 0x77, 0x70,
    0xf, 0xff, 0xff, 0xff, 0xff, 0xff, 0xf0, 0x0,
    0x0, 0xa, 0xff, 0xc0, 0x0, 0x0, 0x0, 0x4,
    0xcf, 0x95, 0xfe, 0x50, 0x0, 0x19, 0xef, 0xe6,
    0x0, 0x4e, 0xfe, 0x90, 0xd, 0xc6, 0x0, 0x0,
    0x0, 0x6c, 0xd0, 0x0, 0x0, 0x0, 0x0, 0x0,
    0x0, 0x0,

    /* U+7B49 "等" */
    0x0, 0x0, 0x0, 0x0, 0x0, 0x0, 0x0, 0x0,
    0x8f, 0x10, 0x0, 0xe8, 0x0, 0x0, 0x1, 0xff,
    0xff, 0xf9, 0xff, 0xff, 0xf1, 0xc, 0xe7, 0xf7,
    0x6f, 0xa8, 0xf7, 0x40, 0xa, 0x30, 0xa6, 0x49,
    0x20, 0xb5, 0x0, 0x3, 0xff, 0xff, 0xff, 0xff,
    0xff, 0x10, 0x0, 0x44, 0x44, 0xed, 0x44, 0x44,
    0x0, 0x16, 0x66, 0x66, 0xed, 0x66, 0x66, 0x60,
    0x2d, 0xdd, 0xdd, 0xdd, 0xdf, 0xed, 0xd1, 0x4,
    0x55, 0x55, 0x55, 0x6f, 0xa5, 0x40, 0xb, 0xff,
    0xff, 0xff, 0xff, 0xff, 0xb0, 0x0, 0x1e, 0xb1,
    0x0, 0x1f, 0x70, 0x0, 0x0, 0x5, 0xf8, 0x35,
    0x8f, 0x70, 0x0, 0x0, 0x0, 0x20, 0x9f, 0xfd,
    0x20, 0x0,

    /* U+7B80 "简" */
    0x0, 0x0, 0x0, 0x0, 0x0, 0x0, 0x0, 0x0,
    0x8d, 0x0, 0x2, 0xe7, 0x0, 0x0, 0x1, 0xff,
    0xff, 0xba, 0xff, 0xff, 0xf1, 0xc, 0xe7, 0xf9,
    0x9f, 0xa9, 0xfa, 0x60, 0x2f, 0x63, 0x74, 0x5c,
    0x22, 0x95, 0x0, 0x1, 0xaf, 0x3f, 0xff, 0xff,
    0xff, 0x70, 0x1, 0x49, 0x4, 0x44, 0x44, 0x4f,
    0x70, 0x7, 0xf1, 0xef, 0xff, 0xf7, 0x1f, 0x70,
    0x7, 0xf1, 0xe9, 0x33, 0xf7, 0x1f, 0x70, 0x7,
    0xf1, 0xef, 0xff, 0xf7, 0x1f, 0x70, 0x7, 0xf1,
    0xe8, 0x22, 0xe7, 0x1f, 0x70, 0x7, 0xf1, 0xef,
    0xff, 0xf7, 0x1f, 0x70, 0x7, 0xf1, 0x23, 0x33,
    0x43, 0x4f, 0x60, 0x7, 0xf1, 0x0, 0x0, 0x6f,
    0xfd, 0x20,

    /* U+7B97 "算" */
    0x0, 0x0, 0x0, 0x0, 0x0, 0x0, 0x0, 0x0,
    0x6f, 0x20, 0x0, 0xd9, 0x0, 0x0, 0x2, 0xff,
    0xff, 0xf9, 0xff, 0xff, 0xf2, 0x1e, 0xd3, 0xd9,
    0x5f, 0x76, 0xe3, 0x20, 0x7, 0xbd, 0xdd, 0xde,
    0xdd, 0xea, 0x0, 0x0, 0xcd, 0x66, 0x66, 0x66,
    0xcd, 0x0, 0x0, 0xce, 0xbb, 0xbb, 0xbb, 0xed,
    0x0, 0x0, 0xce, 0xaa, 0xaa, 0xaa, 0xed, 0x0,
    0x0, 0xcd, 0x55, 0x55, 0x55, 0xcd, 0x0, 0x0,
    0xcf, 0xff, 0xff, 0xff, 0xfc, 0x0, 0x2, 0x24,
    0xf7, 0x22, 0x3f, 0x72, 0x20, 0x3f, 0xff, 0xff,
    0xff, 0xff, 0xff, 0xf3, 0x1, 0x2d, 0xf2, 0x11,
    0x3f, 0x71, 0x10, 0x0, 0xce, 0x40, 0x0, 0x2f,
    0x60, 0x0, 0x0, 0x0, 0x0, 0x0, 0x0, 0x0,
    0x0,

    /* U+7C27 "簧" */
    0x0, 0x0, 0x0, 0x0, 0x0, 0x0, 0x0, 0x0,
    0x7e, 0x10, 0x0, 0xd7, 0x0, 0x0, 0x3, 0xff,
    0xff, 0xf8, 0xff, 0xff, 0xf2, 0xe, 0xc1, 0xd7,
    0x3f, 0x73, 0xf4, 0x0, 0x6, 0x54, 0xdb, 0x47,
    0xbd, 0x54, 0x20, 0x6, 0xcc, 0xfe, 0xcc, 0xef,
    0xcc, 0x60, 0x19, 0x99, 0xed, 0x99, 0xde, 0x99,
    0x91, 0x16, 0x77, 0x77, 0xdd, 0x77, 0x77, 0x61,
    0x0, 0xef, 0xff, 0xff, 0xff, 0xfe, 0x0, 0x0,
    0xec, 0x77, 0xdd, 0x77, 0xce, 0x0, 0x0, 0xeb,
    0x66, 0xdd, 0x66, 0xbe, 0x0, 0x0, 0xdf, 0xff,
    0xff, 0xff, 0xfe, 0x0, 0x2, 0x58, 0xcd, 0x0,
    0xdd, 0x96, 0x30, 0xc, 0xeb, 0x72, 0x0, 0x26,
    0x9d, 0xd0, 0x0, 0x0, 0x0, 0x0, 0x0, 0x0,
    0x0,

    /* U+7C92 "粒" */
    0x0, 0x0, 0x0, 0x0, 0x1, 0x0, 0x0, 0x0,
    0x3f, 0x30, 0x0, 0x8f, 0x10, 0x0, 0x2b, 0x3f,
    0x3b, 0x10, 0x4f, 0x50, 0x0, 0xf, 0x6f, 0x7e,
    0x68, 0x9f, 0xc8, 0x80, 0xb, 0xbf, 0xd9, 0xbf,
    0xff, 0xff, 0xf0, 0x5, 0x7f, 0x83, 0x27, 0x0,
    0x18, 0x30, 0x2f, 0xff, 0xff, 0x5f, 0x30, 0x4f,
    0x50, 0x6, 0xcf, 0x86, 0x1f, 0x60, 0x7f, 0x10,
    0x0, 0xef, 0xa0, 0xd, 0xa0, 0xbd, 0x0, 0x8,
    0xff, 0xfd, 0xa, 0xe0, 0xf9, 0x0, 0x3f, 0x9f,
    0x59, 0x6, 0xf5, 0xf5, 0x0, 0x1b, 0x3f, 0x30,
    0x2, 0x37, 0xf2, 0x0, 0x0, 0x3f, 0x35, 0xff,
    0xff, 0xff, 0xf4, 0x0, 0x3f, 0x32, 0x66, 0x66,
    0x66, 0x61,

    /* U+7CFB "系" */
    0x0, 0x0, 0x0, 0x0, 0x12, 0x35, 0x30, 0x7,
    0xcd, 0xee, 0xff, 0xff, 0xff, 0x90, 0x5, 0xa9,
    0xbf, 0xf7, 0x55, 0x82, 0x0, 0x0, 0x7, 0xfc,
    0x20, 0x4e, 0xf3, 0x0, 0x0, 0xef, 0xfd, 0xef,
    0xfb, 0x20, 0x0, 0x0, 0x77, 0x7d, 0xfd, 0x56,
    0x60, 0x0, 0x0, 0x28, 0xfd, 0x50, 0x9, 0xf7,
    0x0, 0x3, 0xff, 0xfd, 0xef, 0xff, 0xff, 0x60,
    0x1, 0xa9, 0x97, 0xcf, 0x64, 0x4a, 0xa0, 0x0,
    0x9, 0xa0, 0x9f, 0x1c, 0x70, 0x0, 0x2, 0xcf,
    0x80, 0x9f, 0x1b, 0xfc, 0x20, 0x2f, 0xf5, 0x58,
    0xdf, 0x0, 0x5e, 0xf1, 0x8, 0x10, 0x9f, 0xfa,
    0x0, 0x1, 0x70,

    /* U+7D20 "素" */
    0x0, 0x0, 0x0, 0xbc, 0x0, 0x0, 0x0, 0xa,
    0xff, 0xff, 0xff, 0xff, 0xff, 0xa0, 0x1, 0x33,
    0x33, 0xcd, 0x33, 0x33, 0x10, 0x0, 0xff, 0xff,
    0xff, 0xff, 0xff, 0x0, 0x3, 0x44, 0x44, 0xcd,
    0x44, 0x44, 0x30, 0x2e, 0xee, 0xff, 0xfe, 0xef,
    0xee, 0xe3, 0x0, 0x39, 0xeb, 0x53, 0x8f, 0x90,
    0x0, 0x0, 0xbf, 0xef, 0xff, 0xc7, 0x30, 0x0,
    0x0, 0x27, 0xde, 0x94, 0x3a, 0xf6, 0x0, 0x3,
    0xff, 0xff, 0xff, 0xee, 0xdf, 0x70, 0x0, 0x4a,
    0xa1, 0x8f, 0x1d, 0x83, 0x20, 0x1a, 0xfe, 0x96,
    0xcf, 0x17, 0xef, 0x90, 0xb, 0x60, 0x4f, 0xf9,
    0x0, 0x6, 0xa0,

    /* U+7D22 "索" */
    0x0, 0x0, 0x0, 0xea, 0x0, 0x0, 0x0, 0x8,
    0xff, 0xff, 0xff, 0xff, 0xff, 0x80, 0x3, 0x66,
    0x66, 0xfc, 0x66, 0x66, 0x30, 0x6, 0x77, 0x77,
    0xfd, 0x77, 0x77, 0x60, 0xe, 0xfe, 0xef, 0xfe,
    0xee, 0xef, 0xe0, 0xe, 0xa1, 0x9f, 0x70, 0x5a,
    0x1a, 0xe0, 0x3, 0x7f, 0xfd, 0xcd, 0xfa, 0x22,
    0x40, 0x0, 0x17, 0xbf, 0xc7, 0x1b, 0xd3, 0x0,
    0x3, 0xff, 0xff, 0xef, 0xff, 0xff, 0x60, 0x0,
    0x78, 0xa5, 0xbf, 0x36, 0x27, 0x50, 0x0, 0x7f,
    0xc0, 0xae, 0x2f, 0xd5, 0x0, 0x2e, 0xfa, 0x46,
    0xde, 0x3, 0xcf, 0xd1, 0xb, 0x40, 0x5f, 0xf7,
    0x0, 0x4, 0xa0,

    /* U+7D2B "紫" */
    0x0, 0x0, 0x0, 0x0, 0x0, 0x0, 0x0, 0x0,
    0x0, 0xe8, 0x6, 0xf1, 0x3, 0x20, 0x4, 0xf1,
    0xef, 0xf7, 0xf9, 0xdf, 0x60, 0x4, 0xf1, 0xea,
    0x47, 0xfc, 0x64, 0xb0, 0x5, 0xf6, 0xfd, 0xc7,
    0xf5, 0x38, 0xf0, 0x1f, 0xfe, 0xbd, 0xc3, 0xff,
    0xff, 0xb0, 0x2, 0x3, 0xbe, 0x70, 0x4d, 0x70,
    0x0, 0x0, 0xaf, 0xfc, 0xcd, 0xfe, 0x40, 0x0,
    0x0, 0x34, 0x9f, 0xfd, 0x6d, 0xa0, 0x0, 0x0,
    0x7e, 0xfe, 0x84, 0x5c, 0xfb, 0x0, 0x2, 0xff,
    0xff, 0xff, 0xdc, 0xbf, 0x90, 0x0, 0x3a, 0xb0,
    0xbd, 0x2e, 0x84, 0x0, 0x1b, 0xfc, 0x75, 0xed,
    0x18, 0xef, 0xa1, 0xa, 0x40, 0x6f, 0xf8, 0x0,
    0x6, 0xb0,

    /* U+7EA4 "纤" */
    0x0, 0x0, 0x0, 0x0, 0x0, 0x0, 0x0, 0x0,
    0xd, 0x80, 0x0, 0x2, 0x47, 0x70, 0x0, 0x6f,
    0x50, 0x8d, 0xff, 0xff, 0xd0, 0x1, 0xeb, 0x17,
    0x7a, 0xaf, 0x81, 0x0, 0xc, 0xf5, 0xaf, 0x20,
    0x3f, 0x60, 0x0, 0xf, 0xff, 0xf8, 0x0, 0x3f,
    0x60, 0x0, 0x4, 0x6f, 0xc1, 0x88, 0xaf, 0xb8,
    0x82, 0x0, 0xcf, 0x21, 0xff, 0xff, 0xff, 0xf4,
    0xa, 0xfc, 0xb9, 0x0, 0x4f, 0x60, 0x0, 0xa,
    0xff, 0xc7, 0x0, 0x3f, 0x60, 0x0, 0x1, 0x10,
    0x3, 0x0, 0x3f, 0x60, 0x0, 0x18, 0xad, 0xff,
    0x10, 0x3f, 0x60, 0x0, 0x2f, 0xfd, 0xb8, 0x0,
    0x3f, 0x60, 0x0, 0x3, 0x0, 0x0, 0x0, 0x3f,
    0x60, 0x0,

    /* U+7EA6 "约" */
    0x0, 0x0, 0x0, 0x0, 0x0, 0x0, 0x0, 0x0,
    0xb7, 0x0, 0x8d, 0x0, 0x0, 0x0, 0x4f, 0x50,
    0xe, 0xc0, 0x0, 0x0, 0xd, 0xc1, 0x66, 0xff,
    0xff, 0xfa, 0x9, 0xf3, 0xaf, 0xfe, 0x99, 0x9f,
    0xa0, 0xff, 0xff, 0xbf, 0x60, 0x0, 0xf9, 0x8,
    0x9f, 0xc0, 0x46, 0x0, 0xf, 0x90, 0xb, 0xf2,
    0x3, 0xf7, 0x0, 0xf8, 0x8, 0xfb, 0x88, 0xa,
    0xf2, 0xf, 0x80, 0xcf, 0xff, 0xc0, 0x1e, 0x61,
    0xf7, 0x4, 0x63, 0x10, 0x0, 0x10, 0x1f, 0x70,
    0x2, 0x59, 0xa0, 0x0, 0x2, 0xf6, 0x2f, 0xff,
    0xfd, 0x2, 0xaa, 0xdf, 0x50, 0x97, 0x41, 0x0,
    0x1f, 0xff, 0xc0,

    /* U+7EA7 "级" */
    0x0, 0x7, 0x10, 0x0, 0x0, 0x0, 0x0, 0x0,
    0x7f, 0x1a, 0xff, 0xff, 0xff, 0x0, 0x1, 0xe8,
    0x14, 0xce, 0x77, 0xcf, 0x0, 0x9, 0xe1, 0xd7,
    0xad, 0x0, 0xe7, 0x0, 0x2f, 0xdd, 0xf2, 0xbf,
    0x7, 0xf8, 0x60, 0x1d, 0xdf, 0x80, 0xcf, 0x58,
    0xff, 0xd0, 0x0, 0xcc, 0x0, 0xdf, 0xa0, 0xe,
    0x90, 0xa, 0xf6, 0x61, 0xfd, 0xf3, 0x6f, 0x20,
    0xf, 0xff, 0xf6, 0xf5, 0xdc, 0xea, 0x0, 0x6,
    0x52, 0x19, 0xf0, 0x4f, 0xf1, 0x0, 0x16, 0xad,
    0xef, 0xa1, 0xcf, 0xfa, 0x0, 0x3f, 0xeb, 0xff,
    0x7e, 0xf4, 0x7f, 0xd1, 0x2, 0x0, 0x97, 0xad,
    0x20, 0x5, 0xd0, 0x0, 0x0, 0x0, 0x0, 0x0,
    0x0, 0x0,

    /* U+7EB9 "纹" */
    0x0, 0x0, 0x0, 0x0, 0x0, 0x0, 0x0, 0x0,
    0x4e, 0x20, 0x1, 0xe9, 0x0, 0x0, 0x0, 0xcc,
    0x0, 0x0, 0xde, 0x0, 0x0, 0x5, 0xf4, 0x3d,
    0xff, 0xff, 0xff, 0xf1, 0x1e, 0xa3, 0xfa, 0xed,
    0x88, 0xdf, 0x80, 0x4f, 0xff, 0xd0, 0xbc, 0x0,
    0xcc, 0x0, 0x17, 0xbf, 0x40, 0x8f, 0x0, 0xf8,
    0x0, 0x3, 0xfa, 0x0, 0x3f, 0x65, 0xf4, 0x0,
    0xd, 0xfb, 0xc4, 0xd, 0xdc, 0xe0, 0x0, 0xd,
    0xfd, 0xa2, 0x6, 0xff, 0x70, 0x0, 0x1, 0x0,
    0x32, 0x4, 0xff, 0x70, 0x0, 0x3a, 0xdf, 0xf7,
    0x7f, 0xdd, 0xfa, 0x10, 0x5e, 0xb8, 0x8f, 0xfa,
    0x10, 0xaf, 0xe0, 0x0, 0x0, 0xb, 0x50, 0x0,
    0x5, 0x60,

    /* U+7EBF "线" */
    0x0, 0x0, 0x0, 0x0, 0x0, 0x0, 0x0, 0x0,
    0x1f, 0x50, 0xf, 0x87, 0xc0, 0x0, 0x0, 0x9f,
    0x10, 0xf, 0x92, 0xe9, 0x0, 0x2, 0xf7, 0x53,
    0x1f, 0xc7, 0xbb, 0x90, 0xc, 0xe4, 0xec, 0xff,
    0xff, 0xdb, 0x80, 0xf, 0xff, 0xf2, 0x4d, 0xc0,
    0x0, 0x20, 0x5, 0x7f, 0x72, 0x6d, 0xfc, 0xef,
    0xf1, 0x1, 0xdd, 0x6, 0xff, 0xfb, 0x9b, 0x50,
    0xa, 0xfc, 0xc6, 0x15, 0xf2, 0x5f, 0x60, 0xb,
    0xfd, 0xb3, 0x2, 0xfb, 0xfa, 0x0, 0x0, 0x0,
    0x21, 0x2, 0xff, 0x85, 0xd0, 0x17, 0xbe, 0xf8,
    0xaf, 0xff, 0x28, 0xe0, 0x2f, 0xda, 0x66, 0xf9,
    0x3e, 0xee, 0x90, 0x0, 0x0, 0x0, 0x10, 0x4,
    0xed, 0x20,

    /* U+7EC6 "细" */
    0x0, 0x0, 0x0, 0x0, 0x0, 0x0, 0x0, 0x1,
    0xd3, 0x0, 0x0, 0x0, 0x0, 0x0, 0x8f, 0x8,
    0xff, 0xff, 0xff, 0xe0, 0x1f, 0x71, 0x8f, 0x8c,
    0xf8, 0xce, 0xa, 0xe1, 0xee, 0xe0, 0x7e, 0x9,
    0xe0, 0xff, 0xfe, 0x9e, 0x7, 0xe0, 0x9e, 0x5,
    0x9f, 0x68, 0xf7, 0xbf, 0x7c, 0xe0, 0xe, 0xb0,
    0x8f, 0xff, 0xff, 0xfe, 0xa, 0xfb, 0xb8, 0xe0,
    0x7e, 0x9, 0xe0, 0xaf, 0xeb, 0x8e, 0x7, 0xe0,
    0x9e, 0x1, 0x0, 0x8, 0xe0, 0x7e, 0x9, 0xe0,
    0x7a, 0xcf, 0x9f, 0x7b, 0xf7, 0xce, 0x1f, 0xfc,
    0xa9, 0xff, 0xff, 0xff, 0xe0, 0x10, 0x0, 0x8e,
    0x0, 0x0, 0x9e,

    /* U+7ECF "经" */
    0x0, 0xa, 0x30, 0x0, 0x0, 0x0, 0x0, 0x0,
    0x7f, 0x23, 0xff, 0xff, 0xff, 0x20, 0x1, 0xea,
    0x1, 0x77, 0x79, 0xfe, 0x10, 0x9, 0xf1, 0xd9,
    0x0, 0x4e, 0xe2, 0x0, 0x1f, 0xfe, 0xf3, 0x3b,
    0xff, 0xe7, 0x0, 0x9, 0xaf, 0x9c, 0xfe, 0x52,
    0xaf, 0xe2, 0x0, 0xdc, 0x5, 0x50, 0x0, 0x3,
    0x80, 0xa, 0xfb, 0xb5, 0xff, 0xff, 0xff, 0x90,
    0xb, 0xfd, 0xb3, 0x88, 0xdf, 0x88, 0x50, 0x1,
    0x0, 0x0, 0x0, 0xaf, 0x0, 0x0, 0x17, 0xad,
    0xf2, 0x0, 0xaf, 0x0, 0x0, 0x3f, 0xec, 0x9f,
    0xff, 0xff, 0xff, 0xf4, 0x1, 0x0, 0x7, 0x77,
    0x77, 0x77, 0x71,

    /* U+7ED3 "结" */
    0x0, 0x0, 0x0, 0x0, 0x0, 0x0, 0x0, 0x0,
    0x3e, 0x20, 0x0, 0xbe, 0x0, 0x0, 0x0, 0xbd,
    0x1, 0x22, 0xbe, 0x22, 0x20, 0x3, 0xf6, 0xb,
    0xff, 0xff, 0xff, 0xf1, 0xc, 0xd1, 0xd8, 0x55,
    0xce, 0x55, 0x50, 0x3f, 0xee, 0xf2, 0x22, 0xbe,
    0x22, 0x10, 0xa, 0xbf, 0x76, 0xff, 0xff, 0xff,
    0xb0, 0x0, 0xdd, 0x2, 0x55, 0x55, 0x55, 0x30,
    0xa, 0xf9, 0x81, 0x77, 0x77, 0x77, 0x30, 0xd,
    0xff, 0xe3, 0xff, 0xff, 0xff, 0x60, 0x3, 0x30,
    0x2, 0xf5, 0x0, 0x1f, 0x60, 0x15, 0x8a, 0xd4,
    0xf7, 0x22, 0x3f, 0x60, 0x4f, 0xfd, 0xa4, 0xff,
    0xff, 0xff, 0x60, 0x3, 0x0, 0x2, 0xf8, 0x44,
    0x5f, 0x60,

    /* U+7ED5 "绕" */
    0x0, 0x18, 0x0, 0x69, 0x0, 0x0, 0x0, 0x0,
    0x9e, 0x0, 0x7f, 0x57, 0xac, 0x80, 0x2, 0xf6,
    0xb, 0xff, 0xff, 0xcb, 0x50, 0xb, 0xd1, 0xd8,
    0x5d, 0xb0, 0x7f, 0x10, 0x3f, 0xee, 0xe1, 0x7,
    0xfe, 0xf6, 0x80, 0xb, 0xcf, 0x67, 0xcf, 0xff,
    0x65, 0xf1, 0x1, 0xec, 0xb, 0xb6, 0x2c, 0xff,
    0x90, 0xb, 0xf8, 0x66, 0x77, 0x77, 0xaa, 0x70,
    0xe, 0xff, 0xac, 0xff, 0xff, 0xff, 0xf0, 0x3,
    0x20, 0x0, 0x7f, 0xe, 0x80, 0x50, 0x5, 0x8b,
    0xe0, 0xbd, 0xe, 0x80, 0xf3, 0x3f, 0xfd, 0xb9,
    0xf5, 0xe, 0xb6, 0xf2, 0x3, 0x0, 0x8f, 0x60,
    0x9, 0xff, 0xc0, 0x0, 0x0, 0x1, 0x0, 0x0,
    0x0, 0x0,

    /* U+7ED8 "绘" */
    0x0, 0x0, 0x0, 0x0, 0x0, 0x0, 0x0, 0x0,
    0xd, 0x50, 0x0, 0xbf, 0x10, 0x0, 0x0, 0x6f,
    0x30, 0x3, 0xff, 0x90, 0x0, 0x0, 0xea, 0x31,
    0x1d, 0xc7, 0xf5, 0x0, 0x9, 0xf2, 0xea, 0xcf,
    0x20, 0xcf, 0x50, 0xe, 0xff, 0xfe, 0xf9, 0x55,
    0x5f, 0xf3, 0x7, 0xaf, 0x77, 0x9f, 0xff, 0xf9,
    0x90, 0x0, 0xdc, 0x0, 0x0, 0x0, 0x0, 0x0,
    0xa, 0xfc, 0xd8, 0xff, 0xff, 0xff, 0xe0, 0x9,
    0xeb, 0x93, 0x7e, 0xd7, 0x97, 0x60, 0x0, 0x0,
    0x40, 0x5f, 0x40, 0xe8, 0x0, 0xa, 0xdf, 0xf4,
    0xeb, 0x34, 0xbf, 0x30, 0xf, 0xc9, 0x55, 0xff,
    0xff, 0xff, 0xc0, 0x0, 0x0, 0x0, 0x43, 0x21,
    0x4, 0x40,

    /* U+7EDC "络" */
    0x0, 0x0, 0x0, 0x1, 0x0, 0x0, 0x0, 0x0,
    0x2e, 0x30, 0xd, 0xd0, 0x0, 0x0, 0x0, 0xae,
    0x0, 0x5f, 0xff, 0xff, 0xb0, 0x2, 0xf6, 0x76,
    0xef, 0x77, 0x8f, 0xa0, 0xc, 0xd3, 0xff, 0xff,
    0x90, 0xcf, 0x10, 0x2f, 0xff, 0xd4, 0x45, 0xfe,
    0xf4, 0x0, 0x7, 0xaf, 0x40, 0x4b, 0xff, 0xf9,
    0x40, 0x1, 0xea, 0xe, 0xfe, 0x72, 0x9f, 0xf5,
    0xc, 0xf8, 0x96, 0xa6, 0x66, 0x66, 0x70, 0xd,
    0xff, 0xd0, 0xff, 0xff, 0xff, 0x70, 0x3, 0x20,
    0x0, 0xf8, 0x0, 0x1f, 0x70, 0x16, 0x9b, 0xe3,
    0xf9, 0x22, 0x3f, 0x70, 0x3f, 0xfd, 0xa2, 0xff,
    0xff, 0xff, 0x70, 0x2, 0x0, 0x0, 0xfa, 0x44,
    0x4f, 0x70,

    /* U+7EDF "统" */
    0x0, 0x0, 0x0, 0x0, 0x0, 0x0, 0x0, 0x0,
    0x1b, 0x20, 0x0, 0xea, 0x0, 0x0, 0x0, 0x8f,
    0x14, 0x55, 0xef, 0x55, 0x50, 0x1, 0xf7, 0x1d,
    0xff, 0xff, 0xff, 0xf1, 0xa, 0xd2, 0xf6, 0x1e,
    0xb0, 0x50, 0x0, 0x1f, 0xff, 0xf1, 0xbe, 0x12,
    0xf7, 0x0, 0x9, 0xbf, 0x69, 0xf8, 0x56, 0xcf,
    0x30, 0x0, 0xdc, 0xb, 0xff, 0xff, 0xff, 0xd0,
    0xa, 0xf8, 0x81, 0x7f, 0x3c, 0xa2, 0x30, 0xd,
    0xff, 0xe0, 0x6f, 0x1c, 0xa0, 0x0, 0x4, 0x41,
    0x0, 0x8f, 0xc, 0xa0, 0xb2, 0x4, 0x8b, 0xe3,
    0xeb, 0xc, 0xa0, 0xf4, 0x2f, 0xff, 0xee, 0xf3,
    0xc, 0xd7, 0xf3, 0x5, 0x20, 0x4f, 0x50, 0x7,
    0xff, 0xc0, 0x0, 0x0, 0x1, 0x0, 0x0, 0x0,
    0x0,

    /* U+7EE7 "继" */
    0x0, 0x0, 0x0, 0x0, 0x0, 0x0, 0x0, 0x0,
    0x79, 0x0, 0x0, 0xf, 0x80, 0x0, 0x0, 0xdc,
    0xe, 0xa6, 0xf, 0x83, 0x40, 0x5, 0xf4, 0xe,
    0xaf, 0x5f, 0x8c, 0xa0, 0xe, 0xb4, 0xef, 0x98,
    0xcf, 0xbf, 0x10, 0x4f, 0xdf, 0xae, 0x97, 0x7f,
    0xb8, 0x50, 0x19, 0xdf, 0x1e, 0xbf, 0xff, 0xff,
    0xc0, 0x3, 0xf7, 0xe, 0x90, 0x8f, 0x90, 0x0,
    0xe, 0xf9, 0x6e, 0x94, 0xff, 0xf9, 0x0, 0xf,
    0xfd, 0x6e, 0xcf, 0xaf, 0xcf, 0xd0, 0x1, 0x0,
    0x1e, 0x9a, 0xf, 0x82, 0x50, 0x3b, 0xdf, 0xae,
    0x90, 0x8, 0x40, 0x0, 0x4f, 0xff, 0xae, 0xc8,
    0x88, 0x88, 0x80, 0x27, 0x41, 0xe, 0xff, 0xff,
    0xff, 0xf1,

    /* U+7EEA "绪" */
    0x0, 0x0, 0x0, 0x0, 0x0, 0x0, 0x0, 0x0,
    0x6b, 0x0, 0x9, 0xe0, 0x0, 0x0, 0x0, 0xda,
    0x1, 0x6c, 0xf6, 0x49, 0x80, 0x5, 0xf2, 0x24,
    0xff, 0xff, 0xdf, 0x70, 0x1e, 0x94, 0xf4, 0x9,
    0xe1, 0xec, 0x0, 0x5f, 0xff, 0xce, 0xff, 0xff,
    0xff, 0xf2, 0x18, 0xcf, 0x46, 0x6a, 0xfe, 0x66,
    0x61, 0x2, 0xfa, 0x0, 0x7f, 0xf8, 0x55, 0x0,
    0xd, 0xf8, 0x8d, 0xff, 0xff, 0xff, 0x20, 0xf,
    0xfe, 0x9b, 0xf8, 0x22, 0x6f, 0x20, 0x3, 0x10,
    0x10, 0xff, 0xff, 0xff, 0x20, 0x28, 0xbe, 0xe0,
    0xf7, 0x0, 0x5f, 0x20, 0x4f, 0xd9, 0x60, 0xff,
    0xff, 0xff, 0x20, 0x0, 0x0, 0x0, 0xfa, 0x44,
    0x7f, 0x20,

    /* U+7EED "续" */
    0x0, 0x0, 0x0, 0x0, 0x0, 0x0, 0x0, 0x0,
    0x4e, 0x10, 0x0, 0xae, 0x0, 0x0, 0x0, 0xbc,
    0x7, 0xff, 0xff, 0xff, 0xa0, 0x3, 0xf4, 0x12,
    0x55, 0xce, 0x55, 0x30, 0xb, 0xd2, 0xf8, 0x55,
    0xce, 0x55, 0x50, 0x3f, 0xdd, 0xea, 0xff, 0xff,
    0xff, 0xf0, 0x1c, 0xdf, 0x51, 0xd6, 0x2b, 0x49,
    0xd0, 0x0, 0xdb, 0x3, 0x5a, 0x8f, 0x58, 0x60,
    0xa, 0xf7, 0x67, 0xe9, 0x3f, 0x50, 0x0, 0xf,
    0xff, 0xb5, 0x6b, 0x8f, 0x85, 0x50, 0x5, 0x41,
    0xe, 0xff, 0xff, 0xff, 0xf2, 0x5, 0x8b, 0xb0,
    0x5, 0xff, 0x81, 0x0, 0x2f, 0xfd, 0xa7, 0xcf,
    0xb7, 0xef, 0x80, 0x3, 0x0, 0x1f, 0xb4, 0x0,
    0x19, 0xc0, 0x0, 0x0, 0x0, 0x0, 0x0, 0x0,
    0x0,

    /* U+7EF4 "维" */
    0x0, 0x0, 0x0, 0x0, 0x0, 0x0, 0x0, 0x0,
    0x4e, 0x20, 0x5f, 0x18, 0xa0, 0x0, 0x0, 0xcc,
    0x0, 0xad, 0x7, 0xf0, 0x0, 0x4, 0xf4, 0x40,
    0xff, 0xff, 0xff, 0xf1, 0xe, 0xb5, 0xf9, 0xfa,
    0x7b, 0xf7, 0x70, 0x3f, 0xff, 0xbd, 0xf5, 0x7,
    0xe0, 0x0, 0x9, 0xbf, 0x7f, 0xff, 0xff, 0xff,
    0xe0, 0x1, 0xe9, 0x8, 0xf9, 0x5a, 0xf5, 0x40,
    0xb, 0xf7, 0x81, 0xf8, 0x49, 0xf4, 0x30, 0xd,
    0xff, 0xc1, 0xff, 0xff, 0xff, 0xe0, 0x3, 0x30,
    0x1, 0xf6, 0x18, 0xe1, 0x10, 0x17, 0xad, 0xf2,
    0xf8, 0x5a, 0xf5, 0x51, 0x2f, 0xda, 0x72, 0xff,
    0xff, 0xff, 0xf4, 0x0, 0x0, 0x1, 0xf6, 0x11,
    0x11, 0x10,

    /* U+7F13 "缓" */
    0x0, 0x36, 0x0, 0x0, 0x1, 0x23, 0x30, 0x0,
    0xbc, 0xc, 0xef, 0xff, 0xff, 0xc0, 0x2, 0xf3,
    0x6, 0xd5, 0xa8, 0x1a, 0x30, 0xb, 0xb4, 0xe4,
    0xe6, 0x9b, 0x8f, 0x30, 0x2f, 0xff, 0xbb, 0xff,
    0xff, 0xff, 0xd0, 0x8, 0xcf, 0x33, 0x7f, 0x43,
    0x33, 0x30, 0x1, 0xf9, 0x1f, 0xff, 0xff, 0xff,
    0xf2, 0xb, 0xf7, 0x50, 0xcb, 0x44, 0x44, 0x10,
    0xf, 0xff, 0x92, 0xff, 0xff, 0xff, 0x40, 0x5,
    0x30, 0xa, 0xdc, 0xa0, 0xbd, 0x0, 0x17, 0xad,
    0xef, 0x52, 0xee, 0xd2, 0x0, 0x2f, 0xec, 0xfd,
    0x8d, 0xfd, 0xfb, 0x71, 0x1, 0x0, 0x89, 0xe9,
    0x20, 0x4b, 0xe0, 0x0, 0x0, 0x0, 0x0, 0x0,
    0x0, 0x0,

    /* U+7F18 "缘" */
    0x0, 0x0, 0x0, 0x0, 0x0, 0x0, 0x0, 0x0,
    0x6b, 0x0, 0x9c, 0x0, 0x0, 0x0, 0x0, 0xda,
    0x0, 0xcf, 0xff, 0xff, 0x0, 0x4, 0xf3, 0x0,
    0xf7, 0x44, 0xad, 0x0, 0xc, 0xb3, 0xe5, 0xff,
    0xff, 0xfa, 0x0, 0x3f, 0xde, 0xc5, 0x55, 0x55,
    0xeb, 0x50, 0xc, 0xdf, 0x4d, 0xde, 0xff, 0xdd,
    0xd1, 0x0, 0xda, 0x2, 0x8f, 0xf4, 0x7, 0x80,
    0x9, 0xf7, 0x5f, 0xb7, 0xec, 0xcf, 0x60, 0xe,
    0xff, 0x74, 0xaf, 0xaf, 0xed, 0x0, 0x4, 0x30,
    0x2f, 0x96, 0xef, 0x5f, 0x40, 0x4, 0x7a, 0x73,
    0xaf, 0x7f, 0x4a, 0xd1, 0x2f, 0xfe, 0xbf, 0xc7,
    0x7f, 0x42, 0xe1, 0x3, 0x10, 0x4, 0xe, 0xfb,
    0x0, 0x10,

    /* U+7F1D "缝" */
    0x0, 0x65, 0x2, 0x0, 0xa7, 0x0, 0x0, 0x0,
    0xe7, 0x6d, 0x6, 0xff, 0xff, 0x80, 0x6, 0xf1,
    0x1f, 0x7f, 0xf5, 0x7e, 0x20, 0xd, 0x88, 0x98,
    0x44, 0x9f, 0xf6, 0x0, 0x5f, 0xdf, 0x72, 0x4f,
    0xe7, 0x9e, 0xe0, 0x19, 0xec, 0xbf, 0x78, 0x5d,
    0xb5, 0x60, 0x3, 0xf4, 0x2f, 0x79, 0xbe, 0xdb,
    0x60, 0xd, 0xea, 0x3e, 0x78, 0xbe, 0xdb, 0x40,
    0xe, 0xfc, 0x2e, 0x74, 0x5d, 0xb5, 0x30, 0x1,
    0x1, 0x1e, 0x9f, 0xff, 0xff, 0xf0, 0x3a, 0xdf,
    0xdf, 0xb0, 0xc, 0x80, 0x0, 0x5f, 0xcb, 0xfe,
    0xfc, 0x76, 0x66, 0x61, 0x0, 0x1, 0xd1, 0x5c,
    0xff, 0xff, 0xf0, 0x0, 0x0, 0x0, 0x0, 0x0,
    0x0, 0x0,

    /* U+7F29 "缩" */
    0x0, 0x26, 0x0, 0x0, 0x98, 0x0, 0x0, 0x0,
    0xae, 0x5, 0x66, 0xdf, 0x66, 0x60, 0x2, 0xf7,
    0xe, 0xff, 0xff, 0xff, 0xf1, 0xb, 0xe2, 0xad,
    0xa3, 0x0, 0x3, 0xb0, 0x1f, 0xed, 0xd1, 0xfd,
    0xff, 0xff, 0xf1, 0x8, 0xbf, 0x47, 0xf1, 0x2a,
    0xc2, 0x20, 0x0, 0xda, 0x2f, 0xe4, 0xff, 0xff,
    0x90, 0x9, 0xfa, 0xaf, 0xe4, 0xf5, 0x5c, 0xa0,
    0xc, 0xff, 0x9b, 0xe4, 0xf5, 0x5c, 0xa0, 0x4,
    0x42, 0x5, 0xe4, 0xff, 0xff, 0xa0, 0x4, 0x68,
    0x75, 0xe4, 0xf0, 0xb, 0xa0, 0x1f, 0xfc, 0x75,
    0xe4, 0xff, 0xff, 0xa0, 0x2, 0x0, 0x5, 0xe4,
    0xf5, 0x5c, 0xa0, 0x0, 0x0, 0x0, 0x0, 0x0,
    0x0, 0x0,

    /* U+7F51 "网" */
    0xaf, 0xff, 0xff, 0xff, 0xff, 0xf9, 0xaf, 0x77,
    0x77, 0x77, 0x77, 0xf9, 0xaf, 0x42, 0xb, 0x30,
    0x46, 0xf9, 0xaf, 0xbb, 0x4f, 0xd4, 0xba, 0xf9,
    0xaf, 0x3f, 0xda, 0xad, 0xf4, 0xf9, 0xaf, 0xb,
    0xf4, 0x2f, 0xd0, 0xf9, 0xaf, 0xa, 0xf4, 0x1f,
    0xd0, 0xf9, 0xaf, 0x3f, 0xec, 0xae, 0xf5, 0xf9,
    0xaf, 0xdb, 0x3b, 0xf6, 0xad, 0xf9, 0xaf, 0xd2,
    0x9, 0xc0, 0x25, 0xf9, 0xaf, 0x0, 0x0, 0x13,
    0x79, 0xf9, 0xaf, 0x0, 0x0, 0x5, 0xff, 0xe3,
    0x0, 0x0, 0x0, 0x0, 0x0, 0x0,

    /* U+7F6E "置" */
    0x5, 0xff, 0xff, 0xff, 0xff, 0xff, 0xa0, 0x5,
    0xf6, 0x5f, 0x84, 0xf9, 0x4e, 0xa0, 0x2, 0x88,
    0x88, 0xdf, 0x88, 0x88, 0x50, 0xa, 0xff, 0xff,
    0xff, 0xff, 0xff, 0xf0, 0x0, 0x36, 0x66, 0xcf,
    0x66, 0x65, 0x10, 0x0, 0x8f, 0xa9, 0x99, 0x99,
    0xee, 0x0, 0x0, 0x8f, 0xdd, 0xdd, 0xdd, 0xfe,
    0x0, 0x0, 0x8f, 0x76, 0x66, 0x66, 0xde, 0x0,
    0x0, 0x8f, 0x88, 0x88, 0x88, 0xde, 0x0, 0x0,
    0x8f, 0xdd, 0xdd, 0xdd, 0xfe, 0x0, 0x1, 0x8f,
    0x21, 0x11, 0x11, 0xbe, 0x10, 0x1f, 0xff, 0xff,
    0xff, 0xff, 0xff, 0xf7,

    /* U+8003 "考" */
    0x0, 0x0, 0xf, 0xa0, 0x0, 0x32, 0x0, 0x0,
    0x66, 0x6f, 0xc6, 0x64, 0xdd, 0x0, 0x1, 0xee,
    0xef, 0xfe, 0xef, 0xf5, 0x0, 0x0, 0x0, 0xf,
    0xa0, 0x9f, 0x60, 0x0, 0x2f, 0xff, 0xff, 0xff,
    0xff, 0xff, 0xf2, 0x3, 0x33, 0x3a, 0xfd, 0x43,
    0x33, 0x30, 0x0, 0x3, 0xcf, 0xff, 0xff, 0xff,
    0x60, 0x3, 0xbf, 0xfc, 0x55, 0x55, 0x55, 0x20,
    0x3f, 0xfc, 0xfb, 0x66, 0x66, 0x62, 0x0, 0xa,
    0x34, 0xff, 0xff, 0xff, 0xf4, 0x0, 0x0, 0x0,
    0x0, 0x0, 0x8, 0xf2, 0x0, 0x0, 0x0, 0x4,
    0x66, 0x6e, 0xe0, 0x0, 0x0, 0x0, 0x8, 0xff,
    0xfe, 0x60, 0x0,

    /* U+800C "而" */
    0x1f, 0xff, 0xff, 0xff, 0xff, 0xff, 0xf0, 0x7,
    0x77, 0x79, 0xfc, 0x77, 0x77, 0x70, 0x0, 0x0,
    0x7, 0xf4, 0x0, 0x0, 0x0, 0x6, 0xff, 0xff,
    0xff, 0xff, 0xff, 0x60, 0x6, 0xfa, 0xbf, 0xbb,
    0xfb, 0xaf, 0x70, 0x6, 0xf2, 0x4f, 0x33, 0xf4,
    0x2f, 0x70, 0x6, 0xf2, 0x4f, 0x33, 0xf4, 0x2f,
    0x70, 0x6, 0xf2, 0x4f, 0x33, 0xf4, 0x2f, 0x70,
    0x6, 0xf2, 0x4f, 0x33, 0xf4, 0x2f, 0x70, 0x6,
    0xf2, 0x4f, 0x33, 0xf4, 0x2f, 0x70, 0x6, 0xf2,
    0x4f, 0x33, 0xf9, 0xaf, 0x60, 0x6, 0xf2, 0x3,
    0x0, 0x3b, 0xfd, 0x20, 0x0, 0x10, 0x0, 0x0,
    0x0, 0x0, 0x0,

    /* U+8033 "耳" */
    0xf, 0xff, 0xff, 0xff, 0xff, 0xff, 0xf0, 0x8,
    0xbf, 0x98, 0x88, 0x8a, 0xfa, 0x70, 0x0, 0x7f,
    0x64, 0x44, 0x48, 0xf5, 0x0, 0x0, 0x7f, 0xff,
    0xff, 0xff, 0xf5, 0x0, 0x0, 0x7f, 0x53, 0x33,
    0x37, 0xf5, 0x0, 0x0, 0x7f, 0x64, 0x44, 0x48,
    0xf5, 0x0, 0x0, 0x7f, 0xff, 0xff, 0xff, 0xf5,
    0x0, 0x0, 0x7f, 0x52, 0x22, 0x27, 0xf5, 0x0,
    0x2, 0x9f, 0x64, 0x56, 0x7a, 0xfb, 0xa2, 0x3f,
    0xff, 0xff, 0xff, 0xff, 0xff, 0xe3, 0x16, 0x65,
    0x43, 0x32, 0x16, 0xf5, 0x0, 0x0, 0x0, 0x0,
    0x0, 0x5, 0xf5, 0x0,

    /* U+8046 "聆" */
    0x0, 0x0, 0x0, 0x0, 0x8f, 0x30, 0x0, 0x3f,
    0xff, 0xff, 0x21, 0xff, 0xc0, 0x0, 0x1c, 0xd6,
    0xea, 0x1b, 0xf8, 0xf6, 0x0, 0x9, 0xc5, 0xe6,
    0x9f, 0x81, 0xaf, 0x50, 0x9, 0xff, 0xfc, 0xfa,
    0xab, 0xc, 0xf2, 0x9, 0xb0, 0xe8, 0x90, 0x3f,
    0x40, 0x90, 0x9, 0xd7, 0xf6, 0x68, 0x8b, 0x88,
    0x40, 0x9, 0xfd, 0xf6, 0xcf, 0xff, 0xff, 0x90,
    0x9, 0xb0, 0xe6, 0x1, 0x0, 0xaf, 0x30, 0xb,
    0xd8, 0xfe, 0x7f, 0x67, 0xf5, 0x0, 0x3f, 0xfe,
    0xfc, 0x2a, 0xff, 0x90, 0x0, 0x4, 0x10, 0xe6,
    0x0, 0x6f, 0xe4, 0x0, 0x0, 0x0, 0xe6, 0x0,
    0x2, 0xc3, 0x0, 0x0, 0x0, 0x0, 0x0, 0x0,
    0x0, 0x0,

    /* U+80FD "能" */
    0x0, 0x10, 0x0, 0x0, 0x0, 0x0, 0x0, 0x1e,
    0x90, 0x2, 0xf5, 0x3, 0x40, 0xb, 0xe4, 0xc2,
    0x2f, 0x9b, 0xfc, 0x8, 0xf5, 0x3e, 0xc2, 0xff,
    0xd7, 0x20, 0xef, 0xff, 0xff, 0xaf, 0x80, 0x2f,
    0x34, 0x53, 0x21, 0x64, 0xf9, 0x47, 0xf2, 0x7f,
    0xff, 0xfe, 0xe, 0xff, 0xfd, 0x7, 0xf4, 0x49,
    0xf0, 0x43, 0x21, 0x0, 0x7f, 0xcc, 0xef, 0x1f,
    0x64, 0xbc, 0x7, 0xf4, 0x49, 0xf1, 0xff, 0xfb,
    0x40, 0x7f, 0xff, 0xff, 0x1f, 0xa2, 0x1d, 0x37,
    0xf3, 0x39, 0xf1, 0xf6, 0x2, 0xf4, 0x7e, 0x5,
    0xcf, 0x1f, 0xc9, 0xbf, 0x27, 0xe0, 0xbf, 0xa0,
    0x9c, 0xcc, 0x80, 0x0, 0x0, 0x0, 0x0, 0x0,
    0x0, 0x0,

    /* U+8111 "脑" */
    0x0, 0x0, 0x0, 0x0, 0x3a, 0x20, 0x0, 0x6,
    0xff, 0xf7, 0x11, 0x3f, 0x81, 0x10, 0x6, 0xf7,
    0xf8, 0xff, 0xff, 0xff, 0xf9, 0x6, 0xe0, 0xe7,
    0x34, 0x73, 0x67, 0x31, 0x6, 0xff, 0xf7, 0x47,
    0xf2, 0xca, 0x51, 0x6, 0xf6, 0xe7, 0xe8, 0xbd,
    0xf5, 0xf3, 0x6, 0xe0, 0xe7, 0xe8, 0x3f, 0xb2,
    0xf3, 0x6, 0xf6, 0xe7, 0xe8, 0x5f, 0xb2, 0xf3,
    0x7, 0xff, 0xf7, 0xe9, 0xeb, 0xf7, 0xf3, 0x8,
    0xd0, 0xe7, 0xef, 0xd0, 0x9e, 0xf3, 0xa, 0xb0,
    0xe7, 0xe9, 0x30, 0x15, 0xf3, 0x1f, 0x97, 0xf7,
    0xef, 0xff, 0xff, 0xf3, 0x1c, 0x2f, 0xe3, 0x56,
    0x66, 0x67, 0xf3, 0x0, 0x0, 0x0, 0x0, 0x0,
    0x0, 0x0,

    /* U+819C "膜" */
    0x0, 0x0, 0x0, 0xf, 0x70, 0xf4, 0x0, 0xd,
    0xff, 0xf5, 0x9f, 0xc9, 0xfb, 0x80, 0xd, 0x86,
    0xf4, 0x7e, 0xa7, 0xe9, 0x60, 0xd, 0x86, 0xf1,
    0xcc, 0xcc, 0xcc, 0x40, 0xd, 0xff, 0xf2, 0xf7,
    0x55, 0x5f, 0x60, 0xd, 0x97, 0xf2, 0xfe, 0xee,
    0xef, 0x60, 0xd, 0x75, 0xf2, 0xf5, 0x33, 0x3f,
    0x60, 0xd, 0xed, 0xf2, 0xff, 0xff, 0xff, 0x60,
    0xe, 0xdc, 0xf1, 0x33, 0x9f, 0x33, 0x20, 0xe,
    0x55, 0xfb, 0xff, 0xff, 0xff, 0xf0, 0xf, 0x35,
    0xf1, 0x26, 0xff, 0x92, 0x20, 0x5f, 0x59, 0xf6,
    0xcf, 0xc7, 0xfa, 0x30, 0x6a, 0x9f, 0xbf, 0xe7,
    0x0, 0x5e, 0xf0, 0x0, 0x0, 0x3, 0x0, 0x0,
    0x0, 0x30,

    /* U+81EA "自" */
    0x0, 0x0, 0x0, 0x0, 0x0, 0x0, 0x0, 0x0,
    0x6e, 0x60, 0x0, 0x0, 0x7, 0x77, 0xdf, 0x97,
    0x77, 0x70, 0x1f, 0xff, 0xff, 0xff, 0xff, 0xf1,
    0x1f, 0x90, 0x0, 0x0, 0x9, 0xf1, 0x1f, 0xb5,
    0x55, 0x55, 0x5b, 0xf1, 0x1f, 0xff, 0xff, 0xff,
    0xff, 0xf1, 0x1f, 0xa1, 0x11, 0x11, 0x19, 0xf1,
    0x1f, 0xb5, 0x55, 0x55, 0x5b, 0xf1, 0x1f, 0xff,
    0xff, 0xff, 0xff, 0xf1, 0x1f, 0xa1, 0x11, 0x11,
    0x19, 0xf1, 0x1f, 0xb4, 0x44, 0x44, 0x4b, 0xf1,
    0x1f, 0xff, 0xff, 0xff, 0xff, 0xf1, 0x1f, 0xa2,
    0x22, 0x22, 0x2a, 0xf1, 0x0, 0x0, 0x0, 0x0,
    0x0, 0x0,

    /* U+820D "舍" */
    0x0, 0x0, 0x3, 0xff, 0x30, 0x0, 0x0, 0x0,
    0x0, 0x3e, 0xee, 0xe4, 0x0, 0x0, 0x0, 0x8,
    0xfe, 0x33, 0xef, 0x91, 0x0, 0x7, 0xef, 0xf8,
    0x66, 0x8f, 0xff, 0x81, 0x1f, 0xc8, 0xdd, 0xff,
    0xdd, 0x8c, 0xe0, 0x3, 0x22, 0x22, 0xcd, 0x22,
    0x22, 0x30, 0xe, 0xff, 0xff, 0xff, 0xff, 0xff,
    0xf0, 0x1, 0x11, 0x11, 0xcd, 0x11, 0x11, 0x10,
    0x0, 0xaf, 0xff, 0xff, 0xff, 0xfa, 0x0, 0x0,
    0xaf, 0x66, 0x66, 0x66, 0xfa, 0x0, 0x0, 0xae,
    0x0, 0x0, 0x0, 0xea, 0x0, 0x0, 0xaf, 0xff,
    0xff, 0xff, 0xfa, 0x0, 0x0, 0xaf, 0x55, 0x55,
    0x55, 0xfa, 0x0,

    /* U+826F "良" */
    0x0, 0x0, 0x1, 0x10, 0x0, 0x0, 0x0, 0x0,
    0x2, 0xfb, 0x0, 0x0, 0x0, 0xe, 0xee, 0xef,
    0xfe, 0xee, 0x90, 0x1, 0xfb, 0x77, 0x77, 0x77,
    0xfa, 0x0, 0x1f, 0x92, 0x22, 0x22, 0x2e, 0xa0,
    0x1, 0xff, 0xff, 0xff, 0xff, 0xfa, 0x0, 0x1f,
    0xa3, 0x33, 0x33, 0x3f, 0xa0, 0x1, 0xfb, 0x66,
    0x66, 0x66, 0xfa, 0x0, 0x1f, 0xff, 0xff, 0xff,
    0xff, 0xa0, 0x1, 0xf8, 0xa, 0xf2, 0x3, 0xdd,
    0x0, 0x1f, 0x80, 0x1e, 0xdb, 0xfc, 0x40, 0x1,
    0xf8, 0x16, 0xae, 0xfc, 0x20, 0x0, 0x4f, 0xff,
    0xfb, 0x1a, 0xff, 0xd8, 0x3, 0xfc, 0x83, 0x0,
    0x1, 0x7c, 0x90, 0x1, 0x0, 0x0, 0x0, 0x0,
    0x0, 0x0,

    /* U+8272 "色" */
    0x0, 0x0, 0x0, 0x0, 0x0, 0x0, 0x0, 0x0,
    0x0, 0xdb, 0x0, 0x0, 0x0, 0x0, 0x0, 0x8,
    0xff, 0xff, 0xff, 0x90, 0x0, 0x0, 0x7f, 0xb7,
    0x77, 0xef, 0x60, 0x0, 0x8, 0xfd, 0x21, 0x18,
    0xfa, 0x11, 0x0, 0xd, 0xff, 0xff, 0xff, 0xff,
    0xff, 0x0, 0x2, 0xfb, 0x55, 0xfc, 0x55, 0xbf,
    0x0, 0x0, 0xf8, 0x0, 0xea, 0x0, 0x8f, 0x0,
    0x0, 0xfc, 0x77, 0xfc, 0x77, 0xbf, 0x0, 0x0,
    0xff, 0xee, 0xee, 0xee, 0xee, 0x0, 0x0, 0xf8,
    0x0, 0x0, 0x0, 0x4, 0x80, 0x0, 0xf9, 0x0,
    0x0, 0x0, 0x6, 0xf0, 0x0, 0xee, 0x87, 0x77,
    0x77, 0x7d, 0xf0, 0x0, 0x6e, 0xff, 0xff, 0xff,
    0xff, 0x70,

    /* U+82E5 "若" */
    0x0, 0x4, 0xf4, 0x0, 0x2f, 0x70, 0x0, 0xe,
    0xee, 0xfe, 0xee, 0xef, 0xee, 0xe1, 0xa, 0xab,
    0xfb, 0xaa, 0xaf, 0xca, 0xa1, 0x0, 0x2, 0x99,
    0xb1, 0x19, 0x40, 0x0, 0x5, 0x55, 0x5d, 0xf6,
    0x55, 0x55, 0x50, 0x1f, 0xff, 0xff, 0xff, 0xff,
    0xff, 0xf2, 0x1, 0x12, 0xed, 0x11, 0x11, 0x11,
    0x10, 0x0, 0x1c, 0xfa, 0x77, 0x77, 0x77, 0x0,
    0x3, 0xef, 0xff, 0xff, 0xff, 0xfe, 0x0, 0x2f,
    0xdf, 0xa0, 0x0, 0x0, 0xbe, 0x0, 0x6, 0xe,
    0xb2, 0x22, 0x22, 0xbe, 0x0, 0x0, 0xe, 0xff,
    0xff, 0xff, 0xfe, 0x0, 0x0, 0xe, 0xb3, 0x33,
    0x33, 0xce, 0x0,

    /* U+836F "药" */
    0x0, 0x0, 0xf9, 0x0, 0x8f, 0x0, 0x0, 0x2d,
    0xdd, 0xfe, 0xdd, 0xef, 0xdd, 0xd2, 0x19, 0x99,
    0xfd, 0x99, 0xcf, 0x99, 0x91, 0x0, 0x1a, 0x73,
    0x4, 0xa5, 0x0, 0x0, 0x0, 0xbd, 0x15, 0xd,
    0xe6, 0x66, 0x30, 0x8, 0xf5, 0x9f, 0x8f, 0xff,
    0xff, 0x70, 0xe, 0xff, 0xf7, 0xea, 0x0, 0xf,
    0x70, 0x3, 0x8f, 0x90, 0x96, 0x70, 0xf, 0x60,
    0x6, 0xfe, 0x89, 0x7, 0xf7, 0xf, 0x60, 0xa,
    0xff, 0xeb, 0x0, 0x7b, 0x1f, 0x50, 0x1, 0x10,
    0x3, 0x10, 0x0, 0x2f, 0x50, 0xa, 0xce, 0xff,
    0x40, 0x88, 0xcf, 0x30, 0xc, 0xa8, 0x53, 0x0,
    0xdf, 0xfb, 0x0,

    /* U+843D "落" */
    0x2, 0x22, 0xf9, 0x22, 0xaf, 0x22, 0x20, 0x3f,
    0xff, 0xff, 0xff, 0xff, 0xff, 0xf2, 0x3, 0x33,
    0xf9, 0x77, 0x9d, 0x33, 0x30, 0x3, 0xa1, 0x2,
    0xfc, 0x33, 0x33, 0x0, 0x4, 0xef, 0x3d, 0xff,
    0xff, 0xff, 0x20, 0x2, 0x18, 0xdf, 0xf7, 0x8,
    0xf9, 0x0, 0x1f, 0xa0, 0x73, 0x8f, 0xff, 0x80,
    0x0, 0x5, 0xf8, 0x9d, 0xfe, 0xae, 0xfd, 0xb1,
    0x0, 0x41, 0xde, 0x95, 0x45, 0x9d, 0xb0, 0x0,
    0xd9, 0x2f, 0xff, 0xff, 0xff, 0x10, 0x3, 0xf4,
    0x2f, 0x60, 0x0, 0x7f, 0x10, 0x9, 0xe0, 0x2f,
    0xff, 0xff, 0xff, 0x10, 0x8, 0x80, 0x2f, 0x94,
    0x44, 0x9f, 0x10,

    /* U+84DD "蓝" */
    0x0, 0x0, 0xe9, 0x0, 0x8f, 0x0, 0x0, 0x3f,
    0xff, 0xff, 0xff, 0xff, 0xff, 0xf3, 0x3, 0x33,
    0xb8, 0x33, 0x8c, 0x33, 0x30, 0x3, 0x91, 0x8c,
    0x5, 0xe4, 0x11, 0x10, 0x5, 0xf2, 0xae, 0xb,
    0xff, 0xff, 0xf1, 0x5, 0xf2, 0xae, 0x4f, 0x8a,
    0x83, 0x30, 0x5, 0xf2, 0xae, 0xcd, 0xb, 0xf9,
    0x0, 0x1, 0x50, 0x46, 0x12, 0x0, 0x68, 0x0,
    0x0, 0xff, 0xff, 0xff, 0xff, 0xff, 0x10, 0x0,
    0xfb, 0x6f, 0x98, 0xf6, 0xaf, 0x10, 0x0, 0xf9,
    0x1f, 0x55, 0xf1, 0x8f, 0x10, 0x16, 0xfb, 0x6f,
    0x99, 0xf6, 0xbf, 0x61, 0x3f, 0xff, 0xff, 0xff,
    0xff, 0xff, 0xf4,

    /* U+85CF "藏" */
    0x1, 0x11, 0xbc, 0x11, 0xf8, 0x11, 0x10, 0x2f,
    0xff, 0xff, 0xff, 0xff, 0xff, 0xf4, 0x3, 0x33,
    0xbc, 0x33, 0xec, 0x78, 0x60, 0xb, 0x74, 0x66,
    0x66, 0x6c, 0xcb, 0xb1, 0xb, 0x7c, 0xed, 0xdd,
    0xde, 0xfd, 0xd2, 0xb, 0xde, 0x7b, 0xbb, 0xb9,
    0xb1, 0x50, 0x4, 0x6d, 0x7f, 0x6e, 0x68, 0xc9,
    0xc0, 0x2f, 0xff, 0x7f, 0xef, 0xe7, 0xef, 0x50,
    0xa, 0xcd, 0x7f, 0x43, 0xf5, 0xfb, 0x0, 0xa,
    0x8d, 0x6f, 0xff, 0xf9, 0xf3, 0x40, 0xe, 0x5f,
    0x4f, 0x3e, 0x4e, 0xf6, 0xc4, 0x2d, 0x6f, 0x1f,
    0xdf, 0xd6, 0x9e, 0xf0, 0x0, 0x4a, 0x5, 0x55,
    0x51, 0x1d, 0x90, 0x0, 0x0, 0x0, 0x0, 0x0,
    0x0, 0x0,

    /* U+865A "虚" */
    0x0, 0x0, 0x1, 0xf6, 0x0, 0x0, 0x0, 0x0,
    0x0, 0x1, 0xff, 0xff, 0xff, 0x70, 0x0, 0x44,
    0x45, 0xfa, 0x77, 0x77, 0x50, 0x1, 0xff, 0xff,
    0xff, 0xff, 0xff, 0xf1, 0x1, 0xf6, 0x67, 0xfc,
    0x9a, 0x75, 0x90, 0x1, 0xf7, 0xba, 0xfc, 0x76,
    0x3e, 0x50, 0x1, 0xf5, 0x0, 0xdf, 0xcc, 0xdf,
    0x40, 0x2, 0xf5, 0x10, 0x66, 0x69, 0x45, 0x0,
    0x2, 0xf8, 0xf2, 0xf8, 0x6f, 0x1d, 0x90, 0x6,
    0xf2, 0xbc, 0xf8, 0x6f, 0xbe, 0x10, 0xa, 0xe0,
    0x12, 0xf8, 0x6f, 0x23, 0x0, 0x2f, 0x8e, 0xff,
    0xff, 0xff, 0xff, 0xf2, 0x8, 0x15, 0x55, 0x55,
    0x55, 0x55, 0x50,

    /* U+8679 "虹" */
    0x0, 0xf, 0x60, 0x0, 0x0, 0x0, 0x0, 0x0,
    0xf, 0x60, 0x2f, 0xff, 0xff, 0xd0, 0xe, 0xff,
    0xff, 0x68, 0x8f, 0xd8, 0x70, 0xe, 0xae, 0x9f,
    0x40, 0xf, 0x90, 0x0, 0xe, 0x5e, 0x4e, 0x40,
    0xf, 0x90, 0x0, 0xe, 0x5e, 0x4e, 0x40, 0xf,
    0x90, 0x0, 0xe, 0xae, 0x9f, 0x40, 0xf, 0x90,
    0x0, 0xe, 0xff, 0xff, 0x40, 0xf, 0x90, 0x0,
    0x0, 0xf, 0x64, 0x0, 0xf, 0x90, 0x0, 0x0,
    0xf, 0x6e, 0x50, 0xf, 0x90, 0x0, 0x15, 0x7f,
    0xdf, 0x90, 0xf, 0xa0, 0x0, 0x5f, 0xff, 0xdc,
    0xff, 0xff, 0xff, 0xf2, 0x13, 0x10, 0x0, 0x48,
    0x88, 0x88, 0x81,

    /* U+87BA "螺" */
    0x0, 0x8a, 0x0, 0x0, 0x0, 0x0, 0x0, 0x0,
    0x8a, 0x4, 0xff, 0xff, 0xff, 0xe0, 0x8, 0xcd,
    0x95, 0xf7, 0x9f, 0x6a, 0xe0, 0xf, 0xbc, 0xf6,
    0xf9, 0xaf, 0x8b, 0xe0, 0xf, 0x67, 0xe6, 0xfd,
    0xdf, 0xce, 0xe0, 0xf, 0x67, 0xe2, 0x4b, 0xf7,
    0x7c, 0x40, 0xf, 0xbc, 0xf2, 0xcf, 0xca, 0xfc,
    0x10, 0xf, 0xff, 0xf1, 0x8c, 0xff, 0x9b, 0x10,
    0x1, 0xa9, 0x21, 0xaf, 0xd6, 0x6f, 0xb0, 0x0,
    0x98, 0xe4, 0xff, 0xff, 0xdc, 0xf5, 0x2, 0xbc,
    0xe2, 0x7a, 0x6f, 0x4c, 0x40, 0x4f, 0xfe, 0xee,
    0xe9, 0xaf, 0x2c, 0xf5, 0x14, 0x10, 0x38, 0x1a,
    0xfb, 0x0, 0x73,

    /* U+884C "行" */
    0x0, 0x3, 0x60, 0x0, 0x0, 0x0, 0x0, 0x0,
    0x3e, 0xd1, 0xff, 0xff, 0xff, 0x90, 0x4, 0xfe,
    0x20, 0x99, 0x99, 0x99, 0x50, 0x1f, 0xe2, 0x0,
    0x0, 0x0, 0x0, 0x0, 0x7, 0x16, 0xe1, 0x0,
    0x0, 0x0, 0x0, 0x0, 0x4f, 0xa9, 0xff, 0xff,
    0xff, 0xf1, 0x3, 0xff, 0x4, 0x88, 0x8c, 0xf8,
    0x80, 0x2f, 0xff, 0x0, 0x0, 0x9, 0xf1, 0x0,
    0x1d, 0xaf, 0x0, 0x0, 0x9, 0xf1, 0x0, 0x0,
    0x8f, 0x0, 0x0, 0x9, 0xf1, 0x0, 0x0, 0x8f,
    0x0, 0x0, 0x9, 0xf1, 0x0, 0x0, 0x8f, 0x0,
    0x4b, 0xbf, 0xf0, 0x0, 0x0, 0x8f, 0x0, 0x3e,
    0xed, 0x70, 0x0,

    /* U+8861 "衡" */
    0x0, 0x0, 0x0, 0x0, 0x0, 0x0, 0x0, 0x0,
    0x38, 0xd, 0x70, 0x0, 0x0, 0x0, 0x0, 0xdd,
    0x6f, 0xff, 0xd0, 0xef, 0xf1, 0xb, 0xf4, 0xe8,
    0x3e, 0x80, 0x78, 0x80, 0x1f, 0x54, 0xfe, 0xef,
    0xe3, 0x0, 0x0, 0x4, 0x5e, 0xe6, 0xd6, 0xd5,
    0x88, 0x82, 0x0, 0xeb, 0xdf, 0xff, 0xf5, 0xff,
    0xf4, 0xa, 0xf4, 0xd5, 0xc5, 0xd4, 0x3f, 0x40,
    0x4f, 0xf3, 0xdf, 0xff, 0xf4, 0x3f, 0x40, 0x3c,
    0xf4, 0x22, 0xc5, 0x22, 0x3f, 0x40, 0x3, 0xf7,
    0xff, 0xff, 0xff, 0x3f, 0x40, 0x2, 0xf3, 0x1a,
    0xfd, 0x40, 0x3f, 0x40, 0x2, 0xf6, 0xdf, 0x5c,
    0xf8, 0xbf, 0x40, 0x2, 0xf4, 0x92, 0x0, 0x48,
    0xfc, 0x0,

    /* U+8865 "补" */
    0x0, 0x0, 0x0, 0x0, 0x0, 0x0, 0x0, 0x0,
    0x2f, 0x60, 0x0, 0xeb, 0x0, 0x0, 0x0, 0xd,
    0xc0, 0x0, 0xeb, 0x0, 0x0, 0x5, 0x7b, 0xa6,
    0x0, 0xeb, 0x0, 0x0, 0xc, 0xff, 0xfd, 0x0,
    0xeb, 0x0, 0x0, 0x0, 0x4, 0xf8, 0x0, 0xef,
    0x60, 0x0, 0x0, 0x1e, 0xd2, 0xb1, 0xef, 0xfa,
    0x10, 0x0, 0xcf, 0xad, 0xd0, 0xeb, 0x9f, 0xd2,
    0xc, 0xff, 0xff, 0x20, 0xeb, 0x5, 0xe2, 0x1f,
    0x7f, 0xcf, 0xd1, 0xeb, 0x0, 0x0, 0x3, 0x1f,
    0x73, 0xa0, 0xeb, 0x0, 0x0, 0x0, 0x1f, 0x70,
    0x0, 0xeb, 0x0, 0x0, 0x0, 0x1f, 0x70, 0x0,
    0xeb, 0x0, 0x0, 0x0, 0x1f, 0x70, 0x0, 0xeb,
    0x0, 0x0,

    /* U+8868 "表" */
    0x0, 0x0, 0x0, 0xdd, 0x0, 0x0, 0x0, 0xa,
    0xee, 0xee, 0xff, 0xee, 0xee, 0xa0, 0x4, 0x66,
    0x66, 0xee, 0x66, 0x66, 0x40, 0x0, 0x55, 0x55,
    0xee, 0x55, 0x55, 0x0, 0x2, 0xff, 0xff, 0xff,
    0xff, 0xff, 0x20, 0x1, 0x11, 0x11, 0xdd, 0x11,
    0x11, 0x10, 0x3f, 0xff, 0xff, 0xff, 0xff, 0xff,
    0xf3, 0x3, 0x33, 0x6f, 0xff, 0x53, 0x4b, 0x30,
    0x0, 0x6, 0xfd, 0x4f, 0xb5, 0xef, 0x30, 0x6,
    0xdf, 0xf6, 0x5, 0xff, 0xb2, 0x0, 0x2f, 0xd5,
    0xf6, 0x28, 0x8f, 0xe7, 0x10, 0x3, 0x3, 0xfe,
    0xff, 0x32, 0xbf, 0xf1, 0x0, 0x4, 0xfa, 0x50,
    0x0, 0x2, 0x50, 0x0, 0x0, 0x0, 0x0, 0x0,
    0x0, 0x0,

    /* U+886C "衬" */
    0x0, 0x0, 0x0, 0x0, 0x0, 0x0, 0x0, 0x0,
    0x9d, 0x0, 0x0, 0x0, 0x9f, 0x0, 0x0, 0x6f,
    0x20, 0x0, 0x0, 0x9f, 0x0, 0x4, 0x6b, 0x51,
    0x0, 0x0, 0x9f, 0x0, 0x1f, 0xff, 0xf5, 0xff,
    0xff, 0xff, 0xf4, 0x4, 0x4b, 0xf2, 0x78, 0x88,
    0xcf, 0x82, 0x0, 0x3f, 0x81, 0x2a, 0x0, 0x9f,
    0x0, 0x2, 0xef, 0x3f, 0x7f, 0x80, 0x9f, 0x0,
    0x1d, 0xff, 0xea, 0x9, 0xf2, 0x9f, 0x0, 0x3f,
    0xbf, 0xfb, 0x11, 0xf6, 0x9f, 0x0, 0x2, 0x7f,
    0x4e, 0x40, 0x10, 0x9f, 0x0, 0x0, 0x7f, 0x0,
    0x0, 0x0, 0x9f, 0x0, 0x0, 0x7f, 0x0, 0x2,
    0x99, 0xef, 0x0, 0x0, 0x7f, 0x0, 0x1, 0xff,
    0xf8, 0x0, 0x0, 0x2, 0x0, 0x0, 0x0, 0x0,
    0x0,

    /* U+88C1 "裁" */
    0x0, 0x7, 0xf0, 0x3, 0xf5, 0x82, 0x0, 0xc,
    0xff, 0xff, 0xf7, 0xf6, 0xbe, 0x30, 0x4, 0x5a,
    0xf5, 0x53, 0xf6, 0xb, 0x50, 0x37, 0x7b, 0xf7,
    0x77, 0xfa, 0x77, 0x70, 0x7f, 0xff, 0xff, 0xff,
    0xff, 0xff, 0xf1, 0x0, 0x6, 0xc0, 0x0, 0xe9,
    0xa, 0x30, 0x4f, 0xff, 0xff, 0xfb, 0xcb, 0x6f,
    0x20, 0x15, 0x7f, 0xb5, 0x85, 0xad, 0xea, 0x0,
    0x3, 0xed, 0xaa, 0xf8, 0x7f, 0xf2, 0x0, 0x5f,
    0xf9, 0x5f, 0xd0, 0x7f, 0x82, 0xe1, 0x59, 0xd9,
    0x47, 0xf8, 0xff, 0xa5, 0xe0, 0x0, 0xef, 0xf5,
    0x8f, 0xb8, 0xfe, 0xa0, 0x0, 0xb8, 0x20, 0x49,
    0x0, 0xbe, 0x30,

    /* U+8981 "要" */
    0xf, 0xff, 0xff, 0xff, 0xff, 0xff, 0xf0, 0x5,
    0x55, 0x8f, 0x66, 0xf8, 0x55, 0x50, 0x6, 0xdd,
    0xef, 0xee, 0xfe, 0xdd, 0x60, 0x8, 0xf3, 0x7f,
    0x55, 0xf7, 0x3f, 0x70, 0x8, 0xff, 0xff, 0xff,
    0xff, 0xff, 0x70, 0x2, 0x55, 0xbe, 0x75, 0x55,
    0x55, 0x20, 0x15, 0x55, 0xdf, 0x65, 0x55, 0x55,
    0x51, 0x3f, 0xff, 0xff, 0xff, 0xff, 0xff, 0xf3,
    0x0, 0x3f, 0xf4, 0x0, 0xbf, 0x40, 0x0, 0x0,
    0x27, 0xcf, 0xfe, 0xf8, 0x0, 0x0, 0x5, 0x7a,
    0xcf, 0xfc, 0xff, 0xd8, 0x20, 0xb, 0xec, 0x95,
    0x10, 0x4, 0x9e, 0x50, 0x0, 0x0, 0x0, 0x0,
    0x0, 0x0, 0x0,

    /* U+8986 "覆" */
    0x1f, 0xff, 0xff, 0xff, 0xff, 0xff, 0xf1, 0x6,
    0xdd, 0xdf, 0xdd, 0xfd, 0xdd, 0x60, 0x7, 0xf7,
    0x9f, 0x88, 0xf9, 0x6f, 0x70, 0x3, 0x7e, 0x7b,
    0xd7, 0x77, 0x77, 0x30, 0x1, 0xce, 0x4f, 0xfe,
    0xee, 0xee, 0xb0, 0x1e, 0xd3, 0xdf, 0xaa, 0xaa,
    0xaa, 0x20, 0x7, 0x5f, 0x4f, 0xca, 0xaa, 0xbf,
    0x30, 0x2, 0xea, 0xf, 0xc8, 0x88, 0xaf, 0x30,
    0x2e, 0xf7, 0xa, 0xfa, 0x88, 0x88, 0x10, 0x1b,
    0xe7, 0x8f, 0xfd, 0xaa, 0xff, 0x20, 0x0, 0xe7,
    0x94, 0x9f, 0xdf, 0xd4, 0x10, 0x0, 0xe7, 0xfd,
    0xa7, 0x46, 0xad, 0xf1, 0x0, 0x0, 0x0, 0x0,
    0x0, 0x0, 0x0,

    /* U+89C1 "见" */
    0x0, 0xaf, 0xff, 0xff, 0xff, 0xfb, 0x0, 0x0,
    0xaf, 0x99, 0x99, 0x99, 0xfb, 0x0, 0x0, 0xaf,
    0x0, 0xb9, 0x0, 0xfb, 0x0, 0x0, 0xaf, 0x0,
    0xec, 0x0, 0xfb, 0x0, 0x0, 0xaf, 0x0, 0xeb,
    0x0, 0xfb, 0x0, 0x0, 0xaf, 0x0, 0xfa, 0x0,
    0xfb, 0x0, 0x0, 0xaf, 0x2, 0xfa, 0x20, 0xfb,
    0x0, 0x0, 0xaf, 0x8, 0xff, 0x70, 0xb8, 0x0,
    0x0, 0x0, 0x4f, 0xef, 0x70, 0x6, 0xd1, 0x0,
    0x6, 0xfe, 0x4f, 0x70, 0x6, 0xf1, 0x5, 0xdf,
    0xc2, 0x1f, 0xd8, 0x8d, 0xf0, 0xd, 0xe7, 0x0,
    0xa, 0xff, 0xff, 0x80, 0x1, 0x0, 0x0, 0x0,
    0x0, 0x0, 0x0,

    /* U+89C6 "视" */
    0x0, 0x46, 0x0, 0x0, 0x0, 0x0, 0x0, 0x0,
    0x9f, 0x1, 0xff, 0xff, 0xff, 0xa0, 0x3, 0x7e,
    0x62, 0xfa, 0x9b, 0x8e, 0xa0, 0xe, 0xff, 0xf3,
    0xf5, 0x8f, 0xd, 0xa0, 0x3, 0x3c, 0xe2, 0xf5,
    0x9f, 0xd, 0xa0, 0x0, 0x4f, 0x61, 0xf5, 0x9e,
    0xd, 0xa0, 0x1, 0xdf, 0x41, 0xf5, 0xad, 0xd,
    0xa0, 0xc, 0xff, 0xf7, 0xf5, 0xcc, 0xd, 0xa0,
    0xf, 0xdf, 0xb9, 0xf6, 0xff, 0x6c, 0x90, 0x4,
    0x8e, 0x0, 0x8, 0xff, 0x60, 0x82, 0x0, 0x8e,
    0x0, 0x6f, 0xbf, 0x60, 0xf6, 0x0, 0x8e, 0x19,
    0xfb, 0xf, 0xb8, 0xf5, 0x0, 0x8e, 0x2d, 0x70,
    0xa, 0xff, 0xd1, 0x0, 0x0, 0x0, 0x0, 0x0,
    0x0, 0x0,

    /* U+89C8 "览" */
    0x0, 0x0, 0x0, 0x0, 0x0, 0x0, 0x0, 0x0,
    0x0, 0xae, 0x3, 0xe3, 0x0, 0x0, 0x9, 0xe0,
    0xae, 0x8, 0xfa, 0x77, 0x71, 0x9, 0xe0, 0xae,
    0xe, 0xff, 0xff, 0xf3, 0x9, 0xe0, 0xae, 0x8f,
    0x5c, 0x80, 0x0, 0x9, 0xe0, 0x8b, 0x87, 0x6,
    0xec, 0x10, 0x2, 0x88, 0x88, 0x88, 0x88, 0x99,
    0x0, 0x0, 0xbf, 0xff, 0xff, 0xff, 0xf9, 0x0,
    0x0, 0xbf, 0x0, 0x44, 0x0, 0xf9, 0x0, 0x0,
    0xbf, 0x0, 0xea, 0x0, 0xf9, 0x0, 0x0, 0xbf,
    0x3, 0xff, 0x60, 0xed, 0x91, 0x0, 0x0, 0x4e,
    0xff, 0x60, 0x7, 0xf2, 0x6, 0x9d, 0xfd, 0x4f,
    0xc7, 0x7d, 0xf1, 0xf, 0xfc, 0x60, 0xa, 0xff,
    0xff, 0x90, 0x3, 0x10, 0x0, 0x0, 0x0, 0x0,
    0x0,

    /* U+89C9 "觉" */
    0x0, 0x48, 0x1, 0xa4, 0x0, 0x93, 0x0, 0x8,
    0xf5, 0xe, 0xd0, 0x8f, 0x40, 0x6, 0x7f, 0xb7,
    0xbb, 0x7f, 0xd7, 0x40, 0xef, 0xff, 0xff, 0xff,
    0xff, 0xfa, 0xe, 0xb1, 0x11, 0x11, 0x11, 0x1f,
    0xa0, 0x6a, 0xff, 0xff, 0xff, 0xff, 0x85, 0x0,
    0x5f, 0x75, 0x76, 0x59, 0xf1, 0x0, 0x5, 0xf2,
    0xf, 0x90, 0x6f, 0x10, 0x0, 0x5f, 0x22, 0xfa,
    0x6, 0xf1, 0x0, 0x5, 0xe2, 0x9f, 0xf3, 0x6e,
    0xab, 0x0, 0x1, 0xaf, 0xef, 0x30, 0xb, 0xe0,
    0x6b, 0xff, 0x94, 0xf9, 0x67, 0xec, 0xf, 0xfa,
    0x30, 0xc, 0xff, 0xfe, 0x50, 0x30, 0x0, 0x0,
    0x0, 0x0, 0x0,

    /* U+89E3 "解" */
    0x0, 0x54, 0x0, 0x0, 0x0, 0x0, 0x0, 0x1f,
    0xff, 0xf2, 0xff, 0xff, 0xf7, 0xa, 0xd5, 0xed,
    0x6, 0xf8, 0x5f, 0x56, 0xfa, 0x9f, 0x92, 0x8f,
    0x68, 0xf4, 0x2f, 0xef, 0xdf, 0xbf, 0x6b, 0xfc,
    0x0, 0xd6, 0xe4, 0xd6, 0x93, 0x67, 0x0, 0xd,
    0xef, 0xef, 0x5d, 0xbc, 0xd6, 0x40, 0xda, 0xf9,
    0xe8, 0xff, 0xff, 0xf9, 0xe, 0xbf, 0xae, 0xaa,
    0xa, 0xb0, 0x0, 0xea, 0xfa, 0xea, 0xff, 0xff,
    0xfc, 0x1f, 0x3e, 0x4d, 0x76, 0x6c, 0xd6, 0x55,
    0xf0, 0xe7, 0xe5, 0x0, 0xab, 0x0, 0x5a, 0x0,
    0xff, 0x20, 0xa, 0xb0, 0x0, 0x0, 0x0, 0x0,
    0x0, 0x0, 0x0,

    /* U+8BA1 "计" */
    0x0, 0x0, 0x0, 0x0, 0x0, 0x0, 0x0, 0x0,
    0xb6, 0x0, 0x0, 0x9f, 0x0, 0x0, 0x0, 0xcf,
    0x40, 0x0, 0x9f, 0x0, 0x0, 0x0, 0x1e, 0xc0,
    0x0, 0x9f, 0x0, 0x0, 0x0, 0x3, 0x0, 0x0,
    0x9f, 0x0, 0x0, 0x1d, 0xdc, 0x8, 0x99, 0xdf,
    0x99, 0x93, 0x1c, 0xee, 0xf, 0xff, 0xff, 0xff,
    0xf5, 0x0, 0xbe, 0x0, 0x0, 0xaf, 0x10, 0x0,
    0x0, 0xbe, 0x0, 0x0, 0x9f, 0x0, 0x0, 0x0,
    0xbe, 0x4, 0x0, 0x9f, 0x0, 0x0, 0x0, 0xbe,
    0x9f, 0x20, 0x9f, 0x0, 0x0, 0x0, 0xbf, 0xfa,
    0x0, 0x9f, 0x0, 0x0, 0x0, 0xdf, 0x60, 0x0,
    0x9f, 0x0, 0x0, 0x0, 0x33, 0x0, 0x0, 0x9f,
    0x0, 0x0,

    /* U+8BA4 "认" */
    0x0, 0x0, 0x0, 0x0, 0x0, 0x0, 0x0, 0x3,
    0xd2, 0x0, 0x1, 0xf9, 0x0, 0x0, 0x2, 0xfd,
    0x0, 0x1, 0xf9, 0x0, 0x0, 0x0, 0x5f, 0x80,
    0x1, 0xf9, 0x0, 0x0, 0x0, 0x5, 0x0, 0x2,
    0xfb, 0x0, 0x0, 0x28, 0x85, 0x0, 0x4, 0xfd,
    0x0, 0x0, 0x5f, 0xfa, 0x0, 0x6, 0xff, 0x0,
    0x0, 0x0, 0xea, 0x0, 0x9, 0xff, 0x40, 0x0,
    0x0, 0xea, 0x0, 0xe, 0xdf, 0x90, 0x0, 0x0,
    0xea, 0x91, 0x6f, 0x7a, 0xf2, 0x0, 0x0, 0xef,
    0xf5, 0xee, 0x3, 0xfa, 0x0, 0x0, 0xff, 0x8a,
    0xf6, 0x0, 0xaf, 0x70, 0x0, 0xc6, 0x9f, 0xa0,
    0x0, 0x1e, 0xf2, 0x0, 0x0, 0x3b, 0x0, 0x0,
    0x2, 0x90, 0x0, 0x0, 0x0, 0x0, 0x0, 0x0,
    0x0,

    /* U+8BAE "议" */
    0x0, 0x60, 0x0, 0x5, 0x60, 0x0, 0x0, 0x5,
    0xf7, 0x3, 0x1c, 0xe0, 0x9, 0x30, 0x0, 0xaf,
    0x4f, 0x64, 0xf7, 0x2f, 0x60, 0x0, 0x16, 0xe,
    0xa0, 0xc7, 0x5f, 0x20, 0x29, 0x95, 0x9, 0xf0,
    0x0, 0xae, 0x0, 0x4f, 0xf9, 0x4, 0xf6, 0x0,
    0xe9, 0x0, 0x0, 0xe9, 0x0, 0xdd, 0x5, 0xf4,
    0x0, 0x0, 0xe9, 0x0, 0x4f, 0x9e, 0xd0, 0x0,
    0x0, 0xe9, 0x30, 0xa, 0xff, 0x40, 0x0, 0x0,
    0xec, 0xf4, 0xa, 0xff, 0x60, 0x0, 0x0, 0xff,
    0xc5, 0xdf, 0xad, 0xf9, 0x10, 0x1, 0xeb, 0xaf,
    0xf6, 0x0, 0xbf, 0xe2, 0x0, 0x10, 0x8b, 0x20,
    0x0, 0x6, 0xc0, 0x0, 0x0, 0x0, 0x0, 0x0,
    0x0, 0x0,

    /* U+8BAF "讯" */
    0x0, 0x40, 0x0, 0x0, 0x0, 0x0, 0x0, 0x9,
    0xf3, 0x5f, 0xff, 0xff, 0xf8, 0x0, 0x1, 0xee,
    0x38, 0xfd, 0x88, 0xf8, 0x0, 0x0, 0x47, 0x0,
    0xea, 0x0, 0xf8, 0x0, 0x29, 0x94, 0x0, 0xea,
    0x0, 0xf8, 0x0, 0x2d, 0xf7, 0x78, 0xfd, 0x83,
    0xf8, 0x0, 0x1, 0xf7, 0xdf, 0xff, 0xf7, 0xf8,
    0x0, 0x1, 0xf7, 0x0, 0xea, 0x0, 0xf8, 0x0,
    0x1, 0xf7, 0x0, 0xea, 0x0, 0xf8, 0x31, 0x1,
    0xf7, 0x60, 0xea, 0x0, 0xf9, 0xb8, 0x1, 0xff,
    0xf0, 0xea, 0x0, 0xdb, 0xd6, 0x3, 0xff, 0x60,
    0xea, 0x0, 0x9f, 0xf2, 0x0, 0x92, 0x0, 0xea,
    0x0, 0x2e, 0xb0, 0x0, 0x0, 0x0, 0x10, 0x0,
    0x0, 0x0,

    /* U+8BB0 "记" */
    0x0, 0x50, 0x0, 0x0, 0x0, 0x0, 0x0, 0x5,
    0xf7, 0x8, 0xff, 0xff, 0xff, 0x70, 0x0, 0xaf,
    0x45, 0x99, 0x99, 0xaf, 0x70, 0x0, 0xa, 0x10,
    0x0, 0x0, 0x1f, 0x70, 0x2a, 0xa6, 0x0, 0x0,
    0x0, 0x1f, 0x70, 0x3e, 0xfa, 0x6, 0xff, 0xff,
    0xff, 0x70, 0x0, 0xea, 0x7, 0xfa, 0x99, 0x99,
    0x40, 0x0, 0xea, 0x7, 0xf1, 0x0, 0x0, 0x0,
    0x0, 0xea, 0x7, 0xf1, 0x0, 0x1, 0x30, 0x0,
    0xea, 0x97, 0xf1, 0x0, 0x5, 0xf4, 0x0, 0xef,
    0xf9, 0xf1, 0x0, 0x5, 0xf3, 0x1, 0xff, 0x66,
    0xfb, 0x88, 0x8d, 0xf1, 0x0, 0x85, 0x1, 0xdf,
    0xff, 0xff, 0xa0,

    /* U+8BB6 "讶" */
    0x1, 0x60, 0x0, 0x0, 0x0, 0x0, 0x0, 0x9,
    0xf6, 0x2f, 0xff, 0xff, 0xff, 0xf1, 0x0, 0xdf,
    0x38, 0x88, 0x8a, 0xfb, 0x80, 0x0, 0x26, 0x6,
    0xe2, 0x4, 0xf5, 0x0, 0x3b, 0xb5, 0xb, 0xe0,
    0x4, 0xf5, 0x0, 0x3e, 0xf7, 0xe, 0xff, 0xff,
    0xff, 0xf3, 0x0, 0xf7, 0x8, 0x99, 0xff, 0xfb,
    0x92, 0x0, 0xf7, 0x0, 0x6, 0xfb, 0xf5, 0x0,
    0x0, 0xf7, 0x30, 0x4f, 0xc4, 0xf5, 0x0, 0x0,
    0xfc, 0xe5, 0xfd, 0x14, 0xf5, 0x0, 0x2, 0xff,
    0xff, 0xd2, 0x4, 0xf5, 0x0, 0x4, 0xfb, 0xec,
    0x16, 0x9c, 0xf4, 0x0, 0x0, 0x50, 0x20, 0x7,
    0xff, 0xc1, 0x0,

    /* U+8BBE "设" */
    0x0, 0x30, 0x0, 0x0, 0x0, 0x0, 0x0, 0x5,
    0xf6, 0x1, 0xff, 0xff, 0xf5, 0x0, 0x0, 0xcf,
    0x32, 0xfa, 0x68, 0xf5, 0x0, 0x0, 0x2b, 0x18,
    0xf4, 0x3, 0xfa, 0x50, 0x27, 0x74, 0x5f, 0xa0,
    0x1, 0xde, 0xc0, 0x4e, 0xf9, 0x8, 0x55, 0x55,
    0x55, 0x0, 0x0, 0xf9, 0xe, 0xff, 0xff, 0xff,
    0x20, 0x0, 0xf9, 0xb, 0xf3, 0x22, 0xde, 0x0,
    0x0, 0xf9, 0x22, 0xfb, 0x8, 0xf5, 0x0, 0x0,
    0xfc, 0xe0, 0x4f, 0xef, 0x90, 0x0, 0x0, 0xff,
    0xb1, 0x6e, 0xff, 0x81, 0x0, 0x2, 0xfa, 0x8e,
    0xfd, 0x5a, 0xff, 0xb0, 0x0, 0x30, 0x8b, 0x50,
    0x0, 0x29, 0xa0, 0x0, 0x0, 0x0, 0x0, 0x0,
    0x0, 0x0,

    /* U+8BC4 "评" */
    0x0, 0x40, 0x0, 0x0, 0x0, 0x0, 0x0, 0x7,
    0xf4, 0x1f, 0xff, 0xff, 0xff, 0x90, 0x0, 0xce,
    0x28, 0x88, 0xfc, 0x88, 0x40, 0x0, 0x28, 0x2c,
    0x40, 0xf8, 0xb, 0x70, 0x29, 0x94, 0xd, 0xc0,
    0xf8, 0x4f, 0x40, 0x3f, 0xf7, 0x4, 0xf5, 0xf8,
    0xdc, 0x0, 0x0, 0xf7, 0x0, 0x61, 0xf8, 0x32,
    0x0, 0x0, 0xf7, 0x9f, 0xff, 0xff, 0xff, 0xf1,
    0x0, 0xf7, 0x59, 0x99, 0xfc, 0x99, 0x90, 0x0,
    0xf9, 0x90, 0x0, 0xf8, 0x0, 0x0, 0x0, 0xff,
    0xe0, 0x0, 0xf8, 0x0, 0x0, 0x2, 0xfd, 0x20,
    0x0, 0xf8, 0x0, 0x0, 0x0, 0x71, 0x0, 0x0,
    0xf8, 0x0, 0x0,

    /* U+8BC6 "识" */
    0x1, 0x60, 0x0, 0x0, 0x0, 0x0, 0x0, 0x8,
    0xf5, 0x8, 0xff, 0xff, 0xff, 0x60, 0x0, 0xcf,
    0x28, 0xf7, 0x77, 0x8f, 0x60, 0x0, 0x17, 0x8,
    0xf0, 0x0, 0x1f, 0x60, 0x29, 0x94, 0x8, 0xf0,
    0x0, 0x1f, 0x60, 0x3e, 0xf8, 0x8, 0xf0, 0x0,
    0x1f, 0x60, 0x0, 0xf8, 0x8, 0xff, 0xff, 0xff,
    0x60, 0x0, 0xf8, 0x4, 0x88, 0x88, 0x88, 0x30,
    0x0, 0xf8, 0x40, 0x6b, 0x12, 0xc3, 0x0, 0x0,
    0xfe, 0xf2, 0xee, 0x2, 0xfd, 0x0, 0x0, 0xff,
    0x8b, 0xf4, 0x0, 0x6f, 0x90, 0x1, 0xd7, 0x9f,
    0x80, 0x0, 0xb, 0xf4, 0x0, 0x0, 0x4a, 0x0,
    0x0, 0x1, 0xa1,

    /* U+8BCD "词" */
    0x0, 0x50, 0x0, 0x0, 0x0, 0x0, 0x0, 0x7f,
    0x60, 0xff, 0xff, 0xff, 0xfe, 0x0, 0xcf, 0x27,
    0x77, 0x77, 0x7d, 0xe0, 0x1, 0x31, 0x77, 0x77,
    0x74, 0xae, 0x16, 0x62, 0x3f, 0xff, 0xff, 0xaa,
    0xe4, 0xff, 0x70, 0x0, 0x0, 0x0, 0xae, 0x2,
    0xf7, 0xb, 0xff, 0xff, 0x1a, 0xe0, 0x1f, 0x70,
    0xcc, 0x69, 0xf1, 0xae, 0x1, 0xf7, 0xc, 0xa0,
    0x5f, 0x1a, 0xe0, 0x1f, 0x86, 0xcc, 0x69, 0xf1,
    0xae, 0x1, 0xff, 0xdb, 0xff, 0xff, 0x1a, 0xe0,
    0x3f, 0xe4, 0x0, 0x0, 0x66, 0xed, 0x0, 0x81,
    0x0, 0x0, 0xe, 0xff, 0x70,

    /* U+8BDD "话" */
    0x2, 0x80, 0x0, 0x1, 0x23, 0x57, 0x40, 0x7,
    0xf6, 0x2f, 0xff, 0xff, 0xff, 0xa0, 0x0, 0xbe,
    0x19, 0x88, 0xf9, 0x21, 0x0, 0x0, 0x13, 0x0,
    0x2, 0xf7, 0x0, 0x0, 0x16, 0x63, 0xaf, 0xff,
    0xff, 0xff, 0xf1, 0x4f, 0xf8, 0x58, 0x89, 0xfb,
    0x88, 0x80, 0x1, 0xf8, 0x0, 0x2, 0xf7, 0x0,
    0x0, 0x0, 0xf8, 0xc, 0xff, 0xff, 0xff, 0x40,
    0x0, 0xf8, 0xd, 0xe8, 0x88, 0xaf, 0x40, 0x0,
    0xfb, 0x8d, 0xc0, 0x0, 0x5f, 0x40, 0x0, 0xff,
    0xcd, 0xd2, 0x22, 0x6f, 0x40, 0x3, 0xfd, 0x2d,
    0xff, 0xff, 0xff, 0x40, 0x0, 0x71, 0xd, 0xd4,
    0x44, 0x8f, 0x40,

    /* U+8BE5 "该" */
    0x2, 0x50, 0x0, 0x4, 0xc5, 0x0, 0x0, 0xa,
    0xf4, 0x24, 0x46, 0xfb, 0x44, 0x40, 0x1, 0xee,
    0x9f, 0xff, 0xff, 0xff, 0xf1, 0x0, 0x34, 0x13,
    0xaf, 0x73, 0x94, 0x30, 0x28, 0x83, 0x4, 0xf9,
    0x5, 0xf6, 0x0, 0x4f, 0xf6, 0x2f, 0xfc, 0xdf,
    0xc0, 0x0, 0x1, 0xf6, 0xc, 0xbc, 0xfd, 0x19,
    0x20, 0x1, 0xf6, 0x0, 0x4e, 0xd2, 0xaf, 0x30,
    0x1, 0xf6, 0x2a, 0xfc, 0x19, 0xf7, 0x0, 0x1,
    0xfd, 0x8e, 0x71, 0xbf, 0x90, 0x0, 0x2, 0xff,
    0x50, 0x6e, 0xff, 0xf7, 0x0, 0x2, 0xf5, 0x5e,
    0xfc, 0x22, 0xcf, 0xb0, 0x0, 0x20, 0x4d, 0x50,
    0x0, 0x9, 0x80, 0x0, 0x0, 0x0, 0x0, 0x0,
    0x0, 0x0,

    /* U+8BED "语" */
    0x0, 0x40, 0x0, 0x0, 0x0, 0x0, 0x0, 0x9,
    0xf4, 0x1f, 0xff, 0xff, 0xff, 0xe0, 0x0, 0xdf,
    0x36, 0x7f, 0xa6, 0x66, 0x50, 0x0, 0x28, 0x9,
    0xaf, 0xb9, 0x99, 0x10, 0x17, 0x73, 0x9, 0xdf,
    0x99, 0xcf, 0x20, 0x3f, 0xf8, 0x1, 0xae, 0x11,
    0x8f, 0x30, 0x0, 0xf8, 0x9f, 0xff, 0xff, 0xff,
    0xf6, 0x0, 0xf8, 0x23, 0x33, 0x33, 0x33, 0x31,
    0x0, 0xf8, 0xb, 0xff, 0xff, 0xff, 0x80, 0x0,
    0xf9, 0x9c, 0xd6, 0x66, 0x6f, 0x90, 0x0, 0xff,
    0xec, 0xc0, 0x0, 0xf, 0x90, 0x2, 0xfd, 0x2c,
    0xff, 0xff, 0xff, 0x90, 0x0, 0x60, 0xc, 0xd4,
    0x44, 0x4f, 0x90,

    /* U+8BF7 "请" */
    0x2, 0x80, 0x1, 0x12, 0xf7, 0x11, 0x0, 0x7,
    0xf5, 0x7f, 0xff, 0xff, 0xff, 0xf0, 0x0, 0xde,
    0x13, 0x34, 0xf8, 0x33, 0x30, 0x0, 0x34, 0x2f,
    0xff, 0xff, 0xff, 0xa0, 0x17, 0x72, 0x56, 0x67,
    0xfa, 0x66, 0x61, 0x4f, 0xf5, 0x8a, 0xaa, 0xaa,
    0xaa, 0xa3, 0x2, 0xf5, 0xf, 0xff, 0xff, 0xff,
    0x60, 0x2, 0xf5, 0xf, 0x93, 0x33, 0x4f, 0x60,
    0x2, 0xf5, 0xf, 0xff, 0xff, 0xff, 0x60, 0x2,
    0xf8, 0x4f, 0xa4, 0x44, 0x5f, 0x60, 0x2, 0xff,
    0x8f, 0xff, 0xff, 0xff, 0x60, 0x4, 0xfd, 0x1f,
    0x80, 0x2, 0x4f, 0x60, 0x0, 0x91, 0xf, 0x80,
    0xe, 0xfe, 0x20, 0x0, 0x0, 0x0, 0x0, 0x0,
    0x0, 0x0,

    /* U+8BFB "读" */
    0x2, 0x90, 0x0, 0x0, 0xda, 0x0, 0x0, 0x6,
    0xf7, 0xf, 0xff, 0xff, 0xff, 0xd0, 0x0, 0xaf,
    0x25, 0x55, 0xec, 0x55, 0x40, 0x0, 0x5, 0x49,
    0x99, 0xed, 0x99, 0x91, 0x17, 0x72, 0x7e, 0xee,
    0xee, 0xee, 0xf3, 0x3f, 0xf6, 0x7, 0xc5, 0x28,
    0x28, 0xe0, 0x1, 0xf6, 0x7, 0x7e, 0x5f, 0x57,
    0x60, 0x1, 0xf6, 0x2d, 0xe5, 0x4f, 0x40, 0x0,
    0x1, 0xf6, 0x36, 0xca, 0x9f, 0x85, 0x51, 0x1,
    0xf6, 0x8f, 0xff, 0xff, 0xff, 0xf4, 0x1, 0xfe,
    0x70, 0x6, 0xff, 0x70, 0x0, 0x2, 0xff, 0x66,
    0xcf, 0xb9, 0xfe, 0x70, 0x0, 0xb3, 0x7f, 0xc5,
    0x0, 0x2a, 0xe0, 0x0, 0x0, 0x1, 0x0, 0x0,
    0x0, 0x0,

    /* U+8C31 "谱" */
    0x0, 0x30, 0x0, 0x94, 0x1, 0xa3, 0x0, 0x9,
    0xf2, 0x34, 0xdd, 0x4b, 0xf5, 0x40, 0x1, 0xed,
    0xaf, 0xff, 0xff, 0xff, 0xf0, 0x0, 0x55, 0x3d,
    0x5f, 0x1d, 0x78, 0x90, 0x28, 0x81, 0xb, 0x9f,
    0x1d, 0x8d, 0x30, 0x4f, 0xf4, 0xdd, 0xdf, 0xdf,
    0xed, 0xd4, 0x3, 0xf3, 0x55, 0x55, 0x55, 0x55,
    0x51, 0x3, 0xf3, 0xe, 0xff, 0xff, 0xff, 0x30,
    0x3, 0xf3, 0xf, 0x94, 0x44, 0x6f, 0x40, 0x3,
    0xfa, 0x4f, 0xed, 0xdd, 0xef, 0x40, 0x3, 0xff,
    0x5f, 0x92, 0x22, 0x5f, 0x40, 0x5, 0xf6, 0xf,
    0xff, 0xff, 0xff, 0x40, 0x0, 0x40, 0xf, 0x94,
    0x44, 0x6f, 0x40,

    /* U+8D1D "贝" */
    0x0, 0xef, 0xff, 0xff, 0xff, 0xfb, 0x0, 0xe,
    0xe8, 0x88, 0x88, 0x8f, 0xb0, 0x0, 0xec, 0x0,
    0x86, 0x0, 0xfb, 0x0, 0xe, 0xc0, 0xf, 0xc0,
    0xf, 0xb0, 0x0, 0xec, 0x0, 0xfc, 0x0, 0xfb,
    0x0, 0xe, 0xc0, 0xf, 0xb0, 0xf, 0xb0, 0x0,
    0xec, 0x0, 0xfb, 0x0, 0xfb, 0x0, 0xe, 0xc0,
    0x3f, 0x90, 0xf, 0xb0, 0x0, 0x32, 0xb, 0xff,
    0xa1, 0x32, 0x0, 0x0, 0x4c, 0xfa, 0x9f, 0xf8,
    0x0, 0x7, 0xdf, 0xf8, 0x0, 0x3c, 0xfe, 0x40,
    0xbf, 0x92, 0x0, 0x0, 0x6, 0xe4, 0x1, 0x0,
    0x0, 0x0, 0x0, 0x0, 0x0,

    /* U+8D25 "败" */
    0x0, 0x0, 0x0, 0x0, 0x74, 0x0, 0x0, 0xe,
    0xff, 0xff, 0x22, 0xf6, 0x0, 0x0, 0xe, 0xa8,
    0x8f, 0x28, 0xff, 0xff, 0xf0, 0xe, 0x4f, 0x4f,
    0x3f, 0xc9, 0xbf, 0x90, 0xe, 0x4f, 0x5f, 0xcf,
    0x60, 0x8f, 0x0, 0xe, 0x4f, 0x5f, 0xff, 0x90,
    0xbc, 0x0, 0xe, 0x4f, 0x5f, 0x7a, 0xd0, 0xf8,
    0x0, 0xe, 0x4f, 0x4f, 0x23, 0xf9, 0xf3, 0x0,
    0xe, 0x6f, 0x4f, 0x20, 0xdf, 0xc0, 0x0, 0x4,
    0x7f, 0xa4, 0x0, 0x9f, 0x90, 0x0, 0x1, 0xec,
    0xf9, 0x6, 0xfe, 0xf7, 0x0, 0x2d, 0xe1, 0x5c,
    0xaf, 0xb0, 0xbf, 0xa0, 0x4e, 0x30, 0x2, 0xf9,
    0x0, 0x9, 0xd0, 0x0, 0x0, 0x0, 0x20, 0x0,
    0x0, 0x10,

    /* U+8D44 "资" */
    0x0, 0x0, 0x0, 0x0, 0x0, 0x0, 0x0, 0x4,
    0x80, 0x2, 0xf6, 0x0, 0x0, 0x0, 0x6, 0xfd,
    0xb, 0xff, 0xff, 0xff, 0xb0, 0x0, 0x36, 0x7f,
    0x89, 0xf7, 0x7f, 0x90, 0x0, 0x2b, 0x79, 0xc,
    0xf5, 0x3b, 0x10, 0x4, 0xed, 0x36, 0xdf, 0xbf,
    0xb6, 0x10, 0x2f, 0xb1, 0xdf, 0xb3, 0x5, 0xdf,
    0xf1, 0x5, 0x46, 0x98, 0x66, 0x66, 0x66, 0x40,
    0x0, 0x9f, 0xff, 0xff, 0xff, 0xf9, 0x0, 0x0,
    0x9f, 0x0, 0x9a, 0x0, 0xe9, 0x0, 0x0, 0x9f,
    0x0, 0xfc, 0x0, 0xe9, 0x0, 0x0, 0x36, 0x3c,
    0xff, 0xc6, 0x74, 0x0, 0x7, 0xae, 0xfe, 0x64,
    0xaf, 0xfb, 0x50, 0xb, 0xea, 0x50, 0x0, 0x1,
    0x7d, 0xa0, 0x0, 0x0, 0x0, 0x0, 0x0, 0x0,
    0x10,

    /* U+8D77 "起" */
    0x0, 0xb, 0xb0, 0x0, 0x0, 0x0, 0x0, 0x2,
    0x3c, 0xc3, 0x2a, 0xff, 0xff, 0x70, 0xd, 0xff,
    0xff, 0xb4, 0x77, 0x7f, 0x70, 0x2, 0x2c, 0xc2,
    0x10, 0x0, 0xf, 0x70, 0x15, 0x5d, 0xd5, 0x55,
    0xbb, 0xbf, 0x70, 0x3f, 0xff, 0xff, 0xf8, 0xfb,
    0xbb, 0x50, 0x4, 0x44, 0xf5, 0x17, 0xf0, 0x0,
    0x0, 0x9, 0xc2, 0xf6, 0x37, 0xf0, 0x6, 0xd0,
    0x9, 0xc2, 0xff, 0xf7, 0xf2, 0x19, 0xf0, 0xa,
    0xf4, 0xf6, 0x24, 0xff, 0xff, 0xb0, 0xd, 0xfd,
    0xf4, 0x0, 0x36, 0x65, 0x10, 0x1f, 0xaf, 0xfb,
    0x77, 0x77, 0x77, 0x71, 0x3f, 0x4, 0xbe, 0xff,
    0xff, 0xff, 0xf1, 0x1, 0x0, 0x0, 0x0, 0x0,
    0x0, 0x0,

    /* U+8D8B "趋" */
    0x0, 0x0, 0x0, 0x0, 0x0, 0x0, 0x0, 0x0,
    0xb, 0xb0, 0x2, 0xf5, 0x0, 0x0, 0x3, 0x5d,
    0xc5, 0x1a, 0xff, 0xff, 0x10, 0xa, 0xff, 0xff,
    0x9f, 0x85, 0xde, 0x0, 0x1, 0x1c, 0xb1, 0x5b,
    0x5, 0xf5, 0x0, 0x5, 0x5d, 0xc5, 0x6f, 0xff,
    0xff, 0x80, 0x1f, 0xff, 0xff, 0xa4, 0x44, 0x4f,
    0x80, 0x3, 0x37, 0xf4, 0x26, 0x66, 0x6f, 0x80,
    0x6, 0xc5, 0xf1, 0xf, 0xff, 0xff, 0x80, 0x7,
    0xd5, 0xff, 0x71, 0x11, 0x1e, 0x80, 0x9, 0xf6,
    0xf2, 0x6f, 0xff, 0xff, 0x80, 0xb, 0xff, 0xf0,
    0x14, 0x44, 0x44, 0x20, 0xf, 0x8f, 0xf9, 0x77,
    0x77, 0x77, 0x71, 0x2e, 0x2, 0xae, 0xff, 0xff,
    0xff, 0xf0, 0x1, 0x0, 0x0, 0x0, 0x0, 0x0,
    0x0,

    /* U+8DB3 "足" */
    0x0, 0xef, 0xff, 0xff, 0xff, 0xfe, 0x0, 0x0,
    0xed, 0x77, 0x77, 0x77, 0xde, 0x0, 0x0, 0xeb,
    0x0, 0x0, 0x0, 0xbe, 0x0, 0x0, 0xee, 0x88,
    0x88, 0x88, 0xde, 0x0, 0x0, 0xef, 0xff, 0xff,
    0xff, 0xfe, 0x0, 0x0, 0x25, 0x0, 0xaf, 0x0,
    0x0, 0x0, 0x0, 0x7f, 0x10, 0xaf, 0x66, 0x66,
    0x30, 0x0, 0x9f, 0x0, 0xaf, 0xff, 0xff, 0x80,
    0x0, 0xdf, 0x40, 0xaf, 0x11, 0x11, 0x0, 0x3,
    0xff, 0xd2, 0xaf, 0x0, 0x0, 0x0, 0xb, 0xf5,
    0xff, 0xef, 0x88, 0x88, 0x81, 0x2f, 0x70, 0x2a,
    0xef, 0xff, 0xff, 0xf0, 0x2, 0x0, 0x0, 0x0,
    0x0, 0x0, 0x0,

    /* U+8DDF "跟" */
    0xc, 0xff, 0xf4, 0xff, 0xff, 0xff, 0x60, 0xc,
    0xb5, 0xf4, 0xfb, 0x66, 0x6f, 0x60, 0xc, 0x90,
    0xe4, 0xfc, 0x88, 0x8f, 0x60, 0xc, 0xff, 0xf4,
    0xfd, 0xbb, 0xbf, 0x60, 0x4, 0x6f, 0x81, 0xf8,
    0x0, 0x1f, 0x60, 0xb, 0x3f, 0x30, 0xff, 0xff,
    0xff, 0x60, 0xe, 0x4f, 0xf6, 0xfb, 0xcd, 0x67,
    0x50, 0xe, 0x4f, 0x82, 0xf8, 0x5f, 0x5e, 0xb0,
    0xe, 0x4f, 0x30, 0xf8, 0xd, 0xfa, 0x0, 0xe,
    0x7f, 0xc6, 0xf8, 0x69, 0xfb, 0x10, 0x5f, 0xff,
    0xe9, 0xff, 0xf7, 0x4f, 0xf1, 0x27, 0x41, 0x0,
    0xe9, 0x20, 0x1, 0x60, 0x0, 0x0, 0x0, 0x0,
    0x0, 0x0, 0x0,

    /* U+8DEF "路" */
    0x0, 0x0, 0x0, 0x3, 0x80, 0x0, 0x0, 0xc,
    0xff, 0xf7, 0x1d, 0xff, 0xff, 0x80, 0xc, 0xb6,
    0xf8, 0xcf, 0x86, 0x8f, 0x70, 0xc, 0x91, 0xee,
    0xfe, 0xb1, 0xcd, 0x0, 0xc, 0xff, 0xf7, 0x44,
    0xfe, 0xe2, 0x0, 0x3, 0x4f, 0x72, 0x3a, 0xff,
    0xf9, 0x30, 0xb, 0x4f, 0x45, 0xfe, 0x61, 0x9f,
    0xf1, 0xe, 0x5f, 0xf9, 0x86, 0x66, 0x67, 0x60,
    0xe, 0x5f, 0x83, 0x9f, 0xff, 0xff, 0x60, 0xe,
    0x5f, 0x40, 0x9f, 0x0, 0x1f, 0x60, 0xe, 0x9f,
    0xc8, 0x9f, 0x22, 0x3f, 0x60, 0x5f, 0xff, 0xf8,
    0x9f, 0xff, 0xff, 0x60, 0x27, 0x41, 0x0, 0x9f,
    0x33, 0x4f, 0x60,

    /* U+8EAB "身" */
    0x0, 0x0, 0x0, 0x0, 0x0, 0x0, 0x0, 0x0,
    0x0, 0x9, 0xf3, 0x0, 0x0, 0x0, 0x0, 0x7e,
    0xef, 0xfe, 0xee, 0xe6, 0x0, 0x0, 0x8f, 0x66,
    0x66, 0x67, 0xf7, 0x0, 0x0, 0x8f, 0x44, 0x44,
    0x44, 0xf7, 0x0, 0x0, 0x8f, 0xee, 0xee, 0xee,
    0xf7, 0x0, 0x0, 0x8f, 0x44, 0x44, 0x45, 0xf7,
    0x30, 0x0, 0x8f, 0xcc, 0xcc, 0xcc, 0xfd, 0xf2,
    0x5, 0xbf, 0x55, 0x55, 0x56, 0xff, 0x60, 0x1f,
    0xff, 0xff, 0xff, 0xff, 0xf7, 0x0, 0x0, 0x0,
    0x1, 0x8e, 0xf9, 0xf7, 0x0, 0x0, 0x16, 0xbf,
    0xf9, 0x11, 0xf7, 0x0, 0x2d, 0xff, 0xd7, 0x17,
    0x8a, 0xf6, 0x0, 0xb, 0x72, 0x0, 0xd, 0xff,
    0xd1, 0x0,

    /* U+8F6E "轮" */
    0x0, 0x0, 0x0, 0x0, 0x0, 0x0, 0x0, 0x0,
    0x4e, 0x20, 0x0, 0x9f, 0x30, 0x0, 0x4, 0xaf,
    0x44, 0x2, 0xff, 0xb0, 0x0, 0x2f, 0xff, 0xff,
    0x2c, 0xf8, 0xf6, 0x0, 0x4, 0xf8, 0x52, 0xaf,
    0x80, 0xbf, 0x40, 0x7, 0xf8, 0xc8, 0xfb, 0x0,
    0x1d, 0xf3, 0xe, 0xa7, 0xc3, 0xcf, 0x60, 0x74,
    0xb0, 0x1f, 0xff, 0xff, 0x2f, 0x8b, 0xf8, 0x0,
    0x7, 0x7d, 0xe7, 0x2f, 0xff, 0x70, 0x0, 0x0,
    0xb, 0xd7, 0x3f, 0xb1, 0x2, 0x0, 0x2d, 0xff,
    0xff, 0x5f, 0x60, 0xe, 0x90, 0x1c, 0xad, 0xd2,
    0x2f, 0x60, 0xf, 0x80, 0x0, 0xb, 0xc0, 0x1f,
    0xec, 0xdf, 0x60, 0x0, 0xb, 0xc0, 0x6, 0xbc,
    0xc9, 0x0,

    /* U+8F7B "轻" */
    0x0, 0x38, 0x0, 0x0, 0x0, 0x0, 0x0, 0x3,
    0xae, 0x32, 0x9f, 0xff, 0xff, 0x40, 0x2f, 0xff,
    0xff, 0x48, 0x88, 0xff, 0x20, 0x6, 0xf8, 0x53,
    0x0, 0x2c, 0xf3, 0x0, 0x8, 0xe9, 0xa0, 0x18,
    0xff, 0xfa, 0x20, 0xe, 0xa9, 0xb2, 0xef, 0x91,
    0x7f, 0xf3, 0x1f, 0xff, 0xfd, 0x52, 0x0, 0x1,
    0x80, 0x4, 0x4d, 0xc3, 0x9f, 0xff, 0xff, 0xa0,
    0x0, 0xd, 0xc5, 0x59, 0xbf, 0xb9, 0x60, 0x2c,
    0xff, 0xff, 0x0, 0x4f, 0x40, 0x0, 0x2e, 0xbe,
    0xc3, 0x0, 0x4f, 0x40, 0x0, 0x0, 0xd, 0xa4,
    0xff, 0xff, 0xff, 0xf4, 0x0, 0xd, 0xa2, 0x77,
    0x77, 0x77, 0x72,

    /* U+8F83 "较" */
    0x0, 0x4b, 0x0, 0x0, 0x7c, 0x0, 0x0, 0x2,
    0xae, 0x21, 0x22, 0x8f, 0x42, 0x20, 0x2f, 0xff,
    0xfc, 0xef, 0xff, 0xff, 0xf1, 0x6, 0xf7, 0x43,
    0x49, 0x65, 0xb5, 0x50, 0x7, 0xf9, 0xa0, 0x1f,
    0x93, 0xfa, 0x0, 0xd, 0x99, 0xa0, 0xbe, 0x10,
    0x7f, 0x70, 0x1f, 0xff, 0xfd, 0xfe, 0x40, 0xbe,
    0xf1, 0x7, 0x7e, 0xc4, 0x3d, 0xc4, 0xf5, 0x30,
    0x0, 0xd, 0xb4, 0x6, 0xfe, 0xc0, 0x0, 0x2a,
    0xdf, 0xff, 0x0, 0xef, 0x60, 0x0, 0x2d, 0xae,
    0xb3, 0x1b, 0xfe, 0xf7, 0x0, 0x0, 0xd, 0xa6,
    0xff, 0x51, 0xcf, 0xe1, 0x0, 0xd, 0xa3, 0xc2,
    0x0, 0x6, 0x90, 0x0, 0x0, 0x0, 0x0, 0x0,
    0x0, 0x0,

    /* U+8F93 "输" */
    0x0, 0x99, 0x0, 0x1, 0xee, 0x10, 0x0, 0x17,
    0xec, 0x72, 0xb, 0xed, 0xd1, 0x0, 0x2e, 0xfe,
    0xe6, 0xce, 0x21, 0xde, 0x30, 0x5, 0xf0, 0x2f,
    0xef, 0xff, 0xfd, 0xf2, 0x9, 0xbe, 0x28, 0x14,
    0x44, 0x40, 0x70, 0xd, 0x6e, 0x29, 0xee, 0xe1,
    0x48, 0xa0, 0x1f, 0xcf, 0xba, 0xc8, 0xf5, 0xc9,
    0xa0, 0x1a, 0xbf, 0xba, 0xdb, 0xf5, 0xc9, 0xa0,
    0x0, 0x3f, 0x3a, 0xc9, 0xf5, 0xc9, 0xa0, 0x29,
    0xdf, 0xfa, 0xda, 0xf5, 0xc9, 0xa0, 0x3e, 0xcf,
    0x7a, 0xc9, 0xf4, 0xa9, 0xa0, 0x0, 0x3f, 0x2a,
    0x97, 0xf2, 0x6d, 0xa0, 0x0, 0x3f, 0x29, 0x7c,
    0xa2, 0xdd, 0x40,

    /* U+8FB9 "边" */
    0x2, 0xb1, 0x0, 0xe, 0xb0, 0x0, 0x0, 0x3,
    0xfb, 0x0, 0xe, 0xb0, 0x0, 0x0, 0x0, 0x8f,
    0x4f, 0xff, 0xff, 0xff, 0xa0, 0x0, 0x3, 0xa,
    0xaf, 0xda, 0xaf, 0xa0, 0x19, 0x98, 0x0, 0x1f,
    0x80, 0xf, 0x90, 0x2f, 0xfe, 0x0, 0x3f, 0x60,
    0x1f, 0x80, 0x0, 0xae, 0x0, 0x8f, 0x20, 0x2f,
    0x70, 0x0, 0xae, 0x0, 0xed, 0x0, 0x4f, 0x60,
    0x0, 0xae, 0xb, 0xf5, 0x68, 0xcf, 0x40, 0x0,
    0xbf, 0x3f, 0xa0, 0x8f, 0xfb, 0x0, 0x6, 0xff,
    0x93, 0x0, 0x0, 0x0, 0x0, 0x1f, 0xed, 0xfe,
    0xa9, 0x99, 0x99, 0x93, 0xb, 0x31, 0x9d, 0xff,
    0xff, 0xff, 0xf2, 0x0, 0x0, 0x0, 0x0, 0x0,
    0x0, 0x0,

    /* U+8FC7 "过" */
    0x2, 0xa0, 0x0, 0x0, 0x1, 0xf8, 0x0, 0x4,
    0xfa, 0x0, 0x0, 0x1, 0xf8, 0x0, 0x0, 0x7f,
    0x5e, 0xee, 0xee, 0xff, 0xe3, 0x0, 0x5, 0x9,
    0x99, 0x99, 0xfc, 0x92, 0x18, 0x88, 0x5, 0xb0,
    0x1, 0xf8, 0x0, 0x3f, 0xff, 0x5, 0xf9, 0x1,
    0xf8, 0x0, 0x0, 0xaf, 0x0, 0xaf, 0x41, 0xf8,
    0x0, 0x0, 0xaf, 0x0, 0x8, 0x1, 0xf8, 0x0,
    0x0, 0xaf, 0x0, 0x0, 0x3, 0xf8, 0x0, 0x0,
    0xaf, 0x0, 0xe, 0xff, 0xf5, 0x0, 0x6, 0xff,
    0x70, 0x5, 0x77, 0x40, 0x0, 0x2f, 0xdb, 0xfc,
    0x88, 0x88, 0x88, 0x82, 0xd, 0x10, 0x8d, 0xff,
    0xff, 0xff, 0xf3, 0x0, 0x0, 0x0, 0x0, 0x0,
    0x0, 0x0,

    /* U+8FD0 "运" */
    0x1, 0x50, 0x0, 0x0, 0x0, 0x0, 0x0, 0xa,
    0xf4, 0xe, 0xff, 0xff, 0xff, 0x40, 0x1, 0xef,
    0x17, 0x77, 0x77, 0x77, 0x20, 0x0, 0x37, 0x1,
    0x11, 0x11, 0x11, 0x10, 0x28, 0x85, 0x9f, 0xff,
    0xff, 0xff, 0xf0, 0x5f, 0xfa, 0x35, 0x8f, 0x95,
    0x65, 0x50, 0x0, 0xea, 0x0, 0xce, 0x5, 0xf2,
    0x0, 0x0, 0xea, 0x6, 0xf6, 0x1, 0xfa, 0x0,
    0x0, 0xea, 0x1f, 0xf8, 0x9b, 0xef, 0x20, 0x0,
    0xea, 0x1f, 0xff, 0xff, 0xdf, 0xa0, 0x8, 0xff,
    0x43, 0x21, 0x0, 0x7, 0x40, 0x3f, 0xdd, 0xfc,
    0x98, 0x88, 0x88, 0x80, 0x1c, 0x11, 0x9d, 0xff,
    0xff, 0xff, 0xe0, 0x0, 0x0, 0x0, 0x0, 0x0,
    0x0, 0x0,

    /* U+8FD8 "还" */
    0x1, 0x80, 0x0, 0x0, 0x0, 0x0, 0x0, 0x7,
    0xf8, 0x3f, 0xff, 0xff, 0xff, 0xf0, 0x0, 0xbf,
    0x58, 0x88, 0xfe, 0x88, 0x70, 0x0, 0x18, 0x0,
    0x6, 0xf8, 0x0, 0x0, 0x8, 0x87, 0x0, 0x2e,
    0xf8, 0x60, 0x0, 0x1f, 0xfe, 0x0, 0xcf, 0xfe,
    0xf7, 0x0, 0x0, 0xae, 0xb, 0xf6, 0xf7, 0xbf,
    0x50, 0x0, 0xae, 0xcf, 0x71, 0xf7, 0xc, 0xf3,
    0x0, 0xae, 0x77, 0x1, 0xf7, 0x1, 0x90, 0x0,
    0xbf, 0x0, 0x1, 0xf7, 0x0, 0x0, 0x6, 0xff,
    0x90, 0x0, 0x94, 0x0, 0x0, 0x1f, 0xeb, 0xfd,
    0x98, 0x88, 0x88, 0x82, 0xc, 0x30, 0x7d, 0xff,
    0xff, 0xff, 0xf2, 0x0, 0x0, 0x0, 0x0, 0x0,
    0x0, 0x0,

    /* U+8FD9 "这" */
    0x0, 0x0, 0x0, 0x0, 0x0, 0x0, 0x0, 0x5,
    0x70, 0x0, 0x8, 0xf1, 0x0, 0x0, 0xa, 0xf3,
    0x1, 0x16, 0xf7, 0x11, 0x0, 0x1, 0xec, 0x9f,
    0xff, 0xff, 0xff, 0xf0, 0x0, 0x32, 0x37, 0x77,
    0x78, 0xfa, 0x60, 0x28, 0x85, 0x8, 0xc1, 0x7,
    0xf2, 0x0, 0x5f, 0xfb, 0x5, 0xfe, 0x4f, 0xb0,
    0x0, 0x0, 0xeb, 0x0, 0x4f, 0xff, 0x30, 0x0,
    0x0, 0xeb, 0x0, 0xc, 0xff, 0x40, 0x0, 0x0,
    0xeb, 0x4, 0xdf, 0xae, 0xf5, 0x0, 0x0, 0xfb,
    0x7f, 0xf7, 0x3, 0xef, 0x30, 0xa, 0xff, 0x5b,
    0x20, 0x0, 0x3c, 0x0, 0x4f, 0xbd, 0xfc, 0x99,
    0x99, 0x99, 0x90, 0xb, 0x1, 0x9e, 0xff, 0xff,
    0xff, 0xf0, 0x0, 0x0, 0x0, 0x0, 0x0, 0x0,
    0x0,

    /* U+8FDB "进" */
    0x0, 0x0, 0x0, 0x0, 0x0, 0x0, 0x0, 0x9,
    0xb0, 0x0, 0xcc, 0x2, 0xf6, 0x0, 0x4, 0xfc,
    0x18, 0xee, 0x89, 0xfb, 0x60, 0x0, 0x5b, 0x2f,
    0xff, 0xff, 0xff, 0xc0, 0x2, 0x21, 0x0, 0xcc,
    0x2, 0xf6, 0x0, 0x5f, 0xfa, 0x0, 0xcc, 0x2,
    0xf6, 0x0, 0x14, 0xfa, 0x9f, 0xff, 0xff, 0xff,
    0xf3, 0x0, 0xea, 0x58, 0xfd, 0x89, 0xfb, 0x82,
    0x0, 0xea, 0x1, 0xf9, 0x2, 0xf6, 0x0, 0x0,
    0xea, 0x8, 0xf4, 0x2, 0xf6, 0x0, 0x5, 0xfd,
    0x2c, 0xc0, 0x2, 0xf6, 0x0, 0x4f, 0xce, 0xfb,
    0xb9, 0x99, 0xca, 0x92, 0x1c, 0x11, 0x9e, 0xff,
    0xff, 0xff, 0xf2, 0x0, 0x0, 0x0, 0x0, 0x0,
    0x0, 0x0,

    /* U+8FDE "连" */
    0x1, 0x50, 0x0, 0x9, 0x80, 0x0, 0x0, 0xa,
    0xf3, 0x24, 0x5f, 0xa4, 0x44, 0x40, 0x1, 0xed,
    0x8f, 0xff, 0xff, 0xff, 0xf0, 0x0, 0x56, 0x13,
    0xfa, 0x56, 0x22, 0x20, 0x2, 0x21, 0x8, 0xf2,
    0xbe, 0x0, 0x0, 0x5f, 0xfa, 0xf, 0xea, 0xef,
    0xaa, 0x60, 0x27, 0xfa, 0xc, 0xcc, 0xef, 0xcc,
    0x70, 0x0, 0xea, 0x0, 0x0, 0xbe, 0x0, 0x0,
    0x0, 0xea, 0x9d, 0xdd, 0xff, 0xdd, 0xd1, 0x0,
    0xea, 0x69, 0x99, 0xdf, 0x99, 0x91, 0x7, 0xfe,
    0x20, 0x0, 0xad, 0x0, 0x0, 0x3f, 0xdf, 0xfb,
    0x98, 0x88, 0x88, 0x82, 0xc, 0x13, 0xbe, 0xff,
    0xff, 0xff, 0xf1, 0x0, 0x0, 0x0, 0x0, 0x0,
    0x0, 0x0,

    /* U+8FDF "迟" */
    0x0, 0x30, 0x0, 0x0, 0x0, 0x0, 0x0, 0x5,
    0xf5, 0x7, 0xff, 0xff, 0xff, 0x70, 0x0, 0xcf,
    0x27, 0xf9, 0x88, 0x8f, 0x70, 0x0, 0x2c, 0x27,
    0xf2, 0x0, 0x1f, 0x70, 0x18, 0x87, 0x7, 0xfb,
    0xaa, 0xbf, 0x70, 0x2f, 0xfe, 0x7, 0xfc, 0xcc,
    0xcc, 0x50, 0x1, 0xae, 0x7, 0xf0, 0x94, 0x0,
    0x0, 0x0, 0xae, 0xa, 0xe1, 0xdf, 0x70, 0x0,
    0x0, 0xae, 0xe, 0xa0, 0x1c, 0xf9, 0x0, 0x0,
    0xae, 0x7f, 0x30, 0x0, 0xbf, 0xb0, 0x4, 0xff,
    0x79, 0x0, 0x0, 0xa, 0x70, 0x1f, 0xfd, 0xfb,
    0x88, 0x88, 0x88, 0x82, 0xd, 0x31, 0x9d, 0xff,
    0xff, 0xff, 0xf3, 0x0, 0x0, 0x0, 0x0, 0x0,
    0x0, 0x0,

    /* U+9000 "退" */
    0x0, 0x20, 0x0, 0x0, 0x0, 0x0, 0x0, 0xa,
    0xe1, 0xe, 0xff, 0xff, 0xff, 0x10, 0x3, 0xfc,
    0xe, 0xa4, 0x44, 0x8f, 0x10, 0x0, 0x6a, 0xe,
    0xed, 0xdd, 0xef, 0x10, 0x16, 0x63, 0xe, 0x92,
    0x22, 0x7f, 0x10, 0x4f, 0xfa, 0xe, 0xff, 0xff,
    0xff, 0x10, 0x2, 0xea, 0xe, 0xa8, 0x85, 0x5b,
    0x80, 0x0, 0xea, 0xe, 0x8a, 0xf8, 0xbf, 0x60,
    0x0, 0xea, 0xe, 0x81, 0xcf, 0xf4, 0x0, 0x0,
    0xea, 0x1f, 0xef, 0xf4, 0xdf, 0x60, 0x7, 0xff,
    0x4f, 0xd8, 0x30, 0xa, 0x60, 0x3f, 0xde, 0xfc,
    0x87, 0x77, 0x77, 0x71, 0xd, 0x22, 0xae, 0xff,
    0xff, 0xff, 0xf0, 0x0, 0x0, 0x0, 0x0, 0x0,
    0x0, 0x0,

    /* U+9001 "送" */
    0x0, 0x0, 0x0, 0x0, 0x0, 0x0, 0x0, 0x2,
    0x40, 0x3, 0xc2, 0x0, 0x96, 0x0, 0xc, 0xf2,
    0x1, 0xed, 0x5, 0xf6, 0x0, 0x2, 0xfd, 0x18,
    0xbd, 0x8e, 0xe8, 0x60, 0x0, 0x58, 0x1f, 0xff,
    0xff, 0xff, 0xb0, 0x14, 0x42, 0x0, 0x3, 0xf6,
    0x0, 0x0, 0x4f, 0xfa, 0x57, 0x79, 0xfa, 0x77,
    0x70, 0x14, 0xfa, 0xaf, 0xff, 0xff, 0xff, 0xf0,
    0x0, 0xea, 0x0, 0xa, 0xfa, 0x0, 0x0, 0x0,
    0xea, 0x0, 0x6f, 0xdf, 0xd1, 0x0, 0x0, 0xea,
    0x1b, 0xfd, 0x15, 0xfe, 0x40, 0x7, 0xfe, 0x3e,
    0x90, 0x0, 0x3e, 0x50, 0x3f, 0xde, 0xfc, 0x98,
    0x88, 0x8a, 0x81, 0xc, 0x12, 0x9d, 0xff, 0xff,
    0xff, 0xf0, 0x0, 0x0, 0x0, 0x0, 0x0, 0x0,
    0x0,

    /* U+900F "透" */
    0x0, 0x30, 0x0, 0x0, 0x12, 0x35, 0x10, 0xb,
    0xf1, 0x3f, 0xff, 0xff, 0xfe, 0x40, 0x2, 0xfb,
    0x37, 0x78, 0xf6, 0x33, 0x30, 0x0, 0x65, 0x9f,
    0xff, 0xff, 0xff, 0xf0, 0x0, 0x0, 0x4, 0xee,
    0xfe, 0xe4, 0x0, 0x4f, 0xfa, 0xcf, 0x93, 0xf4,
    0x9f, 0xc1, 0x29, 0xf8, 0xab, 0xaa, 0xca, 0xa3,
    0x90, 0x0, 0xe8, 0x6, 0xde, 0x9c, 0xe2, 0x10,
    0x0, 0xe8, 0x0, 0xe9, 0xa, 0xef, 0x80, 0x0,
    0xe8, 0x3c, 0xf2, 0x23, 0x4f, 0x50, 0x6, 0xfd,
    0x7d, 0x30, 0x8f, 0xeb, 0x0, 0x3f, 0xdf, 0xe9,
    0x77, 0x77, 0x77, 0x71, 0xd, 0x13, 0xbe, 0xff,
    0xff, 0xff, 0xf1, 0x0, 0x0, 0x0, 0x0, 0x0,
    0x0, 0x0,

    /* U+9010 "逐" */
    0x1, 0x30, 0x0, 0x0, 0x0, 0x0, 0x0, 0xa,
    0xf1, 0x7f, 0xff, 0xff, 0xff, 0xe0, 0x2, 0xfb,
    0x37, 0x8e, 0xf8, 0x77, 0x60, 0x0, 0x77, 0x28,
    0xfe, 0xc0, 0x2c, 0x80, 0x18, 0x84, 0xaa, 0x4a,
    0xfb, 0xfc, 0x10, 0x3f, 0xf9, 0x17, 0xec, 0xaf,
    0xc0, 0x0, 0x0, 0xe9, 0xbf, 0x75, 0xff, 0xf8,
    0x0, 0x0, 0xe9, 0x32, 0x9f, 0x9f, 0xbf, 0x80,
    0x0, 0xe9, 0x5e, 0xf5, 0x1f, 0x49, 0xe1, 0x0,
    0xe9, 0xaa, 0x45, 0xaf, 0x30, 0x20, 0x7, 0xfe,
    0x20, 0x5f, 0xe9, 0x0, 0x0, 0x3f, 0xbe, 0xe9,
    0x77, 0x77, 0x77, 0x71, 0xb, 0x2, 0xae, 0xff,
    0xff, 0xff, 0xf1, 0x0, 0x0, 0x0, 0x0, 0x0,
    0x0, 0x0,

    /* U+9012 "递" */
    0x0, 0x0, 0x0, 0x0, 0x0, 0x0, 0x0, 0x5,
    0x50, 0x3, 0xe4, 0x4, 0xe3, 0x0, 0xc, 0xf2,
    0x24, 0xea, 0x4d, 0xe4, 0x20, 0x1, 0xec, 0x6f,
    0xff, 0xff, 0xff, 0x70, 0x0, 0x42, 0x1, 0x14,
    0xf4, 0x1f, 0x70, 0x18, 0x84, 0x5f, 0xff, 0xff,
    0xff, 0x70, 0x3f, 0xf8, 0x7f, 0x14, 0xf4, 0x11,
    0x0, 0x0, 0xf8, 0x9f, 0xff, 0xff, 0xff, 0xd0,
    0x0, 0xf8, 0x34, 0xaf, 0xf7, 0x4b, 0xe0, 0x0,
    0xf8, 0x7, 0xfc, 0xf4, 0x1b, 0xd0, 0x0, 0xf8,
    0xbf, 0x83, 0xf8, 0xff, 0x80, 0x8, 0xfe, 0x74,
    0x3, 0xf4, 0x22, 0x0, 0x3f, 0xbd, 0xe9, 0x77,
    0x77, 0x77, 0x71, 0xc, 0x1, 0xae, 0xff, 0xff,
    0xff, 0xf1, 0x0, 0x0, 0x0, 0x0, 0x0, 0x0,
    0x0,

    /* U+9014 "途" */
    0x2, 0x90, 0x0, 0x5, 0xfa, 0x0, 0x0, 0x7,
    0xf7, 0x0, 0x3f, 0xef, 0x80, 0x0, 0x0, 0xdf,
    0x15, 0xfe, 0x29, 0xf9, 0x0, 0x0, 0x25, 0xaf,
    0xf8, 0x55, 0xdf, 0xd2, 0x2, 0x21, 0xaa, 0xff,
    0xff, 0xfa, 0xc0, 0x3f, 0xf9, 0x13, 0x34, 0xf8,
    0x33, 0x20, 0x14, 0xf9, 0x8f, 0xff, 0xff, 0xff,
    0xe0, 0x0, 0xe9, 0x16, 0x93, 0xf8, 0x64, 0x20,
    0x0, 0xe9, 0x1e, 0xb1, 0xf7, 0xcd, 0x10, 0x0,
    0xe9, 0xce, 0x57, 0xf6, 0x1d, 0xc0, 0x5, 0xfd,
    0x42, 0x8e, 0xd3, 0x2, 0x40, 0x2f, 0xdf, 0xfa,
    0x87, 0x77, 0x77, 0x72, 0xc, 0x12, 0xae, 0xff,
    0xff, 0xff, 0xf1, 0x0, 0x0, 0x0, 0x0, 0x0,
    0x0, 0x0,

    /* U+9017 "逗" */
    0x0, 0x10, 0x0, 0x0, 0x0, 0x0, 0x0, 0xb,
    0xd0, 0x8f, 0xff, 0xff, 0xff, 0xb0, 0x4, 0xfb,
    0x47, 0x77, 0x77, 0x77, 0x50, 0x0, 0x75, 0xe,
    0xff, 0xff, 0xff, 0x10, 0x14, 0x42, 0xf, 0xa4,
    0x44, 0x9f, 0x10, 0x5f, 0xf9, 0xf, 0xa4, 0x44,
    0x9f, 0x10, 0x26, 0xf9, 0xe, 0xff, 0xff, 0xff,
    0x10, 0x0, 0xe9, 0x3, 0xe4, 0x3, 0xe3, 0x0,
    0x0, 0xe9, 0x23, 0xdb, 0x3d, 0xe3, 0x30, 0x0,
    0xfa, 0xcf, 0xff, 0xff, 0xff, 0xf0, 0xa, 0xff,
    0x63, 0x33, 0x33, 0x33, 0x30, 0x5f, 0xce, 0xfc,
    0xa9, 0x99, 0x99, 0x90, 0x2d, 0x11, 0x9e, 0xff,
    0xff, 0xff, 0xe0, 0x1, 0x0, 0x0, 0x0, 0x0,
    0x0, 0x0,

    /* U+901A "通" */
    0x0, 0x10, 0x0, 0x0, 0x0, 0x0, 0x0, 0x7,
    0xe1, 0x2f, 0xff, 0xff, 0xff, 0xa0, 0x2, 0xfc,
    0x3, 0xbc, 0x48, 0xfe, 0x40, 0x0, 0x6c, 0x24,
    0x6e, 0xff, 0xc4, 0x30, 0x2, 0x21, 0x2f, 0xee,
    0xff, 0xef, 0xd0, 0x4f, 0xf9, 0x2f, 0x73, 0xea,
    0x3a, 0xd0, 0x16, 0xf9, 0x2f, 0xee, 0xff, 0xef,
    0xd0, 0x0, 0xf9, 0x2f, 0x62, 0xea, 0x2a, 0xd0,
    0x0, 0xf9, 0x2f, 0xfe, 0xff, 0xef, 0xd0, 0x0,
    0xf9, 0x2f, 0x50, 0xe9, 0x2b, 0xd0, 0x7, 0xfe,
    0x3d, 0x40, 0xa6, 0xee, 0x80, 0x2f, 0xce, 0xe9,
    0x77, 0x77, 0x77, 0x73, 0xb, 0x12, 0xae, 0xff,
    0xff, 0xff, 0xf5, 0x0, 0x0, 0x0, 0x0, 0x0,
    0x0, 0x0,

    /* U+901F "速" */
    0x4, 0x80, 0x0, 0x1, 0xf7, 0x0, 0x0, 0x8,
    0xf4, 0x9f, 0xff, 0xff, 0xff, 0xf0, 0x1, 0xec,
    0x46, 0x67, 0xfa, 0x66, 0x60, 0x0, 0x56, 0x14,
    0x45, 0xf9, 0x44, 0x20, 0x1, 0x11, 0x3f, 0xff,
    0xff, 0xff, 0x80, 0x4f, 0xfa, 0x3f, 0x31, 0xf7,
    0xf, 0x80, 0x3, 0xfa, 0x3f, 0xff, 0xff, 0xff,
    0x80, 0x0, 0xea, 0x4, 0x7f, 0xff, 0x74, 0x20,
    0x0, 0xea, 0x7, 0xfd, 0xfe, 0xf9, 0x10, 0x0,
    0xfa, 0xaf, 0xa1, 0xf7, 0x6f, 0xa0, 0x8, 0xff,
    0x64, 0x0, 0xb4, 0x1, 0x10, 0x2f, 0xcd, 0xfb,
    0x87, 0x77, 0x77, 0x71, 0xc, 0x11, 0x9e, 0xff,
    0xff, 0xff, 0xf0, 0x0, 0x0, 0x0, 0x0, 0x0,
    0x0, 0x0,

    /* U+9020 "造" */
    0x3, 0x50, 0x6, 0x80, 0xea, 0x0, 0x0, 0xc,
    0xf2, 0xd, 0xd4, 0xfb, 0x44, 0x20, 0x2, 0xfd,
    0x4f, 0xff, 0xff, 0xff, 0x70, 0x0, 0x57, 0x7c,
    0x0, 0xea, 0x0, 0x0, 0x18, 0x85, 0xbf, 0xff,
    0xff, 0xff, 0xe0, 0x3f, 0xfa, 0x46, 0x66, 0x66,
    0x66, 0x50, 0x16, 0xfa, 0x5, 0x55, 0x55, 0x55,
    0x0, 0x0, 0xea, 0xe, 0xfe, 0xee, 0xff, 0x10,
    0x0, 0xea, 0xe, 0x90, 0x0, 0x7f, 0x10, 0x0,
    0xea, 0xe, 0xff, 0xff, 0xff, 0x10, 0x7, 0xff,
    0x35, 0x55, 0x55, 0x55, 0x0, 0x3f, 0xde, 0xfa,
    0x87, 0x77, 0x77, 0x70, 0xd, 0x12, 0xae, 0xff,
    0xff, 0xff, 0xd0, 0x0, 0x0, 0x0, 0x0, 0x0,
    0x0, 0x0,

    /* U+9053 "道" */
    0x0, 0x0, 0x0, 0x0, 0x0, 0x0, 0x0, 0x3,
    0x30, 0x2, 0xd3, 0x2, 0xe4, 0x0, 0xe, 0xd0,
    0x45, 0xfc, 0x5c, 0xf5, 0x50, 0x4, 0xfa, 0xdf,
    0xff, 0xff, 0xff, 0xf0, 0x0, 0x85, 0x3, 0x3a,
    0xf4, 0x33, 0x0, 0x2, 0x21, 0xf, 0xfe, 0xee,
    0xff, 0x10, 0x3f, 0xf9, 0xf, 0x94, 0x44, 0x8f,
    0x10, 0x17, 0xf9, 0xf, 0xec, 0xcc, 0xdf, 0x10,
    0x0, 0xe9, 0xf, 0xc9, 0x99, 0xbf, 0x10, 0x0,
    0xe9, 0xf, 0xa6, 0x66, 0x9f, 0x10, 0x0, 0xfa,
    0xf, 0xff, 0xff, 0xff, 0x10, 0x9, 0xff, 0x34,
    0x44, 0x44, 0x44, 0x0, 0x4f, 0xce, 0xfa, 0x76,
    0x66, 0x66, 0x60, 0x1c, 0x12, 0xaf, 0xff, 0xff,
    0xff, 0xf0, 0x0, 0x0, 0x0, 0x0, 0x0, 0x0,
    0x0,

    /* U+906E "遮" */
    0x0, 0x0, 0x0, 0x0, 0x10, 0x0, 0x0, 0x4,
    0x60, 0x0, 0x3, 0xf8, 0x0, 0x0, 0xb, 0xf4,
    0x5f, 0xff, 0xff, 0xff, 0xf0, 0x1, 0xdd, 0x6f,
    0x5c, 0x95, 0x9c, 0x50, 0x0, 0x32, 0x5f, 0x3f,
    0x93, 0x9f, 0x30, 0x3, 0x31, 0x5f, 0xff, 0xff,
    0xff, 0xf0, 0x3f, 0xf7, 0x6f, 0x1e, 0x71, 0x8e,
    0x10, 0x2, 0xf7, 0x7e, 0xe, 0xfe, 0xfe, 0x0,
    0x0, 0xf7, 0x9c, 0x24, 0x55, 0x65, 0x0, 0x0,
    0xf7, 0xe8, 0xd9, 0xb8, 0xab, 0x60, 0x0, 0xfb,
    0xf5, 0xf5, 0xd4, 0xe6, 0xb0, 0x7, 0xfb, 0x55,
    0xc2, 0xf1, 0xd3, 0xd0, 0x3f, 0xef, 0xd9, 0x87,
    0x77, 0x77, 0x71, 0xd, 0x14, 0xbe, 0xff, 0xff,
    0xff, 0xf1, 0x0, 0x0, 0x0, 0x0, 0x0, 0x0,
    0x0,

    /* U+907F "避" */
    0x0, 0x10, 0x0, 0x0, 0x0, 0x73, 0x0, 0xc,
    0xd0, 0x5f, 0xff, 0x77, 0xeb, 0x70, 0x4, 0xfa,
    0x5f, 0x5f, 0xaf, 0xef, 0xf0, 0x0, 0x86, 0x5f,
    0x3f, 0x4e, 0x3b, 0x70, 0x3, 0x31, 0x5f, 0xff,
    0x4b, 0x6d, 0x50, 0x4f, 0xf4, 0x7d, 0x0, 0x8f,
    0xff, 0xf2, 0x15, 0xf4, 0xbf, 0xdd, 0x64, 0xfa,
    0x40, 0x1, 0xf6, 0xff, 0x9e, 0x76, 0xfb, 0x60,
    0x1, 0xfd, 0xed, 0x4d, 0xae, 0xff, 0xe0, 0x1,
    0xf5, 0x4c, 0xbf, 0x40, 0xe8, 0x0, 0x8, 0xfb,
    0x7, 0x99, 0x20, 0xc7, 0x0, 0x3f, 0xcf, 0xd8,
    0x66, 0x66, 0x66, 0x61, 0xc, 0x3, 0xbe, 0xff,
    0xff, 0xff, 0xf1, 0x0, 0x0, 0x0, 0x0, 0x0,
    0x0, 0x0,

    /* U+90E8 "部" */
    0x0, 0x4, 0xa0, 0x0, 0x0, 0x0, 0x0, 0x5,
    0x7a, 0xf9, 0x74, 0x9f, 0xff, 0xf4, 0xc, 0xff,
    0xff, 0xf8, 0x9e, 0x8b, 0xf3, 0x0, 0xe9, 0xb,
    0xb0, 0x9d, 0x9, 0xe0, 0x0, 0xbc, 0x1f, 0x70,
    0x9d, 0xe, 0x80, 0x2f, 0xff, 0xff, 0xfe, 0x9d,
    0x4f, 0x30, 0x5, 0x55, 0x55, 0x55, 0x9d, 0x1e,
    0x90, 0x3, 0x77, 0x77, 0x72, 0x9d, 0x6, 0xf1,
    0x8, 0xff, 0xff, 0xf4, 0x9d, 0x1, 0xf5, 0x8,
    0xf0, 0x3, 0xf4, 0x9d, 0x5, 0xf5, 0x8, 0xf5,
    0x57, 0xf4, 0x9d, 0xcf, 0xe1, 0x8, 0xff, 0xff,
    0xf4, 0x9d, 0x34, 0x10, 0x8, 0xf0, 0x0, 0x0,
    0x9d, 0x0, 0x0,

    /* U+914D "配" */
    0x1f, 0xff, 0xff, 0xf8, 0xff, 0xff, 0xe0, 0x4,
    0x7f, 0x8e, 0x42, 0x88, 0x8c, 0xe0, 0x5, 0xaf,
    0xbf, 0x82, 0x0, 0x9, 0xe0, 0xb, 0xcf, 0xcd,
    0xe5, 0x0, 0x9, 0xe0, 0xb, 0x7e, 0x58, 0xc5,
    0xcf, 0xff, 0xe0, 0xb, 0x9e, 0x5b, 0xd5, 0xdd,
    0x99, 0x80, 0xb, 0xf9, 0x2d, 0xf5, 0xdb, 0x0,
    0x0, 0xb, 0xb5, 0x44, 0xf5, 0xdb, 0x0, 0x51,
    0xb, 0xff, 0xff, 0xf5, 0xdb, 0x0, 0xf7, 0xb,
    0x90, 0x0, 0xe5, 0xdb, 0x0, 0xf6, 0xb, 0xff,
    0xff, 0xf5, 0xce, 0x8a, 0xf4, 0xb, 0xa4, 0x44,
    0x41, 0x7f, 0xff, 0xc0,

    /* U+9192 "醒" */
    0x1f, 0xff, 0xff, 0xca, 0xff, 0xff, 0xe0, 0x5,
    0xac, 0xe8, 0x4a, 0xc4, 0x49, 0xe0, 0x5, 0xbc,
    0xe8, 0x3a, 0xfe, 0xef, 0xe0, 0xd, 0xff, 0xff,
    0x8a, 0xc4, 0x49, 0xe0, 0xd, 0x7a, 0xd7, 0x89,
    0xff, 0xfe, 0xc0, 0xd, 0xa9, 0xd9, 0x88, 0xc9,
    0xf5, 0x50, 0xd, 0xf4, 0xaf, 0x9e, 0xff, 0xff,
    0xf2, 0xd, 0xa3, 0x3b, 0xee, 0x16, 0xf1, 0x10,
    0xd, 0xff, 0xff, 0x99, 0xff, 0xff, 0xf0, 0xd,
    0x71, 0x1a, 0x81, 0x37, 0xf3, 0x30, 0xd, 0xff,
    0xff, 0xaf, 0xff, 0xff, 0xf6, 0xd, 0x71, 0x11,
    0x15, 0x55, 0x55, 0x52,

    /* U+91CA "释" */
    0x0, 0x1, 0x32, 0x0, 0x0, 0x0, 0x0, 0xf,
    0xff, 0xfb, 0xaf, 0xff, 0xff, 0x80, 0xb, 0xaf,
    0x64, 0x7f, 0x75, 0xaf, 0x60, 0xe, 0x5f, 0x5d,
    0xb, 0xd7, 0xfa, 0x0, 0x8, 0xbf, 0xb6, 0x5,
    0xff, 0xe4, 0x0, 0x9, 0xaf, 0x97, 0xff, 0x95,
    0xbf, 0xe0, 0xc, 0xef, 0xc8, 0x40, 0x6f, 0x11,
    0x30, 0x0, 0xef, 0x50, 0xdf, 0xff, 0xff, 0xa0,
    0x6, 0xff, 0xf9, 0x56, 0xaf, 0x76, 0x40, 0x1f,
    0xaf, 0x67, 0x55, 0xaf, 0x65, 0x50, 0x1c, 0x4f,
    0x15, 0xff, 0xff, 0xff, 0xf2, 0x1, 0x4f, 0x10,
    0x0, 0x6f, 0x10, 0x0, 0x0, 0x4f, 0x10, 0x0,
    0x6f, 0x10, 0x0, 0x0, 0x0, 0x0, 0x0, 0x0,
    0x0, 0x0,

    /* U+91CC "里" */
    0x2, 0xff, 0xff, 0xff, 0xff, 0xff, 0x30, 0x2,
    0xfa, 0x66, 0xee, 0x66, 0xaf, 0x30, 0x2, 0xfa,
    0x66, 0xee, 0x66, 0xaf, 0x30, 0x2, 0xfe, 0xee,
    0xff, 0xee, 0xef, 0x30, 0x2, 0xf6, 0x0, 0xcd,
    0x0, 0x6f, 0x30, 0x2, 0xff, 0xff, 0xff, 0xff,
    0xff, 0x30, 0x1, 0x66, 0x66, 0xee, 0x66, 0x66,
    0x10, 0x2, 0x77, 0x77, 0xee, 0x77, 0x77, 0x30,
    0x6, 0xff, 0xff, 0xff, 0xff, 0xff, 0x60, 0x0,
    0x0, 0x0, 0xcd, 0x0, 0x0, 0x0, 0x2f, 0xff,
    0xff, 0xff, 0xff, 0xff, 0xf3, 0x17, 0x77, 0x77,
    0x77, 0x77, 0x77, 0x71,

    /* U+91CD "重" */
    0x0, 0x0, 0x0, 0x0, 0x0, 0x12, 0x0, 0x2,
    0xdd, 0xde, 0xef, 0xff, 0xff, 0x30, 0x3, 0x98,
    0x87, 0xee, 0x55, 0x43, 0x20, 0x2a, 0xaa, 0xaa,
    0xef, 0xaa, 0xaa, 0xa2, 0x0, 0xcd, 0xdd, 0xff,
    0xdd, 0xdd, 0x0, 0x0, 0xea, 0x33, 0xdd, 0x33,
    0xaf, 0x0, 0x0, 0xef, 0xff, 0xff, 0xff, 0xff,
    0x0, 0x0, 0xea, 0x22, 0xdd, 0x22, 0xaf, 0x0,
    0x0, 0xef, 0xff, 0xff, 0xff, 0xff, 0x0, 0x2,
    0x66, 0x66, 0xee, 0x66, 0x66, 0x20, 0x2, 0x88,
    0x88, 0xee, 0x88, 0x88, 0x30, 0x2c, 0xcc, 0xcc,
    0xff, 0xcc, 0xcc, 0xc2, 0x15, 0x55, 0x55, 0x55,
    0x55, 0x55, 0x51,

    /* U+91CF "量" */
    0x0, 0xdf, 0xee, 0xee, 0xee, 0xff, 0x30, 0x0,
    0xdf, 0xcc, 0xcc, 0xcc, 0xdf, 0x30, 0x0, 0xbc,
    0xbb, 0xbb, 0xbb, 0xbd, 0x20, 0xb, 0xbb, 0xbb,
    0xbb, 0xbb, 0xbb, 0xb4, 0x4, 0x56, 0x66, 0x66,
    0x66, 0x66, 0x41, 0x0, 0xce, 0xbb, 0xdf, 0xbb,
    0xcf, 0x20, 0x0, 0xcf, 0xcc, 0xef, 0xcc, 0xdf,
    0x20, 0x0, 0xcd, 0x77, 0xcf, 0x77, 0xaf, 0x20,
    0x0, 0x69, 0x99, 0xdf, 0x99, 0x99, 0x10, 0x2,
    0xee, 0xee, 0xff, 0xee, 0xee, 0x70, 0x0, 0x0,
    0x0, 0x9f, 0x0, 0x0, 0x0, 0xf, 0xff, 0xff,
    0xff, 0xff, 0xff, 0xf5,

    /* U+949F "钟" */
    0x0, 0x0, 0x0, 0x0, 0x0, 0x0, 0x0, 0x0,
    0xe9, 0x0, 0x0, 0x5f, 0x20, 0x0, 0x2, 0xf9,
    0x41, 0x0, 0x5f, 0x20, 0x0, 0x8, 0xff, 0xf8,
    0x77, 0xaf, 0x87, 0x70, 0xe, 0xa2, 0x24, 0xff,
    0xff, 0xff, 0xf0, 0x2f, 0xa7, 0x74, 0xf5, 0x6f,
    0x37, 0xf0, 0x9, 0xff, 0xe5, 0xf3, 0x5f, 0x26,
    0xf0, 0x0, 0xad, 0x3, 0xf3, 0x5f, 0x26, 0xf0,
    0x1e, 0xff, 0xe8, 0xf9, 0x9f, 0x8a, 0xf0, 0x8,
    0xde, 0x86, 0xff, 0xff, 0xff, 0xf0, 0x0, 0xad,
    0x0, 0x0, 0x5f, 0x20, 0x0, 0x0, 0xae, 0xa7,
    0x0, 0x5f, 0x20, 0x0, 0x0, 0xef, 0xe4, 0x0,
    0x5f, 0x20, 0x0, 0x0, 0xb7, 0x0, 0x0, 0x5f,
    0x20, 0x0, 0x0, 0x0, 0x0, 0x0, 0x0, 0x0,
    0x0,

    /* U+952E "键" */
    0x0, 0x0, 0x0, 0x0, 0x0, 0x0, 0x0, 0x4,
    0xf1, 0x0, 0x0, 0xe, 0x50, 0x0, 0x9, 0xf4,
    0xbf, 0xf7, 0xcf, 0xdc, 0xa0, 0xe, 0xff, 0x7a,
    0xe3, 0x6f, 0x99, 0xd0, 0x4f, 0x31, 0x1e, 0x6d,
    0xff, 0xff, 0xf7, 0x1f, 0xcc, 0x9d, 0x23, 0x3f,
    0x77, 0xe1, 0x9, 0xf9, 0xcf, 0xf8, 0xff, 0xff,
    0xd0, 0x3, 0xf1, 0x26, 0xf2, 0x4f, 0x74, 0x30,
    0x4f, 0xff, 0xd8, 0xda, 0xff, 0xff, 0xf0, 0x17,
    0xf6, 0xcf, 0xa2, 0x3f, 0x73, 0x30, 0x3, 0xf1,
    0x7f, 0x5f, 0xff, 0xff, 0xf4, 0x3, 0xfd, 0x9f,
    0xc1, 0xa, 0x40, 0x0, 0x4, 0xff, 0xfe, 0xfe,
    0x86, 0x66, 0x62, 0x4, 0xe7, 0xf1, 0x5b, 0xff,
    0xff, 0xf5, 0x0, 0x0, 0x20, 0x0, 0x0, 0x0,
    0x0,

    /* U+955C "镜" */
    0x0, 0x0, 0x0, 0x0, 0x0, 0x0, 0x0, 0x0,
    0xc6, 0x0, 0x0, 0xbe, 0x0, 0x0, 0x3, 0xf9,
    0x58, 0xee, 0xff, 0xee, 0xa0, 0xa, 0xff, 0xe2,
    0x7f, 0x64, 0xc9, 0x20, 0x2f, 0x50, 0xa, 0xbf,
    0xba, 0xfc, 0xa0, 0xc, 0xee, 0x97, 0x77, 0x77,
    0x77, 0x70, 0x3, 0xeb, 0x47, 0xff, 0xff, 0xff,
    0x50, 0x3, 0xe9, 0x27, 0xf4, 0x44, 0x4d, 0x50,
    0x1f, 0xff, 0xe7, 0xff, 0xff, 0xff, 0x50, 0x5,
    0xea, 0x47, 0xf2, 0x22, 0x2d, 0x50, 0x0, 0xd7,
    0x7, 0xff, 0xff, 0xff, 0x50, 0x0, 0xdc, 0xb0,
    0x3f, 0x56, 0xe0, 0xb2, 0x1, 0xff, 0x84, 0xde,
    0x6, 0xf4, 0xf2, 0x0, 0xa4, 0x5f, 0xb2, 0x3,
    0xff, 0xd0, 0x0, 0x0, 0x2, 0x0, 0x0, 0x0,
    0x0,

    /* U+957F "长" */
    0x0, 0x2f, 0x60, 0x0, 0x0, 0x85, 0x0, 0x0,
    0x2f, 0x60, 0x0, 0x5e, 0xfb, 0x0, 0x0, 0x2f,
    0x60, 0x5d, 0xff, 0x80, 0x0, 0x0, 0x2f, 0x6b,
    0xff, 0x92, 0x0, 0x0, 0x0, 0x2f, 0x65, 0x81,
    0x0, 0x0, 0x0, 0x1a, 0xaf, 0xca, 0xaa, 0xaa,
    0xaa, 0xa0, 0x1f, 0xff, 0xff, 0xff, 0xff, 0xff,
    0xf0, 0x0, 0x2f, 0x60, 0x4f, 0x50, 0x0, 0x0,
    0x0, 0x2f, 0x60, 0xc, 0xe2, 0x0, 0x0, 0x0,
    0x2f, 0x60, 0x2, 0xed, 0x30, 0x0, 0x0, 0x2f,
    0x77, 0xd6, 0x3e, 0xf9, 0x20, 0x0, 0x6f, 0xff,
    0xb3, 0x1, 0xbf, 0xe0, 0x0, 0x4e, 0x82, 0x0,
    0x0, 0x3, 0x40, 0x0, 0x0, 0x0, 0x0, 0x0,
    0x0, 0x0,

    /* U+95ED "闭" */
    0x7, 0x10, 0x0, 0x0, 0x0, 0x0, 0x2f, 0xd1,
    0xcf, 0xff, 0xff, 0xfa, 0x4, 0xf9, 0x68, 0x8a,
    0x98, 0xfa, 0x7b, 0x40, 0x0, 0x1f, 0x70, 0xea,
    0xae, 0x4f, 0xff, 0xff, 0xf9, 0xea, 0xae, 0x27,
    0x78, 0xff, 0xb4, 0xea, 0xae, 0x0, 0xa, 0xff,
    0x70, 0xea, 0xae, 0x0, 0x8f, 0x6f, 0x70, 0xea,
    0xae, 0xa, 0xf8, 0x1f, 0x70, 0xea, 0xae, 0xbf,
    0x90, 0x1f, 0x70, 0xea, 0xae, 0x46, 0x27, 0x8f,
    0x60, 0xea, 0xae, 0x0, 0x2f, 0xfc, 0x89, 0xf9,
    0xae, 0x0, 0x0, 0x0, 0xaf, 0xe3,

    /* U+95F2 "闲" */
    0x6, 0x10, 0x0, 0x0, 0x0, 0x0, 0x1f, 0xe2,
    0xaf, 0xff, 0xff, 0xfe, 0x3, 0xec, 0x48, 0x97,
    0x77, 0xbe, 0x7a, 0x31, 0x8, 0xe0, 0x0, 0x8e,
    0x9e, 0x29, 0x9c, 0xf9, 0x95, 0x8e, 0x9e, 0x3e,
    0xef, 0xfe, 0xe8, 0x8e, 0x9e, 0x0, 0x3f, 0xf1,
    0x0, 0x8e, 0x9e, 0x0, 0xdf, 0xfe, 0x30, 0x8e,
    0x9e, 0x1c, 0xfc, 0xfb, 0xf6, 0x8e, 0x9e, 0xbf,
    0x68, 0xe0, 0x89, 0x8e, 0x9e, 0x36, 0x8, 0xe0,
    0x0, 0x8e, 0x9e, 0x0, 0x8, 0xe0, 0x67, 0xde,
    0x9e, 0x0, 0x0, 0x0, 0xcf, 0xf7,

    /* U+95F4 "间" */
    0x6, 0x0, 0x0, 0x0, 0x0, 0x0, 0x2f, 0xc0,
    0xff, 0xff, 0xff, 0xfa, 0x4, 0xf7, 0x88, 0x88,
    0x88, 0xfa, 0x69, 0x26, 0x66, 0x66, 0x60, 0xea,
    0xae, 0xe, 0xff, 0xff, 0xe0, 0xea, 0xae, 0xe,
    0x90, 0x8, 0xe0, 0xea, 0xae, 0xe, 0xc6, 0x6b,
    0xe0, 0xea, 0xae, 0xe, 0xff, 0xff, 0xe0, 0xea,
    0xae, 0xe, 0x90, 0x8, 0xe0, 0xea, 0xae, 0xe,
    0xff, 0xff, 0xe0, 0xea, 0xae, 0x6, 0x77, 0x77,
    0x60, 0xfa, 0xae, 0x0, 0x0, 0x2, 0x89, 0xf9,
    0xae, 0x0, 0x0, 0x2, 0xff, 0xe4,

    /* U+95F9 "闹" */
    0x7, 0x0, 0x0, 0x0, 0x0, 0x0, 0x4f, 0xa1,
    0xff, 0xff, 0xff, 0xfc, 0x6, 0xf4, 0x7a, 0xb7,
    0x77, 0xdc, 0x69, 0x65, 0x5b, 0xf5, 0x53, 0xbc,
    0x9e, 0x9f, 0xff, 0xff, 0xfb, 0xbc, 0x9e, 0x0,
    0x7, 0xe0, 0x0, 0xbc, 0x9e, 0x3f, 0xff, 0xff,
    0xf5, 0xbc, 0x9e, 0x3f, 0x59, 0xf4, 0xf5, 0xbc,
    0x9e, 0x3f, 0x17, 0xe0, 0xf5, 0xbc, 0x9e, 0x3f,
    0x17, 0xe5, 0xf4, 0xbc, 0x9e, 0x2e, 0x17, 0xe9,
    0xc1, 0xbc, 0x9e, 0x0, 0x7, 0xe0, 0x68, 0xfb,
    0x9e, 0x0, 0x1, 0x30, 0xaf, 0xe5,

    /* U+961F "队" */
    0x0, 0x0, 0x0, 0xd, 0xc0, 0x0, 0x7, 0xff,
    0xff, 0x30, 0xdc, 0x0, 0x0, 0x7f, 0x8b, 0xf2,
    0xe, 0xc0, 0x0, 0x7, 0xe0, 0xbc, 0x0, 0xec,
    0x0, 0x0, 0x7e, 0x1f, 0x50, 0xf, 0xe0, 0x0,
    0x7, 0xe5, 0xf4, 0x1, 0xff, 0x0, 0x0, 0x7e,
    0xa, 0xd0, 0x4f, 0xf4, 0x0, 0x7, 0xe0, 0x3f,
    0x39, 0xff, 0x90, 0x0, 0x7e, 0x38, 0xf4, 0xed,
    0x9f, 0x10, 0x7, 0xec, 0xfc, 0x8f, 0x62, 0xfb,
    0x0, 0x7e, 0x12, 0x4f, 0xd0, 0x9, 0xf8, 0x7,
    0xe0, 0x2f, 0xf2, 0x0, 0xd, 0xf5, 0x7e, 0x1,
    0xd4, 0x0, 0x0, 0x2d, 0x10, 0x0, 0x0, 0x0,
    0x0, 0x0, 0x0,

    /* U+964D "降" */
    0x0, 0x0, 0x0, 0x99, 0x0, 0x0, 0xe, 0xff,
    0xf2, 0x6f, 0xff, 0xff, 0x60, 0xeb, 0xaf, 0x8f,
    0xe5, 0x5a, 0xf3, 0xe, 0x69, 0xcd, 0x9e, 0xc9,
    0xf6, 0x0, 0xe6, 0xe5, 0x12, 0xaf, 0xfd, 0x51,
    0xe, 0x8f, 0x4d, 0xfe, 0x76, 0xcf, 0xf1, 0xe6,
    0xba, 0x54, 0x8, 0xf0, 0x14, 0xe, 0x67, 0xe8,
    0xff, 0xff, 0xff, 0xc0, 0xe6, 0x5f, 0x4a, 0x5a,
    0xf5, 0x43, 0xe, 0xce, 0xf8, 0xf4, 0xaf, 0x43,
    0x30, 0xea, 0xa4, 0xbf, 0xff, 0xff, 0xfe, 0xe,
    0x60, 0x1, 0x22, 0x9f, 0x22, 0x10, 0xe6, 0x0,
    0x0, 0x8, 0xf0, 0x0, 0x0, 0x0, 0x0, 0x0,
    0x0, 0x0, 0x0,

    /* U+966A "陪" */
    0x0, 0x0, 0x0, 0x9, 0x70, 0x0, 0xe, 0xff,
    0xf5, 0x77, 0xee, 0x77, 0x50, 0xeb, 0xaf, 0x8f,
    0xff, 0xff, 0xfa, 0xe, 0x79, 0xc0, 0x7f, 0x0,
    0xf7, 0x0, 0xe7, 0xd7, 0x4, 0xf3, 0x1f, 0x40,
    0xe, 0x8f, 0x5e, 0xff, 0xff, 0xff, 0xf0, 0xe7,
    0x9c, 0x78, 0x88, 0x88, 0x88, 0xe, 0x74, 0xf1,
    0x55, 0x55, 0x55, 0x10, 0xe7, 0x2f, 0x5f, 0xff,
    0xff, 0xf4, 0xe, 0xbc, 0xf4, 0xf4, 0x11, 0x4f,
    0x40, 0xea, 0xd8, 0x3f, 0x40, 0x3, 0xf4, 0xe,
    0x70, 0x3, 0xff, 0xff, 0xff, 0x40, 0xe7, 0x0,
    0x3f, 0x75, 0x57, 0xf4, 0x0,

    /* U+968F "随" */
    0x0, 0x0, 0x41, 0x0, 0x94, 0x0, 0xe, 0xff,
    0xcc, 0x7c, 0xff, 0xff, 0xf1, 0xea, 0xcb, 0x8c,
    0x5d, 0xd6, 0x66, 0xe, 0x6c, 0x81, 0x21, 0xfc,
    0x99, 0x40, 0xe6, 0xf7, 0x74, 0xaf, 0xee, 0xf8,
    0xe, 0x9f, 0x8f, 0xcf, 0xf6, 0x3c, 0x80, 0xe6,
    0xd8, 0x9b, 0x9f, 0xee, 0xf8, 0xe, 0x66, 0xc8,
    0xb1, 0xf9, 0x7d, 0x80, 0xe6, 0x4d, 0x8b, 0x1f,
    0x97, 0xd8, 0xe, 0xdf, 0xc8, 0xb1, 0xf3, 0x9f,
    0x70, 0xe9, 0x84, 0xef, 0x28, 0x16, 0x71, 0xe,
    0x60, 0xcf, 0xde, 0x86, 0x66, 0x60, 0xe6, 0xa,
    0x31, 0xae, 0xff, 0xff, 0x0,

    /* U+9690 "隐" */
    0x0, 0x0, 0x1, 0x92, 0x0, 0x0, 0xe, 0xff,
    0xf0, 0xbf, 0xff, 0xf7, 0x0, 0xe9, 0xae, 0xaf,
    0x54, 0x9f, 0x40, 0xe, 0x6a, 0xdf, 0xc8, 0x8f,
    0xd8, 0x30, 0xe6, 0xe5, 0x7e, 0xee, 0xee, 0xf6,
    0xe, 0x8f, 0x31, 0x44, 0x44, 0x4f, 0x60, 0xe6,
    0xb9, 0x3c, 0xcc, 0xcc, 0xf6, 0xe, 0x66, 0xe2,
    0x77, 0x77, 0x8f, 0x60, 0xe6, 0x4f, 0x3a, 0xae,
    0xca, 0xa4, 0xe, 0xcf, 0xda, 0x8c, 0x8b, 0xc,
    0x40, 0xe8, 0x66, 0xf7, 0xe1, 0x4f, 0xcb, 0xe,
    0x60, 0xaa, 0x6f, 0x78, 0xf4, 0xf2, 0xe6, 0x2,
    0x21, 0xbc, 0xc9, 0x3, 0x0,

    /* U+96C6 "集" */
    0x0, 0x1, 0x0, 0x1, 0x0, 0x0, 0x0, 0x0,
    0xe, 0xa0, 0x2f, 0x80, 0x0, 0x0, 0x0, 0x8f,
    0xdb, 0xbf, 0xeb, 0xbb, 0x60, 0x3, 0xfd, 0x55,
    0x5f, 0xa5, 0x55, 0x30, 0x1d, 0xff, 0xff, 0xff,
    0xff, 0xff, 0x20, 0x3e, 0xcd, 0x33, 0x3f, 0x93,
    0x33, 0x0, 0x2, 0xaf, 0xff, 0xff, 0xff, 0xff,
    0x20, 0x0, 0xad, 0x33, 0x3f, 0x93, 0x33, 0x20,
    0x0, 0x9e, 0xee, 0xff, 0xee, 0xee, 0x90, 0x4,
    0x44, 0x44, 0xdd, 0x44, 0x44, 0x40, 0xe, 0xff,
    0xff, 0xff, 0xff, 0xff, 0xe0, 0x0, 0x2, 0x8f,
    0xff, 0xf9, 0x30, 0x0, 0x19, 0xdf, 0xc4, 0xcc,
    0x3b, 0xfe, 0xa1, 0xb, 0x72, 0x0, 0xcc, 0x0,
    0x27, 0xa0,

    /* U+96E8 "雨" */
    0xff, 0xff, 0xff, 0xff, 0xff, 0xff, 0x77, 0x77,
    0x7e, 0xe7, 0x77, 0x77, 0x37, 0x77, 0x7e, 0xe7,
    0x77, 0x73, 0x8f, 0xff, 0xff, 0xff, 0xff, 0xf8,
    0x8f, 0x22, 0xc, 0xc4, 0x0, 0xf8, 0x8f, 0x8f,
    0x7c, 0xcd, 0xe4, 0xf8, 0x8f, 0x7, 0xcc, 0xc0,
    0xa9, 0xf8, 0x8f, 0x44, 0xc, 0xc8, 0x20, 0xf8,
    0x8f, 0x9f, 0x9c, 0xcc, 0xf5, 0xf8, 0x8f, 0x6,
    0x9c, 0xc0, 0x84, 0xf8, 0x8f, 0x0, 0xc, 0xc0,
    0x78, 0xf7, 0x8f, 0x0, 0x7, 0x70, 0xef, 0xd2,

    /* U+96EA "雪" */
    0x6f, 0xff, 0xff, 0xff, 0xff, 0xf5, 0x46, 0x66,
    0x6f, 0xc6, 0x66, 0x63, 0xed, 0xaa, 0xaf, 0xda,
    0xaa, 0xdd, 0xe7, 0xde, 0x8e, 0x9c, 0xeb, 0x9d,
    0x84, 0x34, 0x2e, 0x93, 0x43, 0x58, 0x0, 0xef,
    0x9e, 0x9d, 0xfc, 0x0, 0x3d, 0xdd, 0xdf, 0xfd,
    0xdd, 0xd0, 0x15, 0x55, 0x55, 0x55, 0x5a, 0xf1,
    0xc, 0xdd, 0xdd, 0xdd, 0xde, 0xf1, 0x3, 0x44,
    0x44, 0x44, 0x49, 0xf1, 0x6e, 0xee, 0xee, 0xee,
    0xee, 0xf1, 0x25, 0x55, 0x55, 0x55, 0x5a, 0xf1,

    /* U+96F7 "雷" */
    0x6f, 0xff, 0xff, 0xff, 0xff, 0xf4, 0x46, 0x66,
    0x6f, 0xb6, 0x66, 0x64, 0xed, 0xaa, 0xaf, 0xda,
    0xaa, 0xdd, 0xe8, 0xcc, 0x6e, 0x8b, 0xcb, 0x9d,
    0x63, 0x77, 0x4e, 0x86, 0x76, 0x45, 0x0, 0xaa,
    0x5e, 0x89, 0xa9, 0x0, 0xf, 0xff, 0xff, 0xff,
    0xff, 0xf0, 0xf, 0x83, 0x3f, 0xa3, 0x39, 0xf0,
    0xf, 0xfe, 0xef, 0xfe, 0xef, 0xf0, 0xf, 0x71,
    0x1f, 0x91, 0x19, 0xf0, 0xf, 0xff, 0xff, 0xff,
    0xff, 0xf0, 0xf, 0x83, 0x33, 0x33, 0x3a, 0xf0,

    /* U+96FE "雾" */
    0x6, 0xff, 0xff, 0xff, 0xff, 0xfe, 0x0, 0x89,
    0x99, 0x9f, 0xc9, 0x99, 0x94, 0xe, 0x7b, 0xb6,
    0xe8, 0xab, 0x6e, 0x70, 0xb5, 0x77, 0x3e, 0x86,
    0x74, 0xa5, 0x0, 0x8, 0xd4, 0x63, 0x55, 0x30,
    0x0, 0x18, 0xff, 0xff, 0xff, 0xff, 0x60, 0xd,
    0xb7, 0xeb, 0x68, 0xdc, 0x50, 0x2, 0x89, 0xbe,
    0xfd, 0xff, 0xdb, 0xa7, 0x3b, 0xb8, 0x58, 0x71,
    0x46, 0x89, 0x70, 0xf, 0xff, 0xff, 0xff, 0xff,
    0x60, 0x0, 0x36, 0xdc, 0x13, 0x35, 0xf4, 0x0,
    0xcf, 0xd7, 0x1, 0xff, 0xfb, 0x0, 0x1, 0x10,
    0x0, 0x0, 0x0, 0x0, 0x0,

    /* U+9700 "需" */
    0x5, 0xff, 0xff, 0xff, 0xff, 0xff, 0x50, 0x5,
    0x66, 0x66, 0xdd, 0x66, 0x66, 0x40, 0xe, 0xc9,
    0x99, 0xee, 0x99, 0x9d, 0xd0, 0xe, 0x8b, 0xc8,
    0xcb, 0x9c, 0xb9, 0xd0, 0x3, 0x2b, 0xc8, 0xcb,
    0x8c, 0xa2, 0x30, 0x2, 0x25, 0x54, 0x65, 0x45,
    0x42, 0x20, 0x1f, 0xff, 0xff, 0xff, 0xff, 0xff,
    0xf1, 0x0, 0x44, 0x45, 0xf8, 0x44, 0x44, 0x0,
    0x3, 0xff, 0xff, 0xff, 0xff, 0xff, 0x30, 0x3,
    0xf5, 0x2f, 0x34, 0xf1, 0x5f, 0x30, 0x3, 0xf5,
    0x2f, 0x34, 0xf4, 0x9f, 0x30, 0x3, 0xf5, 0x2f,
    0x34, 0xf8, 0xfd, 0x0, 0x0, 0x0, 0x0, 0x0,
    0x0, 0x0, 0x0,

    /* U+9759 "静" */
    0x0, 0x0, 0x0, 0x0, 0x0, 0x0, 0x0, 0x0,
    0xd, 0x90, 0x0, 0xcb, 0x0, 0x0, 0xc, 0xef,
    0xfe, 0x84, 0xff, 0xff, 0x30, 0x3, 0x4d, 0xa4,
    0x2d, 0xb4, 0xde, 0x0, 0x9, 0xff, 0xff, 0x7f,
    0x68, 0xf9, 0x40, 0x5, 0x5e, 0xb5, 0x3c, 0xff,
    0xff, 0xe0, 0xa, 0xaa, 0xaa, 0x70, 0xf, 0x45,
    0xe0, 0x6, 0xcc, 0xcc, 0x6f, 0xff, 0xff, 0xf8,
    0x8, 0xd5, 0x6f, 0x45, 0x5f, 0x88, 0xf2, 0x8,
    0xfe, 0xef, 0x35, 0x5f, 0x89, 0xe0, 0x8, 0xc3,
    0x4f, 0x3f, 0xff, 0xff, 0xe0, 0x8, 0xff, 0xff,
    0x30, 0xf, 0x40, 0x0, 0x8, 0xc1, 0x5f, 0x24,
    0x6f, 0x40, 0x0, 0x8, 0xc5, 0xfd, 0xa, 0xfd,
    0x10, 0x0, 0x0, 0x0, 0x0, 0x0, 0x0, 0x0,
    0x0,

    /* U+975E "非" */
    0x0, 0x0, 0x7f, 0x11, 0xf8, 0x0, 0x0, 0x0,
    0x0, 0x8f, 0x11, 0xf8, 0x0, 0x0, 0xe, 0xff,
    0xff, 0x11, 0xff, 0xff, 0xd0, 0x7, 0x88, 0xcf,
    0x11, 0xfc, 0x88, 0x70, 0x0, 0x0, 0x8f, 0x11,
    0xf8, 0x0, 0x0, 0x5, 0x88, 0xcf, 0x11, 0xfc,
    0x88, 0x50, 0xa, 0xff, 0xff, 0x11, 0xff, 0xff,
    0xa0, 0x0, 0x0, 0x8f, 0x11, 0xf8, 0x0, 0x0,
    0x0, 0x0, 0x8f, 0x11, 0xf8, 0x0, 0x0, 0x4f,
    0xff, 0xff, 0x11, 0xff, 0xff, 0xf4, 0x27, 0x77,
    0xbf, 0x11, 0xfb, 0x77, 0x72, 0x0, 0x0, 0x8f,
    0x11, 0xf8, 0x0, 0x0, 0x0, 0x0, 0x7f, 0x11,
    0xf8, 0x0, 0x0,

    /* U+9762 "面" */
    0x2f, 0xff, 0xff, 0xff, 0xff, 0xff, 0xf0, 0x6,
    0x66, 0x68, 0xfb, 0x66, 0x66, 0x60, 0x3, 0x77,
    0x7b, 0xf9, 0x77, 0x77, 0x30, 0x8, 0xfe, 0xff,
    0xee, 0xff, 0xef, 0x70, 0x8, 0xf0, 0xac, 0x0,
    0xe9, 0xf, 0x70, 0x8, 0xf0, 0xaf, 0xff, 0xf9,
    0xf, 0x70, 0x8, 0xf0, 0xac, 0x0, 0xe9, 0xf,
    0x70, 0x8, 0xf0, 0xaf, 0xee, 0xf9, 0xf, 0x70,
    0x8, 0xf0, 0xad, 0x44, 0xe9, 0xf, 0x70, 0x8,
    0xf2, 0xbd, 0x22, 0xea, 0x3f, 0x70, 0x8, 0xff,
    0xff, 0xff, 0xff, 0xff, 0x70, 0x8, 0xf3, 0x33,
    0x33, 0x33, 0x3f, 0x70,

    /* U+97F3 "音" */
    0x0, 0x0, 0x0, 0x8c, 0x0, 0x0, 0x0, 0x2,
    0x77, 0x77, 0xcf, 0x87, 0x77, 0x60, 0x6, 0xff,
    0xff, 0xff, 0xff, 0xff, 0xd0, 0x0, 0x1, 0xf8,
    0x0, 0x1f, 0x90, 0x0, 0x1f, 0xff, 0xff, 0xff,
    0xff, 0xff, 0xf8, 0x7, 0x77, 0x77, 0x77, 0x77,
    0x77, 0x73, 0x0, 0x36, 0x66, 0x66, 0x66, 0x66,
    0x0, 0x0, 0x8f, 0xff, 0xff, 0xff, 0xff, 0x0,
    0x0, 0x8f, 0x21, 0x11, 0x11, 0xaf, 0x0, 0x0,
    0x8f, 0xff, 0xff, 0xff, 0xff, 0x0, 0x0, 0x8f,
    0x21, 0x11, 0x11, 0xaf, 0x0, 0x0, 0x8f, 0xff,
    0xff, 0xff, 0xff, 0x0, 0x0, 0x8f, 0x65, 0x55,
    0x55, 0xbf, 0x0,

    /* U+9875 "页" */
    0xf, 0xff, 0xff, 0xff, 0xff, 0xff, 0xf0, 0x88,
    0x88, 0x8f, 0xd8, 0x88, 0x88, 0x0, 0x67, 0x79,
    0xfb, 0x77, 0x76, 0x0, 0xe, 0xff, 0xff, 0xff,
    0xff, 0xd0, 0x0, 0xec, 0x0, 0x54, 0x0, 0xcd,
    0x0, 0xe, 0xc0, 0xd, 0xb0, 0xc, 0xd0, 0x0,
    0xec, 0x0, 0xeb, 0x0, 0xcd, 0x0, 0xe, 0xc0,
    0x1f, 0xb0, 0xc, 0xd0, 0x0, 0x76, 0xb, 0xff,
    0xd5, 0x55, 0x0, 0x1, 0x6e, 0xf9, 0x7e, 0xfd,
    0x40, 0x1b, 0xff, 0xe6, 0x0, 0x18, 0xff, 0xa0,
    0xbb, 0x60, 0x0, 0x0, 0x2, 0xa5, 0x0, 0x0,
    0x0, 0x0, 0x0, 0x0, 0x0,

    /* U+9876 "顶" */
    0x2d, 0xdd, 0xda, 0xff, 0xff, 0xff, 0xf1, 0x1a,
    0xdf, 0xa5, 0x66, 0xed, 0x66, 0x60, 0x0, 0x8f,
    0x2, 0x66, 0xfb, 0x66, 0x30, 0x0, 0x8f, 0x6,
    0xff, 0xff, 0xff, 0x80, 0x0, 0x8f, 0x6, 0xf0,
    0x56, 0xe, 0x80, 0x0, 0x8f, 0x6, 0xf0, 0xbc,
    0xe, 0x80, 0x0, 0x8f, 0x6, 0xf0, 0xbc, 0xe,
    0x80, 0x0, 0x8f, 0x6, 0xf0, 0xcb, 0xe, 0x80,
    0x0, 0x8f, 0x5, 0xc3, 0xfe, 0x4b, 0x60, 0x0,
    0x9f, 0x0, 0x5e, 0xec, 0xf9, 0x0, 0x1f, 0xfe,
    0x3d, 0xfc, 0x20, 0x8f, 0xd0, 0x7, 0x73, 0x1d,
    0x60, 0x0, 0x4, 0x90, 0x0, 0x0, 0x0, 0x0,
    0x0, 0x0, 0x0,

    /* U+9879 "项" */
    0x3f, 0xff, 0xea, 0xff, 0xff, 0xff, 0xf0, 0x19,
    0xfd, 0x84, 0x77, 0xfd, 0x77, 0x60, 0x0, 0xe9,
    0x3, 0x56, 0xfb, 0x55, 0x30, 0x0, 0xe9, 0x9,
    0xff, 0xff, 0xff, 0x90, 0x0, 0xe9, 0x9, 0xf0,
    0x55, 0xe, 0x90, 0x0, 0xe9, 0x9, 0xf0, 0xcc,
    0xe, 0x90, 0x0, 0xe9, 0x9, 0xf0, 0xcc, 0xe,
    0x90, 0x0, 0xea, 0x39, 0xf0, 0xda, 0xe, 0x90,
    0x28, 0xff, 0xf6, 0xa2, 0xfe, 0x3a, 0x60, 0x4f,
    0xd9, 0x50, 0x4e, 0xec, 0xf7, 0x0, 0x1, 0x0,
    0x4c, 0xfd, 0x20, 0x9f, 0xb0, 0x0, 0x0, 0x5e,
    0x70, 0x0, 0x6, 0x90, 0x0, 0x0, 0x0, 0x0,
    0x0, 0x0, 0x0,

    /* U+987F "顿" */
    0x0, 0xe, 0x70, 0x0, 0x0, 0x0, 0x0, 0x1,
    0x1e, 0x71, 0x3f, 0xff, 0xff, 0xf4, 0x1f, 0xff,
    0xff, 0x97, 0x7f, 0xc7, 0x71, 0x7, 0x5f, 0x97,
    0x36, 0x8f, 0xa7, 0x60, 0xd, 0x6e, 0x7e, 0x4e,
    0xff, 0xff, 0xe0, 0xd, 0x6e, 0x7e, 0x4e, 0x58,
    0x47, 0xe0, 0xd, 0x6e, 0x7e, 0x4e, 0x5e, 0x77,
    0xe0, 0xd, 0xff, 0xff, 0x4e, 0x5e, 0x67, 0xe0,
    0x6, 0x8f, 0xb8, 0x2e, 0x5f, 0x67, 0xe0, 0x0,
    0xe, 0x70, 0xe, 0x8f, 0x67, 0xe0, 0x0, 0xe,
    0x9a, 0x11, 0xbf, 0xf8, 0x0, 0x0, 0x1f, 0xfd,
    0x4c, 0xf5, 0xaf, 0xb1, 0x0, 0xc, 0x60, 0x9f,
    0x50, 0x7, 0xf3, 0x0, 0x0, 0x0, 0x2, 0x0,
    0x0, 0x10,

    /* U+9884 "预" */
    0xf, 0xff, 0xfe, 0xcf, 0xff, 0xff, 0xf1, 0x6,
    0x76, 0xed, 0x46, 0x9f, 0x76, 0x60, 0x4, 0xe9,
    0xf2, 0x37, 0xbf, 0x77, 0x40, 0x0, 0x9f, 0x50,
    0x8f, 0xbb, 0xbf, 0x90, 0x2f, 0xff, 0xff, 0x9c,
    0x2b, 0x2d, 0x90, 0x17, 0xbf, 0x9f, 0x9c, 0x3f,
    0x3d, 0x90, 0x0, 0x7e, 0x5d, 0x8c, 0x3f, 0x3d,
    0x90, 0x0, 0x7e, 0x48, 0x8c, 0x4f, 0x1d, 0x90,
    0x0, 0x7e, 0x0, 0x69, 0x9f, 0x79, 0x60, 0x0,
    0x7e, 0x0, 0x4, 0xfd, 0xf9, 0x0, 0x8, 0xce,
    0x2, 0xaf, 0xb0, 0x8f, 0xb0, 0xe, 0xf9, 0x5,
    0xf8, 0x0, 0x6, 0xd0, 0x0, 0x0, 0x0, 0x10,
    0x0, 0x0, 0x0,

    /* U+9891 "频" */
    0x0, 0x3, 0xf1, 0x0, 0x0, 0x0, 0x0, 0x4,
    0x93, 0xf6, 0x3f, 0xff, 0xff, 0xf8, 0x6, 0xe3,
    0xff, 0x66, 0x6d, 0xe6, 0x63, 0x6, 0xe3, 0xf1,
    0x8, 0xbf, 0xeb, 0xb1, 0xa, 0xe9, 0xf7, 0x6b,
    0xfd, 0xde, 0xf2, 0x1f, 0xff, 0xff, 0xcb, 0xa4,
    0x82, 0xf2, 0x0, 0x7, 0xd0, 0xb, 0xa7, 0xe2,
    0xf2, 0x3, 0xf8, 0xd6, 0x9b, 0xa7, 0xe2, 0xf2,
    0xa, 0xc7, 0xdd, 0x8b, 0xa8, 0xd2, 0xf2, 0xe,
    0x43, 0xee, 0x18, 0x7d, 0xe3, 0xb1, 0x0, 0x2b,
    0xf4, 0x1, 0xbf, 0xee, 0x30, 0xa, 0xfe, 0x40,
    0x9f, 0xf6, 0x1c, 0xf4, 0xa, 0x91, 0x0, 0x8b,
    0x30, 0x0, 0xb2, 0x0, 0x0, 0x0, 0x0, 0x0,
    0x0, 0x0,

    /* U+9898 "题" */
    0x7, 0xff, 0xff, 0x6e, 0xff, 0xff, 0xf5, 0x7,
    0xf8, 0x8f, 0x64, 0x4a, 0xe4, 0x41, 0x7, 0xf9,
    0x9f, 0x68, 0xff, 0xff, 0xf0, 0x7, 0xf8, 0x8f,
    0x68, 0xd5, 0x58, 0xf0, 0x6, 0xee, 0xee, 0x68,
    0xd4, 0xc5, 0xf0, 0x6, 0x66, 0x66, 0x48, 0xd5,
    0xd5, 0xf0, 0x1e, 0xee, 0xfe, 0xb8, 0xd6, 0xd5,
    0xf0, 0x4, 0xd4, 0xf5, 0x22, 0x4c, 0xf7, 0x30,
    0x6, 0xf4, 0xff, 0x95, 0xdf, 0x9f, 0xa0, 0x9,
    0xfa, 0xf1, 0xe, 0xd3, 0x6, 0xf2, 0xe, 0xdf,
    0xf8, 0x79, 0x77, 0x77, 0x94, 0x1e, 0x27, 0xdf,
    0xff, 0xff, 0xff, 0xf6, 0x0, 0x0, 0x0, 0x0,
    0x0, 0x0, 0x0,

    /* U+989C "颜" */
    0x0, 0x6, 0x70, 0x0, 0x0, 0x0, 0x0, 0xe,
    0xff, 0xff, 0xdb, 0xff, 0xff, 0xf5, 0x5, 0xe9,
    0x7f, 0x64, 0x6c, 0xd6, 0x62, 0x0, 0xb7, 0x5e,
    0x9, 0xef, 0xfe, 0xe0, 0xb, 0xff, 0xff, 0xca,
    0xd6, 0x79, 0xf0, 0xb, 0xb5, 0x6d, 0x5a, 0xc6,
    0xe4, 0xf0, 0xb, 0xa8, 0xed, 0x1a, 0xc6, 0xe4,
    0xf0, 0xb, 0xad, 0x65, 0x2a, 0xc6, 0xe4, 0xf0,
    0xc, 0x83, 0xbf, 0x5a, 0xc8, 0xd4, 0xf0, 0xd,
    0xaf, 0xb3, 0x36, 0x7d, 0xe5, 0x90, 0xf, 0x53,
    0x4d, 0xd0, 0x9f, 0xee, 0x30, 0x4f, 0x6c, 0xfb,
    0x4c, 0xf8, 0x1c, 0xf4, 0x2a, 0x6c, 0x40, 0x4e,
    0x50, 0x0, 0xc3, 0x0, 0x0, 0x0, 0x0, 0x0,
    0x0, 0x0,

    /* U+98CE "风" */
    0x0, 0xff, 0xff, 0xff, 0xff, 0xf7, 0x0, 0x0,
    0xfb, 0x88, 0x88, 0x89, 0xf7, 0x0, 0x0, 0xf7,
    0x70, 0x0, 0xa4, 0xf7, 0x0, 0x0, 0xfa, 0xf9,
    0x6, 0xf5, 0xf7, 0x0, 0x0, 0xf7, 0x7f, 0x6e,
    0xb1, 0xf7, 0x0, 0x0, 0xf7, 0xc, 0xff, 0x21,
    0xf7, 0x0, 0x1, 0xf6, 0x6, 0xfc, 0x1, 0xf7,
    0x0, 0x2, 0xf5, 0x2f, 0xef, 0x70, 0xf7, 0x10,
    0x5, 0xf4, 0xde, 0x1b, 0xf3, 0xf8, 0xc5, 0xa,
    0xeb, 0xf3, 0x1, 0xeb, 0xeb, 0xe3, 0x2f, 0x82,
    0x40, 0x0, 0x30, 0xaf, 0xf0, 0xb, 0x20, 0x0,
    0x0, 0x0, 0x3e, 0x80, 0x0, 0x0, 0x0, 0x0,
    0x0, 0x0, 0x0,

    /* U+98D8 "飘" */
    0x1f, 0xff, 0xff, 0xfb, 0xff, 0xff, 0x30, 0x5,
    0x9c, 0xd8, 0x4b, 0x84, 0x4f, 0x30, 0xe, 0xff,
    0xff, 0xbb, 0xd2, 0xbe, 0x30, 0xe, 0x6a, 0xc7,
    0xbb, 0xd9, 0xce, 0x30, 0xe, 0xff, 0xff, 0xbb,
    0x9f, 0x9e, 0x30, 0x3, 0x55, 0x55, 0x2b, 0x6e,
    0x5e, 0x30, 0x9, 0xff, 0xff, 0x7c, 0x5d, 0x5e,
    0x30, 0x4, 0x44, 0x44, 0x4c, 0x8f, 0x9e, 0x30,
    0x1c, 0xce, 0xec, 0xbd, 0xca, 0xee, 0x62, 0x8,
    0x79, 0xac, 0x3f, 0xf2, 0xdf, 0xa5, 0x3f, 0x7b,
    0x9a, 0xdf, 0x70, 0x5c, 0xf2, 0x16, 0xbe, 0x51,
    0x7b, 0x0, 0x5, 0xd0, 0x0, 0x0, 0x0, 0x0,
    0x0, 0x0, 0x0,

    /* U+9AD8 "高" */
    0x0, 0x0, 0x0, 0x0, 0x0, 0x0, 0x0, 0x0,
    0x0, 0x0, 0xed, 0x0, 0x0, 0x0, 0x3f, 0xff,
    0xff, 0xff, 0xff, 0xff, 0xf4, 0x4, 0x44, 0x44,
    0x44, 0x44, 0x44, 0x41, 0x0, 0x5f, 0xff, 0xff,
    0xff, 0xf6, 0x0, 0x0, 0x5f, 0x53, 0x33, 0x35,
    0xf6, 0x0, 0x0, 0x5f, 0xff, 0xff, 0xff, 0xf6,
    0x0, 0x1, 0x33, 0x33, 0x33, 0x33, 0x33, 0x20,
    0x9, 0xff, 0xff, 0xff, 0xff, 0xff, 0xa0, 0x9,
    0xf0, 0x23, 0x33, 0x32, 0xe, 0xa0, 0x9, 0xf0,
    0xef, 0xee, 0xff, 0xe, 0xa0, 0x9, 0xf0, 0xeb,
    0x44, 0xaf, 0xe, 0xa0, 0x9, 0xf0, 0xac, 0xcc,
    0xcf, 0x5f, 0x90, 0x9, 0xf0, 0x0, 0x0, 0xd,
    0xfe, 0x40, 0x0, 0x0, 0x0, 0x0, 0x0, 0x0,
    0x0,

    /* U+9EA6 "麦" */
    0x0, 0x0, 0x0, 0xdc, 0x0, 0x0, 0x0, 0x9,
    0xff, 0xff, 0xff, 0xff, 0xff, 0x80, 0x2, 0x55,
    0x55, 0xdd, 0x55, 0x55, 0x20, 0x1, 0xff, 0xff,
    0xff, 0xff, 0xff, 0x10, 0x0, 0x55, 0x55, 0xdd,
    0x55, 0x55, 0x0, 0x17, 0x77, 0x77, 0xed, 0x77,
    0x77, 0x71, 0x2e, 0xee, 0xff, 0xee, 0xee, 0xee,
    0xe2, 0x0, 0x4, 0xfd, 0x55, 0x55, 0x53, 0x0,
    0x0, 0x6f, 0xff, 0xff, 0xff, 0xfa, 0x0, 0xb,
    0xfb, 0xfa, 0x10, 0x6f, 0xd2, 0x0, 0xa, 0x60,
    0x4e, 0xed, 0xf9, 0x0, 0x0, 0x2, 0x48, 0xcf,
    0xfe, 0xfd, 0x97, 0x50, 0xf, 0xfd, 0xa5, 0x0,
    0x48, 0xcf, 0xf0, 0x3, 0x10, 0x0, 0x0, 0x0,
    0x0, 0x10,

    /* U+9ED1 "黑" */
    0x4, 0xff, 0xff, 0xff, 0xff, 0xff, 0x40, 0x4,
    0xf8, 0xc5, 0xdd, 0x5b, 0x8f, 0x40, 0x4, 0xf4,
    0xe7, 0xbc, 0x7f, 0x5f, 0x40, 0x4, 0xf7, 0x98,
    0xdd, 0x89, 0x8f, 0x40, 0x4, 0xff, 0xff, 0xff,
    0xff, 0xff, 0x40, 0x1, 0x44, 0x44, 0xcd, 0x44,
    0x44, 0x10, 0x6, 0xff, 0xff, 0xff, 0xff, 0xff,
    0x60, 0x2, 0x22, 0x22, 0xcc, 0x22, 0x22, 0x20,
    0x3f, 0xff, 0xff, 0xff, 0xff, 0xff, 0xf3, 0x2,
    0xd6, 0x5a, 0x15, 0xb1, 0x6c, 0x20, 0x8, 0xf3,
    0x5f, 0x34, 0xf4, 0x4f, 0x80, 0xc, 0xa0, 0x1d,
    0x40, 0xc6, 0xa, 0xa0, 0x0, 0x0, 0x0, 0x0,
    0x0, 0x0, 0x0,

    /* U+9ED8 "默" */
    0x0, 0x0, 0x0, 0x0, 0xe, 0x80, 0x0, 0xe,
    0xff, 0xff, 0xf3, 0xe, 0xac, 0x10, 0xe, 0xb8,
    0xc7, 0xf3, 0xe, 0x8c, 0xa0, 0xe, 0xcb, 0xcc,
    0xe4, 0xe, 0x84, 0x50, 0xe, 0x9a, 0xc7, 0xfa,
    0xff, 0xff, 0xf0, 0xd, 0xef, 0xfe, 0xe6, 0x7f,
    0xd7, 0x70, 0x3, 0x3a, 0xd3, 0x30, 0x1f, 0xc0,
    0x0, 0xd, 0xef, 0xfe, 0xe1, 0x3f, 0xf0, 0x0,
    0x2, 0x3a, 0xd5, 0x52, 0x7f, 0xf4, 0x0, 0x2f,
    0xee, 0xdc, 0xc4, 0xcb, 0xcb, 0x0, 0x9, 0x48,
    0x76, 0xd4, 0xf4, 0x6f, 0x40, 0x1f, 0x4f, 0x7a,
    0xbe, 0xd0, 0xe, 0xe2, 0x5e, 0x1b, 0x35, 0x4f,
    0x30, 0x4, 0xd0, 0x0, 0x0, 0x0, 0x2, 0x0,
    0x0, 0x10,

    /* U+FF0C "，" */
    0x0, 0x6, 0xfc, 0x6f, 0xc0, 0x5b, 0xa, 0x76,
    0x90, 0x0, 0x0
};


/*---------------------
 *  GLYPH DESCRIPTION
 *--------------------*/

static const lv_font_fmt_txt_glyph_dsc_t glyph_dsc[] = {
    {.bitmap_index = 0, .adv_w = 0, .box_w = 0, .box_h = 0, .ofs_x = 0, .ofs_y = 0} /* id = 0 reserved */,
    {.bitmap_index = 0, .adv_w = 66, .box_w = 0, .box_h = 0, .ofs_x = 0, .ofs_y = 0},
    {.bitmap_index = 0, .adv_w = 69, .box_w = 3, .box_h = 11, .ofs_x = 1, .ofs_y = 0},
    {.bitmap_index = 17, .adv_w = 91, .box_w = 6, .box_h = 5, .ofs_x = 0, .ofs_y = 8},
    {.bitmap_index = 32, .adv_w = 165, .box_w = 10, .box_h = 11, .ofs_x = 0, .ofs_y = 0},
    {.bitmap_index = 87, .adv_w = 137, .box_w = 9, .box_h = 14, .ofs_x = 0, .ofs_y = -1},
    {.bitmap_index = 150, .adv_w = 196, .box_w = 13, .box_h = 11, .ofs_x = 0, .ofs_y = 0},
    {.bitmap_index = 222, .adv_w = 170, .box_w = 11, .box_h = 11, .ofs_x = 0, .ofs_y = 0},
    {.bitmap_index = 283, .adv_w = 49, .box_w = 3, .box_h = 5, .ofs_x = 0, .ofs_y = 8},
    {.bitmap_index = 291, .adv_w = 79, .box_w = 4, .box_h = 13, .ofs_x = 1, .ofs_y = -1},
    {.bitmap_index = 317, .adv_w = 79, .box_w = 4, .box_h = 13, .ofs_x = 0, .ofs_y = -1},
    {.bitmap_index = 343, .adv_w = 101, .box_w = 6, .box_h = 5, .ofs_x = 0, .ofs_y = 6},
    {.bitmap_index = 358, .adv_w = 143, .box_w = 7, .box_h = 7, .ofs_x = 1, .ofs_y = 2},
    {.bitmap_index = 383, .adv_w = 65, .box_w = 4, .box_h = 6, .ofs_x = 0, .ofs_y = -3},
    {.bitmap_index = 395, .adv_w = 107, .box_w = 7, .box_h = 2, .ofs_x = 0, .ofs_y = 5},
    {.bitmap_index = 402, .adv_w = 63, .box_w = 4, .box_h = 3, .ofs_x = 0, .ofs_y = 0},
    {.bitmap_index = 408, .adv_w = 99, .box_w = 6, .box_h = 11, .ofs_x = 0, .ofs_y = 0},
    {.bitmap_index = 441, .adv_w = 148, .box_w = 9, .box_h = 11, .ofs_x = 0, .ofs_y = 0},
    {.bitmap_index = 491, .adv_w = 105, .box_w = 5, .box_h = 11, .ofs_x = 0, .ofs_y = 0},
    {.bitmap_index = 519, .adv_w = 136, .box_w = 8, .box_h = 11, .ofs_x = 0, .ofs_y = 0},
    {.bitmap_index = 563, .adv_w = 138, .box_w = 9, .box_h = 11, .ofs_x = 0, .ofs_y = 0},
    {.bitmap_index = 613, .adv_w = 141, .box_w = 9, .box_h = 11, .ofs_x = 0, .ofs_y = 0},
    {.bitmap_index = 663, .adv_w = 140, .box_w = 9, .box_h = 11, .ofs_x = 0, .ofs_y = 0},
    {.bitmap_index = 713, .adv_w = 144, .box_w = 9, .box_h = 11, .ofs_x = 0, .ofs_y = 0},
    {.bitmap_index = 763, .adv_w = 126, .box_w = 8, .box_h = 11, .ofs_x = 0, .ofs_y = 0},
    {.bitmap_index = 807, .adv_w = 148, .box_w = 9, .box_h = 11, .ofs_x = 0, .ofs_y = 0},
    {.bitmap_index = 857, .adv_w = 143, .box_w = 9, .box_h = 11, .ofs_x = 0, .ofs_y = 0},
    {.bitmap_index = 907, .adv_w = 63, .box_w = 4, .box_h = 8, .ofs_x = 0, .ofs_y = 0},
    {.bitmap_index = 923, .adv_w = 65, .box_w = 4, .box_h = 11, .ofs_x = 0, .ofs_y = -3},
    {.bitmap_index = 945, .adv_w = 143, .box_w = 7, .box_h = 10, .ofs_x = 1, .ofs_y = 0},
    {.bitmap_index = 980, .adv_w = 143, .box_w = 7, .box_h = 5, .ofs_x = 1, .ofs_y = 3},
    {.bitmap_index = 998, .adv_w = 143, .box_w = 7, .box_h = 10, .ofs_x = 1, .ofs_y = 0},
    {.bitmap_index = 1033, .adv_w = 120, .box_w = 7, .box_h = 11, .ofs_x = 0, .ofs_y = 0},
    {.bitmap_index = 1072, .adv_w = 193, .box_w = 12, .box_h = 11, .ofs_x = 0, .ofs_y = 0},
    {.bitmap_index = 1138, .adv_w = 165, .box_w = 11, .box_h = 11, .ofs_x = 0, .ofs_y = 0},
    {.bitmap_index = 1199, .adv_w = 159, .box_w = 9, .box_h = 11, .ofs_x = 1, .ofs_y = 0},
    {.bitmap_index = 1249, .adv_w = 165, .box_w = 10, .box_h = 11, .ofs_x = 0, .ofs_y = 0},
    {.bitmap_index = 1304, .adv_w = 174, .box_w = 10, .box_h = 11, .ofs_x = 1, .ofs_y = 0},
    {.bitmap_index = 1359, .adv_w = 140, .box_w = 8, .box_h = 11, .ofs_x = 1, .ofs_y = 0},
    {.bitmap_index = 1403, .adv_w = 135, .box_w = 7, .box_h = 11, .ofs_x = 1, .ofs_y = 0},
    {.bitmap_index = 1442, .adv_w = 172, .box_w = 10, .box_h = 11, .ofs_x = 0, .ofs_y = 0},
    {.bitmap_index = 1497, .adv_w = 172, .box_w = 9, .box_h = 11, .ofs_x = 1, .ofs_y = 0},
    {.bitmap_index = 1547, .adv_w = 63, .box_w = 2, .box_h = 11, .ofs_x = 1, .ofs_y = 0},
    {.bitmap_index = 1558, .adv_w = 122, .box_w = 7, .box_h = 11, .ofs_x = 0, .ofs_y = 0},
    {.bitmap_index = 1597, .adv_w = 164, .box_w = 9, .box_h = 11, .ofs_x = 1, .ofs_y = 0},
    {.bitmap_index = 1647, .adv_w = 135, .box_w = 8, .box_h = 11, .ofs_x = 1, .ofs_y = 0},
    {.bitmap_index = 1691, .adv_w = 207, .box_w = 11, .box_h = 11, .ofs_x = 1, .ofs_y = 0},
    {.bitmap_index = 1752, .adv_w = 171, .box_w = 9, .box_h = 11, .ofs_x = 1, .ofs_y = 0},
    {.bitmap_index = 1802, .adv_w = 181, .box_w = 11, .box_h = 11, .ofs_x = 0, .ofs_y = 0},
    {.bitmap_index = 1863, .adv_w = 151, .box_w = 8, .box_h = 11, .ofs_x = 1, .ofs_y = 0},
    {.bitmap_index = 1907, .adv_w = 181, .box_w = 11, .box_h = 13, .ofs_x = 0, .ofs_y = -2},
    {.bitmap_index = 1979, .adv_w = 152, .box_w = 9, .box_h = 11, .ofs_x = 1, .ofs_y = 0},
    {.bitmap_index = 2029, .adv_w = 145, .box_w = 9, .box_h = 11, .ofs_x = 0, .ofs_y = 0},
    {.bitmap_index = 2079, .adv_w = 144, .box_w = 9, .box_h = 11, .ofs_x = 0, .ofs_y = 0},
    {.bitmap_index = 2129, .adv_w = 166, .box_w = 9, .box_h = 11, .ofs_x = 1, .ofs_y = 0},
    {.bitmap_index = 2179, .adv_w = 166, .box_w = 11, .box_h = 11, .ofs_x = 0, .ofs_y = 0},
    {.bitmap_index = 2240, .adv_w = 239, .box_w = 15, .box_h = 11, .ofs_x = 0, .ofs_y = 0},
    {.bitmap_index = 2323, .adv_w = 163, .box_w = 10, .box_h = 11, .ofs_x = 0, .ofs_y = 0},
    {.bitmap_index = 2378, .adv_w = 159, .box_w = 10, .box_h = 11, .ofs_x = 0, .ofs_y = 0},
    {.bitmap_index = 2433, .adv_w = 145, .box_w = 9, .box_h = 11, .ofs_x = 0, .ofs_y = 0},
    {.bitmap_index = 2483, .adv_w = 82, .box_w = 4, .box_h = 13, .ofs_x = 1, .ofs_y = -1},
    {.bitmap_index = 2509, .adv_w = 85, .box_w = 6, .box_h = 11, .ofs_x = 0, .ofs_y = 0},
    {.bitmap_index = 2542, .adv_w = 82, .box_w = 4, .box_h = 13, .ofs_x = 0, .ofs_y = -1},
    {.bitmap_index = 2568, .adv_w = 106, .box_w = 7, .box_h = 4, .ofs_x = 0, .ofs_y = 8},
    {.bitmap_index = 2582, .adv_w = 105, .box_w = 7, .box_h = 2, .ofs_x = 0, .ofs_y = -3},
    {.bitmap_index = 2589, .adv_w = 69, .box_w = 4, .box_h = 4, .ofs_x = 0, .ofs_y = 8},
    {.bitmap_index = 2597, .adv_w = 129, .box_w = 8, .box_h = 8, .ofs_x = 0, .ofs_y = 0},
    {.bitmap_index = 2629, .adv_w = 142, .box_w = 9, .box_h = 11, .ofs_x = 0, .ofs_y = 0},
    {.bitmap_index = 2679, .adv_w = 127, .box_w = 8, .box_h = 8, .ofs_x = 0, .ofs_y = 0},
    {.bitmap_index = 2711, .adv_w = 142, .box_w = 8, .box_h = 11, .ofs_x = 0, .ofs_y = 0},
    {.bitmap_index = 2755, .adv_w = 133, .box_w = 8, .box_h = 8, .ofs_x = 0, .ofs_y = 0},
    {.bitmap_index = 2787, .adv_w = 89, .box_w = 6, .box_h = 12, .ofs_x = 0, .ofs_y = 0},
    {.bitmap_index = 2823, .adv_w = 142, .box_w = 8, .box_h = 11, .ofs_x = 0, .ofs_y = -3},
    {.bitmap_index = 2867, .adv_w = 137, .box_w = 8, .box_h = 11, .ofs_x = 0, .ofs_y = 0},
    {.bitmap_index = 2911, .adv_w = 63, .box_w = 4, .box_h = 12, .ofs_x = 0, .ofs_y = 0},
    {.bitmap_index = 2935, .adv_w = 64, .box_w = 5, .box_h = 15, .ofs_x = -1, .ofs_y = -3},
    {.bitmap_index = 2973, .adv_w = 132, .box_w = 9, .box_h = 11, .ofs_x = 0, .ofs_y = 0},
    {.bitmap_index = 3023, .adv_w = 64, .box_w = 4, .box_h = 11, .ofs_x = 0, .ofs_y = 0},
    {.bitmap_index = 3045, .adv_w = 207, .box_w = 13, .box_h = 8, .ofs_x = 0, .ofs_y = 0},
    {.bitmap_index = 3097, .adv_w = 137, .box_w = 8, .box_h = 8, .ofs_x = 0, .ofs_y = 0},
    {.bitmap_index = 3129, .adv_w = 138, .box_w = 9, .box_h = 8, .ofs_x = 0, .ofs_y = 0},
    {.bitmap_index = 3165, .adv_w = 142, .box_w = 9, .box_h = 11, .ofs_x = 0, .ofs_y = -3},
    {.bitmap_index = 3215, .adv_w = 142, .box_w = 8, .box_h = 11, .ofs_x = 0, .ofs_y = -3},
    {.bitmap_index = 3259, .adv_w = 97, .box_w = 6, .box_h = 8, .ofs_x = 0, .ofs_y = 0},
    {.bitmap_index = 3283, .adv_w = 117, .box_w = 7, .box_h = 8, .ofs_x = 0, .ofs_y = 0},
    {.bitmap_index = 3311, .adv_w = 92, .box_w = 6, .box_h = 11, .ofs_x = 0, .ofs_y = 0},
    {.bitmap_index = 3344, .adv_w = 137, .box_w = 8, .box_h = 8, .ofs_x = 0, .ofs_y = 0},
    {.bitmap_index = 3376, .adv_w = 131, .box_w = 9, .box_h = 8, .ofs_x = 0, .ofs_y = 0},
    {.bitmap_index = 3412, .adv_w = 197, .box_w = 13, .box_h = 8, .ofs_x = 0, .ofs_y = 0},
    {.bitmap_index = 3464, .adv_w = 130, .box_w = 9, .box_h = 8, .ofs_x = 0, .ofs_y = 0},
    {.bitmap_index = 3500, .adv_w = 134, .box_w = 9, .box_h = 11, .ofs_x = 0, .ofs_y = -3},
    {.bitmap_index = 3550, .adv_w = 115, .box_w = 7, .box_h = 8, .ofs_x = 0, .ofs_y = 0},
    {.bitmap_index = 3578, .adv_w = 86, .box_w = 6, .box_h = 13, .ofs_x = 0, .ofs_y = -1},
    {.bitmap_index = 3617, .adv_w = 57, .box_w = 3, .box_h = 13, .ofs_x = 0, .ofs_y = -1},
    {.bitmap_index = 3637, .adv_w = 86, .box_w = 6, .box_h = 13, .ofs_x = 0, .ofs_y = -1},
    {.bitmap_index = 3676, .adv_w = 133, .box_w = 8, .box_h = 4, .ofs_x = 0, .ofs_y = 3},
    {.bitmap_index = 3692, .adv_w = 96, .box_w = 6, .box_h = 6, .ofs_x = 0, .ofs_y = 5},
    {.bitmap_index = 3710, .adv_w = 112, .box_w = 3, .box_h = 3, .ofs_x = 2, .ofs_y = 4},
    {.bitmap_index = 3715, .adv_w = 224, .box_w = 5, .box_h = 5, .ofs_x = 1, .ofs_y = -1},
    {.bitmap_index = 3728, .adv_w = 224, .box_w = 14, .box_h = 3, .ofs_x = 0, .ofs_y = 4},
    {.bitmap_index = 3749, .adv_w = 224, .box_w = 14, .box_h = 12, .ofs_x = 0, .ofs_y = -1},
    {.bitmap_index = 3833, .adv_w = 224, .box_w = 14, .box_h = 13, .ofs_x = 0, .ofs_y = -1},
    {.bitmap_index = 3924, .adv_w = 224, .box_w = 14, .box_h = 13, .ofs_x = 0, .ofs_y = -1},
    {.bitmap_index = 4015, .adv_w = 224, .box_w = 14, .box_h = 12, .ofs_x = 0, .ofs_y = -1},
    {.bitmap_index = 4099, .adv_w = 224, .box_w = 13, .box_h = 12, .ofs_x = 0, .ofs_y = -1},
    {.bitmap_index = 4177, .adv_w = 224, .box_w = 14, .box_h = 14, .ofs_x = 0, .ofs_y = -2},
    {.bitmap_index = 4275, .adv_w = 224, .box_w = 14, .box_h = 13, .ofs_x = 0, .ofs_y = -2},
    {.bitmap_index = 4366, .adv_w = 224, .box_w = 14, .box_h = 13, .ofs_x = 0, .ofs_y = -1},
    {.bitmap_index = 4457, .adv_w = 224, .box_w = 12, .box_h = 13, .ofs_x = 1, .ofs_y = -1},
    {.bitmap_index = 4535, .adv_w = 224, .box_w = 12, .box_h = 15, .ofs_x = 1, .ofs_y = -2},
    {.bitmap_index = 4625, .adv_w = 224, .box_w = 14, .box_h = 14, .ofs_x = 0, .ofs_y = -1},
    {.bitmap_index = 4723, .adv_w = 224, .box_w = 14, .box_h = 15, .ofs_x = 0, .ofs_y = -2},
    {.bitmap_index = 4828, .adv_w = 224, .box_w = 14, .box_h = 14, .ofs_x = 0, .ofs_y = -2},
    {.bitmap_index = 4926, .adv_w = 224, .box_w = 14, .box_h = 13, .ofs_x = 0, .ofs_y = -1},
    {.bitmap_index = 5017, .adv_w = 224, .box_w = 14, .box_h = 12, .ofs_x = 0, .ofs_y = -1},
    {.bitmap_index = 5101, .adv_w = 224, .box_w = 14, .box_h = 12, .ofs_x = 0, .ofs_y = -1},
    {.bitmap_index = 5185, .adv_w = 224, .box_w = 14, .box_h = 12, .ofs_x = 0, .ofs_y = -1},
    {.bitmap_index = 5269, .adv_w = 224, .box_w = 14, .box_h = 14, .ofs_x = 0, .ofs_y = -2},
    {.bitmap_index = 5367, .adv_w = 224, .box_w = 14, .box_h = 14, .ofs_x = 0, .ofs_y = -2},
    {.bitmap_index = 5465, .adv_w = 224, .box_w = 14, .box_h = 15, .ofs_x = 0, .ofs_y = -2},
    {.bitmap_index = 5570, .adv_w = 224, .box_w = 14, .box_h = 13, .ofs_x = 0, .ofs_y = -1},
    {.bitmap_index = 5661, .adv_w = 224, .box_w = 14, .box_h = 13, .ofs_x = 0, .ofs_y = -1},
    {.bitmap_index = 5752, .adv_w = 224, .box_w = 14, .box_h = 14, .ofs_x = 0, .ofs_y = -2},
    {.bitmap_index = 5850, .adv_w = 224, .box_w = 14, .box_h = 14, .ofs_x = 0, .ofs_y = -2},
    {.bitmap_index = 5948, .adv_w = 224, .box_w = 13, .box_h = 14, .ofs_x = 0, .ofs_y = -2},
    {.bitmap_index = 6039, .adv_w = 224, .box_w = 14, .box_h = 13, .ofs_x = 0, .ofs_y = -1},
    {.bitmap_index = 6130, .adv_w = 224, .box_w = 14, .box_h = 14, .ofs_x = 0, .ofs_y = -2},
    {.bitmap_index = 6228, .adv_w = 224, .box_w = 13, .box_h = 14, .ofs_x = 1, .ofs_y = -2},
    {.bitmap_index = 6319, .adv_w = 224, .box_w = 13, .box_h = 14, .ofs_x = 0, .ofs_y = -1},
    {.bitmap_index = 6410, .adv_w = 224, .box_w = 14, .box_h = 13, .ofs_x = 0, .ofs_y = -1},
    {.bitmap_index = 6501, .adv_w = 224, .box_w = 14, .box_h = 14, .ofs_x = 0, .ofs_y = -2},
    {.bitmap_index = 6599, .adv_w = 224, .box_w = 14, .box_h = 13, .ofs_x = 0, .ofs_y = -1},
    {.bitmap_index = 6690, .adv_w = 224, .box_w = 13, .box_h = 14, .ofs_x = 0, .ofs_y = -1},
    {.bitmap_index = 6781, .adv_w = 224, .box_w = 14, .box_h = 14, .ofs_x = 0, .ofs_y = -2},
    {.bitmap_index = 6879, .adv_w = 224, .box_w = 14, .box_h = 15, .ofs_x = 0, .ofs_y = -2},
    {.bitmap_index = 6984, .adv_w = 224, .box_w = 14, .box_h = 13, .ofs_x = 0, .ofs_y = -1},
    {.bitmap_index = 7075, .adv_w = 224, .box_w = 14, .box_h = 13, .ofs_x = 0, .ofs_y = -1},
    {.bitmap_index = 7166, .adv_w = 224, .box_w = 14, .box_h = 14, .ofs_x = 0, .ofs_y = -1},
    {.bitmap_index = 7264, .adv_w = 224, .box_w = 14, .box_h = 13, .ofs_x = 0, .ofs_y = -1},
    {.bitmap_index = 7355, .adv_w = 224, .box_w = 14, .box_h = 13, .ofs_x = 0, .ofs_y = -1},
    {.bitmap_index = 7446, .adv_w = 224, .box_w = 14, .box_h = 13, .ofs_x = 0, .ofs_y = -1},
    {.bitmap_index = 7537, .adv_w = 224, .box_w = 14, .box_h = 13, .ofs_x = 0, .ofs_y = -1},
    {.bitmap_index = 7628, .adv_w = 224, .box_w = 14, .box_h = 15, .ofs_x = 0, .ofs_y = -2},
    {.bitmap_index = 7733, .adv_w = 224, .box_w = 13, .box_h = 15, .ofs_x = 0, .ofs_y = -2},
    {.bitmap_index = 7831, .adv_w = 224, .box_w = 14, .box_h = 14, .ofs_x = 0, .ofs_y = -2},
    {.bitmap_index = 7929, .adv_w = 224, .box_w = 14, .box_h = 14, .ofs_x = 0, .ofs_y = -2},
    {.bitmap_index = 8027, .adv_w = 224, .box_w = 14, .box_h = 13, .ofs_x = 0, .ofs_y = -1},
    {.bitmap_index = 8118, .adv_w = 224, .box_w = 13, .box_h = 13, .ofs_x = 0, .ofs_y = -1},
    {.bitmap_index = 8203, .adv_w = 224, .box_w = 14, .box_h = 15, .ofs_x = 0, .ofs_y = -2},
    {.bitmap_index = 8308, .adv_w = 224, .box_w = 14, .box_h = 13, .ofs_x = 0, .ofs_y = -1},
    {.bitmap_index = 8399, .adv_w = 224, .box_w = 14, .box_h = 14, .ofs_x = 0, .ofs_y = -2},
    {.bitmap_index = 8497, .adv_w = 224, .box_w = 13, .box_h = 15, .ofs_x = 0, .ofs_y = -2},
    {.bitmap_index = 8595, .adv_w = 224, .box_w = 14, .box_h = 14, .ofs_x = 0, .ofs_y = -1},
    {.bitmap_index = 8693, .adv_w = 224, .box_w = 13, .box_h = 13, .ofs_x = 0, .ofs_y = -1},
    {.bitmap_index = 8778, .adv_w = 224, .box_w = 14, .box_h = 14, .ofs_x = 0, .ofs_y = -2},
    {.bitmap_index = 8876, .adv_w = 224, .box_w = 14, .box_h = 13, .ofs_x = 0, .ofs_y = -2},
    {.bitmap_index = 8967, .adv_w = 224, .box_w = 14, .box_h = 15, .ofs_x = 0, .ofs_y = -2},
    {.bitmap_index = 9072, .adv_w = 224, .box_w = 14, .box_h = 14, .ofs_x = 0, .ofs_y = -2},
    {.bitmap_index = 9170, .adv_w = 224, .box_w = 14, .box_h = 14, .ofs_x = 0, .ofs_y = -2},
    {.bitmap_index = 9268, .adv_w = 224, .box_w = 14, .box_h = 14, .ofs_x = 0, .ofs_y = -2},
    {.bitmap_index = 9366, .adv_w = 224, .box_w = 14, .box_h = 15, .ofs_x = 0, .ofs_y = -2},
    {.bitmap_index = 9471, .adv_w = 224, .box_w = 14, .box_h = 13, .ofs_x = 0, .ofs_y = -2},
    {.bitmap_index = 9562, .adv_w = 224, .box_w = 14, .box_h = 13, .ofs_x = 0, .ofs_y = -1},
    {.bitmap_index = 9653, .adv_w = 224, .box_w = 14, .box_h = 13, .ofs_x = 0, .ofs_y = -2},
    {.bitmap_index = 9744, .adv_w = 224, .box_w = 14, .box_h = 14, .ofs_x = 0, .ofs_y = -2},
    {.bitmap_index = 9842, .adv_w = 224, .box_w = 14, .box_h = 15, .ofs_x = 0, .ofs_y = -2},
    {.bitmap_index = 9947, .adv_w = 224, .box_w = 14, .box_h = 13, .ofs_x = 0, .ofs_y = -2},
    {.bitmap_index = 10038, .adv_w = 224, .box_w = 12, .box_h = 14, .ofs_x = 1, .ofs_y = -2},
    {.bitmap_index = 10122, .adv_w = 224, .box_w = 14, .box_h = 13, .ofs_x = 0, .ofs_y = -2},
    {.bitmap_index = 10213, .adv_w = 224, .box_w = 14, .box_h = 14, .ofs_x = 0, .ofs_y = -2},
    {.bitmap_index = 10311, .adv_w = 224, .box_w = 14, .box_h = 14, .ofs_x = 0, .ofs_y = -1},
    {.bitmap_index = 10409, .adv_w = 224, .box_w = 14, .box_h = 15, .ofs_x = 0, .ofs_y = -2},
    {.bitmap_index = 10514, .adv_w = 224, .box_w = 12, .box_h = 13, .ofs_x = 1, .ofs_y = -1},
    {.bitmap_index = 10592, .adv_w = 224, .box_w = 12, .box_h = 13, .ofs_x = 1, .ofs_y = -1},
    {.bitmap_index = 10670, .adv_w = 224, .box_w = 14, .box_h = 13, .ofs_x = 0, .ofs_y = -1},
    {.bitmap_index = 10761, .adv_w = 224, .box_w = 14, .box_h = 14, .ofs_x = 0, .ofs_y = -2},
    {.bitmap_index = 10859, .adv_w = 224, .box_w = 13, .box_h = 14, .ofs_x = 0, .ofs_y = -2},
    {.bitmap_index = 10950, .adv_w = 224, .box_w = 13, .box_h = 14, .ofs_x = 0, .ofs_y = -2},
    {.bitmap_index = 11041, .adv_w = 224, .box_w = 13, .box_h = 14, .ofs_x = 0, .ofs_y = -2},
    {.bitmap_index = 11132, .adv_w = 224, .box_w = 13, .box_h = 13, .ofs_x = 0, .ofs_y = -1},
    {.bitmap_index = 11217, .adv_w = 224, .box_w = 13, .box_h = 13, .ofs_x = 0, .ofs_y = -1},
    {.bitmap_index = 11302, .adv_w = 224, .box_w = 13, .box_h = 13, .ofs_x = 0, .ofs_y = -1},
    {.bitmap_index = 11387, .adv_w = 224, .box_w = 14, .box_h = 15, .ofs_x = 0, .ofs_y = -2},
    {.bitmap_index = 11492, .adv_w = 224, .box_w = 13, .box_h = 14, .ofs_x = 0, .ofs_y = -2},
    {.bitmap_index = 11583, .adv_w = 224, .box_w = 14, .box_h = 15, .ofs_x = 0, .ofs_y = -2},
    {.bitmap_index = 11688, .adv_w = 224, .box_w = 13, .box_h = 14, .ofs_x = 0, .ofs_y = -2},
    {.bitmap_index = 11779, .adv_w = 224, .box_w = 14, .box_h = 15, .ofs_x = 0, .ofs_y = -2},
    {.bitmap_index = 11884, .adv_w = 224, .box_w = 14, .box_h = 14, .ofs_x = 0, .ofs_y = -2},
    {.bitmap_index = 11982, .adv_w = 224, .box_w = 13, .box_h = 14, .ofs_x = 0, .ofs_y = -2},
    {.bitmap_index = 12073, .adv_w = 224, .box_w = 14, .box_h = 14, .ofs_x = 0, .ofs_y = -2},
    {.bitmap_index = 12171, .adv_w = 224, .box_w = 14, .box_h = 13, .ofs_x = 0, .ofs_y = -1},
    {.bitmap_index = 12262, .adv_w = 224, .box_w = 14, .box_h = 14, .ofs_x = 0, .ofs_y = -1},
    {.bitmap_index = 12360, .adv_w = 224, .box_w = 12, .box_h = 12, .ofs_x = 1, .ofs_y = -1},
    {.bitmap_index = 12432, .adv_w = 224, .box_w = 13, .box_h = 12, .ofs_x = 1, .ofs_y = -1},
    {.bitmap_index = 12510, .adv_w = 224, .box_w = 14, .box_h = 13, .ofs_x = 0, .ofs_y = -1},
    {.bitmap_index = 12601, .adv_w = 224, .box_w = 14, .box_h = 13, .ofs_x = 0, .ofs_y = -1},
    {.bitmap_index = 12692, .adv_w = 224, .box_w = 14, .box_h = 14, .ofs_x = 0, .ofs_y = -2},
    {.bitmap_index = 12790, .adv_w = 224, .box_w = 14, .box_h = 14, .ofs_x = 0, .ofs_y = -1},
    {.bitmap_index = 12888, .adv_w = 224, .box_w = 12, .box_h = 12, .ofs_x = 1, .ofs_y = -1},
    {.bitmap_index = 12960, .adv_w = 224, .box_w = 14, .box_h = 13, .ofs_x = 0, .ofs_y = -2},
    {.bitmap_index = 13051, .adv_w = 224, .box_w = 14, .box_h = 13, .ofs_x = 0, .ofs_y = -2},
    {.bitmap_index = 13142, .adv_w = 224, .box_w = 14, .box_h = 13, .ofs_x = 0, .ofs_y = -2},
    {.bitmap_index = 13233, .adv_w = 224, .box_w = 14, .box_h = 15, .ofs_x = 0, .ofs_y = -2},
    {.bitmap_index = 13338, .adv_w = 224, .box_w = 14, .box_h = 13, .ofs_x = 0, .ofs_y = -2},
    {.bitmap_index = 13429, .adv_w = 224, .box_w = 14, .box_h = 14, .ofs_x = 0, .ofs_y = -2},
    {.bitmap_index = 13527, .adv_w = 224, .box_w = 14, .box_h = 15, .ofs_x = 0, .ofs_y = -2},
    {.bitmap_index = 13632, .adv_w = 224, .box_w = 14, .box_h = 14, .ofs_x = 0, .ofs_y = -2},
    {.bitmap_index = 13730, .adv_w = 224, .box_w = 14, .box_h = 12, .ofs_x = 0, .ofs_y = -1},
    {.bitmap_index = 13814, .adv_w = 224, .box_w = 12, .box_h = 13, .ofs_x = 1, .ofs_y = -2},
    {.bitmap_index = 13892, .adv_w = 224, .box_w = 14, .box_h = 13, .ofs_x = 0, .ofs_y = -2},
    {.bitmap_index = 13983, .adv_w = 224, .box_w = 14, .box_h = 12, .ofs_x = 0, .ofs_y = -1},
    {.bitmap_index = 14067, .adv_w = 224, .box_w = 12, .box_h = 14, .ofs_x = 1, .ofs_y = -1},
    {.bitmap_index = 14151, .adv_w = 224, .box_w = 14, .box_h = 13, .ofs_x = 0, .ofs_y = -1},
    {.bitmap_index = 14242, .adv_w = 224, .box_w = 14, .box_h = 12, .ofs_x = 0, .ofs_y = -1},
    {.bitmap_index = 14326, .adv_w = 224, .box_w = 13, .box_h = 14, .ofs_x = 1, .ofs_y = -1},
    {.bitmap_index = 14417, .adv_w = 224, .box_w = 14, .box_h = 14, .ofs_x = 0, .ofs_y = -1},
    {.bitmap_index = 14515, .adv_w = 224, .box_w = 14, .box_h = 14, .ofs_x = 0, .ofs_y = -2},
    {.bitmap_index = 14613, .adv_w = 224, .box_w = 12, .box_h = 13, .ofs_x = 1, .ofs_y = -2},
    {.bitmap_index = 14691, .adv_w = 224, .box_w = 13, .box_h = 13, .ofs_x = 0, .ofs_y = -1},
    {.bitmap_index = 14776, .adv_w = 224, .box_w = 14, .box_h = 13, .ofs_x = 0, .ofs_y = -1},
    {.bitmap_index = 14867, .adv_w = 224, .box_w = 12, .box_h = 15, .ofs_x = 1, .ofs_y = -2},
    {.bitmap_index = 14957, .adv_w = 224, .box_w = 14, .box_h = 12, .ofs_x = 0, .ofs_y = -1},
    {.bitmap_index = 15041, .adv_w = 224, .box_w = 14, .box_h = 13, .ofs_x = 0, .ofs_y = -1},
    {.bitmap_index = 15132, .adv_w = 224, .box_w = 13, .box_h = 14, .ofs_x = 1, .ofs_y = -2},
    {.bitmap_index = 15223, .adv_w = 224, .box_w = 13, .box_h = 13, .ofs_x = 0, .ofs_y = -1},
    {.bitmap_index = 15308, .adv_w = 224, .box_w = 13, .box_h = 12, .ofs_x = 1, .ofs_y = -1},
    {.bitmap_index = 15386, .adv_w = 224, .box_w = 14, .box_h = 12, .ofs_x = 0, .ofs_y = -1},
    {.bitmap_index = 15470, .adv_w = 224, .box_w = 13, .box_h = 13, .ofs_x = 0, .ofs_y = -2},
    {.bitmap_index = 15555, .adv_w = 224, .box_w = 13, .box_h = 13, .ofs_x = 1, .ofs_y = -1},
    {.bitmap_index = 15640, .adv_w = 224, .box_w = 14, .box_h = 13, .ofs_x = 0, .ofs_y = -1},
    {.bitmap_index = 15731, .adv_w = 224, .box_w = 13, .box_h = 13, .ofs_x = 0, .ofs_y = -1},
    {.bitmap_index = 15816, .adv_w = 224, .box_w = 14, .box_h = 14, .ofs_x = 0, .ofs_y = -1},
    {.bitmap_index = 15914, .adv_w = 224, .box_w = 12, .box_h = 12, .ofs_x = 1, .ofs_y = -1},
    {.bitmap_index = 15986, .adv_w = 224, .box_w = 12, .box_h = 14, .ofs_x = 1, .ofs_y = -2},
    {.bitmap_index = 16070, .adv_w = 224, .box_w = 13, .box_h = 14, .ofs_x = 1, .ofs_y = -1},
    {.bitmap_index = 16161, .adv_w = 224, .box_w = 14, .box_h = 13, .ofs_x = 0, .ofs_y = -1},
    {.bitmap_index = 16252, .adv_w = 224, .box_w = 12, .box_h = 12, .ofs_x = 1, .ofs_y = -1},
    {.bitmap_index = 16324, .adv_w = 224, .box_w = 14, .box_h = 12, .ofs_x = 0, .ofs_y = -1},
    {.bitmap_index = 16408, .adv_w = 224, .box_w = 12, .box_h = 12, .ofs_x = 1, .ofs_y = -1},
    {.bitmap_index = 16480, .adv_w = 224, .box_w = 12, .box_h = 12, .ofs_x = 1, .ofs_y = -1},
    {.bitmap_index = 16552, .adv_w = 224, .box_w = 12, .box_h = 12, .ofs_x = 1, .ofs_y = -1},
    {.bitmap_index = 16624, .adv_w = 224, .box_w = 12, .box_h = 12, .ofs_x = 1, .ofs_y = -1},
    {.bitmap_index = 16696, .adv_w = 224, .box_w = 12, .box_h = 12, .ofs_x = 1, .ofs_y = -1},
    {.bitmap_index = 16768, .adv_w = 224, .box_w = 14, .box_h = 14, .ofs_x = 0, .ofs_y = -1},
    {.bitmap_index = 16866, .adv_w = 224, .box_w = 14, .box_h = 13, .ofs_x = 0, .ofs_y = -1},
    {.bitmap_index = 16957, .adv_w = 224, .box_w = 13, .box_h = 14, .ofs_x = 0, .ofs_y = -2},
    {.bitmap_index = 17048, .adv_w = 224, .box_w = 13, .box_h = 14, .ofs_x = 0, .ofs_y = -1},
    {.bitmap_index = 17139, .adv_w = 224, .box_w = 14, .box_h = 13, .ofs_x = 0, .ofs_y = -1},
    {.bitmap_index = 17230, .adv_w = 224, .box_w = 14, .box_h = 15, .ofs_x = 0, .ofs_y = -2},
    {.bitmap_index = 17335, .adv_w = 224, .box_w = 14, .box_h = 13, .ofs_x = 0, .ofs_y = -1},
    {.bitmap_index = 17426, .adv_w = 224, .box_w = 14, .box_h = 14, .ofs_x = 0, .ofs_y = -1},
    {.bitmap_index = 17524, .adv_w = 224, .box_w = 14, .box_h = 15, .ofs_x = 0, .ofs_y = -2},
    {.bitmap_index = 17629, .adv_w = 224, .box_w = 13, .box_h = 14, .ofs_x = 0, .ofs_y = -1},
    {.bitmap_index = 17720, .adv_w = 224, .box_w = 14, .box_h = 14, .ofs_x = 0, .ofs_y = -2},
    {.bitmap_index = 17818, .adv_w = 224, .box_w = 14, .box_h = 15, .ofs_x = 0, .ofs_y = -2},
    {.bitmap_index = 17923, .adv_w = 224, .box_w = 14, .box_h = 14, .ofs_x = 0, .ofs_y = -1},
    {.bitmap_index = 18021, .adv_w = 224, .box_w = 14, .box_h = 14, .ofs_x = 0, .ofs_y = -1},
    {.bitmap_index = 18119, .adv_w = 224, .box_w = 14, .box_h = 15, .ofs_x = 0, .ofs_y = -2},
    {.bitmap_index = 18224, .adv_w = 224, .box_w = 13, .box_h = 15, .ofs_x = 0, .ofs_y = -2},
    {.bitmap_index = 18322, .adv_w = 224, .box_w = 14, .box_h = 14, .ofs_x = 0, .ofs_y = -2},
    {.bitmap_index = 18420, .adv_w = 224, .box_w = 14, .box_h = 14, .ofs_x = 0, .ofs_y = -2},
    {.bitmap_index = 18518, .adv_w = 224, .box_w = 14, .box_h = 13, .ofs_x = 0, .ofs_y = -2},
    {.bitmap_index = 18609, .adv_w = 224, .box_w = 14, .box_h = 14, .ofs_x = 0, .ofs_y = -2},
    {.bitmap_index = 18707, .adv_w = 224, .box_w = 14, .box_h = 14, .ofs_x = 0, .ofs_y = -2},
    {.bitmap_index = 18805, .adv_w = 224, .box_w = 14, .box_h = 13, .ofs_x = 0, .ofs_y = -1},
    {.bitmap_index = 18896, .adv_w = 224, .box_w = 14, .box_h = 14, .ofs_x = 0, .ofs_y = -2},
    {.bitmap_index = 18994, .adv_w = 224, .box_w = 14, .box_h = 15, .ofs_x = 0, .ofs_y = -2},
    {.bitmap_index = 19099, .adv_w = 224, .box_w = 14, .box_h = 14, .ofs_x = 0, .ofs_y = -2},
    {.bitmap_index = 19197, .adv_w = 224, .box_w = 14, .box_h = 15, .ofs_x = 0, .ofs_y = -2},
    {.bitmap_index = 19302, .adv_w = 224, .box_w = 14, .box_h = 12, .ofs_x = 0, .ofs_y = -1},
    {.bitmap_index = 19386, .adv_w = 224, .box_w = 14, .box_h = 13, .ofs_x = 0, .ofs_y = -2},
    {.bitmap_index = 19477, .adv_w = 224, .box_w = 14, .box_h = 14, .ofs_x = 0, .ofs_y = -1},
    {.bitmap_index = 19575, .adv_w = 224, .box_w = 14, .box_h = 13, .ofs_x = 0, .ofs_y = -1},
    {.bitmap_index = 19666, .adv_w = 224, .box_w = 14, .box_h = 15, .ofs_x = 0, .ofs_y = -2},
    {.bitmap_index = 19771, .adv_w = 224, .box_w = 14, .box_h = 14, .ofs_x = 0, .ofs_y = -2},
    {.bitmap_index = 19869, .adv_w = 224, .box_w = 14, .box_h = 14, .ofs_x = 0, .ofs_y = -2},
    {.bitmap_index = 19967, .adv_w = 224, .box_w = 14, .box_h = 14, .ofs_x = 0, .ofs_y = -2},
    {.bitmap_index = 20065, .adv_w = 224, .box_w = 12, .box_h = 13, .ofs_x = 1, .ofs_y = -1},
    {.bitmap_index = 20143, .adv_w = 224, .box_w = 14, .box_h = 13, .ofs_x = 0, .ofs_y = -1},
    {.bitmap_index = 20234, .adv_w = 224, .box_w = 14, .box_h = 15, .ofs_x = 0, .ofs_y = -2},
    {.bitmap_index = 20339, .adv_w = 224, .box_w = 14, .box_h = 13, .ofs_x = 0, .ofs_y = -1},
    {.bitmap_index = 20430, .adv_w = 224, .box_w = 14, .box_h = 14, .ofs_x = 0, .ofs_y = -1},
    {.bitmap_index = 20528, .adv_w = 224, .box_w = 14, .box_h = 14, .ofs_x = 0, .ofs_y = -1},
    {.bitmap_index = 20626, .adv_w = 224, .box_w = 14, .box_h = 13, .ofs_x = 0, .ofs_y = -1},
    {.bitmap_index = 20717, .adv_w = 224, .box_w = 14, .box_h = 14, .ofs_x = 0, .ofs_y = -1},
    {.bitmap_index = 20815, .adv_w = 224, .box_w = 14, .box_h = 15, .ofs_x = 0, .ofs_y = -2},
    {.bitmap_index = 20920, .adv_w = 224, .box_w = 14, .box_h = 13, .ofs_x = 0, .ofs_y = -2},
    {.bitmap_index = 21011, .adv_w = 224, .box_w = 13, .box_h = 13, .ofs_x = 0, .ofs_y = -2},
    {.bitmap_index = 21096, .adv_w = 224, .box_w = 13, .box_h = 13, .ofs_x = 0, .ofs_y = -2},
    {.bitmap_index = 21181, .adv_w = 224, .box_w = 14, .box_h = 13, .ofs_x = 0, .ofs_y = -2},
    {.bitmap_index = 21272, .adv_w = 224, .box_w = 14, .box_h = 12, .ofs_x = 0, .ofs_y = -1},
    {.bitmap_index = 21356, .adv_w = 224, .box_w = 14, .box_h = 13, .ofs_x = 0, .ofs_y = -1},
    {.bitmap_index = 21447, .adv_w = 224, .box_w = 13, .box_h = 12, .ofs_x = 1, .ofs_y = -1},
    {.bitmap_index = 21525, .adv_w = 224, .box_w = 14, .box_h = 13, .ofs_x = 0, .ofs_y = -1},
    {.bitmap_index = 21616, .adv_w = 224, .box_w = 13, .box_h = 14, .ofs_x = 1, .ofs_y = -2},
    {.bitmap_index = 21707, .adv_w = 224, .box_w = 12, .box_h = 13, .ofs_x = 1, .ofs_y = -1},
    {.bitmap_index = 21785, .adv_w = 224, .box_w = 14, .box_h = 13, .ofs_x = 0, .ofs_y = -1},
    {.bitmap_index = 21876, .adv_w = 224, .box_w = 14, .box_h = 12, .ofs_x = 0, .ofs_y = -1},
    {.bitmap_index = 21960, .adv_w = 224, .box_w = 14, .box_h = 15, .ofs_x = 0, .ofs_y = -2},
    {.bitmap_index = 22065, .adv_w = 224, .box_w = 14, .box_h = 15, .ofs_x = 0, .ofs_y = -2},
    {.bitmap_index = 22170, .adv_w = 224, .box_w = 14, .box_h = 15, .ofs_x = 0, .ofs_y = -2},
    {.bitmap_index = 22275, .adv_w = 224, .box_w = 14, .box_h = 15, .ofs_x = 0, .ofs_y = -2},
    {.bitmap_index = 22380, .adv_w = 224, .box_w = 14, .box_h = 13, .ofs_x = 0, .ofs_y = -1},
    {.bitmap_index = 22471, .adv_w = 224, .box_w = 14, .box_h = 14, .ofs_x = 0, .ofs_y = -2},
    {.bitmap_index = 22569, .adv_w = 224, .box_w = 14, .box_h = 13, .ofs_x = 0, .ofs_y = -2},
    {.bitmap_index = 22660, .adv_w = 224, .box_w = 14, .box_h = 13, .ofs_x = 0, .ofs_y = -2},
    {.bitmap_index = 22751, .adv_w = 224, .box_w = 14, .box_h = 14, .ofs_x = 0, .ofs_y = -1},
    {.bitmap_index = 22849, .adv_w = 224, .box_w = 14, .box_h = 14, .ofs_x = 0, .ofs_y = -2},
    {.bitmap_index = 22947, .adv_w = 224, .box_w = 14, .box_h = 14, .ofs_x = 0, .ofs_y = -1},
    {.bitmap_index = 23045, .adv_w = 224, .box_w = 13, .box_h = 12, .ofs_x = 0, .ofs_y = -1},
    {.bitmap_index = 23123, .adv_w = 224, .box_w = 14, .box_h = 13, .ofs_x = 0, .ofs_y = -1},
    {.bitmap_index = 23214, .adv_w = 224, .box_w = 14, .box_h = 13, .ofs_x = 0, .ofs_y = -2},
    {.bitmap_index = 23305, .adv_w = 224, .box_w = 12, .box_h = 13, .ofs_x = 1, .ofs_y = -1},
    {.bitmap_index = 23383, .adv_w = 224, .box_w = 12, .box_h = 13, .ofs_x = 1, .ofs_y = -1},
    {.bitmap_index = 23461, .adv_w = 224, .box_w = 14, .box_h = 14, .ofs_x = 0, .ofs_y = -2},
    {.bitmap_index = 23559, .adv_w = 224, .box_w = 14, .box_h = 13, .ofs_x = 0, .ofs_y = -1},
    {.bitmap_index = 23650, .adv_w = 224, .box_w = 14, .box_h = 15, .ofs_x = 0, .ofs_y = -2},
    {.bitmap_index = 23755, .adv_w = 224, .box_w = 14, .box_h = 14, .ofs_x = 0, .ofs_y = -1},
    {.bitmap_index = 23853, .adv_w = 224, .box_w = 14, .box_h = 14, .ofs_x = 0, .ofs_y = -1},
    {.bitmap_index = 23951, .adv_w = 224, .box_w = 14, .box_h = 14, .ofs_x = 0, .ofs_y = -2},
    {.bitmap_index = 24049, .adv_w = 224, .box_w = 14, .box_h = 13, .ofs_x = 0, .ofs_y = -1},
    {.bitmap_index = 24140, .adv_w = 224, .box_w = 13, .box_h = 13, .ofs_x = 0, .ofs_y = -1},
    {.bitmap_index = 24225, .adv_w = 224, .box_w = 14, .box_h = 13, .ofs_x = 0, .ofs_y = -1},
    {.bitmap_index = 24316, .adv_w = 224, .box_w = 13, .box_h = 14, .ofs_x = 0, .ofs_y = -2},
    {.bitmap_index = 24407, .adv_w = 224, .box_w = 14, .box_h = 14, .ofs_x = 0, .ofs_y = -1},
    {.bitmap_index = 24505, .adv_w = 224, .box_w = 14, .box_h = 13, .ofs_x = 0, .ofs_y = -1},
    {.bitmap_index = 24596, .adv_w = 224, .box_w = 14, .box_h = 14, .ofs_x = 0, .ofs_y = -1},
    {.bitmap_index = 24694, .adv_w = 224, .box_w = 14, .box_h = 13, .ofs_x = 0, .ofs_y = -1},
    {.bitmap_index = 24785, .adv_w = 224, .box_w = 14, .box_h = 14, .ofs_x = 0, .ofs_y = -1},
    {.bitmap_index = 24883, .adv_w = 224, .box_w = 14, .box_h = 14, .ofs_x = 0, .ofs_y = -1},
    {.bitmap_index = 24981, .adv_w = 224, .box_w = 14, .box_h = 14, .ofs_x = 0, .ofs_y = -2},
    {.bitmap_index = 25079, .adv_w = 224, .box_w = 14, .box_h = 15, .ofs_x = 0, .ofs_y = -2},
    {.bitmap_index = 25184, .adv_w = 224, .box_w = 14, .box_h = 13, .ofs_x = 0, .ofs_y = -1},
    {.bitmap_index = 25275, .adv_w = 224, .box_w = 13, .box_h = 13, .ofs_x = 0, .ofs_y = -1},
    {.bitmap_index = 25360, .adv_w = 224, .box_w = 14, .box_h = 15, .ofs_x = 0, .ofs_y = -2},
    {.bitmap_index = 25465, .adv_w = 224, .box_w = 14, .box_h = 14, .ofs_x = 0, .ofs_y = -2},
    {.bitmap_index = 25563, .adv_w = 224, .box_w = 13, .box_h = 15, .ofs_x = 0, .ofs_y = -2},
    {.bitmap_index = 25661, .adv_w = 224, .box_w = 14, .box_h = 13, .ofs_x = 0, .ofs_y = -1},
    {.bitmap_index = 25752, .adv_w = 224, .box_w = 14, .box_h = 13, .ofs_x = 0, .ofs_y = -1},
    {.bitmap_index = 25843, .adv_w = 224, .box_w = 14, .box_h = 14, .ofs_x = 0, .ofs_y = -2},
    {.bitmap_index = 25941, .adv_w = 224, .box_w = 14, .box_h = 15, .ofs_x = 0, .ofs_y = -2},
    {.bitmap_index = 26046, .adv_w = 224, .box_w = 13, .box_h = 14, .ofs_x = 0, .ofs_y = -2},
    {.bitmap_index = 26137, .adv_w = 224, .box_w = 13, .box_h = 14, .ofs_x = 0, .ofs_y = -2},
    {.bitmap_index = 26228, .adv_w = 224, .box_w = 14, .box_h = 14, .ofs_x = 0, .ofs_y = -2},
    {.bitmap_index = 26326, .adv_w = 224, .box_w = 14, .box_h = 15, .ofs_x = 0, .ofs_y = -2},
    {.bitmap_index = 26431, .adv_w = 224, .box_w = 14, .box_h = 13, .ofs_x = 0, .ofs_y = -1},
    {.bitmap_index = 26522, .adv_w = 224, .box_w = 13, .box_h = 13, .ofs_x = 0, .ofs_y = -1},
    {.bitmap_index = 26607, .adv_w = 224, .box_w = 14, .box_h = 14, .ofs_x = 0, .ofs_y = -1},
    {.bitmap_index = 26705, .adv_w = 224, .box_w = 14, .box_h = 15, .ofs_x = 0, .ofs_y = -2},
    {.bitmap_index = 26810, .adv_w = 224, .box_w = 14, .box_h = 14, .ofs_x = 0, .ofs_y = -2},
    {.bitmap_index = 26908, .adv_w = 224, .box_w = 14, .box_h = 13, .ofs_x = 0, .ofs_y = -1},
    {.bitmap_index = 26999, .adv_w = 224, .box_w = 14, .box_h = 14, .ofs_x = 0, .ofs_y = -2},
    {.bitmap_index = 27097, .adv_w = 224, .box_w = 14, .box_h = 15, .ofs_x = 0, .ofs_y = -2},
    {.bitmap_index = 27202, .adv_w = 224, .box_w = 14, .box_h = 13, .ofs_x = 0, .ofs_y = -1},
    {.bitmap_index = 27293, .adv_w = 224, .box_w = 14, .box_h = 15, .ofs_x = 0, .ofs_y = -2},
    {.bitmap_index = 27398, .adv_w = 224, .box_w = 14, .box_h = 14, .ofs_x = 0, .ofs_y = -1},
    {.bitmap_index = 27496, .adv_w = 224, .box_w = 14, .box_h = 14, .ofs_x = 0, .ofs_y = -2},
    {.bitmap_index = 27594, .adv_w = 224, .box_w = 14, .box_h = 14, .ofs_x = 0, .ofs_y = -2},
    {.bitmap_index = 27692, .adv_w = 224, .box_w = 14, .box_h = 14, .ofs_x = 0, .ofs_y = -2},
    {.bitmap_index = 27790, .adv_w = 224, .box_w = 14, .box_h = 13, .ofs_x = 0, .ofs_y = -2},
    {.bitmap_index = 27881, .adv_w = 224, .box_w = 14, .box_h = 14, .ofs_x = 0, .ofs_y = -1},
    {.bitmap_index = 27979, .adv_w = 224, .box_w = 14, .box_h = 14, .ofs_x = 0, .ofs_y = -2},
    {.bitmap_index = 28077, .adv_w = 224, .box_w = 14, .box_h = 15, .ofs_x = 0, .ofs_y = -2},
    {.bitmap_index = 28182, .adv_w = 224, .box_w = 14, .box_h = 14, .ofs_x = 0, .ofs_y = -2},
    {.bitmap_index = 28280, .adv_w = 224, .box_w = 14, .box_h = 14, .ofs_x = 0, .ofs_y = -2},
    {.bitmap_index = 28378, .adv_w = 224, .box_w = 14, .box_h = 15, .ofs_x = 0, .ofs_y = -2},
    {.bitmap_index = 28483, .adv_w = 224, .box_w = 14, .box_h = 15, .ofs_x = 0, .ofs_y = -2},
    {.bitmap_index = 28588, .adv_w = 224, .box_w = 14, .box_h = 14, .ofs_x = 0, .ofs_y = -1},
    {.bitmap_index = 28686, .adv_w = 224, .box_w = 14, .box_h = 14, .ofs_x = 0, .ofs_y = -1},
    {.bitmap_index = 28784, .adv_w = 224, .box_w = 14, .box_h = 14, .ofs_x = 0, .ofs_y = -2},
    {.bitmap_index = 28882, .adv_w = 224, .box_w = 14, .box_h = 13, .ofs_x = 0, .ofs_y = -1},
    {.bitmap_index = 28973, .adv_w = 224, .box_w = 14, .box_h = 14, .ofs_x = 0, .ofs_y = -2},
    {.bitmap_index = 29071, .adv_w = 224, .box_w = 14, .box_h = 14, .ofs_x = 0, .ofs_y = -2},
    {.bitmap_index = 29169, .adv_w = 224, .box_w = 14, .box_h = 15, .ofs_x = 0, .ofs_y = -2},
    {.bitmap_index = 29274, .adv_w = 224, .box_w = 14, .box_h = 13, .ofs_x = 0, .ofs_y = -2},
    {.bitmap_index = 29365, .adv_w = 224, .box_w = 10, .box_h = 13, .ofs_x = 2, .ofs_y = -2},
    {.bitmap_index = 29430, .adv_w = 224, .box_w = 14, .box_h = 12, .ofs_x = 0, .ofs_y = -1},
    {.bitmap_index = 29514, .adv_w = 224, .box_w = 13, .box_h = 13, .ofs_x = 1, .ofs_y = -1},
    {.bitmap_index = 29599, .adv_w = 224, .box_w = 12, .box_h = 14, .ofs_x = 1, .ofs_y = -2},
    {.bitmap_index = 29683, .adv_w = 224, .box_w = 14, .box_h = 12, .ofs_x = 0, .ofs_y = -1},
    {.bitmap_index = 29767, .adv_w = 224, .box_w = 14, .box_h = 13, .ofs_x = 0, .ofs_y = -2},
    {.bitmap_index = 29858, .adv_w = 224, .box_w = 14, .box_h = 12, .ofs_x = 0, .ofs_y = -1},
    {.bitmap_index = 29942, .adv_w = 224, .box_w = 14, .box_h = 13, .ofs_x = 0, .ofs_y = -2},
    {.bitmap_index = 30033, .adv_w = 224, .box_w = 14, .box_h = 12, .ofs_x = 0, .ofs_y = -1},
    {.bitmap_index = 30117, .adv_w = 224, .box_w = 14, .box_h = 12, .ofs_x = 0, .ofs_y = -1},
    {.bitmap_index = 30201, .adv_w = 224, .box_w = 13, .box_h = 14, .ofs_x = 1, .ofs_y = -2},
    {.bitmap_index = 30292, .adv_w = 224, .box_w = 14, .box_h = 13, .ofs_x = 0, .ofs_y = -1},
    {.bitmap_index = 30383, .adv_w = 224, .box_w = 13, .box_h = 14, .ofs_x = 1, .ofs_y = -1},
    {.bitmap_index = 30474, .adv_w = 224, .box_w = 12, .box_h = 13, .ofs_x = 1, .ofs_y = -1},
    {.bitmap_index = 30552, .adv_w = 224, .box_w = 14, .box_h = 13, .ofs_x = 0, .ofs_y = -2},
    {.bitmap_index = 30643, .adv_w = 224, .box_w = 14, .box_h = 12, .ofs_x = 0, .ofs_y = -1},
    {.bitmap_index = 30727, .adv_w = 224, .box_w = 12, .box_h = 13, .ofs_x = 0, .ofs_y = -2},
    {.bitmap_index = 30805, .adv_w = 224, .box_w = 14, .box_h = 14, .ofs_x = 0, .ofs_y = -2},
    {.bitmap_index = 30903, .adv_w = 224, .box_w = 12, .box_h = 14, .ofs_x = 1, .ofs_y = -2},
    {.bitmap_index = 30987, .adv_w = 224, .box_w = 13, .box_h = 14, .ofs_x = 0, .ofs_y = -2},
    {.bitmap_index = 31078, .adv_w = 224, .box_w = 13, .box_h = 14, .ofs_x = 0, .ofs_y = -2},
    {.bitmap_index = 31169, .adv_w = 224, .box_w = 14, .box_h = 13, .ofs_x = 0, .ofs_y = -1},
    {.bitmap_index = 31260, .adv_w = 224, .box_w = 14, .box_h = 14, .ofs_x = 0, .ofs_y = -2},
    {.bitmap_index = 31358, .adv_w = 224, .box_w = 14, .box_h = 13, .ofs_x = 0, .ofs_y = -1},
    {.bitmap_index = 31449, .adv_w = 224, .box_w = 14, .box_h = 13, .ofs_x = 0, .ofs_y = -1},
    {.bitmap_index = 31540, .adv_w = 224, .box_w = 14, .box_h = 14, .ofs_x = 0, .ofs_y = -1},
    {.bitmap_index = 31638, .adv_w = 224, .box_w = 14, .box_h = 13, .ofs_x = 0, .ofs_y = -1},
    {.bitmap_index = 31729, .adv_w = 224, .box_w = 14, .box_h = 14, .ofs_x = 0, .ofs_y = -2},
    {.bitmap_index = 31827, .adv_w = 224, .box_w = 14, .box_h = 14, .ofs_x = 0, .ofs_y = -2},
    {.bitmap_index = 31925, .adv_w = 224, .box_w = 13, .box_h = 14, .ofs_x = 0, .ofs_y = -1},
    {.bitmap_index = 32016, .adv_w = 224, .box_w = 14, .box_h = 14, .ofs_x = 0, .ofs_y = -2},
    {.bitmap_index = 32114, .adv_w = 224, .box_w = 14, .box_h = 12, .ofs_x = 0, .ofs_y = -1},
    {.bitmap_index = 32198, .adv_w = 224, .box_w = 14, .box_h = 14, .ofs_x = 0, .ofs_y = -1},
    {.bitmap_index = 32296, .adv_w = 224, .box_w = 14, .box_h = 12, .ofs_x = 0, .ofs_y = -1},
    {.bitmap_index = 32380, .adv_w = 224, .box_w = 14, .box_h = 12, .ofs_x = 0, .ofs_y = -1},
    {.bitmap_index = 32464, .adv_w = 224, .box_w = 14, .box_h = 15, .ofs_x = 0, .ofs_y = -2},
    {.bitmap_index = 32569, .adv_w = 224, .box_w = 14, .box_h = 15, .ofs_x = 0, .ofs_y = -2},
    {.bitmap_index = 32674, .adv_w = 224, .box_w = 14, .box_h = 14, .ofs_x = 0, .ofs_y = -1},
    {.bitmap_index = 32772, .adv_w = 224, .box_w = 14, .box_h = 13, .ofs_x = 0, .ofs_y = -1},
    {.bitmap_index = 32863, .adv_w = 224, .box_w = 14, .box_h = 14, .ofs_x = 0, .ofs_y = -2},
    {.bitmap_index = 32961, .adv_w = 224, .box_w = 14, .box_h = 14, .ofs_x = 0, .ofs_y = -2},
    {.bitmap_index = 33059, .adv_w = 224, .box_w = 14, .box_h = 14, .ofs_x = 0, .ofs_y = -2},
    {.bitmap_index = 33157, .adv_w = 224, .box_w = 14, .box_h = 15, .ofs_x = 0, .ofs_y = -2},
    {.bitmap_index = 33262, .adv_w = 224, .box_w = 14, .box_h = 14, .ofs_x = 0, .ofs_y = -2},
    {.bitmap_index = 33360, .adv_w = 224, .box_w = 14, .box_h = 12, .ofs_x = 0, .ofs_y = -1},
    {.bitmap_index = 33444, .adv_w = 224, .box_w = 14, .box_h = 14, .ofs_x = 0, .ofs_y = -2},
    {.bitmap_index = 33542, .adv_w = 224, .box_w = 14, .box_h = 14, .ofs_x = 0, .ofs_y = -1},
    {.bitmap_index = 33640, .adv_w = 224, .box_w = 13, .box_h = 13, .ofs_x = 1, .ofs_y = -2},
    {.bitmap_index = 33725, .adv_w = 224, .box_w = 14, .box_h = 13, .ofs_x = 0, .ofs_y = -1},
    {.bitmap_index = 33816, .adv_w = 224, .box_w = 14, .box_h = 13, .ofs_x = 0, .ofs_y = -1},
    {.bitmap_index = 33907, .adv_w = 224, .box_w = 14, .box_h = 14, .ofs_x = 0, .ofs_y = -1},
    {.bitmap_index = 34005, .adv_w = 224, .box_w = 14, .box_h = 14, .ofs_x = 0, .ofs_y = -2},
    {.bitmap_index = 34103, .adv_w = 224, .box_w = 14, .box_h = 15, .ofs_x = 0, .ofs_y = -2},
    {.bitmap_index = 34208, .adv_w = 224, .box_w = 13, .box_h = 14, .ofs_x = 0, .ofs_y = -2},
    {.bitmap_index = 34299, .adv_w = 224, .box_w = 13, .box_h = 14, .ofs_x = 0, .ofs_y = -2},
    {.bitmap_index = 34390, .adv_w = 224, .box_w = 13, .box_h = 14, .ofs_x = 0, .ofs_y = -2},
    {.bitmap_index = 34481, .adv_w = 224, .box_w = 14, .box_h = 14, .ofs_x = 0, .ofs_y = -2},
    {.bitmap_index = 34579, .adv_w = 224, .box_w = 14, .box_h = 13, .ofs_x = 0, .ofs_y = -1},
    {.bitmap_index = 34670, .adv_w = 224, .box_w = 14, .box_h = 14, .ofs_x = 0, .ofs_y = -2},
    {.bitmap_index = 34768, .adv_w = 224, .box_w = 14, .box_h = 14, .ofs_x = 0, .ofs_y = -2},
    {.bitmap_index = 34866, .adv_w = 224, .box_w = 14, .box_h = 15, .ofs_x = 0, .ofs_y = -2},
    {.bitmap_index = 34971, .adv_w = 224, .box_w = 14, .box_h = 13, .ofs_x = 0, .ofs_y = -1},
    {.bitmap_index = 35062, .adv_w = 224, .box_w = 14, .box_h = 14, .ofs_x = 0, .ofs_y = -2},
    {.bitmap_index = 35160, .adv_w = 224, .box_w = 14, .box_h = 14, .ofs_x = 0, .ofs_y = -2},
    {.bitmap_index = 35258, .adv_w = 224, .box_w = 14, .box_h = 14, .ofs_x = 0, .ofs_y = -2},
    {.bitmap_index = 35356, .adv_w = 224, .box_w = 14, .box_h = 13, .ofs_x = 0, .ofs_y = -1},
    {.bitmap_index = 35447, .adv_w = 224, .box_w = 14, .box_h = 14, .ofs_x = 0, .ofs_y = -2},
    {.bitmap_index = 35545, .adv_w = 224, .box_w = 14, .box_h = 13, .ofs_x = 0, .ofs_y = -1},
    {.bitmap_index = 35636, .adv_w = 224, .box_w = 13, .box_h = 14, .ofs_x = 0, .ofs_y = -2},
    {.bitmap_index = 35727, .adv_w = 224, .box_w = 14, .box_h = 13, .ofs_x = 0, .ofs_y = -1},
    {.bitmap_index = 35818, .adv_w = 224, .box_w = 14, .box_h = 14, .ofs_x = 0, .ofs_y = -2},
    {.bitmap_index = 35916, .adv_w = 224, .box_w = 14, .box_h = 14, .ofs_x = 0, .ofs_y = -2},
    {.bitmap_index = 36014, .adv_w = 224, .box_w = 14, .box_h = 15, .ofs_x = 0, .ofs_y = -2},
    {.bitmap_index = 36119, .adv_w = 224, .box_w = 14, .box_h = 14, .ofs_x = 0, .ofs_y = -2},
    {.bitmap_index = 36217, .adv_w = 224, .box_w = 14, .box_h = 12, .ofs_x = 0, .ofs_y = -1},
    {.bitmap_index = 36301, .adv_w = 224, .box_w = 14, .box_h = 13, .ofs_x = 0, .ofs_y = -1},
    {.bitmap_index = 36392, .adv_w = 224, .box_w = 14, .box_h = 15, .ofs_x = 0, .ofs_y = -2},
    {.bitmap_index = 36497, .adv_w = 224, .box_w = 14, .box_h = 15, .ofs_x = 0, .ofs_y = -2},
    {.bitmap_index = 36602, .adv_w = 224, .box_w = 14, .box_h = 13, .ofs_x = 0, .ofs_y = -1},
    {.bitmap_index = 36693, .adv_w = 224, .box_w = 14, .box_h = 12, .ofs_x = 0, .ofs_y = -1},
    {.bitmap_index = 36777, .adv_w = 224, .box_w = 14, .box_h = 13, .ofs_x = 0, .ofs_y = -2},
    {.bitmap_index = 36868, .adv_w = 224, .box_w = 14, .box_h = 13, .ofs_x = 0, .ofs_y = -1},
    {.bitmap_index = 36959, .adv_w = 224, .box_w = 14, .box_h = 12, .ofs_x = 0, .ofs_y = -1},
    {.bitmap_index = 37043, .adv_w = 224, .box_w = 14, .box_h = 13, .ofs_x = 0, .ofs_y = -1},
    {.bitmap_index = 37134, .adv_w = 224, .box_w = 13, .box_h = 13, .ofs_x = 0, .ofs_y = -2},
    {.bitmap_index = 37219, .adv_w = 224, .box_w = 12, .box_h = 13, .ofs_x = 1, .ofs_y = -1},
    {.bitmap_index = 37297, .adv_w = 224, .box_w = 13, .box_h = 13, .ofs_x = 1, .ofs_y = -1},
    {.bitmap_index = 37382, .adv_w = 224, .box_w = 14, .box_h = 12, .ofs_x = 0, .ofs_y = -1},
    {.bitmap_index = 37466, .adv_w = 224, .box_w = 14, .box_h = 13, .ofs_x = 0, .ofs_y = -2},
    {.bitmap_index = 37557, .adv_w = 224, .box_w = 12, .box_h = 13, .ofs_x = 1, .ofs_y = -1},
    {.bitmap_index = 37635, .adv_w = 224, .box_w = 13, .box_h = 13, .ofs_x = 1, .ofs_y = -1},
    {.bitmap_index = 37720, .adv_w = 224, .box_w = 14, .box_h = 14, .ofs_x = 0, .ofs_y = -2},
    {.bitmap_index = 37818, .adv_w = 224, .box_w = 13, .box_h = 13, .ofs_x = 1, .ofs_y = -1},
    {.bitmap_index = 37903, .adv_w = 224, .box_w = 14, .box_h = 14, .ofs_x = 0, .ofs_y = -1},
    {.bitmap_index = 38001, .adv_w = 224, .box_w = 10, .box_h = 13, .ofs_x = 2, .ofs_y = -2},
    {.bitmap_index = 38066, .adv_w = 224, .box_w = 14, .box_h = 13, .ofs_x = 0, .ofs_y = -1},
    {.bitmap_index = 38157, .adv_w = 224, .box_w = 13, .box_h = 13, .ofs_x = 0, .ofs_y = -1},
    {.bitmap_index = 38242, .adv_w = 224, .box_w = 14, .box_h = 14, .ofs_x = 0, .ofs_y = -2},
    {.bitmap_index = 38340, .adv_w = 224, .box_w = 14, .box_h = 14, .ofs_x = 0, .ofs_y = -2},
    {.bitmap_index = 38438, .adv_w = 224, .box_w = 13, .box_h = 13, .ofs_x = 1, .ofs_y = -2},
    {.bitmap_index = 38523, .adv_w = 224, .box_w = 13, .box_h = 14, .ofs_x = 1, .ofs_y = -2},
    {.bitmap_index = 38614, .adv_w = 224, .box_w = 13, .box_h = 13, .ofs_x = 1, .ofs_y = -2},
    {.bitmap_index = 38699, .adv_w = 224, .box_w = 13, .box_h = 13, .ofs_x = 1, .ofs_y = -2},
    {.bitmap_index = 38784, .adv_w = 224, .box_w = 13, .box_h = 13, .ofs_x = 1, .ofs_y = -1},
    {.bitmap_index = 38869, .adv_w = 224, .box_w = 13, .box_h = 13, .ofs_x = 1, .ofs_y = -1},
    {.bitmap_index = 38954, .adv_w = 224, .box_w = 13, .box_h = 14, .ofs_x = 1, .ofs_y = -2},
    {.bitmap_index = 39045, .adv_w = 224, .box_w = 13, .box_h = 13, .ofs_x = 1, .ofs_y = -1},
    {.bitmap_index = 39130, .adv_w = 224, .box_w = 13, .box_h = 14, .ofs_x = 1, .ofs_y = -2},
    {.bitmap_index = 39221, .adv_w = 224, .box_w = 12, .box_h = 14, .ofs_x = 1, .ofs_y = -1},
    {.bitmap_index = 39305, .adv_w = 224, .box_w = 14, .box_h = 15, .ofs_x = 0, .ofs_y = -2},
    {.bitmap_index = 39410, .adv_w = 224, .box_w = 13, .box_h = 15, .ofs_x = 0, .ofs_y = -2},
    {.bitmap_index = 39508, .adv_w = 224, .box_w = 13, .box_h = 15, .ofs_x = 0, .ofs_y = -2},
    {.bitmap_index = 39606, .adv_w = 224, .box_w = 14, .box_h = 13, .ofs_x = 0, .ofs_y = -1},
    {.bitmap_index = 39697, .adv_w = 224, .box_w = 14, .box_h = 14, .ofs_x = 0, .ofs_y = -2},
    {.bitmap_index = 39795, .adv_w = 224, .box_w = 14, .box_h = 12, .ofs_x = 0, .ofs_y = -1},
    {.bitmap_index = 39879, .adv_w = 224, .box_w = 13, .box_h = 15, .ofs_x = 0, .ofs_y = -2},
    {.bitmap_index = 39977, .adv_w = 224, .box_w = 14, .box_h = 13, .ofs_x = 0, .ofs_y = -1},
    {.bitmap_index = 40068, .adv_w = 224, .box_w = 14, .box_h = 14, .ofs_x = 0, .ofs_y = -2},
    {.bitmap_index = 40166, .adv_w = 224, .box_w = 14, .box_h = 13, .ofs_x = 0, .ofs_y = -1},
    {.bitmap_index = 40257, .adv_w = 224, .box_w = 14, .box_h = 13, .ofs_x = 0, .ofs_y = -1},
    {.bitmap_index = 40348, .adv_w = 224, .box_w = 14, .box_h = 15, .ofs_x = 0, .ofs_y = -2},
    {.bitmap_index = 40453, .adv_w = 224, .box_w = 14, .box_h = 13, .ofs_x = 0, .ofs_y = -1},
    {.bitmap_index = 40544, .adv_w = 224, .box_w = 14, .box_h = 13, .ofs_x = 0, .ofs_y = -1},
    {.bitmap_index = 40635, .adv_w = 224, .box_w = 14, .box_h = 14, .ofs_x = 0, .ofs_y = -1},
    {.bitmap_index = 40733, .adv_w = 224, .box_w = 14, .box_h = 13, .ofs_x = 0, .ofs_y = -1},
    {.bitmap_index = 40824, .adv_w = 224, .box_w = 14, .box_h = 13, .ofs_x = 0, .ofs_y = -1},
    {.bitmap_index = 40915, .adv_w = 224, .box_w = 14, .box_h = 13, .ofs_x = 0, .ofs_y = -1},
    {.bitmap_index = 41006, .adv_w = 224, .box_w = 14, .box_h = 14, .ofs_x = 0, .ofs_y = -2},
    {.bitmap_index = 41104, .adv_w = 224, .box_w = 14, .box_h = 14, .ofs_x = 0, .ofs_y = -1},
    {.bitmap_index = 41202, .adv_w = 224, .box_w = 14, .box_h = 14, .ofs_x = 0, .ofs_y = -1},
    {.bitmap_index = 41300, .adv_w = 224, .box_w = 14, .box_h = 15, .ofs_x = 0, .ofs_y = -2},
    {.bitmap_index = 41405, .adv_w = 224, .box_w = 14, .box_h = 15, .ofs_x = 0, .ofs_y = -2},
    {.bitmap_index = 41510, .adv_w = 224, .box_w = 14, .box_h = 14, .ofs_x = 0, .ofs_y = -1},
    {.bitmap_index = 41608, .adv_w = 224, .box_w = 14, .box_h = 13, .ofs_x = 0, .ofs_y = -1},
    {.bitmap_index = 41699, .adv_w = 224, .box_w = 14, .box_h = 13, .ofs_x = 0, .ofs_y = -1},
    {.bitmap_index = 41790, .adv_w = 224, .box_w = 14, .box_h = 13, .ofs_x = 0, .ofs_y = -1},
    {.bitmap_index = 41881, .adv_w = 224, .box_w = 14, .box_h = 14, .ofs_x = 0, .ofs_y = -1},
    {.bitmap_index = 41979, .adv_w = 224, .box_w = 14, .box_h = 14, .ofs_x = 0, .ofs_y = -1},
    {.bitmap_index = 42077, .adv_w = 224, .box_w = 13, .box_h = 14, .ofs_x = 0, .ofs_y = -1},
    {.bitmap_index = 42168, .adv_w = 224, .box_w = 14, .box_h = 14, .ofs_x = 0, .ofs_y = -2},
    {.bitmap_index = 42266, .adv_w = 224, .box_w = 14, .box_h = 14, .ofs_x = 0, .ofs_y = -1},
    {.bitmap_index = 42364, .adv_w = 224, .box_w = 14, .box_h = 14, .ofs_x = 0, .ofs_y = -1},
    {.bitmap_index = 42462, .adv_w = 224, .box_w = 13, .box_h = 14, .ofs_x = 0, .ofs_y = -1},
    {.bitmap_index = 42553, .adv_w = 224, .box_w = 14, .box_h = 13, .ofs_x = 0, .ofs_y = -1},
    {.bitmap_index = 42644, .adv_w = 224, .box_w = 14, .box_h = 14, .ofs_x = 0, .ofs_y = -1},
    {.bitmap_index = 42742, .adv_w = 224, .box_w = 14, .box_h = 14, .ofs_x = 0, .ofs_y = -2},
    {.bitmap_index = 42840, .adv_w = 224, .box_w = 14, .box_h = 14, .ofs_x = 0, .ofs_y = -1},
    {.bitmap_index = 42938, .adv_w = 224, .box_w = 14, .box_h = 14, .ofs_x = 0, .ofs_y = -1},
    {.bitmap_index = 43036, .adv_w = 224, .box_w = 14, .box_h = 15, .ofs_x = 0, .ofs_y = -2},
    {.bitmap_index = 43141, .adv_w = 224, .box_w = 14, .box_h = 14, .ofs_x = 0, .ofs_y = -1},
    {.bitmap_index = 43239, .adv_w = 224, .box_w = 14, .box_h = 14, .ofs_x = 0, .ofs_y = -1},
    {.bitmap_index = 43337, .adv_w = 224, .box_w = 14, .box_h = 15, .ofs_x = 0, .ofs_y = -2},
    {.bitmap_index = 43442, .adv_w = 224, .box_w = 14, .box_h = 14, .ofs_x = 0, .ofs_y = -1},
    {.bitmap_index = 43540, .adv_w = 224, .box_w = 14, .box_h = 14, .ofs_x = 0, .ofs_y = -2},
    {.bitmap_index = 43638, .adv_w = 224, .box_w = 14, .box_h = 14, .ofs_x = 0, .ofs_y = -1},
    {.bitmap_index = 43736, .adv_w = 224, .box_w = 14, .box_h = 14, .ofs_x = 0, .ofs_y = -2},
    {.bitmap_index = 43834, .adv_w = 224, .box_w = 14, .box_h = 14, .ofs_x = 0, .ofs_y = -2},
    {.bitmap_index = 43932, .adv_w = 224, .box_w = 12, .box_h = 13, .ofs_x = 1, .ofs_y = -2},
    {.bitmap_index = 44010, .adv_w = 224, .box_w = 14, .box_h = 12, .ofs_x = 0, .ofs_y = -1},
    {.bitmap_index = 44094, .adv_w = 224, .box_w = 14, .box_h = 13, .ofs_x = 0, .ofs_y = -1},
    {.bitmap_index = 44185, .adv_w = 224, .box_w = 14, .box_h = 13, .ofs_x = 0, .ofs_y = -2},
    {.bitmap_index = 44276, .adv_w = 224, .box_w = 14, .box_h = 12, .ofs_x = 0, .ofs_y = -1},
    {.bitmap_index = 44360, .adv_w = 224, .box_w = 14, .box_h = 14, .ofs_x = 0, .ofs_y = -2},
    {.bitmap_index = 44458, .adv_w = 224, .box_w = 13, .box_h = 15, .ofs_x = 1, .ofs_y = -2},
    {.bitmap_index = 44556, .adv_w = 224, .box_w = 14, .box_h = 14, .ofs_x = 0, .ofs_y = -2},
    {.bitmap_index = 44654, .adv_w = 224, .box_w = 14, .box_h = 14, .ofs_x = 0, .ofs_y = -2},
    {.bitmap_index = 44752, .adv_w = 224, .box_w = 12, .box_h = 15, .ofs_x = 1, .ofs_y = -2},
    {.bitmap_index = 44842, .adv_w = 224, .box_w = 14, .box_h = 13, .ofs_x = 0, .ofs_y = -1},
    {.bitmap_index = 44933, .adv_w = 224, .box_w = 13, .box_h = 15, .ofs_x = 1, .ofs_y = -2},
    {.bitmap_index = 45031, .adv_w = 224, .box_w = 14, .box_h = 14, .ofs_x = 0, .ofs_y = -1},
    {.bitmap_index = 45129, .adv_w = 224, .box_w = 14, .box_h = 13, .ofs_x = 0, .ofs_y = -1},
    {.bitmap_index = 45220, .adv_w = 224, .box_w = 14, .box_h = 13, .ofs_x = 0, .ofs_y = -1},
    {.bitmap_index = 45311, .adv_w = 224, .box_w = 14, .box_h = 13, .ofs_x = 0, .ofs_y = -1},
    {.bitmap_index = 45402, .adv_w = 224, .box_w = 14, .box_h = 13, .ofs_x = 0, .ofs_y = -1},
    {.bitmap_index = 45493, .adv_w = 224, .box_w = 14, .box_h = 14, .ofs_x = 0, .ofs_y = -2},
    {.bitmap_index = 45591, .adv_w = 224, .box_w = 14, .box_h = 13, .ofs_x = 0, .ofs_y = -1},
    {.bitmap_index = 45682, .adv_w = 224, .box_w = 14, .box_h = 13, .ofs_x = 0, .ofs_y = -1},
    {.bitmap_index = 45773, .adv_w = 224, .box_w = 14, .box_h = 13, .ofs_x = 0, .ofs_y = -1},
    {.bitmap_index = 45864, .adv_w = 224, .box_w = 14, .box_h = 13, .ofs_x = 0, .ofs_y = -1},
    {.bitmap_index = 45955, .adv_w = 224, .box_w = 14, .box_h = 14, .ofs_x = 0, .ofs_y = -1},
    {.bitmap_index = 46053, .adv_w = 224, .box_w = 14, .box_h = 14, .ofs_x = 0, .ofs_y = -1},
    {.bitmap_index = 46151, .adv_w = 224, .box_w = 14, .box_h = 14, .ofs_x = 0, .ofs_y = -2},
    {.bitmap_index = 46249, .adv_w = 224, .box_w = 14, .box_h = 15, .ofs_x = 0, .ofs_y = -2},
    {.bitmap_index = 46354, .adv_w = 224, .box_w = 14, .box_h = 13, .ofs_x = 0, .ofs_y = -1},
    {.bitmap_index = 46445, .adv_w = 224, .box_w = 14, .box_h = 13, .ofs_x = 0, .ofs_y = -2},
    {.bitmap_index = 46536, .adv_w = 224, .box_w = 14, .box_h = 13, .ofs_x = 0, .ofs_y = -2},
    {.bitmap_index = 46627, .adv_w = 224, .box_w = 14, .box_h = 13, .ofs_x = 0, .ofs_y = -2},
    {.bitmap_index = 46718, .adv_w = 224, .box_w = 14, .box_h = 14, .ofs_x = 0, .ofs_y = -2},
    {.bitmap_index = 46816, .adv_w = 224, .box_w = 14, .box_h = 15, .ofs_x = 0, .ofs_y = -2},
    {.bitmap_index = 46921, .adv_w = 224, .box_w = 13, .box_h = 14, .ofs_x = 0, .ofs_y = -2},
    {.bitmap_index = 47012, .adv_w = 224, .box_w = 13, .box_h = 14, .ofs_x = 0, .ofs_y = -2},
    {.bitmap_index = 47103, .adv_w = 224, .box_w = 14, .box_h = 14, .ofs_x = 0, .ofs_y = -1},
    {.bitmap_index = 47201, .adv_w = 224, .box_w = 14, .box_h = 15, .ofs_x = 0, .ofs_y = -2},
    {.bitmap_index = 47306, .adv_w = 224, .box_w = 14, .box_h = 14, .ofs_x = 0, .ofs_y = -2},
    {.bitmap_index = 47404, .adv_w = 224, .box_w = 14, .box_h = 14, .ofs_x = 0, .ofs_y = -2},
    {.bitmap_index = 47502, .adv_w = 224, .box_w = 14, .box_h = 13, .ofs_x = 0, .ofs_y = -1},
    {.bitmap_index = 47593, .adv_w = 224, .box_w = 14, .box_h = 13, .ofs_x = 0, .ofs_y = -1},
    {.bitmap_index = 47684, .adv_w = 224, .box_w = 14, .box_h = 14, .ofs_x = 0, .ofs_y = -2},
    {.bitmap_index = 47782, .adv_w = 224, .box_w = 14, .box_h = 13, .ofs_x = 0, .ofs_y = -1},
    {.bitmap_index = 47873, .adv_w = 224, .box_w = 14, .box_h = 13, .ofs_x = 0, .ofs_y = -1},
    {.bitmap_index = 47964, .adv_w = 224, .box_w = 13, .box_h = 13, .ofs_x = 0, .ofs_y = -1},
    {.bitmap_index = 48049, .adv_w = 224, .box_w = 14, .box_h = 13, .ofs_x = 0, .ofs_y = -1},
    {.bitmap_index = 48140, .adv_w = 224, .box_w = 14, .box_h = 14, .ofs_x = 0, .ofs_y = -2},
    {.bitmap_index = 48238, .adv_w = 224, .box_w = 14, .box_h = 13, .ofs_x = 0, .ofs_y = -1},
    {.bitmap_index = 48329, .adv_w = 224, .box_w = 14, .box_h = 14, .ofs_x = 0, .ofs_y = -2},
    {.bitmap_index = 48427, .adv_w = 224, .box_w = 14, .box_h = 14, .ofs_x = 0, .ofs_y = -2},
    {.bitmap_index = 48525, .adv_w = 224, .box_w = 14, .box_h = 13, .ofs_x = 0, .ofs_y = -1},
    {.bitmap_index = 48616, .adv_w = 224, .box_w = 13, .box_h = 13, .ofs_x = 0, .ofs_y = -2},
    {.bitmap_index = 48701, .adv_w = 224, .box_w = 14, .box_h = 14, .ofs_x = 0, .ofs_y = -2},
    {.bitmap_index = 48799, .adv_w = 224, .box_w = 14, .box_h = 15, .ofs_x = 0, .ofs_y = -2},
    {.bitmap_index = 48904, .adv_w = 224, .box_w = 14, .box_h = 14, .ofs_x = 0, .ofs_y = -2},
    {.bitmap_index = 49002, .adv_w = 224, .box_w = 14, .box_h = 15, .ofs_x = 0, .ofs_y = -2},
    {.bitmap_index = 49107, .adv_w = 224, .box_w = 14, .box_h = 13, .ofs_x = 0, .ofs_y = -2},
    {.bitmap_index = 49198, .adv_w = 224, .box_w = 14, .box_h = 13, .ofs_x = 0, .ofs_y = -2},
    {.bitmap_index = 49289, .adv_w = 224, .box_w = 14, .box_h = 13, .ofs_x = 0, .ofs_y = -1},
    {.bitmap_index = 49380, .adv_w = 224, .box_w = 14, .box_h = 14, .ofs_x = 0, .ofs_y = -1},
    {.bitmap_index = 49478, .adv_w = 224, .box_w = 14, .box_h = 14, .ofs_x = 0, .ofs_y = -1},
    {.bitmap_index = 49576, .adv_w = 224, .box_w = 14, .box_h = 13, .ofs_x = 0, .ofs_y = -1},
    {.bitmap_index = 49667, .adv_w = 224, .box_w = 14, .box_h = 14, .ofs_x = 0, .ofs_y = -2},
    {.bitmap_index = 49765, .adv_w = 224, .box_w = 14, .box_h = 13, .ofs_x = 0, .ofs_y = -1},
    {.bitmap_index = 49856, .adv_w = 224, .box_w = 14, .box_h = 14, .ofs_x = 0, .ofs_y = -2},
    {.bitmap_index = 49954, .adv_w = 224, .box_w = 14, .box_h = 14, .ofs_x = 0, .ofs_y = -2},
    {.bitmap_index = 50052, .adv_w = 224, .box_w = 14, .box_h = 14, .ofs_x = 0, .ofs_y = -2},
    {.bitmap_index = 50150, .adv_w = 224, .box_w = 14, .box_h = 14, .ofs_x = 0, .ofs_y = -2},
    {.bitmap_index = 50248, .adv_w = 224, .box_w = 14, .box_h = 15, .ofs_x = 0, .ofs_y = -2},
    {.bitmap_index = 50353, .adv_w = 224, .box_w = 14, .box_h = 14, .ofs_x = 0, .ofs_y = -2},
    {.bitmap_index = 50451, .adv_w = 224, .box_w = 14, .box_h = 14, .ofs_x = 0, .ofs_y = -2},
    {.bitmap_index = 50549, .adv_w = 224, .box_w = 14, .box_h = 14, .ofs_x = 0, .ofs_y = -2},
    {.bitmap_index = 50647, .adv_w = 224, .box_w = 14, .box_h = 14, .ofs_x = 0, .ofs_y = -2},
    {.bitmap_index = 50745, .adv_w = 224, .box_w = 14, .box_h = 15, .ofs_x = 0, .ofs_y = -2},
    {.bitmap_index = 50850, .adv_w = 224, .box_w = 14, .box_h = 14, .ofs_x = 0, .ofs_y = -2},
    {.bitmap_index = 50948, .adv_w = 224, .box_w = 14, .box_h = 14, .ofs_x = 0, .ofs_y = -2},
    {.bitmap_index = 51046, .adv_w = 224, .box_w = 14, .box_h = 15, .ofs_x = 0, .ofs_y = -2},
    {.bitmap_index = 51151, .adv_w = 224, .box_w = 14, .box_h = 14, .ofs_x = 0, .ofs_y = -2},
    {.bitmap_index = 51249, .adv_w = 224, .box_w = 14, .box_h = 14, .ofs_x = 0, .ofs_y = -2},
    {.bitmap_index = 51347, .adv_w = 224, .box_w = 14, .box_h = 14, .ofs_x = 0, .ofs_y = -2},
    {.bitmap_index = 51445, .adv_w = 224, .box_w = 14, .box_h = 14, .ofs_x = 0, .ofs_y = -2},
    {.bitmap_index = 51543, .adv_w = 224, .box_w = 14, .box_h = 14, .ofs_x = 0, .ofs_y = -2},
    {.bitmap_index = 51641, .adv_w = 224, .box_w = 14, .box_h = 15, .ofs_x = 0, .ofs_y = -2},
    {.bitmap_index = 51746, .adv_w = 224, .box_w = 14, .box_h = 15, .ofs_x = 0, .ofs_y = -2},
    {.bitmap_index = 51851, .adv_w = 224, .box_w = 14, .box_h = 14, .ofs_x = 0, .ofs_y = -2},
    {.bitmap_index = 51949, .adv_w = 224, .box_w = 14, .box_h = 13, .ofs_x = 0, .ofs_y = -1},
    {.bitmap_index = 52040, .adv_w = 224, .box_w = 14, .box_h = 12, .ofs_x = 0, .ofs_y = -1},
    {.bitmap_index = 52124, .adv_w = 224, .box_w = 14, .box_h = 12, .ofs_x = 0, .ofs_y = -1},
    {.bitmap_index = 52208, .adv_w = 224, .box_w = 14, .box_h = 14, .ofs_x = 0, .ofs_y = -2},
    {.bitmap_index = 52306, .adv_w = 224, .box_w = 14, .box_h = 12, .ofs_x = 0, .ofs_y = -1},
    {.bitmap_index = 52390, .adv_w = 224, .box_w = 14, .box_h = 13, .ofs_x = 0, .ofs_y = -1},
    {.bitmap_index = 52481, .adv_w = 224, .box_w = 14, .box_h = 12, .ofs_x = 0, .ofs_y = -1},
    {.bitmap_index = 52565, .adv_w = 224, .box_w = 14, .box_h = 15, .ofs_x = 0, .ofs_y = -2},
    {.bitmap_index = 52670, .adv_w = 224, .box_w = 14, .box_h = 15, .ofs_x = 0, .ofs_y = -2},
    {.bitmap_index = 52775, .adv_w = 224, .box_w = 14, .box_h = 15, .ofs_x = 0, .ofs_y = -2},
    {.bitmap_index = 52880, .adv_w = 224, .box_w = 14, .box_h = 14, .ofs_x = 0, .ofs_y = -2},
    {.bitmap_index = 52978, .adv_w = 224, .box_w = 12, .box_h = 13, .ofs_x = 1, .ofs_y = -1},
    {.bitmap_index = 53056, .adv_w = 224, .box_w = 12, .box_h = 13, .ofs_x = 1, .ofs_y = -1},
    {.bitmap_index = 53134, .adv_w = 224, .box_w = 12, .box_h = 13, .ofs_x = 1, .ofs_y = -1},
    {.bitmap_index = 53212, .adv_w = 224, .box_w = 12, .box_h = 13, .ofs_x = 1, .ofs_y = -1},
    {.bitmap_index = 53290, .adv_w = 224, .box_w = 13, .box_h = 14, .ofs_x = 1, .ofs_y = -2},
    {.bitmap_index = 53381, .adv_w = 224, .box_w = 13, .box_h = 14, .ofs_x = 1, .ofs_y = -2},
    {.bitmap_index = 53472, .adv_w = 224, .box_w = 13, .box_h = 13, .ofs_x = 1, .ofs_y = -1},
    {.bitmap_index = 53557, .adv_w = 224, .box_w = 13, .box_h = 13, .ofs_x = 1, .ofs_y = -1},
    {.bitmap_index = 53642, .adv_w = 224, .box_w = 13, .box_h = 13, .ofs_x = 1, .ofs_y = -1},
    {.bitmap_index = 53727, .adv_w = 224, .box_w = 14, .box_h = 14, .ofs_x = 0, .ofs_y = -1},
    {.bitmap_index = 53825, .adv_w = 224, .box_w = 12, .box_h = 12, .ofs_x = 1, .ofs_y = -1},
    {.bitmap_index = 53897, .adv_w = 224, .box_w = 12, .box_h = 12, .ofs_x = 1, .ofs_y = -1},
    {.bitmap_index = 53969, .adv_w = 224, .box_w = 12, .box_h = 12, .ofs_x = 1, .ofs_y = -1},
    {.bitmap_index = 54041, .adv_w = 224, .box_w = 13, .box_h = 13, .ofs_x = 0, .ofs_y = -2},
    {.bitmap_index = 54126, .adv_w = 224, .box_w = 14, .box_h = 13, .ofs_x = 0, .ofs_y = -2},
    {.bitmap_index = 54217, .adv_w = 224, .box_w = 14, .box_h = 15, .ofs_x = 0, .ofs_y = -2},
    {.bitmap_index = 54322, .adv_w = 224, .box_w = 14, .box_h = 13, .ofs_x = 0, .ofs_y = -1},
    {.bitmap_index = 54413, .adv_w = 224, .box_w = 14, .box_h = 12, .ofs_x = 0, .ofs_y = -1},
    {.bitmap_index = 54497, .adv_w = 224, .box_w = 14, .box_h = 13, .ofs_x = 0, .ofs_y = -1},
    {.bitmap_index = 54588, .adv_w = 224, .box_w = 13, .box_h = 13, .ofs_x = 0, .ofs_y = -2},
    {.bitmap_index = 54673, .adv_w = 224, .box_w = 14, .box_h = 13, .ofs_x = 0, .ofs_y = -2},
    {.bitmap_index = 54764, .adv_w = 224, .box_w = 14, .box_h = 13, .ofs_x = 0, .ofs_y = -2},
    {.bitmap_index = 54855, .adv_w = 224, .box_w = 14, .box_h = 14, .ofs_x = 0, .ofs_y = -2},
    {.bitmap_index = 54953, .adv_w = 224, .box_w = 14, .box_h = 13, .ofs_x = 0, .ofs_y = -2},
    {.bitmap_index = 55044, .adv_w = 224, .box_w = 14, .box_h = 14, .ofs_x = 0, .ofs_y = -2},
    {.bitmap_index = 55142, .adv_w = 224, .box_w = 14, .box_h = 13, .ofs_x = 0, .ofs_y = -2},
    {.bitmap_index = 55233, .adv_w = 224, .box_w = 14, .box_h = 14, .ofs_x = 0, .ofs_y = -2},
    {.bitmap_index = 55331, .adv_w = 224, .box_w = 14, .box_h = 13, .ofs_x = 0, .ofs_y = -2},
    {.bitmap_index = 55422, .adv_w = 224, .box_w = 14, .box_h = 13, .ofs_x = 0, .ofs_y = -2},
    {.bitmap_index = 55513, .adv_w = 224, .box_w = 14, .box_h = 15, .ofs_x = 0, .ofs_y = -2},
    {.bitmap_index = 55618, .adv_w = 224, .box_w = 14, .box_h = 14, .ofs_x = 0, .ofs_y = -2},
    {.bitmap_index = 55716, .adv_w = 224, .box_w = 14, .box_h = 13, .ofs_x = 0, .ofs_y = -2},
    {.bitmap_index = 55807, .adv_w = 224, .box_w = 14, .box_h = 14, .ofs_x = 0, .ofs_y = -2},
    {.bitmap_index = 55905, .adv_w = 224, .box_w = 3, .box_h = 7, .ofs_x = 2, .ofs_y = -4}
};

/*---------------------
 *  CHARACTER MAPPING
 *--------------------*/

static const uint16_t unicode_list_1[] = {
    0x0, 0x7, 0x2f52, 0x4d50, 0x4d59, 0x4d5a, 0x4d5b, 0x4d5d,
    0x4d5e, 0x4d63, 0x4d74, 0x4d7a, 0x4d7d, 0x4d8a, 0x4d8b, 0x4d95,
    0x4d99, 0x4da0, 0x4dde, 0x4de1, 0x4de2, 0x4df4, 0x4df7, 0x4dfe,
    0x4e0a, 0x4e11, 0x4e15, 0x4e1a, 0x4e1d, 0x4e1e, 0x4e34, 0x4e35,
    0x4e42, 0x4e4b, 0x4e4d, 0x4e61, 0x4e68, 0x4e6a, 0x4e84, 0x4e9d,
    0x4e9e, 0x4e9f, 0x4ea3, 0x4ea9, 0x4eac, 0x4eb0, 0x4ecf, 0x4edb,
    0x4f0f, 0x4f2d, 0x4f31, 0x4f62, 0x4f76, 0x4f8c, 0x4f8e, 0x4f9f,
    0x4fac, 0x4fc6, 0x501f, 0x5093, 0x5095, 0x5098, 0x5099, 0x509b,
    0x509d, 0x50b5, 0x50b8, 0x50bb, 0x50c1, 0x50c3, 0x50c7, 0x50d5,
    0x50dd, 0x5103, 0x5116, 0x511f, 0x5146, 0x514a, 0x514b, 0x5156,
    0x5157, 0x5169, 0x517b, 0x5180, 0x5186, 0x5187, 0x519d, 0x51b9,
    0x51ba, 0x51eb, 0x51f1, 0x51f8, 0x51f9, 0x520f, 0x5255, 0x5266,
    0x528a, 0x528b, 0x5298, 0x529a, 0x529f, 0x52a5, 0x52c3, 0x52d6,
    0x52db, 0x52ef, 0x5312, 0x531c, 0x531d, 0x5321, 0x5328, 0x5330,
    0x5333, 0x533a, 0x533f, 0x5340, 0x5343, 0x5347, 0x5353, 0x5354,
    0x5358, 0x535c, 0x535d, 0x535e, 0x5361, 0x5376, 0x537b, 0x537c,
    0x537f, 0x5388, 0x5396, 0x53b8, 0x53cc, 0x53cd, 0x53dc, 0x5410,
    0x5411, 0x541d, 0x54b6, 0x54ec, 0x54ed, 0x55b8, 0x562e, 0x5640,
    0x564e, 0x5656, 0x5658, 0x5678, 0x5680, 0x568a, 0x5697, 0x56d2,
    0x572f, 0x574a, 0x57ae, 0x57d3, 0x57ee, 0x5840, 0x5854, 0x5857,
    0x585d, 0x5866, 0x586a, 0x586c, 0x5877, 0x5879, 0x5881, 0x5884,
    0x5897, 0x58cd, 0x591b, 0x5924, 0x59e2, 0x5aa0, 0x5aa4, 0x5aa7,
    0x5aa8, 0x5ad9, 0x5adc, 0x5aea, 0x5aee, 0x5af1, 0x5b09, 0x5b0d,
    0x5b49, 0x5b54, 0x5b56, 0x5b5f, 0x5b64, 0x5b81, 0x5b8e, 0x5b90,
    0x5b98, 0x5b9f, 0x5d35, 0x5d36, 0x5d42, 0x5d76, 0x5d77, 0x5d7e,
    0x5da5, 0x5dc3, 0x5dc6, 0x5de4, 0x5de5, 0x5df6, 0x5df7, 0x5e46,
    0x5e50, 0x5e52, 0x5e5f, 0x5e77, 0x5e7f, 0x5e81, 0x5e89, 0x5e8a,
    0x5ea3, 0x5ea7, 0x5eb2, 0x5ed4, 0x5ed5, 0x5edb, 0x5efa, 0x5efe,
    0x5f13, 0x5f16, 0x5f27, 0x5f3b, 0x5f51, 0x5f77, 0x5f8b, 0x6015,
    0x601a, 0x606f, 0x60b2, 0x6160, 0x6161, 0x6187, 0x618f, 0x6190,
    0x6191, 0x619b, 0x61a8, 0x61b7, 0x61b9, 0x61bb, 0x61bc, 0x61f5,
    0x61fc, 0x6205, 0x620d, 0x6219, 0x6226, 0x622f, 0x6251, 0x6257,
    0x62b2, 0x62e2, 0x62f5, 0x62f7, 0x6320, 0x6322, 0x636c, 0x6394,
    0x63fd, 0x641d, 0x6486, 0x648e, 0x6498, 0x64b3, 0x64c0, 0x64c4,
    0x64d7, 0x64e9, 0x64ec, 0x6500, 0x6509, 0x651b, 0x6530, 0x6535,
    0x6539, 0x6546, 0x655e, 0x656f, 0x657f, 0x658e, 0x6593, 0x65a5,
    0x65bf, 0x65c4, 0x65d2, 0x65e7, 0x6642, 0x6644, 0x6650, 0x6658,
    0x6659, 0x6667, 0x666d, 0x666f, 0x667c, 0x668a, 0x669f, 0x66af,
    0x66b1, 0x66b5, 0x66cf, 0x66d1, 0x66d4, 0x66e0, 0x66ec, 0x6723,
    0x6724, 0x6757, 0x6771, 0x6787, 0x6798, 0x685d, 0x6971, 0x6a71,
    0x6a72, 0x6a8e, 0x6a9c, 0x6ab3, 0x6b05, 0x6b1f, 0x6b24, 0x6b64,
    0x6b84, 0x6b92, 0x6bb0, 0x6c38, 0x6c3a, 0x6c9b, 0x6cd8, 0x6cef,
    0x6d31, 0x6d55, 0x6d60, 0x6d71, 0x6d79, 0x6d82, 0x6dcf, 0x6de0,
    0x6e2e, 0x6e31, 0x6e52, 0x6e7a, 0x6fbb, 0x6fbf, 0x7009, 0x7086,
    0x7181, 0x71a9, 0x71c9, 0x7206, 0x727b, 0x72d7, 0x72ff, 0x7300,
    0x7353, 0x7356, 0x746f, 0x7478, 0x7481, 0x7485, 0x748b, 0x749c,
    0x74a9, 0x74b5, 0x74e7, 0x75d4, 0x7626, 0x763e, 0x7644, 0x7648,
    0x765b, 0x766f, 0x7670, 0x7678, 0x7686, 0x768c, 0x7691, 0x76a1,
    0x76ab, 0x76b1, 0x76fc, 0x7703, 0x7732, 0x7735, 0x77be, 0x77de,
    0x7811, 0x788a, 0x790b, 0x7911, 0x7922, 0x792f, 0x7940, 0x794b,
    0x795b, 0x79ca, 0x79e7, 0x7a1b, 0x7a26, 0x7a3f, 0x7a61, 0x7a99,
    0x7ad0, 0x7ae7, 0x7b77, 0x7be2, 0x7c4b, 0x7c70, 0x7c72, 0x7c7b,
    0x7df4, 0x7df6, 0x7df7, 0x7e09, 0x7e0f, 0x7e16, 0x7e1f, 0x7e23,
    0x7e25, 0x7e28, 0x7e2c, 0x7e2f, 0x7e37, 0x7e3a, 0x7e3d, 0x7e44,
    0x7e63, 0x7e68, 0x7e6d, 0x7e79, 0x7ea1, 0x7ebe, 0x7f53, 0x7f5c,
    0x7f83, 0x7f96, 0x804d, 0x8061, 0x80ec, 0x813a, 0x815d, 0x81bf,
    0x81c2, 0x8235, 0x82bf, 0x838d, 0x842d, 0x851f, 0x85aa, 0x85c9,
    0x870a, 0x879c, 0x87b1, 0x87b5, 0x87b8, 0x87bc, 0x8811, 0x88d1,
    0x88d6, 0x8911, 0x8916, 0x8918, 0x8919, 0x8933, 0x8af1, 0x8af4,
    0x8afe, 0x8aff, 0x8b00, 0x8b06, 0x8b0e, 0x8b14, 0x8b16, 0x8b1d,
    0x8b2d, 0x8b35, 0x8b3d, 0x8b47, 0x8b4b, 0x8b81, 0x8c6d, 0x8c75,
    0x8c94, 0x8cc7, 0x8cdb, 0x8d03, 0x8d2f, 0x8d3f, 0x8dfb, 0x8ebe,
    0x8ecb, 0x8ed3, 0x8ee3, 0x8f09, 0x8f17, 0x8f20, 0x8f28, 0x8f29,
    0x8f2b, 0x8f2e, 0x8f2f, 0x8f50, 0x8f51, 0x8f5f, 0x8f60, 0x8f62,
    0x8f64, 0x8f67, 0x8f6a, 0x8f6f, 0x8f70, 0x8fa3, 0x8fbe, 0x8fcf,
    0x9038, 0x909d, 0x90e2, 0x911a, 0x911c, 0x911d, 0x911f, 0x93ef,
    0x947e, 0x94ac, 0x94cf, 0x953d, 0x9542, 0x9544, 0x9549, 0x956f,
    0x959d, 0x95ba, 0x95df, 0x95e0, 0x9616, 0x9638, 0x963a, 0x9647,
    0x964e, 0x9650, 0x96a9, 0x96ae, 0x96b2, 0x9743, 0x97c5, 0x97c6,
    0x97c9, 0x97cf, 0x97d4, 0x97e1, 0x97e8, 0x97ec, 0x981e, 0x9828,
    0x9a28, 0x9df6, 0x9e21, 0x9e28, 0xfe5c
};

/*Collect the unicode lists and glyph_id offsets*/
static const lv_font_fmt_txt_cmap_t cmaps[] =
{
    {
        .range_start = 32, .range_length = 95, .glyph_id_start = 1,
        .unicode_list = NULL, .glyph_id_ofs_list = NULL, .list_length = 0, .type = LV_FONT_FMT_TXT_CMAP_FORMAT0_TINY
    },
    {
        .range_start = 176, .range_length = 65117, .glyph_id_start = 96,
        .unicode_list = unicode_list_1, .glyph_id_ofs_list = NULL, .list_length = 565, .type = LV_FONT_FMT_TXT_CMAP_SPARSE_TINY
    }
};

/*-----------------
 *    KERNING
 *----------------*/


/*Map glyph_ids to kern left classes*/
static const uint8_t kern_left_class_mapping[] =
{
    0, 0, 0, 1, 0, 0, 0, 2,
    1, 0, 0, 0, 0, 3, 4, 3,
    5, 6, 0, 7, 8, 9, 10, 11,
    12, 13, 14, 0, 0, 0, 0, 0,
    15, 0, 16, 17, 18, 19, 20, 21,
    22, 0, 0, 23, 24, 25, 0, 0,
    19, 26, 27, 28, 29, 30, 31, 32,
    33, 34, 35, 36, 0, 0, 0, 0,
    0, 0, 37, 38, 39, 0, 40, 41,
    42, 43, 0, 0, 44, 45, 43, 43,
    38, 38, 42, 46, 47, 48, 42, 49,
    50, 51, 49, 52, 0, 0, 0, 0,
    0, 0, 0, 0, 0, 0, 0, 0,
    0, 0, 0, 0, 0, 0, 0, 0,
    0, 0, 0, 0, 0, 0, 0, 0,
    0, 0, 0, 0, 0, 0, 0, 0,
    0, 0, 0, 0, 0, 0, 0, 0,
    0, 0, 0, 0, 0, 0, 0, 0,
    0, 0, 0, 0, 0, 0, 0, 0,
    0, 0, 0, 0, 0, 0, 0, 0,
    0, 0, 0, 0, 0, 0, 0, 0,
    0, 0, 0, 0, 0, 0, 0, 0,
    0, 0, 0, 0, 0, 0, 0, 0,
    0, 0, 0, 0, 0, 0, 0, 0,
    0, 0, 0, 0, 0, 0, 0, 0,
    0, 0, 0, 0, 0, 0, 0, 0,
    0, 0, 0, 0, 0, 0, 0, 0,
    0, 0, 0, 0, 0, 0, 0, 0,
    0, 0, 0, 0, 0, 0, 0, 0,
    0, 0, 0, 0, 0, 0, 0, 0,
    0, 0, 0, 0, 0, 0, 0, 0,
    0, 0, 0, 0, 0, 0, 0, 0,
    0, 0, 0, 0, 0, 0, 0, 0,
    0, 0, 0, 0, 0, 0, 0, 0,
    0, 0, 0, 0, 0, 0, 0, 0,
    0, 0, 0, 0, 0, 0, 0, 0,
    0, 0, 0, 0, 0, 0, 0, 0,
    0, 0, 0, 0, 0, 0, 0, 0,
    0, 0, 0, 0, 0, 0, 0, 0,
    0, 0, 0, 0, 0, 0, 0, 0,
    0, 0, 0, 0, 0, 0, 0, 0,
    0, 0, 0, 0, 0, 0, 0, 0,
    0, 0, 0, 0, 0, 0, 0, 0,
    0, 0, 0, 0, 0, 0, 0, 0,
    0, 0, 0, 0, 0, 0, 0, 0,
    0, 0, 0, 0, 0, 0, 0, 0,
    0, 0, 0, 0, 0, 0, 0, 0,
    0, 0, 0, 0, 0, 0, 0, 0,
    0, 0, 0, 0, 0, 0, 0, 0,
    0, 0, 0, 0, 0, 0, 0, 0,
    0, 0, 0, 0, 0, 0, 0, 0,
    0, 0, 0, 0, 0, 0, 0, 0,
    0, 0, 0, 0, 0, 0, 0, 0,
    0, 0, 0, 0, 0, 0, 0, 0,
    0, 0, 0, 0, 0, 0, 0, 0,
    0, 0, 0, 0, 0, 0, 0, 0,
    0, 0, 0, 0, 0, 0, 0, 0,
    0, 0, 0, 0, 0, 0, 0, 0,
    0, 0, 0, 0, 0, 0, 0, 0,
    0, 0, 0, 0, 0, 0, 0, 0,
    0, 0, 0, 0, 0, 0, 0, 0,
    0, 0, 0, 0, 0, 0, 0, 0,
    0, 0, 0, 0, 0, 0, 0, 0,
    0, 0, 0, 0, 0, 0, 0, 0,
    0, 0, 0, 0, 0, 0, 0, 0,
    0, 0, 0, 0, 0, 0, 0, 0,
    0, 0, 0, 0, 0, 0, 0, 0,
    0, 0, 0, 0, 0, 0, 0, 0,
    0, 0, 0, 0, 0, 0, 0, 0,
    0, 0, 0, 0, 0, 0, 0, 0,
    0, 0, 0, 0, 0, 0, 0, 0,
    0, 0, 0, 0, 0, 0, 0, 0,
    0, 0, 0, 0, 0, 0, 0, 0,
    0, 0, 0, 0, 0, 0, 0, 0,
    0, 0, 0, 0, 0, 0, 0, 0,
    0, 0, 0, 0, 0, 0, 0, 0,
    0, 0, 0, 0, 0, 0, 0, 0,
    0, 0, 0, 0, 0, 0, 0, 0,
    0, 0, 0, 0, 0, 0, 0, 0,
    0, 0, 0, 0, 0, 0, 0, 0,
    0, 0, 0, 0, 0, 0, 0, 0,
    0, 0, 0, 0, 0, 0, 0, 0,
    0, 0, 0, 0, 3
};

/*Map glyph_ids to kern right classes*/
static const uint8_t kern_right_class_mapping[] =
{
    0, 0, 0, 1, 0, 0, 0, 2,
    1, 0, 0, 0, 0, 3, 4, 3,
    5, 6, 7, 8, 9, 10, 11, 12,
    13, 14, 15, 0, 0, 0, 0, 0,
    16, 0, 17, 0, 18, 0, 0, 0,
    18, 0, 0, 19, 0, 0, 0, 0,
    18, 0, 18, 0, 20, 21, 22, 23,
    24, 25, 26, 27, 0, 0, 0, 0,
    0, 0, 28, 0, 29, 29, 29, 30,
    29, 0, 31, 31, 0, 32, 33, 33,
    29, 33, 29, 33, 34, 35, 36, 37,
    38, 39, 37, 40, 0, 0, 0, 0,
    0, 0, 0, 0, 0, 0, 0, 0,
    0, 0, 0, 0, 0, 0, 0, 0,
    0, 0, 0, 0, 0, 0, 0, 0,
    0, 0, 0, 0, 0, 0, 0, 0,
    0, 0, 0, 0, 0, 0, 0, 0,
    0, 0, 0, 0, 0, 0, 0, 0,
    0, 0, 0, 0, 0, 0, 0, 0,
    0, 0, 0, 0, 0, 0, 0, 0,
    0, 0, 0, 0, 0, 0, 0, 0,
    0, 0, 0, 0, 0, 0, 0, 0,
    0, 0, 0, 0, 0, 0, 0, 0,
    0, 0, 0, 0, 0, 0, 0, 0,
    0, 0, 0, 0, 0, 0, 0, 0,
    0, 0, 0, 0, 0, 0, 0, 0,
    0, 0, 0, 0, 0, 0, 0, 0,
    0, 0, 0, 0, 0, 0, 0, 0,
    0, 0, 0, 0, 0, 0, 0, 0,
    0, 0, 0, 0, 0, 0, 0, 0,
    0, 0, 0, 0, 0, 0, 0, 0,
    0, 0, 0, 0, 0, 0, 0, 0,
    0, 0, 0, 0, 0, 0, 0, 0,
    0, 0, 0, 0, 0, 0, 0, 0,
    0, 0, 0, 0, 0, 0, 0, 0,
    0, 0, 0, 0, 0, 0, 0, 0,
    0, 0, 0, 0, 0, 0, 0, 0,
    0, 0, 0, 0, 0, 0, 0, 0,
    0, 0, 0, 0, 0, 0, 0, 0,
    0, 0, 0, 0, 0, 0, 0, 0,
    0, 0, 0, 0, 0, 0, 0, 0,
    0, 0, 0, 0, 0, 0, 0, 0,
    0, 0, 0, 0, 0, 0, 0, 0,
    0, 0, 0, 0, 0, 0, 0, 0,
    0, 0, 0, 0, 0, 0, 0, 0,
    0, 0, 0, 0, 0, 0, 0, 0,
    0, 0, 0, 0, 0, 0, 0, 0,
    0, 0, 0, 0, 0, 0, 0, 0,
    0, 0, 0, 0, 0, 0, 0, 0,
    0, 0, 0, 0, 0, 0, 0, 0,
    0, 0, 0, 0, 0, 0, 0, 0,
    0, 0, 0, 0, 0, 0, 0, 0,
    0, 0, 0, 0, 0, 0, 0, 0,
    0, 0, 0, 0, 0, 0, 0, 0,
    0, 0, 0, 0, 0, 0, 0, 0,
    0, 0, 0, 0, 0, 0, 0, 0,
    0, 0, 0, 0, 0, 0, 0, 0,
    0, 0, 0, 0, 0, 0, 0, 0,
    0, 0, 0, 0, 0, 0, 0, 0,
    0, 0, 0, 0, 0, 0, 0, 0,
    0, 0, 0, 0, 0, 0, 0, 0,
    0, 0, 0, 0, 0, 0, 0, 0,
    0, 0, 0, 0, 0, 0, 0, 0,
    0, 0, 0, 0, 0, 0, 0, 0,
    0, 0, 0, 0, 0, 0, 0, 0,
    0, 0, 0, 0, 0, 0, 0, 0,
    0, 0, 0, 0, 0, 0, 0, 0,
    0, 0, 0, 0, 0, 0, 0, 0,
    0, 0, 0, 0, 0, 0, 0, 0,
    0, 0, 0, 0, 0, 0, 0, 0,
    0, 0, 0, 0, 0, 0, 0, 0,
    0, 0, 0, 0, 0, 0, 0, 0,
    0, 0, 0, 0, 0, 0, 0, 0,
    0, 0, 0, 0, 0, 0, 0, 0,
    0, 0, 0, 0, 0, 0, 0, 0,
    0, 0, 0, 0, 0, 0, 0, 0,
    0, 0, 0, 0, 0, 0, 0, 0,
    0, 0, 0, 0, 0, 0, 0, 0,
    0, 0, 0, 0, 0, 0, 0, 0,
    0, 0, 0, 0, 0, 0, 0, 0,
    0, 0, 0, 0, 0, 0, 0, 0,
    0, 0, 0, 0, 0, 0, 0, 0,
    0, 0, 0, 0, 3
};

/*Kern values between classes*/
static const int8_t kern_class_values[] =
{
    0, 0, 0, 0, 0, 0, 0, 0,
    0, -21, 0, -13, 5, 0, 0, 0,
    0, 0, 0, 0, 0, 0, 0, 0,
    0, 0, 0, 0, 0, 0, 0, 0,
    0, 0, 0, 0, 0, 0, 0, 0,
    0, 0, 0, 0, 0, 0, 0, 0,
    0, 0, 0, 0, 0, 0, 0, 0,
    0, -3, -8, -8, -25, -9, -25, -16,
    0, -27, 0, -5, -4, -2, 0, -5,
    0, 0, -10, 0, -13, -9, 0, 0,
    0, 0, 0, 0, 0, -6, -23, 0,
    0, -8, -4, -3, -6, -1, -22, 0,
    0, 0, 0, 0, 0, 0, 0, 0,
    0, 0, 0, 0, 0, 0, 0, 0,
    0, 0, 0, 0, 0, 0, 0, 0,
    0, 0, 0, 0, 0, 0, 0, -8,
    0, 0, 0, 0, -9, 0, 0, 0,
    0, 0, 0, 0, 0, 0, 0, 0,
    0, 0, 0, 0, 0, 0, 0, 0,
    0, 0, 0, 0, 0, 0, 0, 0,
    0, 0, 0, 0, 0, 0, 0, 0,
    0, -17, 0, -11, 0, 0, 0, 0,
    0, 0, 0, 0, 0, 0, 0, 0,
    0, 0, 0, 0, 0, 0, 0, 0,
    0, 0, 0, 0, 0, 0, 0, 0,
    0, 0, -6, 0, 0, 0, 0, -4,
    -5, 0, 0, 0, -3, 0, 0, 0,
    -7, 0, -6, 0, -6, 0, -7, -4,
    0, -12, 0, 0, 0, 0, 0, 0,
    0, 0, 0, 0, 0, 0, 0, 0,
    0, 0, 0, -2, 0, -3, 0, 0,
    -5, -6, 0, -4, 0, 0, 0, 0,
    0, 0, 0, 0, 0, 0, -4, 0,
    0, -7, 0, 0, 0, 0, 0, 0,
    0, 0, 0, 0, 0, 0, 0, 0,
    0, 0, -3, 0, 0, 0, 0, -4,
    0, 0, 0, 0, 0, 0, -3, -5,
    0, 0, 0, 0, 0, 0, 0, 0,
    -3, -4, 0, 0, 0, 0, 0, 0,
    0, 0, 0, 0, 0, 0, 0, 0,
    -4, 0, 0, 0, 0, 0, -4, 0,
    -4, 0, 0, 0, -6, 0, -4, -7,
    0, 0, 0, 0, -6, 0, -9, 0,
    0, -9, 2, 0, 0, 0, 0, 0,
    0, 0, 0, 0, 0, 0, 0, 0,
    0, 0, -4, 0, 0, 0, -5, 0,
    0, 0, 0, 0, -4, 0, 0, -8,
    0, 0, 0, 0, 0, 0, -5, 0,
    -8, 0, 0, 0, 0, 0, 0, 0,
    0, 0, 0, 0, 0, 0, 0, 0,
    -17, 0, -3, 0, 0, 0, -13, 0,
    0, 0, 0, 0, -10, 0, -2, -16,
    0, 0, 0, 0, -21, 0, -18, 0,
    -7, -25, 0, 0, 0, 0, 0, 0,
    0, 0, 0, 0, -9, 0, -9, -4,
    5, 0, -29, -5, -18, -3, 0, 0,
    0, -16, 0, -15, 4, -6, 0, 3,
    -24, 0, -27, 0, 0, 0, 0, 0,
    0, 0, 0, -17, -15, -4, 0, 0,
    -8, -11, 0, -7, 0, 0, -7, -6,
    0, 0, -1, 0, 0, 0, 0, 0,
    0, 0, 0, 0, -3, 0, -5, -4,
    0, 0, 0, 0, -5, 0, -6, 0,
    0, -10, 0, 0, 0, 0, 0, 0,
    0, 0, 0, 0, 0, 0, -6, 0,
    0, 0, -21, 0, -11, 0, 0, 0,
    0, -6, 0, -5, 0, -5, 0, 0,
    -16, 0, -21, 0, 0, 0, -3, 0,
    -12, -7, 0, -8, -6, 3, 0, 0,
    0, 0, 1, 0, 0, 0, 0, 0,
    0, 0, 0, 0, 0, 0, 0, 0,
    0, -13, -3, -9, 2, -4, 0, 0,
    0, 0, 0, 0, 0, 0, 0, 0,
    0, 0, 0, 0, 0, 0, 0, 0,
    0, 0, 0, 0, 0, 0, 0, 0,
    -24, -1, 0, -13, 0, -7, -16, 0,
    0, 0, 0, 0, 0, 0, -17, -19,
    0, -9, 0, 0, -20, -4, -25, -17,
    0, -27, 0, 0, -4, -4, 0, -3,
    0, 0, -10, -4, -14, -11, 0, 0,
    -7, 0, -3, 0, 0, 0, 0, 0,
    0, 0, 0, 0, 0, 0, 0, -6,
    -5, 0, -2, 0, -5, 0, -9, -4,
    -5, -8, -3, 0, 0, 0, 0, 0,
    0, 0, 0, 0, -3, 0, -1, -2,
    0, 0, 0, -10, 0, 0, 0, 0,
    0, 0, 0, 0, 0, 0, 0, 0,
    0, -4, 0, 0, -1, 0, 0, 0,
    -7, -10, -2, -3, -6, 0, 0, 0,
    0, 0, 0, 0, -4, -4, -2, 0,
    -5, 0, -8, 0, 0, 0, 0, 0,
    0, 0, 0, 0, 0, 0, 0, -6,
    -9, 0, -12, 0, -7, 0, -10, -4,
    -13, -13, -8, 0, 0, 0, 0, 0,
    0, 0, 0, 0, 0, 0, 0, -3,
    0, -3, 0, 0, 0, 0, 0, 0,
    0, 0, 0, 0, 0, 0, 0, 0,
    0, -3, 0, 0, 0, 0, 0, 0,
    0, 0, 0, 0, 0, 0, 0, 0,
    0, 0, 0, 0, -5, -4, 0, 0,
    3, -5, -15, 0, 0, 0, 0, 0,
    0, -5, 0, -5, 0, 0, 0, 0,
    -14, 0, -35, -3, 0, 0, 0, 0,
    -4, 0, 0, -10, -5, 0, 0, 0,
    -4, -3, 0, -4, -2, -2, -7, -3,
    0, 0, 0, 0, 0, 0, 0, 0,
    0, 0, 0, 0, 0, 0, 0, -5,
    -5, 0, 0, 0, -7, 0, -9, -4,
    -7, -11, -3, 0, 0, 0, 0, 0,
    0, -2, 0, 0, -6, -7, -4, 0,
    0, 0, -5, 0, 0, 0, 0, 0,
    0, 0, 0, 0, 0, 0, 0, 0,
    0, 0, 0, 0, 0, 0, 0, 0,
    -4, 0, 0, 0, 0, 0, 0, 0,
    0, 0, 0, 0, 0, 0, 0, 0,
    0, -10, 2, -23, 0, -12, -8, 0,
    0, -7, 0, 0, 0, 0, -14, -10,
    0, -15, -9, -7, 0, -11, 0, 0,
    0, 0, 0, -8, -12, -9, 0, -6,
    -3, -5, -11, -11, -19, -14, -2, 0,
    -22, 0, 5, -21, 0, 0, -20, 0,
    0, 0, 0, 0, -4, 0, -25, -23,
    0, -9, 0, 0, -35, -6, -33, -21,
    0, -43, 0, 0, -4, -5, 0, 0,
    0, 0, -12, -4, -20, -11, 0, 0,
    0, -9, -21, 0, 0, 0, 0, -3,
    0, -8, 0, 0, 0, 0, 0, 0,
    -19, 0, -42, 0, -4, 0, -7, -6,
    -12, -10, -4, -9, -5, 4, 0, 0,
    0, -1, 4, -1, 3, 3, -1, 1,
    0, 0, 0, 0, 0, 0, 0, 0,
    0, 0, 0, 0, 0, 0, 0, 0,
    -6, 0, 0, 0, -7, 0, -5, -5,
    -10, -11, -2, 0, 0, 0, 0, 0,
    0, 0, 0, 0, 0, 0, 0, 0,
    0, -3, 0, 0, 0, 0, 0, 0,
    0, 0, 0, 0, 0, 0, 0, 0,
    0, -1, -7, 0, -4, 0, -5, -3,
    0, -8, 0, -3, -4, 0, 0, 0,
    0, 0, 0, -5, 0, 0, 0, 0,
    0, 0, 0, 0, 0, 0, 0, 0,
    0, 0, 0, 0, 0, 0, 0, 0,
    0, 0, 0, 0, -3, 0, -5, 0,
    -5, -8, 0, 0, 0, 0, 0, 0,
    0, 0, 0, 0, -4, -4, -2, -3,
    5, -14, -24, -18, 0, -6, 0, 0,
    0, -22, 0, -18, 0, -5, 0, 0,
    -20, -8, -36, -4, 0, 0, -4, 0,
    -8, 0, 0, -24, -26, -9, 0, 0,
    -17, -23, -5, -13, -20, -20, -22, -17,
    0, 0, -7, 0, 0, 0, 0, 0,
    0, 0, 0, 0, 0, 0, 0, 0,
    -4, 0, -8, 0, 0, 0, 0, 0,
    -4, 0, 0, 0, 0, 0, 0, 0,
    0, 0, 0, 0, 0, 0, 0, 0,
    0, -15, -30, -11, 0, -7, 0, 0,
    0, -16, -3, -13, 0, -6, 0, 0,
    -25, -10, -37, -3, 0, 0, 0, 0,
    0, 0, 0, -21, -19, -4, 0, 0,
    -11, -16, -3, -10, -8, -7, -10, -8,
    0, -9, -20, -7, 0, -4, 0, 0,
    0, 0, 0, 0, 0, 0, 0, 0,
    -17, -4, -26, 0, 0, 0, 0, 0,
    0, 0, 0, -16, -13, -3, 0, 0,
    -8, -12, -1, -10, -2, -4, -8, -6,
    0, -9, 1, -21, 0, 0, -8, 0,
    -3, -7, -6, -8, 0, 0, -12, -7,
    0, -13, -6, -4, -8, -4, 0, 0,
    0, 0, 0, -6, -12, -8, 0, -2,
    -2, -8, -12, -11, -15, -16, 0, 0,
    0, -19, -30, -16, 0, -12, -2, -4,
    -3, -26, 0, -22, 0, -10, -6, -1,
    -27, -13, -37, -7, 0, 0, 0, 0,
    0, 0, 0, -26, -26, -10, 0, 0,
    -19, -23, -9, -19, -11, -12, -15, -15,
    0, -9, 0, -11, 0, 0, 0, 0,
    0, -5, 0, 0, 0, 0, 0, 0,
    0, -11, 0, 0, 0, -4, 0, 0,
    0, 0, 0, 0, -4, 0, 0, 0,
    0, 0, -6, -7, -9, -9, 0, 0,
    -9, 0, 0, 0, 0, 0, 0, 0,
    0, 0, 0, 0, -9, 0, -4, -12,
    0, 0, 0, 0, -22, 0, -19, -13,
    0, -23, 0, 0, 0, 0, 0, 0,
    0, 0, 0, 0, -4, -4, 0, 0,
    -9, 0, -4, 0, 0, 0, 0, 0,
    0, 0, 0, 0, -12, 0, -6, -15,
    -4, 0, 0, 0, -26, 0, -19, -13,
    -12, -26, -2, 0, 0, 0, 0, 0,
    0, 0, 0, 0, -5, -3, -8, -2,
    -4, 0, 0, 0, 0, 0, 0, 0,
    0, 0, 0, 0, 0, 0, 0, -6,
    0, 0, 0, 0, -24, 0, -14, -9,
    -8, -26, 0, -2, -3, 0, -2, -2,
    0, 0, 0, 0, -5, 0, -6, 0,
    0, 0, -4, 0, 0, 0, 0, 0,
    0, 0, 0, 0, -9, 0, 0, -12,
    0, 0, 0, 0, -23, 0, -16, -11,
    -11, -22, 0, 0, 0, 0, 0, 0,
    0, 0, 0, 0, -3, -1, -7, 0,
    7, -5, -16, 0, 0, 0, 0, 0,
    0, -11, 0, 0, 5, 0, 4, 0,
    -14, 0, -15, 0, 0, 0, 0, 0,
    0, 0, 0, -5, -4, 0, 0, 0,
    0, -3, 2, -3, 0, 0, 0, 0,
    0, 0, 0, 0, 0, 0, 0, 0,
    0, 0, 0, 0, -4, 0, 0, -4,
    0, 0, 0, 0, -14, 0, -11, -9,
    -2, -19, 0, 0, 0, 0, 0, 0,
    0, 0, 0, 0, 0, 0, 0, 0,
    -6, 0, 0, 0, 0, 0, 0, 0,
    0, 0, 0, 0, -7, 0, -4, -10,
    0, 0, 0, 0, -26, 0, -19, -13,
    -4, -27, 0, 0, 0, 0, 0, 0,
    0, 0, 0, 0, -3, -2, -2, 0,
    -6, -3, 2, -10, 0, 0, 0, 0,
    0, -8, 0, -8, 0, -7, -3, -3,
    0, -5, 0, 0, -21, -3, -11, -6,
    0, -18, 0, -3, -8, 0, 0, -1,
    0, -4, -3, -5, 0, 0, 0, 0,
    0, -2, 4, -4, 0, 0, 0, 0,
    0, 0, 0, 0, 0, 0, 0, -6,
    0, -2, 0, 0, 0, 0, 0, 0,
    0, 0, 0, 2, 0, -1, 0, 0,
    2, 0, 0, 1, -3, -1, 0, 0,
    0, -11, -24, 0, 0, 0, 0, -3,
    -9, -12, 0, -6, 0, 0, 2, 0,
    0, 0, 0, 0, -20, 0, 0, 0,
    -12, -10, -11, -6, -4, 2, 0, 0,
    0, -3, 3, -5, 3, 4, 0, 0,
    -8, 0, 0, 0, 0, 0, -7, 0,
    0, 0, 0, 0, -7, 0, 0, -9,
    0, 0, 0, 0, -23, 0, -16, -12,
    -8, -22, 0, 0, 0, 0, 0, 0,
    0, 0, 0, 0, -3, -2, -5, 0,
    0, 0, 0, 0, 0, 0, 0, 0,
    0, -2, 0, 0, 0, 0, 2, 0,
    0, 0, 0, 0, -4, 0, -5, -1,
    0, -13, 0, 0, -2, 2, 0, 0,
    0, -2, 0, -1, 0, 0, 0, 0,
    0, -9, -19, 0, 0, 0, 0, 0,
    0, -9, 0, -8, 0, 0, 0, 0,
    -14, 0, -21, 0, -20, 0, -8, -2,
    -15, -11, -11, -7, -5, 0, 0, 0,
    0, -3, 0, 0, 0, 0, 0, 0,
    0, -4, -14, 0, 0, 0, 0, 0,
    0, 0, 0, 0, 0, 0, 0, 0,
    -11, 0, -15, 0, -20, 0, -7, -4,
    -16, -12, -9, -5, -3, 0, 0, 0,
    0, -2, 0, 0, 0, 0, 0, 0,
    0, -3, 0, -7, 0, 0, 0, 0,
    0, -10, 0, -8, -4, -6, 0, 0,
    0, -2, 0, 0, -22, 0, -10, -8,
    0, -15, 0, -4, -8, 0, 0, -2,
    0, -5, 0, -3, 0, 0, 0, 0,
    0, -5, 0, -3, 0, 0, 0, 0,
    0, -5, 0, -4, -3, 0, -1, 0,
    0, -4, 0, 0, -19, 0, -10, -6,
    0, -15, 0, 0, -5, 0, 0, 0,
    0, -2, 0, -2, 0, 0, 0, 0
};


/*Collect the kern class' data in one place*/
static const lv_font_fmt_txt_kern_classes_t kern_classes =
{
    .class_pair_values   = kern_class_values,
    .left_class_mapping  = kern_left_class_mapping,
    .right_class_mapping = kern_right_class_mapping,
    .left_class_cnt      = 52,
    .right_class_cnt     = 40,
};

/*--------------------
 *  ALL CUSTOM DATA
 *--------------------*/

#if LVGL_VERSION_MAJOR == 8
/*Store all the custom data of the font*/
static  lv_font_fmt_txt_glyph_cache_t cache;
#endif

#if LVGL_VERSION_MAJOR >= 8
static const lv_font_fmt_txt_dsc_t font_dsc = {
#else
static lv_font_fmt_txt_dsc_t font_dsc = {
#endif
    .glyph_bitmap = glyph_bitmap,
    .glyph_dsc = glyph_dsc,
    .cmaps = cmaps,
    .kern_dsc = &kern_classes,
    .kern_scale = 16,
    .cmap_num = 2,
    .bpp = 4,
    .kern_classes = 1,
    .bitmap_format = 0,
#if LVGL_VERSION_MAJOR == 8
    .cache = &cache
#endif
};



/*-----------------
 *  PUBLIC FONT
 *----------------*/

/*Initialize a public general font descriptor*/
#if LVGL_VERSION_MAJOR >= 8
const lv_font_t nyabula_font_body_14 = {
#else
lv_font_t nyabula_font_body_14 = {
#endif
    .get_glyph_dsc = lv_font_get_glyph_dsc_fmt_txt,    /*Function pointer to get glyph's data*/
    .get_glyph_bitmap = lv_font_get_bitmap_fmt_txt,    /*Function pointer to get glyph's bitmap*/
    .line_height = 17,          /*The maximum line height required by the font*/
    .base_line = 4,             /*Baseline measured from the bottom of the line*/
#if !(LVGL_VERSION_MAJOR == 6 && LVGL_VERSION_MINOR == 0)
    .subpx = LV_FONT_SUBPX_NONE,
#endif
#if LV_VERSION_CHECK(7, 4, 0) || LVGL_VERSION_MAJOR >= 8
    .underline_position = -1,
    .underline_thickness = 1,
#endif
    .dsc = &font_dsc,          /*The custom font data. Will be accessed by `get_glyph_bitmap/dsc` */
#if LV_VERSION_CHECK(8, 2, 0) || LVGL_VERSION_MAJOR >= 9
    .fallback = NULL,
#endif
    .user_data = NULL,
};



#endif /*#if NYABULA_FONT_BODY_14*/
