/*******************************************************************************
 * Size: 20 px
 * Bpp: 4
 * Generated by app/nyabula/tools/generate_fonts.py.
 ******************************************************************************/

#ifdef LV_LVGL_H_INCLUDE_SIMPLE
#include "lvgl.h"
#else
#include "lvgl/lvgl.h"
#endif

#ifndef NYABULA_FONT_TITLE_20
#define NYABULA_FONT_TITLE_20 1
#endif

#if NYABULA_FONT_TITLE_20

/*-----------------
 *    BITMAPS
 *----------------*/

/*Store the image of the glyphs*/
static LV_ATTRIBUTE_LARGE_CONST const uint8_t glyph_bitmap[] = {
    /* U+0020 " " */

    /* U+0021 "!" */
    0xef, 0xf4, 0xdf, 0xf3, 0xcf, 0xf3, 0xcf, 0xf2,
    0xbf, 0xf1, 0xaf, 0xf1, 0xaf, 0xf0, 0x9f, 0xf0,
    0x8f, 0xf0, 0x24, 0x40, 0x34, 0x41, 0xef, 0xf5,
    0xef, 0xf5, 0xef, 0xf5,

    /* U+0022 "\"" */
    0x1f, 0xfa, 0x5f, 0xf6, 0xf, 0xf9, 0x4f, 0xf4,
    0xe, 0xf7, 0x2f, 0xf3, 0xc, 0xf6, 0x1f, 0xf2,
    0xb, 0xf4, 0xf, 0xf0, 0x8, 0xe3, 0xc, 0xd0,

    /* U+0023 "#" */
    0x0, 0xb, 0xfa, 0x0, 0x9f, 0xd0, 0x0, 0xe,
    0xf7, 0x0, 0xcf, 0xa0, 0x0, 0x1f, 0xf4, 0x0,
    0xef, 0x70, 0xbf, 0xff, 0xff, 0xff, 0xff, 0xfb,
    0xbf, 0xff, 0xff, 0xff, 0xff, 0xfb, 0x1, 0x9f,
    0xc1, 0x17, 0xff, 0x10, 0x0, 0xbf, 0xa0, 0x9,
    0xfc, 0x0, 0x0, 0xef, 0x70, 0xb, 0xfa, 0x0,
    0xbf, 0xff, 0xff, 0xff, 0xff, 0xfb, 0xbf, 0xff,
    0xff, 0xff, 0xff, 0xfb, 0x6, 0xff, 0x0, 0x4f,
    0xf2, 0x0, 0x8, 0xfd, 0x0, 0x5f, 0xf0, 0x0,
    0xa, 0xfa, 0x0, 0x8f, 0xd0, 0x0, 0xd, 0xf8,
    0x0, 0xaf, 0xb0, 0x0,

    /* U+0024 "$" */
    0x0, 0x0, 0x96, 0x0, 0x0, 0x0, 0x0, 0xda,
    0x0, 0x0, 0x5, 0xcf, 0xff, 0xfd, 0xa0, 0x5f,
    0xff, 0xff, 0xff, 0xe0, 0xcf, 0xf7, 0xec, 0x68,
    0x90, 0xef, 0xc0, 0xda, 0x0, 0x0, 0xef, 0xd0,
    0xda, 0x0, 0x0, 0xbf, 0xfd, 0xfb, 0x0, 0x0,
    0x3e, 0xff, 0xff, 0xfb, 0x20, 0x1, 0x8d, 0xff,
    0xff, 0xf2, 0x0, 0x0, 0xdc, 0xbf, 0xf9, 0x0,
    0x0, 0xda, 0xf, 0xfc, 0x0, 0x0, 0xda, 0xf,
    0xfb, 0xda, 0x87, 0xec, 0xbf, 0xf8, 0xff, 0xff,
    0xff, 0xff, 0xf1, 0xad, 0xff, 0xff, 0xea, 0x20,
    0x0, 0x0, 0xda, 0x0, 0x0, 0x0, 0x0, 0xda,
    0x0, 0x0, 0x0, 0x0, 0xda, 0x0, 0x0,

    /* U+0025 "%" */
    0x7, 0xef, 0xb1, 0x0, 0x3, 0xff, 0x10, 0x5,
    0xff, 0xef, 0xb0, 0x0, 0xcf, 0x80, 0x0, 0xaf,
    0x40, 0xef, 0x0, 0x5f, 0xe0, 0x0, 0xb, 0xf1,
    0xb, 0xf1, 0xd, 0xf6, 0x0, 0x0, 0xbf, 0x10,
    0xbf, 0x17, 0xfd, 0x0, 0x0, 0x9, 0xf6, 0x1e,
    0xf1, 0xef, 0x40, 0x0, 0x0, 0x4f, 0xff, 0xfa,
    0x8f, 0xb0, 0x0, 0x0, 0x0, 0x5b, 0xc8, 0x2f,
    0xf3, 0x5d, 0xfd, 0x40, 0x0, 0x0, 0xa, 0xfa,
    0x2f, 0xfd, 0xff, 0x10, 0x0, 0x3, 0xff, 0x16,
    0xf8, 0x9, 0xf5, 0x0, 0x0, 0xcf, 0x80, 0x7f,
    0x50, 0x7f, 0x60, 0x0, 0x5f, 0xe0, 0x6, 0xf7,
    0x8, 0xf5, 0x0, 0xd, 0xf6, 0x0, 0x2f, 0xea,
    0xff, 0x10, 0x7, 0xfd, 0x0, 0x0, 0x6d, 0xfd,
    0x40,

    /* U+0026 "&" */
    0x0, 0x3, 0xbe, 0xfd, 0x60, 0x0, 0x0, 0x2,
    0xff, 0xff, 0xff, 0x60, 0x0, 0x0, 0x9f, 0xf8,
    0x3e, 0xfc, 0x0, 0x0, 0xa, 0xff, 0x20, 0xcf,
    0xc0, 0x0, 0x0, 0x7f, 0xf8, 0x6f, 0xf8, 0x0,
    0x0, 0x2, 0xff, 0xff, 0xfb, 0x0, 0x0, 0x0,
    0x3e, 0xff, 0xf8, 0x1, 0xaa, 0x40, 0x5f, 0xff,
    0xff, 0xc0, 0x4f, 0xf5, 0x1f, 0xfe, 0x3b, 0xff,
    0xa9, 0xff, 0x27, 0xff, 0x70, 0xc, 0xff, 0xff,
    0xd0, 0x8f, 0xf8, 0x0, 0x1d, 0xff, 0xf5, 0x4,
    0xff, 0xf8, 0x69, 0xff, 0xff, 0x10, 0xb, 0xff,
    0xff, 0xff, 0xff, 0xfc, 0x0, 0x7, 0xdf, 0xfd,
    0xa4, 0x8f, 0xf9,

    /* U+0027 "'" */
    0x1f, 0xfa, 0xf, 0xf9, 0xe, 0xf7, 0xc, 0xf6,
    0xb, 0xf4, 0x8, 0xe3,

    /* U+0028 "(" */
    0x0, 0xd, 0xff, 0x20, 0x5, 0xff, 0x90, 0x0,
    0xdf, 0xf2, 0x0, 0x4f, 0xfb, 0x0, 0xa, 0xff,
    0x50, 0x0, 0xff, 0xf1, 0x0, 0x3f, 0xfd, 0x0,
    0x6, 0xff, 0xa0, 0x0, 0x7f, 0xf9, 0x0, 0x8,
    0xff, 0x80, 0x0, 0x8f, 0xf9, 0x0, 0x6, 0xff,
    0xa0, 0x0, 0x4f, 0xfd, 0x0, 0x0, 0xff, 0xf1,
    0x0, 0xc, 0xff, 0x50, 0x0, 0x5f, 0xfb, 0x0,
    0x0, 0xef, 0xf1, 0x0, 0x7, 0xff, 0x80, 0x0,
    0xd, 0xff, 0x10, 0x0, 0x1, 0x10,

    /* U+0029 ")" */
    0x1f, 0xfd, 0x0, 0x0, 0x9f, 0xf5, 0x0, 0x1,
    0xff, 0xd0, 0x0, 0xb, 0xff, 0x40, 0x0, 0x5f,
    0xfa, 0x0, 0x1, 0xff, 0xf0, 0x0, 0xd, 0xff,
    0x30, 0x0, 0xaf, 0xf6, 0x0, 0x9, 0xff, 0x70,
    0x0, 0x8f, 0xf8, 0x0, 0x9, 0xff, 0x80, 0x0,
    0xaf, 0xf6, 0x0, 0xd, 0xff, 0x40, 0x1, 0xff,
    0xf0, 0x0, 0x5f, 0xfc, 0x0, 0xb, 0xff, 0x50,
    0x1, 0xff, 0xe0, 0x0, 0x8f, 0xf7, 0x0, 0x1f,
    0xfe, 0x0, 0x0, 0x11, 0x0, 0x0,

    /* U+002A "*" */
    0x0, 0x8, 0xfc, 0x0, 0x0, 0x40, 0x6f, 0x90,
    0x50, 0xf, 0xea, 0xfc, 0xdf, 0x33, 0xff, 0xff,
    0xff, 0xf7, 0x0, 0x3f, 0xff, 0x60, 0x0, 0x1d,
    0xfa, 0xff, 0x30, 0x3, 0xee, 0xb, 0xf6, 0x0,
    0x1, 0x40, 0x23, 0x0,

    /* U+002B "+" */
    0x0, 0x0, 0x7f, 0xf1, 0x0, 0x0, 0x0, 0x7,
    0xff, 0x10, 0x0, 0x0, 0x0, 0x7f, 0xf1, 0x0,
    0x0, 0x0, 0x7, 0xff, 0x10, 0x0, 0x6f, 0xff,
    0xff, 0xff, 0xff, 0xf6, 0xff, 0xff, 0xff, 0xff,
    0xff, 0x38, 0x88, 0xcf, 0xf8, 0x88, 0x80, 0x0,
    0x7, 0xff, 0x10, 0x0, 0x0, 0x0, 0x7f, 0xf1,
    0x0, 0x0, 0x0, 0x7, 0xff, 0x10, 0x0, 0x0,
    0x0, 0x25, 0x50, 0x0, 0x0,

    /* U+002C "," */
    0x0, 0xbe, 0xd0, 0x1, 0xff, 0xa0, 0x6, 0xff,
    0x40, 0xb, 0xfe, 0x0, 0xf, 0xf8, 0x0, 0x4f,
    0xf1, 0x0,

    /* U+002D "-" */
    0x35, 0x55, 0x55, 0x2b, 0xff, 0xff, 0xf7, 0xbf,
    0xff, 0xff, 0x70,

    /* U+002E "." */
    0x14, 0x43, 0x5f, 0xfe, 0x5f, 0xfe, 0x5f, 0xfe,

    /* U+002F "/" */
    0x0, 0x0, 0xd, 0xf9, 0x0, 0x0, 0x2f, 0xf4,
    0x0, 0x0, 0x7f, 0xe0, 0x0, 0x0, 0xdf, 0x90,
    0x0, 0x2, 0xff, 0x30, 0x0, 0x8, 0xfe, 0x0,
    0x0, 0xd, 0xf8, 0x0, 0x0, 0x3f, 0xf3, 0x0,
    0x0, 0x8f, 0xd0, 0x0, 0x0, 0xef, 0x80, 0x0,
    0x3, 0xff, 0x20, 0x0, 0x9, 0xfd, 0x0, 0x0,
    0xe, 0xf7, 0x0, 0x0, 0x4f, 0xf2, 0x0, 0x0,
    0x9f, 0xc0, 0x0, 0x0,

    /* U+0030 "0" */
    0x0, 0x6, 0xcf, 0xfc, 0x40, 0x0, 0xa, 0xff,
    0xff, 0xff, 0x60, 0x4, 0xff, 0xfc, 0xdf, 0xff,
    0x10, 0xaf, 0xf7, 0x0, 0xbf, 0xf7, 0xe, 0xff,
    0x10, 0x4, 0xff, 0xb0, 0xff, 0xe0, 0x0, 0x1f,
    0xfd, 0x1f, 0xfd, 0x0, 0x0, 0xff, 0xe1, 0xff,
    0xd0, 0x0, 0xf, 0xfe, 0xf, 0xfe, 0x0, 0x1,
    0xff, 0xd0, 0xef, 0xf1, 0x0, 0x4f, 0xfb, 0xa,
    0xff, 0x70, 0xb, 0xff, 0x70, 0x4f, 0xff, 0xcd,
    0xff, 0xf1, 0x0, 0xaf, 0xff, 0xff, 0xf6, 0x0,
    0x0, 0x6c, 0xff, 0xc4, 0x0,

    /* U+0031 "1" */
    0x0, 0x19, 0xff, 0x40, 0x7f, 0xff, 0xf4, 0x4f,
    0xff, 0xff, 0x44, 0xff, 0xff, 0xf4, 0x39, 0x2b,
    0xff, 0x40, 0x0, 0xbf, 0xf4, 0x0, 0xb, 0xff,
    0x40, 0x0, 0xbf, 0xf4, 0x0, 0xb, 0xff, 0x40,
    0x0, 0xbf, 0xf4, 0x0, 0xb, 0xff, 0x40, 0x0,
    0xbf, 0xf4, 0x0, 0xb, 0xff, 0x40, 0x0, 0xbf,
    0xf4,

    /* U+0032 "2" */
    0x3, 0x9d, 0xff, 0xc6, 0x0, 0x9f, 0xff, 0xff,
    0xff, 0xa0, 0xbf, 0xa7, 0x8c, 0xff, 0xf4, 0x51,
    0x0, 0x0, 0xcf, 0xf8, 0x0, 0x0, 0x0, 0x7f,
    0xf8, 0x0, 0x0, 0x0, 0xbf, 0xf4, 0x0, 0x0,
    0x4, 0xff, 0xc0, 0x0, 0x0, 0x2e, 0xff, 0x30,
    0x0, 0x1, 0xef, 0xf7, 0x0, 0x0, 0x2d, 0xff,
    0x90, 0x0, 0x3, 0xef, 0xf8, 0x0, 0x0, 0x5f,
    0xff, 0xd6, 0x66, 0x64, 0xff, 0xff, 0xff, 0xff,
    0xfb, 0xff, 0xff, 0xff, 0xff, 0xfb,

    /* U+0033 "3" */
    0x6, 0xbd, 0xfe, 0xb4, 0x0, 0x3f, 0xff, 0xff,
    0xff, 0x70, 0x2a, 0x65, 0x59, 0xff, 0xf0, 0x0,
    0x0, 0x0, 0xdf, 0xf0, 0x0, 0x0, 0x17, 0xff,
    0xa0, 0x2, 0xff, 0xff, 0xfa, 0x0, 0x2, 0xff,
    0xff, 0xfb, 0x10, 0x0, 0x0, 0x17, 0xff, 0xc0,
    0x0, 0x0, 0x0, 0x9f, 0xf4, 0x0, 0x0, 0x0,
    0x7f, 0xf6, 0x61, 0x0, 0x0, 0xbf, 0xf5, 0xaf,
    0xb7, 0x7b, 0xff, 0xe0, 0xaf, 0xff, 0xff, 0xff,
    0x40, 0x17, 0xce, 0xfe, 0xa2, 0x0,

    /* U+0034 "4" */
    0x0, 0x0, 0x4, 0xff, 0xf8, 0x0, 0x0, 0x0,
    0xd, 0xff, 0xf8, 0x0, 0x0, 0x0, 0x7f, 0xff,
    0xf8, 0x0, 0x0, 0x1, 0xff, 0xdf, 0xf8, 0x0,
    0x0, 0xa, 0xfe, 0x5f, 0xf8, 0x0, 0x0, 0x3f,
    0xf6, 0x4f, 0xf8, 0x0, 0x0, 0xcf, 0xc0, 0x4f,
    0xf8, 0x0, 0x6, 0xff, 0x30, 0x4f, 0xf8, 0x0,
    0xe, 0xfa, 0x0, 0x4f, 0xf8, 0x0, 0x7f, 0xff,
    0xff, 0xff, 0xff, 0xf0, 0x8f, 0xff, 0xff, 0xff,
    0xff, 0xf0, 0x24, 0x44, 0x44, 0x7f, 0xfa, 0x40,
    0x0, 0x0, 0x0, 0x5f, 0xf8, 0x0, 0x0, 0x0,
    0x0, 0x5f, 0xf8, 0x0,

    /* U+0035 "5" */
    0xf, 0xff, 0xff, 0xff, 0xf0, 0xf, 0xff, 0xff,
    0xff, 0xf0, 0x1f, 0xfd, 0x66, 0x66, 0x50, 0x1f,
    0xfa, 0x0, 0x0, 0x0, 0x1f, 0xfa, 0x0, 0x0,
    0x0, 0x2f, 0xff, 0xff, 0xd7, 0x0, 0x2f, 0xfc,
    0xcf, 0xff, 0xb0, 0x13, 0x0, 0x1, 0xdf, 0xf4,
    0x0, 0x0, 0x0, 0x5f, 0xf8, 0x0, 0x0, 0x0,
    0x4f, 0xf9, 0x20, 0x0, 0x0, 0xbf, 0xf7, 0xbe,
    0xb9, 0x9d, 0xff, 0xf1, 0xbf, 0xff, 0xff, 0xff,
    0x60, 0x49, 0xde, 0xfe, 0xa3, 0x0,

    /* U+0036 "6" */
    0x0, 0x0, 0x7d, 0xff, 0xea, 0x0, 0x1, 0xcf,
    0xff, 0xff, 0xf0, 0x0, 0xbf, 0xfd, 0x86, 0x78,
    0x0, 0x4f, 0xfc, 0x0, 0x0, 0x0, 0xa, 0xff,
    0x9b, 0xdd, 0x91, 0x0, 0xef, 0xff, 0xff, 0xff,
    0xe1, 0xf, 0xff, 0xc2, 0x1b, 0xff, 0x70, 0xff,
    0xf3, 0x0, 0x1f, 0xfb, 0xf, 0xff, 0x0, 0x0,
    0xef, 0xd0, 0xef, 0xf1, 0x0, 0xe, 0xfc, 0xa,
    0xff, 0x50, 0x3, 0xff, 0xa0, 0x4f, 0xff, 0x76,
    0xef, 0xf4, 0x0, 0xaf, 0xff, 0xff, 0xfa, 0x0,
    0x0, 0x7d, 0xff, 0xc6, 0x0,

    /* U+0037 "7" */
    0xef, 0xff, 0xff, 0xff, 0xff, 0xef, 0xff, 0xff,
    0xff, 0xfe, 0x88, 0x88, 0x88, 0xff, 0xf7, 0x0,
    0x0, 0x6, 0xff, 0xc0, 0x0, 0x0, 0x1f, 0xff,
    0x20, 0x0, 0x0, 0xaf, 0xf9, 0x0, 0x0, 0x2,
    0xff, 0xf1, 0x0, 0x0, 0x9, 0xff, 0x90, 0x0,
    0x0, 0xf, 0xff, 0x40, 0x0, 0x0, 0x5f, 0xfe,
    0x0, 0x0, 0x0, 0xaf, 0xf9, 0x0, 0x0, 0x0,
    0xef, 0xf6, 0x0, 0x0, 0x2, 0xff, 0xf3, 0x0,
    0x0, 0x5, 0xff, 0xf0, 0x0, 0x0,

    /* U+0038 "8" */
    0x0, 0x18, 0xdf, 0xec, 0x70, 0x0, 0x1e, 0xff,
    0xff, 0xff, 0xc0, 0x8, 0xff, 0xb4, 0x5d, 0xff,
    0x40, 0xaf, 0xf1, 0x0, 0x4f, 0xf6, 0x8, 0xff,
    0x20, 0x5, 0xff, 0x40, 0x1e, 0xfd, 0x78, 0xff,
    0xb0, 0x0, 0x1c, 0xff, 0xff, 0x90, 0x0, 0xa,
    0xff, 0xff, 0xff, 0x60, 0x9, 0xff, 0x70, 0x19,
    0xff, 0x50, 0xff, 0xc0, 0x0, 0xf, 0xfc, 0x2f,
    0xfd, 0x0, 0x0, 0xff, 0xe0, 0xef, 0xfa, 0x55,
    0xcf, 0xfb, 0x5, 0xff, 0xff, 0xff, 0xfe, 0x20,
    0x2, 0x9d, 0xff, 0xd8, 0x10,

    /* U+0039 "9" */
    0x0, 0x7d, 0xff, 0xc5, 0x0, 0xc, 0xff, 0xff,
    0xff, 0x70, 0x8f, 0xfa, 0x35, 0xef, 0xf1, 0xdf,
    0xe0, 0x0, 0x6f, 0xf6, 0xff, 0xb0, 0x0, 0x3f,
    0xf9, 0xef, 0xd0, 0x0, 0x5f, 0xfb, 0xaf, 0xf7,
    0x2, 0xdf, 0xfc, 0x3f, 0xff, 0xff, 0xff, 0xfc,
    0x3, 0xbf, 0xec, 0x6f, 0xfb, 0x0, 0x0, 0x0,
    0x4f, 0xf8, 0x0, 0x0, 0x0, 0xbf, 0xf3, 0x9,
    0x64, 0x4a, 0xff, 0xd0, 0xe, 0xff, 0xff, 0xff,
    0x30, 0x8, 0xce, 0xfe, 0xa2, 0x0,

    /* U+003A ":" */
    0x9f, 0xfb, 0x9f, 0xfb, 0x9f, 0xfb, 0x24, 0x42,
    0x0, 0x0, 0x0, 0x0, 0x0, 0x0, 0x24, 0x42,
    0x9f, 0xfb, 0x9f, 0xfb, 0x9f, 0xfb,

    /* U+003B ";" */
    0x9, 0xff, 0xb0, 0x9f, 0xfb, 0x9, 0xff, 0xb0,
    0x24, 0x42, 0x0, 0x0, 0x0, 0x0, 0x0, 0x0,
    0x0, 0x0, 0x5e, 0xe6, 0xa, 0xff, 0x10, 0xff,
    0xb0, 0x4f, 0xf5, 0x8, 0xfe, 0x0, 0xdf, 0x80,
    0x0,

    /* U+003C "<" */
    0x0, 0x0, 0x0, 0x0, 0x1, 0x80, 0x0, 0x0,
    0x0, 0x4b, 0xff, 0x0, 0x0, 0x17, 0xef, 0xff,
    0xf0, 0x4, 0xaf, 0xff, 0xfd, 0x71, 0x3d, 0xff,
    0xff, 0x93, 0x0, 0x6, 0xff, 0xc5, 0x0, 0x0,
    0x0, 0x6f, 0xfb, 0x40, 0x0, 0x0, 0x4, 0xef,
    0xff, 0xe8, 0x20, 0x0, 0x0, 0x5b, 0xff, 0xff,
    0xb5, 0x0, 0x0, 0x2, 0x8e, 0xff, 0xfe, 0x0,
    0x0, 0x0, 0x5, 0xcf, 0xf0, 0x0, 0x0, 0x0,
    0x0, 0x29,

    /* U+003D "=" */
    0x4a, 0xaa, 0xaa, 0xaa, 0xaa, 0xa6, 0xff, 0xff,
    0xff, 0xff, 0xff, 0x6f, 0xff, 0xff, 0xff, 0xff,
    0xf0, 0x0, 0x0, 0x0, 0x0, 0x0, 0x0, 0x0,
    0x0, 0x0, 0x0, 0x4, 0xaa, 0xaa, 0xaa, 0xaa,
    0xaa, 0x6f, 0xff, 0xff, 0xff, 0xff, 0xf6, 0xff,
    0xff, 0xff, 0xff, 0xff,

    /* U+003E ">" */
    0x45, 0x0, 0x0, 0x0, 0x0, 0x6, 0xfe, 0x82,
    0x0, 0x0, 0x0, 0x6f, 0xff, 0xfb, 0x50, 0x0,
    0x0, 0x39, 0xff, 0xff, 0xe8, 0x10, 0x0, 0x0,
    0x6c, 0xff, 0xff, 0xb0, 0x0, 0x0, 0x2, 0x8e,
    0xff, 0x0, 0x0, 0x0, 0x17, 0xdf, 0xf0, 0x0,
    0x4, 0xbf, 0xff, 0xfc, 0x2, 0x8e, 0xff, 0xff,
    0x92, 0x5, 0xff, 0xff, 0xc6, 0x0, 0x0, 0x6f,
    0xf9, 0x30, 0x0, 0x0, 0x4, 0x60, 0x0, 0x0,
    0x0, 0x0,

    /* U+003F "?" */
    0x2c, 0xef, 0xfe, 0xa2, 0x3, 0xff, 0xff, 0xff,
    0xe0, 0x3a, 0x88, 0xaf, 0xff, 0x40, 0x0, 0x0,
    0xcf, 0xf6, 0x0, 0x0, 0xc, 0xff, 0x50, 0x0,
    0x6, 0xff, 0xf1, 0x0, 0x6, 0xff, 0xf4, 0x0,
    0x1, 0xff, 0xe3, 0x0, 0x0, 0x4f, 0xf4, 0x0,
    0x0, 0x2, 0x77, 0x10, 0x0, 0x0, 0x23, 0x32,
    0x0, 0x0, 0xa, 0xff, 0x90, 0x0, 0x0, 0xaf,
    0xf9, 0x0, 0x0, 0xa, 0xff, 0x90, 0x0,

    /* U+0040 "@" */
    0x0, 0x0, 0x2, 0x8d, 0xff, 0xec, 0x71, 0x0,
    0x0, 0x0, 0x8, 0xff, 0xff, 0xff, 0xff, 0xe5,
    0x0, 0x0, 0xc, 0xff, 0xe8, 0x54, 0x58, 0xef,
    0xf3, 0x0, 0x9, 0xff, 0x80, 0x0, 0x0, 0x1,
    0xcf, 0xd0, 0x4, 0xff, 0x80, 0x2b, 0xfd, 0x8f,
    0xb2, 0xff, 0x30, 0xbf, 0xe0, 0x2f, 0xff, 0xff,
    0xf8, 0xd, 0xf5, 0xf, 0xf8, 0xb, 0xfe, 0x46,
    0xff, 0x50, 0xcf, 0x63, 0xff, 0x41, 0xff, 0x60,
    0x2f, 0xf2, 0xc, 0xf5, 0x4f, 0xf3, 0x3f, 0xf2,
    0x5, 0xff, 0x0, 0xff, 0x23, 0xff, 0x33, 0xff,
    0x74, 0xdf, 0xf1, 0x6f, 0xd0, 0x2f, 0xf5, 0xe,
    0xff, 0xff, 0xef, 0xff, 0xf4, 0x0, 0xef, 0xb0,
    0x3c, 0xfe, 0x61, 0xcf, 0xd5, 0x0, 0x8, 0xff,
    0x60, 0x0, 0x0, 0x0, 0x0, 0x0, 0x0, 0xd,
    0xff, 0xb5, 0x10, 0x0, 0x0, 0x0, 0x0, 0x0,
    0x1c, 0xff, 0xff, 0xf0, 0x0, 0x0, 0x0, 0x0,
    0x0, 0x5, 0xbf, 0xff, 0x0, 0x0, 0x0, 0x0,
    0x0, 0x0, 0x0, 0x2, 0x20, 0x0, 0x0, 0x0,
    0x0,

    /* U+0041 "A" */
    0x0, 0x0, 0xaf, 0xff, 0xff, 0x20, 0x0, 0x0,
    0x0, 0xe, 0xff, 0xff, 0xf6, 0x0, 0x0, 0x0,
    0x3, 0xff, 0xf9, 0xff, 0xb0, 0x0, 0x0, 0x0,
    0x8f, 0xfb, 0x4f, 0xff, 0x0, 0x0, 0x0, 0xc,
    0xff, 0x70, 0xff, 0xf4, 0x0, 0x0, 0x1, 0xff,
    0xf3, 0xb, 0xff, 0x90, 0x0, 0x0, 0x6f, 0xfe,
    0x0, 0x7f, 0xfe, 0x0, 0x0, 0xa, 0xff, 0xd6,
    0x68, 0xff, 0xf2, 0x0, 0x0, 0xff, 0xff, 0xff,
    0xff, 0xff, 0x70, 0x0, 0x4f, 0xff, 0xff, 0xff,
    0xff, 0xfc, 0x0, 0x8, 0xff, 0xd0, 0x0, 0x6,
    0xff, 0xf1, 0x0, 0xdf, 0xf9, 0x0, 0x0, 0x1f,
    0xff, 0x50, 0x2f, 0xff, 0x50, 0x0, 0x0, 0xdf,
    0xfa, 0x6, 0xff, 0xf1, 0x0, 0x0, 0x9, 0xff,
    0xe0,

    /* U+0042 "B" */
    0xcf, 0xff, 0xff, 0xfe, 0xa2, 0x0, 0xcf, 0xff,
    0xff, 0xff, 0xff, 0x20, 0xcf, 0xf8, 0x11, 0x5f,
    0xff, 0x90, 0xcf, 0xf8, 0x0, 0x9, 0xff, 0xc0,
    0xcf, 0xf8, 0x0, 0x9, 0xff, 0xa0, 0xcf, 0xf8,
    0x0, 0x3f, 0xff, 0x20, 0xcf, 0xff, 0xff, 0xff,
    0xf5, 0x0, 0xcf, 0xff, 0xee, 0xff, 0xff, 0x60,
    0xcf, 0xf8, 0x0, 0x5, 0xff, 0xf3, 0xcf, 0xf8,
    0x0, 0x0, 0xbf, 0xf9, 0xcf, 0xf8, 0x0, 0x0,
    0xdf, 0xfa, 0xcf, 0xfb, 0x66, 0x7c, 0xff, 0xf6,
    0xcf, 0xff, 0xff, 0xff, 0xff, 0xc0, 0xcf, 0xff,
    0xff, 0xff, 0xd8, 0x0,

    /* U+0043 "C" */
    0x0, 0x0, 0x17, 0xce, 0xfe, 0xc9, 0x30, 0x0,
    0x7f, 0xff, 0xff, 0xff, 0xfb, 0x0, 0x8f, 0xff,
    0xfa, 0x88, 0xae, 0xb0, 0x4f, 0xff, 0xb1, 0x0,
    0x0, 0x1, 0xb, 0xff, 0xe0, 0x0, 0x0, 0x0,
    0x0, 0xff, 0xf7, 0x0, 0x0, 0x0, 0x0, 0x2f,
    0xff, 0x50, 0x0, 0x0, 0x0, 0x2, 0xff, 0xf4,
    0x0, 0x0, 0x0, 0x0, 0xf, 0xff, 0x80, 0x0,
    0x0, 0x0, 0x0, 0xcf, 0xfe, 0x10, 0x0, 0x0,
    0x0, 0x5, 0xff, 0xfd, 0x20, 0x0, 0x0, 0x30,
    0x9, 0xff, 0xff, 0xc9, 0x9b, 0xeb, 0x0, 0x8,
    0xff, 0xff, 0xff, 0xff, 0xb0, 0x0, 0x2, 0x7c,
    0xef, 0xfe, 0xa4,

    /* U+0044 "D" */
    0xcf, 0xff, 0xff, 0xec, 0x70, 0x0, 0xc, 0xff,
    0xff, 0xff, 0xff, 0xe3, 0x0, 0xcf, 0xfb, 0x77,
    0xbf, 0xff, 0xe1, 0xc, 0xff, 0x80, 0x0, 0x6f,
    0xff, 0x90, 0xcf, 0xf8, 0x0, 0x0, 0xbf, 0xfe,
    0xc, 0xff, 0x80, 0x0, 0x5, 0xff, 0xf2, 0xcf,
    0xf8, 0x0, 0x0, 0x3f, 0xff, 0x3c, 0xff, 0x80,
    0x0, 0x2, 0xff, 0xf3, 0xcf, 0xf8, 0x0, 0x0,
    0x5f, 0xff, 0x2c, 0xff, 0x80, 0x0, 0xa, 0xff,
    0xf0, 0xcf, 0xf8, 0x0, 0x5, 0xff, 0xf9, 0xc,
    0xff, 0xb7, 0x7b, 0xff, 0xff, 0x20, 0xcf, 0xff,
    0xff, 0xff, 0xfe, 0x30, 0xc, 0xff, 0xff, 0xfe,
    0xc7, 0x10, 0x0,

    /* U+0045 "E" */
    0xcf, 0xff, 0xff, 0xff, 0xff, 0xc, 0xff, 0xff,
    0xff, 0xff, 0xf0, 0xcf, 0xfd, 0xbb, 0xbb, 0xbb,
    0xc, 0xff, 0x80, 0x0, 0x0, 0x0, 0xcf, 0xf8,
    0x0, 0x0, 0x0, 0xc, 0xff, 0x80, 0x0, 0x0,
    0x0, 0xcf, 0xff, 0xff, 0xff, 0xf3, 0xc, 0xff,
    0xff, 0xff, 0xff, 0x30, 0xcf, 0xfc, 0x88, 0x88,
    0x81, 0xc, 0xff, 0x80, 0x0, 0x0, 0x0, 0xcf,
    0xf8, 0x0, 0x0, 0x0, 0xc, 0xff, 0xdb, 0xbb,
    0xbb, 0xb0, 0xcf, 0xff, 0xff, 0xff, 0xff, 0xc,
    0xff, 0xff, 0xff, 0xff, 0xf0,

    /* U+0046 "F" */
    0xcf, 0xff, 0xff, 0xff, 0xf7, 0xcf, 0xff, 0xff,
    0xff, 0xf7, 0xcf, 0xfd, 0xbb, 0xbb, 0xb5, 0xcf,
    0xf8, 0x0, 0x0, 0x0, 0xcf, 0xf8, 0x0, 0x0,
    0x0, 0xcf, 0xf8, 0x0, 0x0, 0x0, 0xcf, 0xff,
    0xff, 0xff, 0xa0, 0xcf, 0xff, 0xff, 0xff, 0xa0,
    0xcf, 0xfc, 0x88, 0x88, 0x50, 0xcf, 0xf8, 0x0,
    0x0, 0x0, 0xcf, 0xf8, 0x0, 0x0, 0x0, 0xcf,
    0xf8, 0x0, 0x0, 0x0, 0xcf, 0xf8, 0x0, 0x0,
    0x0, 0xcf, 0xf8, 0x0, 0x0, 0x0,

    /* U+0047 "G" */
    0x0, 0x0, 0x16, 0xce, 0xfe, 0xc9, 0x30, 0x0,
    0x5, 0xef, 0xff, 0xff, 0xff, 0xb0, 0x0, 0x6f,
    0xff, 0xe9, 0x78, 0x9c, 0xa0, 0x3, 0xff, 0xf9,
    0x0, 0x0, 0x0, 0x0, 0xa, 0xff, 0xb0, 0x0,
    0x0, 0x0, 0x0, 0xf, 0xff, 0x50, 0x0, 0x0,
    0x0, 0x0, 0x1f, 0xff, 0x20, 0x0, 0x4f, 0xff,
    0xf1, 0x2f, 0xff, 0x10, 0x0, 0x4f, 0xff, 0xf1,
    0xf, 0xff, 0x40, 0x0, 0x27, 0xdf, 0xf1, 0xc,
    0xff, 0xc0, 0x0, 0x0, 0xbf, 0xf1, 0x5, 0xff,
    0xfa, 0x10, 0x0, 0xbf, 0xf1, 0x0, 0x9f, 0xff,
    0xfc, 0xaa, 0xef, 0xf1, 0x0, 0x7, 0xff, 0xff,
    0xff, 0xff, 0xf1, 0x0, 0x0, 0x27, 0xce, 0xff,
    0xea, 0x50,

    /* U+0048 "H" */
    0xcf, 0xf8, 0x0, 0x0, 0x2f, 0xff, 0x3c, 0xff,
    0x80, 0x0, 0x2, 0xff, 0xf3, 0xcf, 0xf8, 0x0,
    0x0, 0x2f, 0xff, 0x3c, 0xff, 0x80, 0x0, 0x2,
    0xff, 0xf3, 0xcf, 0xf8, 0x0, 0x0, 0x2f, 0xff,
    0x3c, 0xff, 0xdb, 0xbb, 0xbb, 0xff, 0xf3, 0xcf,
    0xff, 0xff, 0xff, 0xff, 0xff, 0x3c, 0xff, 0xff,
    0xff, 0xff, 0xff, 0xf3, 0xcf, 0xf8, 0x0, 0x0,
    0x2f, 0xff, 0x3c, 0xff, 0x80, 0x0, 0x2, 0xff,
    0xf3, 0xcf, 0xf8, 0x0, 0x0, 0x2f, 0xff, 0x3c,
    0xff, 0x80, 0x0, 0x2, 0xff, 0xf3, 0xcf, 0xf8,
    0x0, 0x0, 0x2f, 0xff, 0x3c, 0xff, 0x80, 0x0,
    0x2, 0xff, 0xf3,

    /* U+0049 "I" */
    0xbf, 0xf9, 0xbf, 0xf9, 0xbf, 0xf9, 0xbf, 0xf9,
    0xbf, 0xf9, 0xbf, 0xf9, 0xbf, 0xf9, 0xbf, 0xf9,
    0xbf, 0xf9, 0xbf, 0xf9, 0xbf, 0xf9, 0xbf, 0xf9,
    0xbf, 0xf9, 0xbf, 0xf9,

    /* U+004A "J" */
    0x0, 0xe, 0xff, 0x60, 0x0, 0xef, 0xf6, 0x0,
    0xe, 0xff, 0x60, 0x0, 0xef, 0xf6, 0x0, 0xe,
    0xff, 0x60, 0x0, 0xef, 0xf6, 0x0, 0xe, 0xff,
    0x60, 0x0, 0xef, 0xf6, 0x0, 0xe, 0xff, 0x60,
    0x0, 0xef, 0xf6, 0x0, 0xe, 0xff, 0x60, 0x0,
    0xef, 0xf6, 0x0, 0xf, 0xff, 0x50, 0x8, 0xff,
    0xf2, 0x6f, 0xff, 0xfc, 0x6, 0xff, 0xfe, 0x20,
    0x5d, 0xb7, 0x0, 0x0,

    /* U+004B "K" */
    0xcf, 0xf8, 0x0, 0x3, 0xff, 0xf6, 0xc, 0xff,
    0x80, 0x0, 0xdf, 0xfb, 0x0, 0xcf, 0xf8, 0x0,
    0x7f, 0xff, 0x10, 0xc, 0xff, 0x80, 0x2f, 0xff,
    0x60, 0x0, 0xcf, 0xf8, 0xc, 0xff, 0xb0, 0x0,
    0xc, 0xff, 0x87, 0xff, 0xf1, 0x0, 0x0, 0xcf,
    0xff, 0xff, 0xf6, 0x0, 0x0, 0xc, 0xff, 0xff,
    0xff, 0x40, 0x0, 0x0, 0xcf, 0xfd, 0xbf, 0xff,
    0x50, 0x0, 0xc, 0xff, 0x80, 0x7f, 0xff, 0x30,
    0x0, 0xcf, 0xf8, 0x0, 0x8f, 0xfe, 0x10, 0xc,
    0xff, 0x80, 0x0, 0xbf, 0xfc, 0x0, 0xcf, 0xf8,
    0x0, 0x1, 0xef, 0xf7, 0xc, 0xff, 0x80, 0x0,
    0x5, 0xff, 0xf2,

    /* U+004C "L" */
    0xcf, 0xf8, 0x0, 0x0, 0x0, 0xcf, 0xf8, 0x0,
    0x0, 0x0, 0xcf, 0xf8, 0x0, 0x0, 0x0, 0xcf,
    0xf8, 0x0, 0x0, 0x0, 0xcf, 0xf8, 0x0, 0x0,
    0x0, 0xcf, 0xf8, 0x0, 0x0, 0x0, 0xcf, 0xf8,
    0x0, 0x0, 0x0, 0xcf, 0xf8, 0x0, 0x0, 0x0,
    0xcf, 0xf8, 0x0, 0x0, 0x0, 0xcf, 0xf8, 0x0,
    0x0, 0x0, 0xcf, 0xf8, 0x0, 0x0, 0x0, 0xcf,
    0xfd, 0xbb, 0xbb, 0xb1, 0xcf, 0xff, 0xff, 0xff,
    0xf2, 0xcf, 0xff, 0xff, 0xff, 0xf2,

    /* U+004D "M" */
    0xcf, 0xff, 0xff, 0x0, 0x4, 0xff, 0xff, 0xf9,
    0xcf, 0xff, 0xff, 0x30, 0x7, 0xff, 0xff, 0xf9,
    0xcf, 0xfd, 0xff, 0x60, 0xa, 0xff, 0xef, 0xf9,
    0xcf, 0xf9, 0xff, 0x90, 0xd, 0xff, 0xaf, 0xf9,
    0xcf, 0xf6, 0xff, 0xc0, 0xf, 0xfc, 0xaf, 0xf9,
    0xcf, 0xf6, 0xdf, 0xf0, 0x3f, 0xf9, 0xaf, 0xf9,
    0xcf, 0xf6, 0x9f, 0xf2, 0x6f, 0xf6, 0xaf, 0xf9,
    0xcf, 0xf6, 0x6f, 0xf5, 0x9f, 0xf2, 0xaf, 0xf9,
    0xcf, 0xf6, 0x3f, 0xf8, 0xcf, 0xf0, 0xaf, 0xf9,
    0xcf, 0xf6, 0xf, 0xfc, 0xff, 0xc0, 0xaf, 0xf9,
    0xcf, 0xf6, 0xc, 0xff, 0xff, 0x80, 0xaf, 0xf9,
    0xcf, 0xf6, 0x9, 0xff, 0xff, 0x50, 0xaf, 0xf9,
    0xcf, 0xf6, 0x5, 0xff, 0xff, 0x10, 0xaf, 0xf9,
    0xcf, 0xf6, 0x2, 0xff, 0xfe, 0x0, 0xaf, 0xf9,

    /* U+004E "N" */
    0xcf, 0xff, 0xf9, 0x0, 0xf, 0xff, 0x4c, 0xff,
    0xff, 0xe0, 0x0, 0xff, 0xf4, 0xcf, 0xff, 0xff,
    0x30, 0xf, 0xff, 0x4c, 0xff, 0xcf, 0xf8, 0x0,
    0xff, 0xf4, 0xcf, 0xf7, 0xff, 0xc0, 0xf, 0xff,
    0x4c, 0xff, 0x7b, 0xff, 0x10, 0xff, 0xf4, 0xcf,
    0xf7, 0x6f, 0xf6, 0xf, 0xff, 0x4c, 0xff, 0x71,
    0xff, 0xb0, 0xff, 0xf4, 0xcf, 0xf7, 0xc, 0xff,
    0xf, 0xff, 0x4c, 0xff, 0x70, 0x7f, 0xf5, 0xff,
    0xf4, 0xcf, 0xf7, 0x2, 0xff, 0x9f, 0xff, 0x4c,
    0xff, 0x70, 0xd, 0xff, 0xff, 0xf4, 0xcf, 0xf7,
    0x0, 0x8f, 0xff, 0xff, 0x4c, 0xff, 0x70, 0x3,
    0xff, 0xff, 0xf4,

    /* U+004F "O" */
    0x0, 0x0, 0x4a, 0xdf, 0xfd, 0x93, 0x0, 0x0,
    0x0, 0xa, 0xff, 0xff, 0xff, 0xff, 0x80, 0x0,
    0x0, 0xbf, 0xff, 0xc8, 0x8d, 0xff, 0xf9, 0x0,
    0x5, 0xff, 0xf9, 0x0, 0x0, 0xaf, 0xff, 0x30,
    0xc, 0xff, 0xd0, 0x0, 0x0, 0x1e, 0xff, 0x90,
    0xf, 0xff, 0x80, 0x0, 0x0, 0xa, 0xff, 0xe0,
    0x2f, 0xff, 0x50, 0x0, 0x0, 0x7, 0xff, 0xf0,
    0x2f, 0xff, 0x50, 0x0, 0x0, 0x7, 0xff, 0xf0,
    0xf, 0xff, 0x70, 0x0, 0x0, 0x9, 0xff, 0xe0,
    0xd, 0xff, 0xc0, 0x0, 0x0, 0xe, 0xff, 0xb0,
    0x7, 0xff, 0xf6, 0x0, 0x0, 0x9f, 0xff, 0x50,
    0x0, 0xcf, 0xff, 0xb7, 0x7c, 0xff, 0xfa, 0x0,
    0x0, 0x1b, 0xff, 0xff, 0xff, 0xff, 0xa0, 0x0,
    0x0, 0x0, 0x5a, 0xdf, 0xfd, 0xa4, 0x0, 0x0,

    /* U+0050 "P" */
    0xcf, 0xff, 0xff, 0xff, 0xc6, 0x0, 0xcf, 0xff,
    0xff, 0xff, 0xff, 0xa0, 0xcf, 0xfd, 0xaa, 0xad,
    0xff, 0xf3, 0xcf, 0xf8, 0x0, 0x0, 0xaf, 0xf8,
    0xcf, 0xf8, 0x0, 0x0, 0x5f, 0xf9, 0xcf, 0xf8,
    0x0, 0x0, 0xaf, 0xf8, 0xcf, 0xfd, 0xaa, 0xad,
    0xff, 0xf3, 0xcf, 0xff, 0xff, 0xff, 0xff, 0xa0,
    0xcf, 0xff, 0xff, 0xff, 0xc6, 0x0, 0xcf, 0xf8,
    0x0, 0x0, 0x0, 0x0, 0xcf, 0xf8, 0x0, 0x0,
    0x0, 0x0, 0xcf, 0xf8, 0x0, 0x0, 0x0, 0x0,
    0xcf, 0xf8, 0x0, 0x0, 0x0, 0x0, 0xcf, 0xf8,
    0x0, 0x0, 0x0, 0x0,

    /* U+0051 "Q" */
    0x0, 0x0, 0x39, 0xdf, 0xfd, 0x93, 0x0, 0x0,
    0x0, 0x9, 0xff, 0xff, 0xff, 0xff, 0x80, 0x0,
    0x0, 0xaf, 0xff, 0xc7, 0x7c, 0xff, 0xfa, 0x0,
    0x5, 0xff, 0xf6, 0x0, 0x0, 0x7f, 0xff, 0x50,
    0xb, 0xff, 0xa0, 0x0, 0x0, 0xa, 0xff, 0xc0,
    0xf, 0xff, 0x30, 0x0, 0x0, 0x3, 0xff, 0xf0,
    0x2f, 0xff, 0x0, 0x0, 0x0, 0x0, 0xff, 0xf2,
    0x2f, 0xff, 0x0, 0x0, 0x0, 0x0, 0xff, 0xf2,
    0xf, 0xff, 0x20, 0x0, 0x0, 0x2, 0xff, 0xf0,
    0xd, 0xff, 0x80, 0x0, 0x0, 0x8, 0xff, 0xd0,
    0x6, 0xff, 0xf5, 0x0, 0x0, 0x5f, 0xff, 0x60,
    0x0, 0xbf, 0xff, 0xc8, 0x8c, 0xff, 0xfb, 0x0,
    0x0, 0x1a, 0xff, 0xff, 0xff, 0xff, 0xa0, 0x0,
    0x0, 0x0, 0x49, 0xdf, 0xff, 0xfa, 0x0, 0x0,
    0x0, 0x0, 0x0, 0x0, 0xe, 0xff, 0x10, 0x0,
    0x0, 0x0, 0x0, 0x0, 0x4, 0x88, 0x20, 0x0,

    /* U+0052 "R" */
    0xcf, 0xff, 0xff, 0xfe, 0xb4, 0x0, 0xcf, 0xff,
    0xff, 0xff, 0xff, 0x60, 0xcf, 0xfa, 0x44, 0x48,
    0xff, 0xe0, 0xcf, 0xf8, 0x0, 0x0, 0x9f, 0xf3,
    0xcf, 0xf8, 0x0, 0x0, 0x7f, 0xf3, 0xcf, 0xf8,
    0x0, 0x4, 0xef, 0xf1, 0xcf, 0xff, 0xff, 0xff,
    0xff, 0x90, 0xcf, 0xff, 0xff, 0xff, 0xf8, 0x0,
    0xcf, 0xfa, 0x4d, 0xff, 0x50, 0x0, 0xcf, 0xf8,
    0x1, 0xef, 0xf2, 0x0, 0xcf, 0xf8, 0x0, 0x3f,
    0xfd, 0x0, 0xcf, 0xf8, 0x0, 0x9, 0xff, 0x70,
    0xcf, 0xf8, 0x0, 0x1, 0xff, 0xf1, 0xcf, 0xf8,
    0x0, 0x0, 0x7f, 0xf8,

    /* U+0053 "S" */
    0x0, 0x3a, 0xef, 0xfd, 0xb5, 0x0, 0x4f, 0xff,
    0xff, 0xff, 0xc0, 0xd, 0xff, 0xd8, 0x8a, 0xdc,
    0x1, 0xff, 0xf1, 0x0, 0x0, 0x10, 0xf, 0xff,
    0x50, 0x0, 0x0, 0x0, 0xbf, 0xff, 0xb4, 0x0,
    0x0, 0x1, 0xbf, 0xff, 0xff, 0x80, 0x0, 0x0,
    0x39, 0xef, 0xff, 0xc0, 0x0, 0x0, 0x0, 0x7f,
    0xff, 0x70, 0x0, 0x0, 0x0, 0xaf, 0xfa, 0x3b,
    0x30, 0x0, 0xa, 0xff, 0xa3, 0xff, 0xd9, 0x8b,
    0xff, 0xf6, 0x3f, 0xff, 0xff, 0xff, 0xfc, 0x0,
    0x38, 0xcf, 0xff, 0xd7, 0x0,

    /* U+0054 "T" */
    0xaf, 0xff, 0xff, 0xff, 0xff, 0xda, 0xff, 0xff,
    0xff, 0xff, 0xfd, 0x7b, 0xbb, 0xff, 0xfc, 0xbb,
    0x90, 0x0, 0x1f, 0xff, 0x40, 0x0, 0x0, 0x1,
    0xff, 0xf4, 0x0, 0x0, 0x0, 0x1f, 0xff, 0x40,
    0x0, 0x0, 0x1, 0xff, 0xf4, 0x0, 0x0, 0x0,
    0x1f, 0xff, 0x40, 0x0, 0x0, 0x1, 0xff, 0xf4,
    0x0, 0x0, 0x0, 0x1f, 0xff, 0x40, 0x0, 0x0,
    0x1, 0xff, 0xf4, 0x0, 0x0, 0x0, 0x1f, 0xff,
    0x40, 0x0, 0x0, 0x1, 0xff, 0xf4, 0x0, 0x0,
    0x0, 0x1f, 0xff, 0x40, 0x0,

    /* U+0055 "U" */
    0xcf, 0xf8, 0x0, 0x0, 0xc, 0xff, 0x8c, 0xff,
    0x80, 0x0, 0x0, 0xcf, 0xf8, 0xcf, 0xf8, 0x0,
    0x0, 0xc, 0xff, 0x8c, 0xff, 0x80, 0x0, 0x0,
    0xcf, 0xf8, 0xcf, 0xf8, 0x0, 0x0, 0xc, 0xff,
    0x8c, 0xff, 0x80, 0x0, 0x0, 0xcf, 0xf8, 0xcf,
    0xf8, 0x0, 0x0, 0xc, 0xff, 0x8c, 0xff, 0x80,
    0x0, 0x0, 0xcf, 0xf8, 0xcf, 0xf8, 0x0, 0x0,
    0xd, 0xff, 0x7b, 0xff, 0xb0, 0x0, 0x1, 0xff,
    0xf6, 0x7f, 0xff, 0x80, 0x1, 0xbf, 0xff, 0x20,
    0xef, 0xff, 0xfd, 0xff, 0xff, 0xa0, 0x3, 0xef,
    0xff, 0xff, 0xff, 0xb0, 0x0, 0x1, 0x7c, 0xff,
    0xeb, 0x50, 0x0,

    /* U+0056 "V" */
    0xaf, 0xfe, 0x0, 0x0, 0x0, 0x9f, 0xff, 0x5,
    0xff, 0xf3, 0x0, 0x0, 0xd, 0xff, 0xb0, 0xf,
    0xff, 0x70, 0x0, 0x2, 0xff, 0xf6, 0x0, 0xbf,
    0xfc, 0x0, 0x0, 0x6f, 0xff, 0x10, 0x6, 0xff,
    0xf1, 0x0, 0xb, 0xff, 0xc0, 0x0, 0x1f, 0xff,
    0x50, 0x0, 0xff, 0xf7, 0x0, 0x0, 0xcf, 0xfa,
    0x0, 0x4f, 0xff, 0x20, 0x0, 0x7, 0xff, 0xe0,
    0x8, 0xff, 0xd0, 0x0, 0x0, 0x2f, 0xff, 0x30,
    0xdf, 0xf8, 0x0, 0x0, 0x0, 0xdf, 0xf7, 0x2f,
    0xff, 0x30, 0x0, 0x0, 0x9, 0xff, 0xc6, 0xff,
    0xe0, 0x0, 0x0, 0x0, 0x4f, 0xff, 0xcf, 0xf9,
    0x0, 0x0, 0x0, 0x0, 0xef, 0xff, 0xff, 0x40,
    0x0, 0x0, 0x0, 0xa, 0xff, 0xff, 0xf0, 0x0,
    0x0,

    /* U+0057 "W" */
    0x9f, 0xfd, 0x0, 0x4, 0xff, 0xe0, 0x0, 0x2f,
    0xff, 0x35, 0xff, 0xf0, 0x0, 0x7f, 0xff, 0x20,
    0x5, 0xff, 0xf0, 0x1f, 0xff, 0x30, 0xa, 0xff,
    0xf5, 0x0, 0x8f, 0xfc, 0x0, 0xdf, 0xf6, 0x0,
    0xdf, 0xff, 0x80, 0xb, 0xff, 0x80, 0x9, 0xff,
    0x90, 0xf, 0xff, 0xfb, 0x0, 0xef, 0xf4, 0x0,
    0x5f, 0xfc, 0x3, 0xff, 0xbf, 0xe0, 0x1f, 0xff,
    0x0, 0x1, 0xff, 0xf0, 0x6f, 0xf6, 0xff, 0x14,
    0xff, 0xc0, 0x0, 0xe, 0xff, 0x29, 0xfd, 0x3f,
    0xf4, 0x8f, 0xf8, 0x0, 0x0, 0xaf, 0xf5, 0xcf,
    0xa0, 0xff, 0x7b, 0xff, 0x40, 0x0, 0x6, 0xff,
    0x8f, 0xf8, 0xd, 0xfa, 0xef, 0xf0, 0x0, 0x0,
    0x2f, 0xfe, 0xff, 0x50, 0xaf, 0xef, 0xfc, 0x0,
    0x0, 0x0, 0xef, 0xff, 0xf2, 0x7, 0xff, 0xff,
    0x80, 0x0, 0x0, 0xa, 0xff, 0xff, 0x0, 0x5f,
    0xff, 0xf5, 0x0, 0x0, 0x0, 0x6f, 0xff, 0xc0,
    0x2, 0xff, 0xff, 0x10, 0x0,

    /* U+0058 "X" */
    0x5f, 0xff, 0x60, 0x0, 0x0, 0xcf, 0xfe, 0x0,
    0xaf, 0xff, 0x20, 0x0, 0x8f, 0xff, 0x40, 0x0,
    0xef, 0xfc, 0x0, 0x3f, 0xff, 0x80, 0x0, 0x3,
    0xff, 0xf8, 0xd, 0xff, 0xd0, 0x0, 0x0, 0x8,
    0xff, 0xfb, 0xff, 0xf2, 0x0, 0x0, 0x0, 0xc,
    0xff, 0xff, 0xf7, 0x0, 0x0, 0x0, 0x0, 0x2f,
    0xff, 0xfb, 0x0, 0x0, 0x0, 0x0, 0x1, 0xef,
    0xff, 0xa0, 0x0, 0x0, 0x0, 0x0, 0xbf, 0xff,
    0xff, 0x50, 0x0, 0x0, 0x0, 0x6f, 0xff, 0xdf,
    0xfe, 0x10, 0x0, 0x0, 0x2f, 0xff, 0x91, 0xef,
    0xfb, 0x0, 0x0, 0xc, 0xff, 0xe0, 0x5, 0xff,
    0xf7, 0x0, 0x8, 0xff, 0xf4, 0x0, 0xa, 0xff,
    0xf3, 0x4, 0xff, 0xf8, 0x0, 0x0, 0x1e, 0xff,
    0xd0,

    /* U+0059 "Y" */
    0x8f, 0xff, 0x10, 0x0, 0x2f, 0xff, 0x70, 0xef,
    0xf9, 0x0, 0x9, 0xff, 0xe0, 0x6, 0xff, 0xf1,
    0x2, 0xff, 0xf5, 0x0, 0xd, 0xff, 0x80, 0x9f,
    0xfc, 0x0, 0x0, 0x4f, 0xff, 0x3f, 0xff, 0x40,
    0x0, 0x0, 0xbf, 0xfe, 0xff, 0xb0, 0x0, 0x0,
    0x3, 0xff, 0xff, 0xf2, 0x0, 0x0, 0x0, 0xa,
    0xff, 0xf9, 0x0, 0x0, 0x0, 0x0, 0x3f, 0xff,
    0x20, 0x0, 0x0, 0x0, 0x2, 0xff, 0xf2, 0x0,
    0x0, 0x0, 0x0, 0x2f, 0xff, 0x20, 0x0, 0x0,
    0x0, 0x2, 0xff, 0xf2, 0x0, 0x0, 0x0, 0x0,
    0x2f, 0xff, 0x20, 0x0, 0x0, 0x0, 0x2, 0xff,
    0xf2, 0x0, 0x0,

    /* U+005A "Z" */
    0xf, 0xff, 0xff, 0xff, 0xff, 0xff, 0x40, 0xff,
    0xff, 0xff, 0xff, 0xff, 0xf4, 0xa, 0xaa, 0xaa,
    0xaa, 0xff, 0xff, 0x30, 0x0, 0x0, 0x0, 0x8f,
    0xff, 0x80, 0x0, 0x0, 0x0, 0x5f, 0xff, 0xb0,
    0x0, 0x0, 0x0, 0x4f, 0xff, 0xc0, 0x0, 0x0,
    0x0, 0x2f, 0xff, 0xe1, 0x0, 0x0, 0x0, 0x1e,
    0xff, 0xf3, 0x0, 0x0, 0x0, 0xc, 0xff, 0xf4,
    0x0, 0x0, 0x0, 0xb, 0xff, 0xf7, 0x0, 0x0,
    0x0, 0x9, 0xff, 0xf9, 0x0, 0x0, 0x0, 0x4,
    0xff, 0xff, 0xbb, 0xbb, 0xbb, 0xb4, 0x4f, 0xff,
    0xff, 0xff, 0xff, 0xff, 0x74, 0xff, 0xff, 0xff,
    0xff, 0xff, 0xf7,

    /* U+005B "[" */
    0x9f, 0xff, 0xf3, 0x9f, 0xff, 0xf3, 0x9f, 0xfe,
    0xe2, 0x9f, 0xf4, 0x0, 0x9f, 0xf4, 0x0, 0x9f,
    0xf4, 0x0, 0x9f, 0xf4, 0x0, 0x9f, 0xf4, 0x0,
    0x9f, 0xf4, 0x0, 0x9f, 0xf4, 0x0, 0x9f, 0xf4,
    0x0, 0x9f, 0xf4, 0x0, 0x9f, 0xf4, 0x0, 0x9f,
    0xf4, 0x0, 0x9f, 0xf4, 0x0, 0x9f, 0xf4, 0x0,
    0x9f, 0xfe, 0xe2, 0x9f, 0xff, 0xf3, 0x9f, 0xff,
    0xf3,

    /* U+005C "\\" */
    0x8f, 0xf1, 0x0, 0x0, 0x0, 0x1f, 0xf7, 0x0,
    0x0, 0x0, 0xb, 0xfe, 0x0, 0x0, 0x0, 0x4,
    0xff, 0x40, 0x0, 0x0, 0x0, 0xdf, 0xb0, 0x0,
    0x0, 0x0, 0x7f, 0xf2, 0x0, 0x0, 0x0, 0x1f,
    0xf8, 0x0, 0x0, 0x0, 0xa, 0xfe, 0x0, 0x0,
    0x0, 0x3, 0xff, 0x50, 0x0, 0x0, 0x0, 0xdf,
    0xc0, 0x0, 0x0, 0x0, 0x6f, 0xf2, 0x0, 0x0,
    0x0, 0xf, 0xf9, 0x0, 0x0, 0x0, 0x9, 0xff,
    0x0, 0x0, 0x0, 0x2, 0xff, 0x60, 0x0, 0x0,
    0x0, 0xcf, 0xd0, 0x0, 0x0, 0x0, 0x5f, 0xf3,
    0x0, 0x0, 0x0, 0xe, 0xfa,

    /* U+005D "]" */
    0x9f, 0xff, 0xf3, 0x9f, 0xff, 0xf3, 0x8e, 0xff,
    0xf3, 0x0, 0xbf, 0xf3, 0x0, 0xbf, 0xf3, 0x0,
    0xbf, 0xf3, 0x0, 0xbf, 0xf3, 0x0, 0xbf, 0xf3,
    0x0, 0xbf, 0xf3, 0x0, 0xbf, 0xf3, 0x0, 0xbf,
    0xf3, 0x0, 0xbf, 0xf3, 0x0, 0xbf, 0xf3, 0x0,
    0xbf, 0xf3, 0x0, 0xbf, 0xf3, 0x0, 0xbf, 0xf3,
    0x8e, 0xff, 0xf3, 0x9f, 0xff, 0xf3, 0x9f, 0xff,
    0xf3,

    /* U+005E "^" */
    0x0, 0x6, 0x88, 0x30, 0x0, 0x0, 0x2f, 0xff,
    0xc0, 0x0, 0x0, 0x9f, 0xff, 0xf2, 0x0, 0x0,
    0xff, 0x7e, 0xf9, 0x0, 0x6, 0xff, 0x18, 0xff,
    0x0, 0xc, 0xfb, 0x2, 0xff, 0x60, 0x3f, 0xf5,
    0x0, 0xbf, 0xc0, 0x9f, 0xe0, 0x0, 0x5f, 0xf3,

    /* U+005F "_" */
    0xff, 0xff, 0xff, 0xff, 0xff, 0xff, 0xff, 0xff,
    0xff, 0xff,

    /* U+0060 "`" */
    0x4c, 0xc7, 0x0, 0x6, 0xff, 0x30, 0x0, 0x5f,
    0xd0,

    /* U+0061 "a" */
    0x0, 0x18, 0xdf, 0xd8, 0xdf, 0xf6, 0x1, 0xdf,
    0xff, 0xff, 0xff, 0xf6, 0xa, 0xff, 0xf8, 0x59,
    0xff, 0xf6, 0x1f, 0xff, 0x40, 0x0, 0xaf, 0xf6,
    0x4f, 0xfd, 0x0, 0x0, 0x9f, 0xf6, 0x6f, 0xfa,
    0x0, 0x0, 0x9f, 0xf6, 0x4f, 0xfd, 0x0, 0x0,
    0x9f, 0xf6, 0x1f, 0xff, 0x40, 0x0, 0xaf, 0xf6,
    0xb, 0xff, 0xf7, 0x59, 0xff, 0xf6, 0x1, 0xdf,
    0xff, 0xff, 0xff, 0xf7, 0x0, 0x18, 0xdf, 0xea,
    0x8f, 0xfa,

    /* U+0062 "b" */
    0xf, 0xff, 0x30, 0x0, 0x0, 0x0, 0xf, 0xff,
    0x30, 0x0, 0x0, 0x0, 0xf, 0xff, 0x30, 0x0,
    0x0, 0x0, 0xf, 0xff, 0x30, 0x0, 0x0, 0x0,
    0xf, 0xff, 0x6b, 0xee, 0xb3, 0x0, 0xf, 0xff,
    0xff, 0xff, 0xff, 0x50, 0xf, 0xff, 0xc6, 0x6d,
    0xff, 0xf1, 0xf, 0xfe, 0x0, 0x0, 0xdf, 0xf7,
    0xf, 0xfd, 0x0, 0x0, 0x7f, 0xfa, 0xf, 0xfd,
    0x0, 0x0, 0x4f, 0xfc, 0xf, 0xfd, 0x0, 0x0,
    0x7f, 0xfa, 0xf, 0xfe, 0x0, 0x0, 0xdf, 0xf7,
    0xf, 0xff, 0xc6, 0x5c, 0xff, 0xf1, 0x1f, 0xff,
    0xff, 0xff, 0xff, 0x50, 0x4f, 0xfc, 0x7d, 0xfe,
    0xb3, 0x0,

    /* U+0063 "c" */
    0x0, 0x3, 0xae, 0xfe, 0xc7, 0x0, 0x9f, 0xff,
    0xff, 0xfd, 0x7, 0xff, 0xfd, 0x98, 0xab, 0xf,
    0xff, 0x70, 0x0, 0x0, 0x4f, 0xfd, 0x0, 0x0,
    0x0, 0x5f, 0xfb, 0x0, 0x0, 0x0, 0x4f, 0xfe,
    0x0, 0x0, 0x0, 0xf, 0xff, 0x90, 0x0, 0x1,
    0x7, 0xff, 0xfe, 0xa8, 0xaf, 0x0, 0x8f, 0xff,
    0xff, 0xff, 0x0, 0x3, 0x9d, 0xff, 0xc8,

    /* U+0064 "d" */
    0x0, 0x0, 0x0, 0x0, 0xdf, 0xf6, 0x0, 0x0,
    0x0, 0x0, 0xdf, 0xf6, 0x0, 0x0, 0x0, 0x0,
    0xdf, 0xf6, 0x0, 0x0, 0x0, 0x0, 0xdf, 0xf6,
    0x0, 0x18, 0xdf, 0xd6, 0xdf, 0xf6, 0x1, 0xdf,
    0xff, 0xff, 0xff, 0xf6, 0xa, 0xff, 0xf7, 0x59,
    0xff, 0xf6, 0x1f, 0xff, 0x40, 0x0, 0x9f, 0xf6,
    0x4f, 0xfd, 0x0, 0x0, 0x7f, 0xf6, 0x6f, 0xfa,
    0x0, 0x0, 0x7f, 0xf6, 0x5f, 0xfd, 0x0, 0x0,
    0x7f, 0xf6, 0x1f, 0xff, 0x40, 0x0, 0x8f, 0xf6,
    0xb, 0xff, 0xf7, 0x59, 0xff, 0xf6, 0x1, 0xdf,
    0xff, 0xff, 0xff, 0xf7, 0x0, 0x18, 0xdf, 0xea,
    0x8f, 0xfa,

    /* U+0065 "e" */
    0x0, 0x7, 0xdf, 0xfd, 0x81, 0x0, 0x1, 0xdf,
    0xff, 0xff, 0xfe, 0x30, 0xb, 0xff, 0xd5, 0x5a,
    0xff, 0xd0, 0x2f, 0xff, 0x10, 0x0, 0xbf, 0xf4,
    0x5f, 0xff, 0xff, 0xff, 0xff, 0xf7, 0x6f, 0xff,
    0xff, 0xff, 0xff, 0xf8, 0x4f, 0xfe, 0x33, 0x33,
    0x33, 0x31, 0x1f, 0xff, 0x40, 0x0, 0x0, 0x30,
    0x9, 0xff, 0xf9, 0x65, 0x7c, 0xd0, 0x0, 0xbf,
    0xff, 0xff, 0xff, 0xd0, 0x0, 0x5, 0xae, 0xff,
    0xda, 0x30,

    /* U+0066 "f" */
    0x0, 0x2b, 0xef, 0xf8, 0x0, 0xcf, 0xff, 0xf9,
    0x0, 0xef, 0xfb, 0x63, 0x0, 0xff, 0xf3, 0x0,
    0xdf, 0xff, 0xff, 0xfe, 0xdf, 0xff, 0xff, 0xfe,
    0x56, 0xff, 0xf8, 0x65, 0x0, 0xff, 0xf3, 0x0,
    0x0, 0xff, 0xf3, 0x0, 0x0, 0xff, 0xf3, 0x0,
    0x0, 0xff, 0xf3, 0x0, 0x0, 0xff, 0xf3, 0x0,
    0x0, 0xff, 0xf3, 0x0, 0x0, 0xff, 0xf3, 0x0,
    0x0, 0xff, 0xf3, 0x0,

    /* U+0067 "g" */
    0x0, 0x18, 0xdf, 0xd8, 0xef, 0xf4, 0x1, 0xdf,
    0xff, 0xff, 0xff, 0xf4, 0xa, 0xff, 0xf8, 0x59,
    0xff, 0xf4, 0x1f, 0xff, 0x40, 0x0, 0x9f, 0xf4,
    0x4f, 0xfd, 0x0, 0x0, 0x6f, 0xf4, 0x6f, 0xfa,
    0x0, 0x0, 0x6f, 0xf4, 0x4f, 0xfd, 0x0, 0x0,
    0x6f, 0xf4, 0x1f, 0xff, 0x40, 0x0, 0x8f, 0xf4,
    0xb, 0xff, 0xf7, 0x59, 0xff, 0xf4, 0x1, 0xdf,
    0xff, 0xff, 0xff, 0xf4, 0x0, 0x18, 0xdf, 0xe9,
    0xff, 0xf4, 0x0, 0x0, 0x0, 0x1, 0xff, 0xf3,
    0x4, 0x10, 0x0, 0xa, 0xff, 0xf1, 0xe, 0xfe,
    0xcc, 0xef, 0xff, 0xc0, 0xe, 0xff, 0xff, 0xff,
    0xff, 0x30, 0x7, 0xad, 0xef, 0xfd, 0x91, 0x0,

    /* U+0068 "h" */
    0xff, 0xf3, 0x0, 0x0, 0x0, 0xff, 0xf3, 0x0,
    0x0, 0x0, 0xff, 0xf3, 0x0, 0x0, 0x0, 0xff,
    0xf3, 0x0, 0x0, 0x0, 0xff, 0xf4, 0x8d, 0xfd,
    0x60, 0xff, 0xff, 0xff, 0xff, 0xf6, 0xff, 0xff,
    0x98, 0xef, 0xfc, 0xff, 0xf4, 0x0, 0x5f, 0xfe,
    0xff, 0xf3, 0x0, 0x4f, 0xff, 0xff, 0xf3, 0x0,
    0x4f, 0xff, 0xff, 0xf3, 0x0, 0x4f, 0xff, 0xff,
    0xf3, 0x0, 0x4f, 0xff, 0xff, 0xf3, 0x0, 0x4f,
    0xff, 0xff, 0xf3, 0x0, 0x4f, 0xff, 0xff, 0xf3,
    0x0, 0x4f, 0xff,

    /* U+0069 "i" */
    0xbf, 0xf7, 0xbf, 0xf7, 0xbf, 0xf7, 0x23, 0x31,
    0xbf, 0xf7, 0xbf, 0xf7, 0xbf, 0xf7, 0xbf, 0xf7,
    0xbf, 0xf7, 0xbf, 0xf7, 0xbf, 0xf7, 0xbf, 0xf7,
    0xbf, 0xf7, 0xbf, 0xf7, 0xbf, 0xf7,

    /* U+006A "j" */
    0x0, 0xd, 0xff, 0x50, 0x0, 0xdf, 0xf5, 0x0,
    0xd, 0xff, 0x50, 0x0, 0x23, 0x31, 0x0, 0xd,
    0xff, 0x50, 0x0, 0xdf, 0xf5, 0x0, 0xd, 0xff,
    0x50, 0x0, 0xdf, 0xf5, 0x0, 0xd, 0xff, 0x50,
    0x0, 0xdf, 0xf5, 0x0, 0xd, 0xff, 0x50, 0x0,
    0xdf, 0xf5, 0x0, 0xd, 0xff, 0x50, 0x0, 0xdf,
    0xf5, 0x0, 0xe, 0xff, 0x50, 0x0, 0xff, 0xf4,
    0x0, 0x6f, 0xff, 0x24, 0xcf, 0xff, 0xc0, 0x6f,
    0xff, 0xe2, 0x6, 0xfd, 0x81, 0x0,

    /* U+006B "k" */
    0xff, 0xf3, 0x0, 0x0, 0x0, 0xff, 0xf3, 0x0,
    0x0, 0x0, 0xff, 0xf3, 0x0, 0x0, 0x0, 0xff,
    0xf3, 0x0, 0x0, 0x0, 0xff, 0xf3, 0x2, 0xff,
    0xf2, 0xff, 0xf3, 0xc, 0xff, 0x80, 0xff, 0xf3,
    0x6f, 0xfd, 0x0, 0xff, 0xf4, 0xef, 0xf3, 0x0,
    0xff, 0xff, 0xff, 0x80, 0x0, 0xff, 0xff, 0xff,
    0x50, 0x0, 0xff, 0xf9, 0xff, 0xf3, 0x0, 0xff,
    0xf3, 0x4f, 0xfe, 0x0, 0xff, 0xf3, 0x9, 0xff,
    0x80, 0xff, 0xf3, 0x1, 0xef, 0xf1, 0xff, 0xf3,
    0x0, 0x7f, 0xf8,

    /* U+006C "l" */
    0xff, 0xf3, 0x0, 0xff, 0xf3, 0x0, 0xff, 0xf3,
    0x0, 0xff, 0xf3, 0x0, 0xff, 0xf3, 0x0, 0xff,
    0xf3, 0x0, 0xff, 0xf3, 0x0, 0xff, 0xf3, 0x0,
    0xff, 0xf3, 0x0, 0xff, 0xf3, 0x0, 0xff, 0xf3,
    0x0, 0xff, 0xf5, 0x0, 0xcf, 0xff, 0xa1, 0x6f,
    0xff, 0xf2, 0x6, 0xdf, 0xf2,

    /* U+006D "m" */
    0xff, 0xf4, 0x8d, 0xfd, 0x61, 0x8d, 0xfd, 0x50,
    0xff, 0xff, 0xff, 0xff, 0xfe, 0xff, 0xff, 0xf4,
    0xff, 0xff, 0x98, 0xff, 0xff, 0x98, 0xff, 0xf9,
    0xff, 0xf4, 0x0, 0x8f, 0xfb, 0x0, 0x8f, 0xfb,
    0xff, 0xf3, 0x0, 0x7f, 0xfb, 0x0, 0x7f, 0xfb,
    0xff, 0xf3, 0x0, 0x7f, 0xfb, 0x0, 0x7f, 0xfb,
    0xff, 0xf3, 0x0, 0x7f, 0xfb, 0x0, 0x7f, 0xfb,
    0xff, 0xf3, 0x0, 0x7f, 0xfb, 0x0, 0x7f, 0xfb,
    0xff, 0xf3, 0x0, 0x7f, 0xfb, 0x0, 0x7f, 0xfb,
    0xff, 0xf3, 0x0, 0x7f, 0xfb, 0x0, 0x7f, 0xfb,
    0xff, 0xf3, 0x0, 0x7f, 0xfb, 0x0, 0x7f, 0xfb,

    /* U+006E "n" */
    0xff, 0xf3, 0x7c, 0xfe, 0x80, 0xf, 0xff, 0xef,
    0xff, 0xff, 0x90, 0xff, 0xff, 0xa7, 0xdf, 0xff,
    0xf, 0xff, 0x50, 0x2, 0xff, 0xf2, 0xff, 0xf3,
    0x0, 0x1f, 0xff, 0x2f, 0xff, 0x30, 0x1, 0xff,
    0xf2, 0xff, 0xf3, 0x0, 0x1f, 0xff, 0x2f, 0xff,
    0x30, 0x1, 0xff, 0xf2, 0xff, 0xf3, 0x0, 0x1f,
    0xff, 0x2f, 0xff, 0x30, 0x1, 0xff, 0xf2, 0xff,
    0xf3, 0x0, 0x1f, 0xff, 0x20,

    /* U+006F "o" */
    0x0, 0x7, 0xcf, 0xfe, 0xa3, 0x0, 0x1, 0xdf,
    0xff, 0xff, 0xff, 0x70, 0xb, 0xff, 0xe7, 0x5a,
    0xff, 0xf3, 0x2f, 0xff, 0x30, 0x0, 0xbf, 0xfa,
    0x5f, 0xfe, 0x0, 0x0, 0x5f, 0xfd, 0x6f, 0xfc,
    0x0, 0x0, 0x4f, 0xfe, 0x4f, 0xfe, 0x0, 0x0,
    0x5f, 0xfd, 0x1f, 0xff, 0x50, 0x0, 0xcf, 0xf9,
    0x9, 0xff, 0xf8, 0x6b, 0xff, 0xf2, 0x0, 0xbf,
    0xff, 0xff, 0xff, 0x50, 0x0, 0x6, 0xbe, 0xfd,
    0x92, 0x0,

    /* U+0070 "p" */
    0xf, 0xff, 0x49, 0xef, 0xd6, 0x0, 0x0, 0xff,
    0xff, 0xff, 0xff, 0xfb, 0x0, 0xf, 0xff, 0xf8,
    0x59, 0xff, 0xf6, 0x0, 0xff, 0xf5, 0x0, 0x8,
    0xff, 0xd0, 0xf, 0xff, 0x30, 0x0, 0x1f, 0xff,
    0x0, 0xff, 0xf3, 0x0, 0x0, 0xef, 0xf2, 0xf,
    0xff, 0x30, 0x0, 0x1f, 0xff, 0x0, 0xff, 0xf5,
    0x0, 0x8, 0xff, 0xd0, 0xf, 0xff, 0xf8, 0x59,
    0xff, 0xf6, 0x0, 0xff, 0xff, 0xff, 0xff, 0xfb,
    0x0, 0xf, 0xff, 0x6b, 0xef, 0xd6, 0x0, 0x0,
    0xff, 0xf3, 0x0, 0x0, 0x0, 0x0, 0xf, 0xff,
    0x20, 0x0, 0x0, 0x0, 0x1, 0xff, 0xf1, 0x0,
    0x0, 0x0, 0x0, 0x2f, 0xff, 0x0, 0x0, 0x0,
    0x0, 0x4, 0xff, 0xe0, 0x0, 0x0, 0x0, 0x0,

    /* U+0071 "q" */
    0x0, 0x18, 0xdf, 0xd7, 0x7f, 0xfc, 0x0, 0x1d,
    0xff, 0xff, 0xff, 0xff, 0xc0, 0xa, 0xff, 0xf8,
    0x59, 0xff, 0xfc, 0x1, 0xff, 0xf4, 0x0, 0x9,
    0xff, 0xc0, 0x4f, 0xfd, 0x0, 0x0, 0x7f, 0xfc,
    0x6, 0xff, 0xa0, 0x0, 0x7, 0xff, 0xc0, 0x4f,
    0xfd, 0x0, 0x0, 0x7f, 0xfc, 0x1, 0xff, 0xf4,
    0x0, 0x8, 0xff, 0xc0, 0xb, 0xff, 0xf7, 0x59,
    0xff, 0xfc, 0x0, 0x1d, 0xff, 0xff, 0xff, 0xff,
    0xc0, 0x0, 0x18, 0xdf, 0xe9, 0x8f, 0xfc, 0x0,
    0x0, 0x0, 0x0, 0x6, 0xff, 0xc0, 0x0, 0x0,
    0x0, 0x0, 0x6f, 0xfc, 0x0, 0x0, 0x0, 0x0,
    0x5, 0xff, 0xd0, 0x0, 0x0, 0x0, 0x0, 0x4f,
    0xfe, 0x0, 0x0, 0x0, 0x0, 0x2, 0xff, 0xf0,

    /* U+0072 "r" */
    0xff, 0xf5, 0xaf, 0xcf, 0xff, 0xff, 0xfd, 0xff,
    0xff, 0xa7, 0x7f, 0xff, 0x50, 0x0, 0xff, 0xf3,
    0x0, 0xf, 0xff, 0x30, 0x0, 0xff, 0xf3, 0x0,
    0xf, 0xff, 0x30, 0x0, 0xff, 0xf3, 0x0, 0xf,
    0xff, 0x30, 0x0, 0xff, 0xf3, 0x0, 0x0,

    /* U+0073 "s" */
    0x0, 0x7c, 0xff, 0xda, 0x20, 0xb, 0xff, 0xff,
    0xff, 0x50, 0x2f, 0xff, 0x76, 0x9d, 0x50, 0x3f,
    0xfe, 0x10, 0x0, 0x0, 0xd, 0xff, 0xfa, 0x40,
    0x0, 0x1, 0xbf, 0xff, 0xfd, 0x20, 0x0, 0x1,
    0x7d, 0xff, 0xd0, 0x35, 0x0, 0x2, 0xff, 0xf1,
    0x4f, 0xea, 0x8b, 0xff, 0xf0, 0x4f, 0xff, 0xff,
    0xff, 0x90, 0x6, 0xad, 0xef, 0xd6, 0x0,

    /* U+0074 "t" */
    0x2, 0xff, 0xd0, 0x0, 0x2f, 0xfd, 0x0, 0x2,
    0xff, 0xd0, 0xb, 0xff, 0xff, 0xfe, 0xbf, 0xff,
    0xff, 0xe4, 0x8f, 0xfe, 0x66, 0x2, 0xff, 0xd0,
    0x0, 0x2f, 0xfd, 0x0, 0x2, 0xff, 0xd0, 0x0,
    0x2f, 0xfd, 0x0, 0x2, 0xff, 0xd0, 0x0, 0x1f,
    0xff, 0x96, 0x0, 0xdf, 0xff, 0xd0, 0x3, 0xcf,
    0xfc,

    /* U+0075 "u" */
    0xf, 0xff, 0x30, 0x1, 0xff, 0xf2, 0xf, 0xff,
    0x30, 0x1, 0xff, 0xf2, 0xf, 0xff, 0x30, 0x1,
    0xff, 0xf2, 0xf, 0xff, 0x30, 0x1, 0xff, 0xf2,
    0xf, 0xff, 0x30, 0x1, 0xff, 0xf2, 0xf, 0xff,
    0x30, 0x1, 0xff, 0xf2, 0xf, 0xff, 0x30, 0x1,
    0xff, 0xf2, 0xf, 0xff, 0x30, 0x3, 0xff, 0xf2,
    0xe, 0xff, 0xd7, 0xaf, 0xff, 0xf2, 0x8, 0xff,
    0xff, 0xfe, 0xef, 0xf2, 0x0, 0x7d, 0xfd, 0x80,
    0x9f, 0xf5,

    /* U+0076 "v" */
    0xcf, 0xf7, 0x0, 0x0, 0x8f, 0xfa, 0x7f, 0xfc,
    0x0, 0x0, 0xdf, 0xf6, 0x2f, 0xff, 0x10, 0x1,
    0xff, 0xf1, 0xd, 0xff, 0x50, 0x6, 0xff, 0xc0,
    0x8, 0xff, 0xa0, 0xa, 0xff, 0x70, 0x3, 0xff,
    0xe0, 0xf, 0xff, 0x20, 0x0, 0xef, 0xf3, 0x4f,
    0xfd, 0x0, 0x0, 0x9f, 0xf7, 0x8f, 0xf8, 0x0,
    0x0, 0x4f, 0xfc, 0xdf, 0xf3, 0x0, 0x0, 0xe,
    0xff, 0xff, 0xe0, 0x0, 0x0, 0xa, 0xff, 0xff,
    0x90, 0x0,

    /* U+0077 "w" */
    0x8f, 0xf9, 0x0, 0xb, 0xff, 0x50, 0x0, 0xff,
    0xf2, 0x4f, 0xfc, 0x0, 0xf, 0xff, 0x90, 0x3,
    0xff, 0xd0, 0xf, 0xff, 0x0, 0x3f, 0xff, 0xc0,
    0x7, 0xff, 0x90, 0xa, 0xff, 0x40, 0x6f, 0xff,
    0xf0, 0xb, 0xff, 0x40, 0x6, 0xff, 0x80, 0xaf,
    0xaf, 0xf3, 0xe, 0xff, 0x0, 0x1, 0xff, 0xc0,
    0xef, 0x6d, 0xf7, 0x2f, 0xfb, 0x0, 0x0, 0xdf,
    0xf2, 0xff, 0x3a, 0xfb, 0x6f, 0xf6, 0x0, 0x0,
    0x8f, 0xf9, 0xff, 0x6, 0xfe, 0xaf, 0xf1, 0x0,
    0x0, 0x3f, 0xff, 0xfc, 0x3, 0xff, 0xff, 0xd0,
    0x0, 0x0, 0xe, 0xff, 0xf9, 0x0, 0xff, 0xff,
    0x80, 0x0, 0x0, 0xa, 0xff, 0xf6, 0x0, 0xcf,
    0xff, 0x30, 0x0,

    /* U+0078 "x" */
    0x4f, 0xfe, 0x10, 0x0, 0xdf, 0xf5, 0x8, 0xff,
    0xa0, 0x8, 0xff, 0xa0, 0x0, 0xdf, 0xf4, 0x3f,
    0xfe, 0x10, 0x0, 0x2f, 0xfe, 0xdf, 0xf4, 0x0,
    0x0, 0x7, 0xff, 0xff, 0x90, 0x0, 0x0, 0x0,
    0xef, 0xff, 0x10, 0x0, 0x0, 0x6, 0xff, 0xff,
    0x80, 0x0, 0x0, 0x2f, 0xff, 0xef, 0xf3, 0x0,
    0x0, 0xcf, 0xf6, 0x4f, 0xfd, 0x0, 0x7, 0xff,
    0xb0, 0xa, 0xff, 0x90, 0x3f, 0xff, 0x20, 0x1,
    0xef, 0xf4,

    /* U+0079 "y" */
    0xcf, 0xf7, 0x0, 0x0, 0xdf, 0xf7, 0x6f, 0xfd,
    0x0, 0x1, 0xff, 0xf2, 0xf, 0xff, 0x20, 0x5,
    0xff, 0xe0, 0xa, 0xff, 0x80, 0xa, 0xff, 0x90,
    0x3, 0xff, 0xe0, 0xe, 0xff, 0x40, 0x0, 0xdf,
    0xf4, 0x2f, 0xff, 0x0, 0x0, 0x7f, 0xfa, 0x6f,
    0xfb, 0x0, 0x0, 0x1f, 0xff, 0xbf, 0xf6, 0x0,
    0x0, 0xa, 0xff, 0xff, 0xf1, 0x0, 0x0, 0x4,
    0xff, 0xff, 0xd0, 0x0, 0x0, 0x0, 0x7, 0xff,
    0x80, 0x0, 0x0, 0x0, 0xc, 0xff, 0x30, 0x0,
    0x0, 0x0, 0x8f, 0xfd, 0x0, 0x0, 0x8, 0xae,
    0xff, 0xf4, 0x0, 0x0, 0xf, 0xff, 0xff, 0x50,
    0x0, 0x0, 0xe, 0xec, 0x81, 0x0, 0x0, 0x0,

    /* U+007A "z" */
    0xf, 0xff, 0xff, 0xff, 0xfb, 0xf, 0xff, 0xff,
    0xff, 0xfb, 0x6, 0x66, 0x67, 0xff, 0xf8, 0x0,
    0x0, 0xb, 0xff, 0xb0, 0x0, 0x0, 0xaf, 0xfc,
    0x0, 0x0, 0x9, 0xff, 0xd1, 0x0, 0x0, 0x7f,
    0xfe, 0x10, 0x0, 0x6, 0xff, 0xe2, 0x0, 0x0,
    0x3f, 0xff, 0x96, 0x66, 0x65, 0x6f, 0xff, 0xff,
    0xff, 0xfd, 0x6f, 0xff, 0xff, 0xff, 0xfd,

    /* U+007B "{" */
    0x0, 0x4, 0xbe, 0x80, 0x4, 0xff, 0xf9, 0x0,
    0xbf, 0xfc, 0x50, 0xe, 0xff, 0x0, 0x0, 0xef,
    0xf0, 0x0, 0xe, 0xff, 0x0, 0x0, 0xef, 0xf0,
    0x0, 0xf, 0xff, 0x0, 0x5, 0xff, 0xc0, 0x5,
    0xff, 0xc3, 0x0, 0x5f, 0xfe, 0x40, 0x0, 0x3f,
    0xfe, 0x0, 0x0, 0xef, 0xf0, 0x0, 0xe, 0xff,
    0x0, 0x0, 0xef, 0xf0, 0x0, 0xe, 0xff, 0x0,
    0x0, 0xcf, 0xfc, 0x50, 0x5, 0xff, 0xf9, 0x0,
    0x5, 0xbe, 0x80,

    /* U+007C "|" */
    0x11, 0xf, 0xf7, 0xff, 0x7f, 0xf7, 0xff, 0x7f,
    0xf7, 0xff, 0x7f, 0xf7, 0xff, 0x7f, 0xf7, 0xff,
    0x7f, 0xf7, 0xff, 0x7f, 0xf7, 0xff, 0x7f, 0xf7,
    0xff, 0x7f, 0xf7, 0xff, 0x7f, 0xf7,

    /* U+007D "}" */
    0x8e, 0xb4, 0x0, 0x9, 0xff, 0xf4, 0x0, 0x5c,
    0xff, 0xb0, 0x0, 0x1f, 0xfe, 0x0, 0x0, 0xff,
    0xe0, 0x0, 0xf, 0xfe, 0x0, 0x0, 0xff, 0xe0,
    0x0, 0xf, 0xff, 0x0, 0x0, 0xdf, 0xf4, 0x0,
    0x3, 0xcf, 0xf5, 0x0, 0x5e, 0xff, 0x50, 0xe,
    0xff, 0x30, 0x0, 0xff, 0xe0, 0x0, 0xf, 0xfe,
    0x0, 0x0, 0xff, 0xe0, 0x0, 0xf, 0xfe, 0x0,
    0x5c, 0xff, 0xc0, 0x9, 0xff, 0xf5, 0x0, 0x8e,
    0xc5, 0x0, 0x0,

    /* U+007E "~" */
    0x19, 0xdf, 0xd8, 0x10, 0x0, 0x46, 0xff, 0xff,
    0xff, 0xba, 0xcf, 0x6f, 0xb9, 0xdf, 0xff, 0xff,
    0xf3, 0x10, 0x0, 0x4b, 0xef, 0xc5,

    /* U+00B7 "·" */
    0x24, 0x42, 0xaf, 0xfa, 0xaf, 0xfa, 0xaf, 0xfa,

    /* U+3002 "。" */
    0x0, 0x0, 0x0, 0x0, 0x8f, 0xfc, 0x20, 0x6f,
    0xc9, 0xfd, 0x9, 0xf1, 0xa, 0xf0, 0x6f, 0xca,
    0xfd, 0x0, 0x8e, 0xfb, 0x20,

    /* U+4E00 "一" */
    0x0, 0x0, 0x0, 0x0, 0x0, 0x0, 0x0, 0x0,
    0x0, 0xff, 0xff, 0xff, 0xff, 0xff, 0xff, 0xff,
    0xff, 0xff, 0xff, 0xff, 0xff, 0xff, 0xff, 0xff,
    0xff, 0xff, 0xff, 0xbb, 0xbb, 0xbb, 0xbb, 0xbb,
    0xbb, 0xbb, 0xbb, 0xbb,

    /* U+4E09 "三" */
    0x0, 0x0, 0x0, 0x0, 0x0, 0x0, 0x0, 0x0,
    0x0, 0x0, 0x2, 0xff, 0xff, 0xff, 0xff, 0xff,
    0xff, 0xff, 0xff, 0x20, 0x2, 0xff, 0xff, 0xff,
    0xff, 0xff, 0xff, 0xff, 0xff, 0x20, 0x1, 0x99,
    0x99, 0x99, 0x99, 0x99, 0x99, 0x99, 0x99, 0x10,
    0x0, 0x0, 0x0, 0x0, 0x0, 0x0, 0x0, 0x0,
    0x0, 0x0, 0x0, 0x0, 0x0, 0x0, 0x0, 0x0,
    0x0, 0x0, 0x0, 0x0, 0x0, 0x0, 0x0, 0x0,
    0x0, 0x0, 0x0, 0x0, 0x0, 0x0, 0x0, 0x8,
    0xaa, 0xaa, 0xaa, 0xaa, 0xaa, 0xaa, 0x80, 0x0,
    0x0, 0xd, 0xff, 0xff, 0xff, 0xff, 0xff, 0xff,
    0xd0, 0x0, 0x0, 0xc, 0xff, 0xff, 0xff, 0xff,
    0xff, 0xff, 0xc0, 0x0, 0x0, 0x0, 0x0, 0x0,
    0x0, 0x0, 0x0, 0x0, 0x0, 0x0, 0x0, 0x0,
    0x0, 0x0, 0x0, 0x0, 0x0, 0x0, 0x0, 0x0,
    0x0, 0x0, 0x0, 0x0, 0x0, 0x0, 0x0, 0x0,
    0x0, 0x0, 0x0, 0x0, 0x0, 0x0, 0x0, 0x0,
    0x0, 0x0, 0x0, 0x0, 0x18, 0x88, 0x88, 0x88,
    0x88, 0x88, 0x88, 0x88, 0x88, 0x81, 0x3f, 0xff,
    0xff, 0xff, 0xff, 0xff, 0xff, 0xff, 0xff, 0xf3,
    0x3f, 0xff, 0xff, 0xff, 0xff, 0xff, 0xff, 0xff,
    0xff, 0xf3, 0x1, 0x11, 0x11, 0x11, 0x11, 0x11,
    0x11, 0x11, 0x11, 0x10,

    /* U+4E0A "上" */
    0x0, 0x0, 0x0, 0x7, 0xff, 0x40, 0x0, 0x0,
    0x0, 0x0, 0x0, 0x0, 0x0, 0x7, 0xff, 0x40,
    0x0, 0x0, 0x0, 0x0, 0x0, 0x0, 0x0, 0x7,
    0xff, 0x40, 0x0, 0x0, 0x0, 0x0, 0x0, 0x0,
    0x0, 0x7, 0xff, 0x40, 0x0, 0x0, 0x0, 0x0,
    0x0, 0x0, 0x0, 0x7, 0xff, 0x50, 0x0, 0x0,
    0x0, 0x0, 0x0, 0x0, 0x0, 0x7, 0xff, 0xff,
    0xff, 0xff, 0xff, 0x0, 0x0, 0x0, 0x0, 0x7,
    0xff, 0xff, 0xff, 0xff, 0xff, 0x0, 0x0, 0x0,
    0x0, 0x7, 0xff, 0xb9, 0x99, 0x99, 0x98, 0x0,
    0x0, 0x0, 0x0, 0x7, 0xff, 0x40, 0x0, 0x0,
    0x0, 0x0, 0x0, 0x0, 0x0, 0x7, 0xff, 0x40,
    0x0, 0x0, 0x0, 0x0, 0x0, 0x0, 0x0, 0x7,
    0xff, 0x40, 0x0, 0x0, 0x0, 0x0, 0x0, 0x0,
    0x0, 0x7, 0xff, 0x40, 0x0, 0x0, 0x0, 0x0,
    0x0, 0x0, 0x0, 0x7, 0xff, 0x40, 0x0, 0x0,
    0x0, 0x0, 0x0, 0x0, 0x0, 0x7, 0xff, 0x40,
    0x0, 0x0, 0x0, 0x0, 0x0, 0x0, 0x0, 0x7,
    0xff, 0x40, 0x0, 0x0, 0x0, 0x0, 0x2b, 0xbb,
    0xbb, 0xbd, 0xff, 0xcb, 0xbb, 0xbb, 0xbb, 0xb2,
    0x3f, 0xff, 0xff, 0xff, 0xff, 0xff, 0xff, 0xff,
    0xff, 0xf3, 0x3f, 0xff, 0xff, 0xff, 0xff, 0xff,
    0xff, 0xff, 0xff, 0xf3,

    /* U+4E0B "下" */
    0x3f, 0xff, 0xff, 0xff, 0xff, 0xff, 0xff, 0xff,
    0xff, 0xf3, 0x3f, 0xff, 0xff, 0xff, 0xff, 0xff,
    0xff, 0xff, 0xff, 0xf3, 0x2b, 0xbb, 0xbb, 0xbd,
    0xff, 0xcb, 0xbb, 0xbb, 0xbb, 0xb2, 0x0, 0x0,
    0x0, 0x8, 0xff, 0x30, 0x0, 0x0, 0x0, 0x0,
    0x0, 0x0, 0x0, 0x8, 0xff, 0x30, 0x0, 0x0,
    0x0, 0x0, 0x0, 0x0, 0x0, 0x8, 0xff, 0x32,
    0xbb, 0x60, 0x0, 0x0, 0x0, 0x0, 0x0, 0x8,
    0xff, 0x30, 0xdf, 0xe0, 0x0, 0x0, 0x0, 0x0,
    0x0, 0x8, 0xff, 0x30, 0x7f, 0xf6, 0x0, 0x0,
    0x0, 0x0, 0x0, 0x8, 0xff, 0x30, 0x1f, 0xfd,
    0x0, 0x0, 0x0, 0x0, 0x0, 0x8, 0xff, 0x30,
    0x9, 0xff, 0x40, 0x0, 0x0, 0x0, 0x0, 0x8,
    0xff, 0x30, 0x2, 0xff, 0xa0, 0x0, 0x0, 0x0,
    0x0, 0x8, 0xff, 0x30, 0x0, 0xbf, 0xf1, 0x0,
    0x0, 0x0, 0x0, 0x8, 0xff, 0x30, 0x0, 0x4f,
    0xf8, 0x0, 0x0, 0x0, 0x0, 0x8, 0xff, 0x30,
    0x0, 0xc, 0xdc, 0x0, 0x0, 0x0, 0x0, 0x8,
    0xff, 0x30, 0x0, 0x0, 0x0, 0x0, 0x0, 0x0,
    0x0, 0x8, 0xff, 0x30, 0x0, 0x0, 0x0, 0x0,
    0x0, 0x0, 0x0, 0x8, 0xff, 0x30, 0x0, 0x0,
    0x0, 0x0, 0x0, 0x0, 0x0, 0x8, 0xff, 0x30,
    0x0, 0x0, 0x0, 0x0,

    /* U+4E0D "不" */
    0xd, 0xff, 0xff, 0xff, 0xff, 0xff, 0xff, 0xff,
    0xff, 0x60, 0xd, 0xff, 0xff, 0xff, 0xff, 0xff,
    0xff, 0xff, 0xff, 0x60, 0x7, 0x88, 0x88, 0x88,
    0xef, 0xf9, 0x88, 0x88, 0x88, 0x30, 0x0, 0x0,
    0x0, 0x2, 0xff, 0xd0, 0x0, 0x0, 0x0, 0x0,
    0x0, 0x0, 0x0, 0xa, 0xff, 0x70, 0x0, 0x0,
    0x0, 0x0, 0x0, 0x0, 0x0, 0x5f, 0xff, 0x10,
    0x0, 0x0, 0x0, 0x0, 0x0, 0x0, 0x2, 0xff,
    0xfd, 0x80, 0x0, 0x0, 0x0, 0x0, 0x0, 0x0,
    0x1d, 0xff, 0xff, 0xf1, 0x0, 0x0, 0x0, 0x0,
    0x0, 0x2, 0xef, 0xfd, 0x9f, 0xf1, 0x8c, 0x50,
    0x0, 0x0, 0x0, 0x7f, 0xff, 0xe2, 0x8f, 0xf1,
    0x8f, 0xfe, 0x82, 0x0, 0x1c, 0xff, 0xfc, 0x10,
    0x8f, 0xf1, 0x5e, 0xff, 0xff, 0xb1, 0x3f, 0xff,
    0x80, 0x0, 0x8f, 0xf1, 0x0, 0x5c, 0xff, 0xf3,
    0x3f, 0xa2, 0x0, 0x0, 0x8f, 0xf1, 0x0, 0x0,
    0x29, 0xf3, 0x12, 0x0, 0x0, 0x0, 0x8f, 0xf1,
    0x0, 0x0, 0x0, 0x0, 0x0, 0x0, 0x0, 0x0,
    0x8f, 0xf1, 0x0, 0x0, 0x0, 0x0, 0x0, 0x0,
    0x0, 0x0, 0x8f, 0xf1, 0x0, 0x0, 0x0, 0x0,
    0x0, 0x0, 0x0, 0x0, 0x8f, 0xf1, 0x0, 0x0,
    0x0, 0x0, 0x0, 0x0, 0x0, 0x0, 0x8f, 0xf1,
    0x0, 0x0, 0x0, 0x0,

    /* U+4E0E "与" */
    0x0, 0x9, 0xff, 0x10, 0x0, 0x0, 0x0, 0x0,
    0x0, 0x0, 0x0, 0xaf, 0xf9, 0x99, 0x99, 0x99,
    0x99, 0x99, 0x95, 0x0, 0xc, 0xff, 0xff, 0xff,
    0xff, 0xff, 0xff, 0xff, 0xa0, 0x0, 0xdf, 0xff,
    0xff, 0xff, 0xff, 0xff, 0xff, 0xf9, 0x0, 0xf,
    0xfb, 0x0, 0x0, 0x0, 0x0, 0x0, 0x0, 0x0,
    0x0, 0xff, 0xa0, 0x0, 0x0, 0x0, 0x0, 0x0,
    0x0, 0x0, 0x1f, 0xfd, 0x99, 0x99, 0x99, 0x99,
    0x99, 0x99, 0x60, 0x3, 0xff, 0xff, 0xff, 0xff,
    0xff, 0xff, 0xff, 0xfa, 0x0, 0x4f, 0xff, 0xff,
    0xff, 0xff, 0xff, 0xff, 0xff, 0x90, 0x0, 0x0,
    0x0, 0x0, 0x0, 0x0, 0x0, 0xf, 0xf8, 0x0,
    0x0, 0x0, 0x0, 0x0, 0x0, 0x0, 0x1, 0xff,
    0x86, 0xff, 0xff, 0xff, 0xff, 0xff, 0xff, 0xf0,
    0x1f, 0xf7, 0x6f, 0xff, 0xff, 0xff, 0xff, 0xff,
    0xff, 0x2, 0xff, 0x63, 0x99, 0x99, 0x99, 0x99,
    0x99, 0x99, 0x90, 0x3f, 0xf5, 0x0, 0x0, 0x0,
    0x0, 0x0, 0x0, 0x0, 0x4, 0xff, 0x40, 0x0,
    0x0, 0x0, 0x0, 0x0, 0x59, 0x99, 0xbf, 0xf4,
    0x0, 0x0, 0x0, 0x0, 0x0, 0xa, 0xff, 0xff,
    0xff, 0x30, 0x0, 0x0, 0x0, 0x0, 0x0, 0xaf,
    0xff, 0xff, 0xf2,

    /* U+4E13 "专" */
    0x0, 0x0, 0x0, 0x8f, 0xf2, 0x0, 0x0, 0x0,
    0x0, 0x2f, 0xff, 0xff, 0xff, 0xff, 0xff, 0xff,
    0xff, 0xf2, 0x2f, 0xff, 0xff, 0xff, 0xff, 0xff,
    0xff, 0xff, 0xf2, 0x17, 0x77, 0x7e, 0xff, 0x77,
    0x77, 0x77, 0x77, 0x71, 0x0, 0x0, 0xf, 0xfa,
    0x0, 0x0, 0x0, 0x0, 0x0, 0x77, 0x77, 0x9f,
    0xfb, 0x77, 0x77, 0x77, 0x77, 0x77, 0xff, 0xff,
    0xff, 0xff, 0xff, 0xff, 0xff, 0xff, 0xff, 0xff,
    0xff, 0xff, 0xff, 0xff, 0xff, 0xff, 0xff, 0xff,
    0x0, 0x6, 0xff, 0x40, 0x0, 0x0, 0x0, 0x0,
    0x0, 0x0, 0xc, 0xff, 0x77, 0x77, 0x77, 0x77,
    0x77, 0x0, 0x0, 0x2f, 0xff, 0xff, 0xff, 0xff,
    0xff, 0xf8, 0x0, 0x0, 0x7f, 0xff, 0xff, 0xff,
    0xff, 0xff, 0xf1, 0x0, 0x0, 0x0, 0x0, 0x0,
    0x0, 0x2, 0xff, 0x80, 0x0, 0x0, 0x21, 0x0,
    0x0, 0x0, 0xa, 0xff, 0x10, 0x0, 0x3, 0xff,
    0xff, 0xdc, 0xa8, 0x6f, 0xf8, 0x0, 0x0, 0x3,
    0xff, 0xff, 0xff, 0xff, 0xff, 0xfe, 0xa6, 0x0,
    0x0, 0x45, 0x67, 0x9b, 0xcf, 0xff, 0xff, 0xff,
    0x30, 0x0, 0x0, 0x0, 0x0, 0x0, 0x14, 0x6a,
    0xdf, 0x30, 0x0, 0x0, 0x0, 0x0, 0x0, 0x0,
    0x0, 0x1, 0x0,

    /* U+4E24 "两" */
    0x2f, 0xff, 0xff, 0xff, 0xff, 0xff, 0xff, 0xff,
    0xff, 0xf2, 0x2f, 0xff, 0xff, 0xff, 0xff, 0xff,
    0xff, 0xff, 0xff, 0xf2, 0x18, 0x88, 0x89, 0xff,
    0xd8, 0x8c, 0xff, 0x98, 0x88, 0x81, 0x0, 0x0,
    0x3, 0xff, 0x90, 0x9, 0xff, 0x20, 0x0, 0x0,
    0x4, 0x88, 0x8a, 0xff, 0xc8, 0x8d, 0xff, 0x98,
    0x88, 0x40, 0x8, 0xff, 0xff, 0xff, 0xff, 0xff,
    0xff, 0xff, 0xff, 0x80, 0x8, 0xff, 0xff, 0xff,
    0xff, 0xff, 0xff, 0xff, 0xff, 0x80, 0x8, 0xff,
    0x9, 0xff, 0x40, 0xf, 0xfd, 0x10, 0xff, 0x80,
    0x8, 0xff, 0xb, 0xff, 0xf3, 0x1f, 0xff, 0xd0,
    0xff, 0x80, 0x8, 0xff, 0xd, 0xff, 0xf5, 0x4f,
    0xff, 0xf0, 0xff, 0x80, 0x8, 0xff, 0xf, 0xfe,
    0xf7, 0x6f, 0xfe, 0xf2, 0xff, 0x80, 0x8, 0xff,
    0x2f, 0xf9, 0xfa, 0x8f, 0xdb, 0xf5, 0xff, 0x80,
    0x8, 0xff, 0x5f, 0xf4, 0xfc, 0xbf, 0xa9, 0xf7,
    0xff, 0x80, 0x8, 0xff, 0x8f, 0xe1, 0xff, 0xef,
    0x86, 0xf9, 0xff, 0x80, 0x8, 0xff, 0xbf, 0xb0,
    0xcd, 0xff, 0x54, 0xfc, 0xff, 0x80, 0x8, 0xff,
    0xef, 0x80, 0x5, 0xff, 0x22, 0xfe, 0xff, 0x80,
    0x8, 0xff, 0xbb, 0x40, 0x5, 0xbb, 0x0, 0xbb,
    0xff, 0x80, 0x8, 0xff, 0x0, 0x0, 0x0, 0x0,
    0x0, 0x0, 0xff, 0x80,

    /* U+4E2A "个" */
    0x0, 0x0, 0x1, 0xff, 0xff, 0xff, 0x70, 0x0,
    0x0, 0x0, 0x0, 0x0, 0x9f, 0xff, 0xff, 0xfe,
    0x10, 0x0, 0x0, 0x0, 0x0, 0x3f, 0xfe, 0xaa,
    0xbf, 0xfa, 0x0, 0x0, 0x0, 0x0, 0x1e, 0xff,
    0x40, 0x0, 0xcf, 0xf6, 0x0, 0x0, 0x0, 0x1d,
    0xff, 0x90, 0x0, 0x3, 0xff, 0xf6, 0x0, 0x0,
    0x3e, 0xff, 0xc0, 0x19, 0x95, 0x5, 0xff, 0xf8,
    0x0, 0x7f, 0xff, 0xc0, 0x2, 0xff, 0x90, 0x6,
    0xff, 0xfd, 0x1c, 0xff, 0x90, 0x0, 0x2f, 0xf9,
    0x0, 0x4, 0xef, 0xf3, 0xcd, 0x50, 0x0, 0x2,
    0xff, 0x90, 0x0, 0x1, 0xaf, 0x33, 0x0, 0x0,
    0x0, 0x2f, 0xf9, 0x0, 0x0, 0x0, 0x21, 0x0,
    0x0, 0x0, 0x2, 0xff, 0x90, 0x0, 0x0, 0x0,
    0x0, 0x0, 0x0, 0x0, 0x2f, 0xf9, 0x0, 0x0,
    0x0, 0x0, 0x0, 0x0, 0x0, 0x2, 0xff, 0x90,
    0x0, 0x0, 0x0, 0x0, 0x0, 0x0, 0x0, 0x2f,
    0xf9, 0x0, 0x0, 0x0, 0x0, 0x0, 0x0, 0x0,
    0x2, 0xff, 0x90, 0x0, 0x0, 0x0, 0x0, 0x0,
    0x0, 0x0, 0x2f, 0xf9, 0x0, 0x0, 0x0, 0x0,
    0x0, 0x0, 0x0, 0x2, 0xff, 0x90, 0x0, 0x0,
    0x0, 0x0, 0x0, 0x0, 0x0, 0x2f, 0xf9, 0x0,
    0x0, 0x0, 0x0,

    /* U+4E2D "中" */
    0x0, 0x0, 0x0, 0x1, 0xff, 0x80, 0x0, 0x0,
    0x0, 0x0, 0x0, 0x0, 0x1, 0xff, 0x80, 0x0,
    0x0, 0x0, 0x8f, 0xff, 0xff, 0xff, 0xff, 0xff,
    0xff, 0xff, 0xff, 0x8f, 0xff, 0xff, 0xff, 0xff,
    0xff, 0xff, 0xff, 0xff, 0x8f, 0xfa, 0xaa, 0xaa,
    0xff, 0xda, 0xaa, 0xad, 0xff, 0x8f, 0xf1, 0x0,
    0x1, 0xff, 0x80, 0x0, 0x9, 0xff, 0x8f, 0xf1,
    0x0, 0x1, 0xff, 0x80, 0x0, 0x9, 0xff, 0x8f,
    0xf1, 0x0, 0x1, 0xff, 0x80, 0x0, 0x9, 0xff,
    0x8f, 0xf1, 0x0, 0x1, 0xff, 0x80, 0x0, 0x9,
    0xff, 0x8f, 0xf1, 0x0, 0x1, 0xff, 0x80, 0x0,
    0x9, 0xff, 0x8f, 0xf1, 0x0, 0x1, 0xff, 0x80,
    0x0, 0xa, 0xff, 0x8f, 0xff, 0xff, 0xff, 0xff,
    0xff, 0xff, 0xff, 0xff, 0x8f, 0xff, 0xff, 0xff,
    0xff, 0xff, 0xff, 0xff, 0xff, 0x48, 0x88, 0x88,
    0x89, 0xff, 0xc8, 0x88, 0x88, 0x88, 0x0, 0x0,
    0x0, 0x1, 0xff, 0x80, 0x0, 0x0, 0x0, 0x0,
    0x0, 0x0, 0x1, 0xff, 0x80, 0x0, 0x0, 0x0,
    0x0, 0x0, 0x0, 0x1, 0xff, 0x80, 0x0, 0x0,
    0x0, 0x0, 0x0, 0x0, 0x1, 0xff, 0x80, 0x0,
    0x0, 0x0,

    /* U+4E3A "为" */
    0x0, 0x8c, 0xb0, 0x9, 0xff, 0x10, 0x0, 0x0,
    0x0, 0x0, 0x4f, 0xf4, 0x9, 0xff, 0x10, 0x0,
    0x0, 0x0, 0x0, 0xe, 0xfb, 0x9, 0xff, 0x10,
    0x0, 0x0, 0x0, 0x0, 0x7, 0xff, 0x29, 0xff,
    0x10, 0x0, 0x0, 0x0, 0x6, 0x88, 0xaa, 0x9c,
    0xff, 0x88, 0x88, 0x88, 0x85, 0xd, 0xff, 0xff,
    0xff, 0xff, 0xff, 0xff, 0xff, 0xfa, 0xd, 0xff,
    0xff, 0xff, 0xff, 0xff, 0xff, 0xff, 0xfa, 0x1,
    0x11, 0x11, 0x1c, 0xff, 0x11, 0x11, 0x1e, 0xfa,
    0x0, 0x0, 0x0, 0xf, 0xfd, 0x0, 0x0, 0xe,
    0xfa, 0x0, 0x0, 0x0, 0x4f, 0xff, 0xfb, 0x0,
    0xe, 0xfa, 0x0, 0x0, 0x0, 0xbf, 0xfc, 0xff,
    0x20, 0xe, 0xfa, 0x0, 0x0, 0x5, 0xff, 0xe2,
    0xff, 0x80, 0xe, 0xfa, 0x0, 0x0, 0x3f, 0xff,
    0x50, 0xbf, 0xe0, 0xe, 0xfa, 0x0, 0x4, 0xef,
    0xfb, 0x0, 0x4d, 0xd4, 0xe, 0xfa, 0x2, 0xaf,
    0xff, 0xd1, 0x0, 0x0, 0x0, 0xe, 0xfa, 0x2f,
    0xff, 0xfc, 0x10, 0x0, 0x7, 0xaa, 0xaf, 0xfa,
    0x3f, 0xff, 0x80, 0x0, 0x0, 0xc, 0xff, 0xff,
    0xfa, 0x3e, 0x92, 0x0, 0x0, 0x0, 0xc, 0xff,
    0xff, 0xfa, 0x0, 0x0, 0x0, 0x0, 0x0, 0x0,
    0x0, 0x0, 0x0,

    /* U+4E3B "主" */
    0x0, 0x0, 0x0, 0x0, 0xcf, 0xe0, 0x0, 0x0,
    0x0, 0x0, 0x0, 0x0, 0x0, 0x0, 0x8f, 0xf4,
    0x0, 0x0, 0x0, 0x0, 0x9, 0xff, 0xff, 0xff,
    0xff, 0xff, 0xff, 0xff, 0xff, 0x90, 0x9, 0xff,
    0xff, 0xff, 0xff, 0xff, 0xff, 0xff, 0xff, 0x90,
    0x4, 0x88, 0x88, 0x88, 0xaf, 0xfa, 0x88, 0x88,
    0x88, 0x40, 0x0, 0x0, 0x0, 0x0, 0x5f, 0xf5,
    0x0, 0x0, 0x0, 0x0, 0x0, 0x0, 0x0, 0x0,
    0x5f, 0xf5, 0x0, 0x0, 0x0, 0x0, 0x0, 0x0,
    0x0, 0x0, 0x5f, 0xf5, 0x0, 0x0, 0x0, 0x0,
    0x0, 0x59, 0x99, 0x99, 0xbf, 0xfb, 0x99, 0x99,
    0x95, 0x0, 0x0, 0x9f, 0xff, 0xff, 0xff, 0xff,
    0xff, 0xff, 0xf9, 0x0, 0x0, 0x9f, 0xff, 0xff,
    0xff, 0xff, 0xff, 0xff, 0xf9, 0x0, 0x0, 0x0,
    0x0, 0x0, 0x5f, 0xf5, 0x0, 0x0, 0x0, 0x0,
    0x0, 0x0, 0x0, 0x0, 0x5f, 0xf5, 0x0, 0x0,
    0x0, 0x0, 0x0, 0x0, 0x0, 0x0, 0x5f, 0xf5,
    0x0, 0x0, 0x0, 0x0, 0x0, 0x0, 0x0, 0x0,
    0x5f, 0xf5, 0x0, 0x0, 0x0, 0x0, 0x19, 0x99,
    0x99, 0x99, 0xbf, 0xfb, 0x99, 0x99, 0x99, 0x91,
    0x3f, 0xff, 0xff, 0xff, 0xff, 0xff, 0xff, 0xff,
    0xff, 0xf3, 0x3f, 0xff, 0xff, 0xff, 0xff, 0xff,
    0xff, 0xff, 0xff, 0xf3,

    /* U+4E45 "久" */
    0x0, 0x0, 0x3f, 0xf3, 0x0, 0x0, 0x0, 0x0,
    0x0, 0x0, 0x0, 0x8, 0xff, 0x10, 0x0, 0x0,
    0x0, 0x0, 0x0, 0x0, 0x0, 0xdf, 0xff, 0xff,
    0xff, 0xfa, 0x0, 0x0, 0x0, 0x0, 0x6f, 0xff,
    0xff, 0xff, 0xff, 0x70, 0x0, 0x0, 0x0, 0x2e,
    0xfe, 0x88, 0x88, 0xbf, 0xf3, 0x0, 0x0, 0x0,
    0x1d, 0xff, 0x40, 0x0, 0xb, 0xff, 0x0, 0x0,
    0x0, 0x2d, 0xff, 0x90, 0x0, 0x0, 0xff, 0xa0,
    0x0, 0x0, 0xa, 0xff, 0xa0, 0x0, 0x0, 0x7f,
    0xf5, 0x0, 0x0, 0x0, 0xaf, 0x70, 0x0, 0x0,
    0xe, 0xfe, 0x0, 0x0, 0x0, 0x6, 0x30, 0x0,
    0x0, 0x8, 0xff, 0xf5, 0x0, 0x0, 0x0, 0x0,
    0x0, 0x0, 0x3, 0xff, 0xff, 0xf8, 0x0, 0x0,
    0x0, 0x0, 0x0, 0x2, 0xef, 0xf8, 0xff, 0xf9,
    0x0, 0x0, 0x0, 0x0, 0x3, 0xef, 0xf7, 0x2,
    0xdf, 0xf7, 0x0, 0x0, 0x0, 0x7, 0xff, 0xf9,
    0x0, 0x1, 0xdf, 0xf3, 0x0, 0x0, 0x6d, 0xff,
    0xf7, 0x0, 0x0, 0x2, 0xff, 0xc0, 0x9, 0xff,
    0xff, 0xe4, 0x0, 0x0, 0x0, 0x8, 0xff, 0x40,
    0xff, 0xff, 0x80, 0x0, 0x0, 0x0, 0x0, 0x1f,
    0xf9, 0xf, 0xc6, 0x0, 0x0, 0x0, 0x0, 0x0,
    0x0, 0xaf, 0xe0, 0x10, 0x0, 0x0, 0x0, 0x0,
    0x0, 0x0, 0x0, 0x0, 0x0,

    /* U+4E49 "义" */
    0x0, 0x0, 0x0, 0x0, 0xef, 0xa0, 0x0, 0x0,
    0x0, 0x0, 0x0, 0x49, 0x92, 0x0, 0xbf, 0xe0,
    0x0, 0x29, 0x94, 0x0, 0x0, 0x5f, 0xf5, 0x0,
    0x7f, 0xf2, 0x0, 0x5f, 0xf5, 0x0, 0x0, 0x2f,
    0xf7, 0x0, 0x3f, 0xf6, 0x0, 0x7f, 0xf2, 0x0,
    0x0, 0xf, 0xfb, 0x0, 0xe, 0xfa, 0x0, 0xbf,
    0xf0, 0x0, 0x0, 0xc, 0xff, 0x0, 0x0, 0x0,
    0x0, 0xff, 0xc0, 0x0, 0x0, 0x6, 0xff, 0x40,
    0x0, 0x0, 0x5, 0xff, 0x60, 0x0, 0x0, 0x1,
    0xff, 0xb0, 0x0, 0x0, 0xc, 0xff, 0x10, 0x0,
    0x0, 0x0, 0xbf, 0xf5, 0x0, 0x0, 0x5f, 0xfa,
    0x0, 0x0, 0x0, 0x0, 0x2f, 0xfe, 0x10, 0x1,
    0xef, 0xf2, 0x0, 0x0, 0x0, 0x0, 0x9, 0xff,
    0xc0, 0xc, 0xff, 0x90, 0x0, 0x0, 0x0, 0x0,
    0x0, 0xcf, 0xfc, 0xcf, 0xfc, 0x0, 0x0, 0x0,
    0x0, 0x0, 0x0, 0x1e, 0xff, 0xff, 0xd1, 0x0,
    0x0, 0x0, 0x0, 0x0, 0x0, 0x3c, 0xff, 0xff,
    0xc3, 0x0, 0x0, 0x0, 0x0, 0x0, 0x5c, 0xff,
    0xff, 0xff, 0xff, 0xc5, 0x0, 0x0, 0x6, 0xbf,
    0xff, 0xff, 0xe5, 0x5e, 0xff, 0xff, 0xfb, 0x60,
    0x1f, 0xff, 0xff, 0xd6, 0x0, 0x0, 0x6d, 0xff,
    0xff, 0xf1, 0x1f, 0xfe, 0x94, 0x0, 0x0, 0x0,
    0x0, 0x49, 0xef, 0xf1, 0x7, 0x30, 0x0, 0x0,
    0x0, 0x0, 0x0, 0x0, 0x3, 0x70,

    /* U+4E50 "乐" */
    0x0, 0x0, 0x0, 0x0, 0x0, 0x0, 0x0, 0x12,
    0x23, 0x10, 0x0, 0x2c, 0xcc, 0xcd, 0xdd, 0xee,
    0xff, 0xff, 0xff, 0x40, 0x0, 0x5f, 0xff, 0xff,
    0xff, 0xff, 0xff, 0xff, 0xff, 0x40, 0x0, 0x7f,
    0xfc, 0xba, 0xaa, 0x99, 0x87, 0x65, 0x43, 0x0,
    0x0, 0x9f, 0xf0, 0x0, 0x0, 0x0, 0x0, 0x0,
    0x0, 0x0, 0x0, 0xbf, 0xe0, 0x0, 0xa, 0xfd,
    0x0, 0x0, 0x0, 0x0, 0x0, 0xef, 0xb0, 0x0,
    0xa, 0xfe, 0x0, 0x0, 0x0, 0x0, 0x0, 0xff,
    0xa2, 0x22, 0x2b, 0xfe, 0x22, 0x22, 0x22, 0x20,
    0x2, 0xff, 0xff, 0xff, 0xff, 0xff, 0xff, 0xff,
    0xff, 0xf1, 0x4, 0xff, 0xff, 0xff, 0xff, 0xff,
    0xff, 0xff, 0xff, 0xf1, 0x1, 0x33, 0x33, 0x33,
    0x3b, 0xff, 0x33, 0x33, 0x33, 0x30, 0x0, 0x7,
    0xa9, 0x0, 0xa, 0xfe, 0x0, 0x9a, 0x80, 0x0,
    0x0, 0xf, 0xfc, 0x0, 0xa, 0xfe, 0x0, 0xaf,
    0xf2, 0x0, 0x0, 0x5f, 0xf7, 0x0, 0xa, 0xfe,
    0x0, 0x5f, 0xf7, 0x0, 0x0, 0xbf, 0xf2, 0x0,
    0xa, 0xfe, 0x0, 0x1f, 0xfd, 0x0, 0x2, 0xff,
    0xc0, 0x0, 0xa, 0xfe, 0x0, 0xa, 0xff, 0x30,
    0x9, 0xff, 0x60, 0x5, 0x9d, 0xfe, 0x0, 0x4,
    0xff, 0xb0, 0x1f, 0xff, 0x0, 0xa, 0xff, 0xfe,
    0x0, 0x0, 0xdf, 0xf2, 0x1, 0x11, 0x0, 0xa,
    0xff, 0xfe, 0x0, 0x0, 0x1, 0x10,

    /* U+4E8E "于" */
    0xd, 0xff, 0xff, 0xff, 0xff, 0xff, 0xff, 0xff,
    0xd0, 0xd, 0xff, 0xff, 0xff, 0xff, 0xff, 0xff,
    0xff, 0xd0, 0x8, 0xaa, 0xaa, 0xaa, 0xef, 0xfa,
    0xaa, 0xaa, 0x80, 0x0, 0x0, 0x0, 0x0, 0xcf,
    0xf0, 0x0, 0x0, 0x0, 0x0, 0x0, 0x0, 0x0,
    0xcf, 0xf0, 0x0, 0x0, 0x0, 0x0, 0x0, 0x0,
    0x0, 0xcf, 0xf0, 0x0, 0x0, 0x0, 0x0, 0x0,
    0x0, 0x0, 0xcf, 0xf0, 0x0, 0x0, 0x0, 0xff,
    0xff, 0xff, 0xff, 0xff, 0xff, 0xff, 0xff, 0xff,
    0xff, 0xff, 0xff, 0xff, 0xff, 0xff, 0xff, 0xff,
    0xff, 0xaa, 0xaa, 0xaa, 0xaa, 0xef, 0xfa, 0xaa,
    0xaa, 0xaa, 0x0, 0x0, 0x0, 0x0, 0xcf, 0xf0,
    0x0, 0x0, 0x0, 0x0, 0x0, 0x0, 0x0, 0xcf,
    0xf0, 0x0, 0x0, 0x0, 0x0, 0x0, 0x0, 0x0,
    0xcf, 0xf0, 0x0, 0x0, 0x0, 0x0, 0x0, 0x0,
    0x0, 0xcf, 0xf0, 0x0, 0x0, 0x0, 0x0, 0x0,
    0x0, 0x0, 0xcf, 0xf0, 0x0, 0x0, 0x0, 0x0,
    0x0, 0x29, 0x99, 0xef, 0xf0, 0x0, 0x0, 0x0,
    0x0, 0x0, 0x4f, 0xff, 0xff, 0xf0, 0x0, 0x0,
    0x0, 0x0, 0x0, 0x4f, 0xff, 0xff, 0xf0, 0x0,
    0x0, 0x0,

    /* U+4E91 "云" */
    0x9, 0xff, 0xff, 0xff, 0xff, 0xff, 0xff, 0xff,
    0x90, 0x9, 0xff, 0xff, 0xff, 0xff, 0xff, 0xff,
    0xff, 0x90, 0x5, 0x99, 0x99, 0x99, 0x99, 0x99,
    0x99, 0x99, 0x50, 0x0, 0x0, 0x0, 0x0, 0x0,
    0x0, 0x0, 0x0, 0x0, 0x0, 0x0, 0x0, 0x0,
    0x0, 0x0, 0x0, 0x0, 0x0, 0x0, 0x0, 0x0,
    0x0, 0x0, 0x0, 0x0, 0x0, 0x0, 0x99, 0x99,
    0x99, 0x99, 0x99, 0x99, 0x99, 0x99, 0x99, 0xff,
    0xff, 0xff, 0xff, 0xff, 0xff, 0xff, 0xff, 0xff,
    0xff, 0xff, 0xff, 0xff, 0xff, 0xff, 0xff, 0xff,
    0xff, 0x0, 0x0, 0xb, 0xff, 0x50, 0x0, 0x0,
    0x0, 0x0, 0x0, 0x0, 0x3f, 0xfc, 0x0, 0x0,
    0x0, 0x0, 0x0, 0x0, 0x0, 0xcf, 0xf4, 0x0,
    0x0, 0x0, 0x0, 0x0, 0x0, 0x4, 0xff, 0xc0,
    0x0, 0x0, 0x18, 0x86, 0x0, 0x0, 0xd, 0xff,
    0x30, 0x0, 0x0, 0xd, 0xff, 0x10, 0x0, 0x5f,
    0xfb, 0x0, 0x0, 0x0, 0x6, 0xff, 0x80, 0x29,
    0xef, 0xfb, 0x99, 0x99, 0x99, 0x99, 0xff, 0xe0,
    0x4f, 0xff, 0xff, 0xff, 0xff, 0xff, 0xff, 0xff,
    0xf5, 0x4f, 0xff, 0xff, 0xff, 0xff, 0xff, 0xff,
    0xff, 0xfc,

    /* U+4E92 "互" */
    0x6, 0xff, 0xff, 0xff, 0xff, 0xff, 0xff, 0xff,
    0xff, 0x60, 0x6, 0xff, 0xff, 0xff, 0xff, 0xff,
    0xff, 0xff, 0xff, 0x60, 0x3, 0x99, 0xff, 0xe9,
    0x99, 0x99, 0x99, 0x99, 0x99, 0x30, 0x0, 0x0,
    0xff, 0xa0, 0x0, 0x0, 0x0, 0x0, 0x0, 0x0,
    0x0, 0x1, 0xff, 0x90, 0x0, 0x0, 0x0, 0x0,
    0x0, 0x0, 0x0, 0x3, 0xff, 0xff, 0xff, 0xff,
    0xff, 0xff, 0xf1, 0x0, 0x0, 0x5, 0xff, 0xff,
    0xff, 0xff, 0xff, 0xff, 0xf0, 0x0, 0x0, 0x7,
    0xff, 0x87, 0x77, 0x77, 0x77, 0xdf, 0xe0, 0x0,
    0x0, 0x9, 0xff, 0x10, 0x0, 0x0, 0x0, 0xdf,
    0xd0, 0x0, 0x0, 0xb, 0xff, 0x0, 0x0, 0x0,
    0x0, 0xef, 0xb0, 0x0, 0x0, 0xd, 0xff, 0x99,
    0x99, 0x99, 0x99, 0xff, 0xa0, 0x0, 0x0, 0xe,
    0xff, 0xff, 0xff, 0xff, 0xff, 0xff, 0x80, 0x0,
    0x0, 0xf, 0xff, 0xff, 0xff, 0xff, 0xff, 0xff,
    0x70, 0x0, 0x0, 0x0, 0x0, 0x0, 0x0, 0x0,
    0x4, 0xff, 0x50, 0x0, 0x0, 0x0, 0x0, 0x0,
    0x0, 0x0, 0x6, 0xff, 0x40, 0x0, 0x9, 0x99,
    0x99, 0x99, 0x99, 0x99, 0x9c, 0xff, 0xa9, 0x90,
    0x1f, 0xff, 0xff, 0xff, 0xff, 0xff, 0xff, 0xff,
    0xff, 0xf1, 0x1f, 0xff, 0xff, 0xff, 0xff, 0xff,
    0xff, 0xff, 0xff, 0xf1,

    /* U+4EA4 "交" */
    0x0, 0x0, 0x0, 0x5, 0xff, 0x50, 0x0, 0x0,
    0x0, 0xff, 0xff, 0xff, 0xff, 0xff, 0xff, 0xff,
    0xff, 0xff, 0xff, 0xff, 0xff, 0xff, 0xff, 0xff,
    0xff, 0xff, 0xff, 0x88, 0x88, 0x88, 0xbb, 0x88,
    0xbb, 0x88, 0x88, 0x88, 0x0, 0x0, 0x4b, 0xf6,
    0x0, 0x6f, 0xb4, 0x0, 0x0, 0x3, 0x8e, 0xff,
    0xf6, 0x0, 0x6f, 0xff, 0xe8, 0x30, 0x7f, 0xff,
    0xff, 0xb2, 0x0, 0x2b, 0xff, 0xff, 0xf7, 0x8f,
    0xff, 0xe7, 0x10, 0x0, 0x1, 0x7e, 0xff, 0xf8,
    0x7a, 0x52, 0xff, 0x80, 0x0, 0x8, 0xff, 0x25,
    0xa7, 0x0, 0x0, 0xcf, 0xe0, 0x0, 0xe, 0xfc,
    0x0, 0x0, 0x0, 0x0, 0x5f, 0xf7, 0x0, 0x7f,
    0xf5, 0x0, 0x0, 0x0, 0x0, 0xd, 0xff, 0x22,
    0xff, 0xd0, 0x0, 0x0, 0x0, 0x0, 0x4, 0xff,
    0xee, 0xff, 0x30, 0x0, 0x0, 0x0, 0x0, 0x0,
    0x7f, 0xff, 0xf7, 0x0, 0x0, 0x0, 0x0, 0x0,
    0x17, 0xdf, 0xff, 0xfd, 0x71, 0x0, 0x0, 0x47,
    0xad, 0xff, 0xff, 0xee, 0xff, 0xff, 0xd9, 0x74,
    0xff, 0xff, 0xff, 0xd6, 0x0, 0x6d, 0xff, 0xff,
    0xff, 0xff, 0xda, 0x72, 0x0, 0x0, 0x0, 0x27,
    0xad, 0xff, 0x20, 0x0, 0x0, 0x0, 0x0, 0x0,
    0x0, 0x0, 0x2,

    /* U+4EA7 "产" */
    0x0, 0x0, 0x0, 0x0, 0x2f, 0xf8, 0x0, 0x0,
    0x0, 0x0, 0xdf, 0xff, 0xff, 0xff, 0xff, 0xff,
    0xff, 0xff, 0xf6, 0xd, 0xff, 0xff, 0xff, 0xff,
    0xff, 0xff, 0xff, 0xff, 0x60, 0x78, 0xae, 0xea,
    0x88, 0x88, 0x88, 0xde, 0xd8, 0x83, 0x0, 0x1,
    0xff, 0xa0, 0x0, 0x0, 0x1f, 0xf9, 0x0, 0x0,
    0x0, 0xb, 0xff, 0x0, 0x0, 0x7, 0xff, 0x30,
    0x0, 0x0, 0x55, 0xaf, 0xfa, 0x88, 0x88, 0xef,
    0xf8, 0x88, 0x80, 0xf, 0xff, 0xff, 0xff, 0xff,
    0xff, 0xff, 0xff, 0xff, 0x0, 0xff, 0xff, 0xff,
    0xff, 0xff, 0xff, 0xff, 0xff, 0xf0, 0xf, 0xfa,
    0x0, 0x0, 0x0, 0x0, 0x0, 0x0, 0x0, 0x0,
    0xff, 0x90, 0x0, 0x0, 0x0, 0x0, 0x0, 0x0,
    0x0, 0x1f, 0xf9, 0x0, 0x0, 0x0, 0x0, 0x0,
    0x0, 0x0, 0x2, 0xff, 0x80, 0x0, 0x0, 0x0,
    0x0, 0x0, 0x0, 0x0, 0x4f, 0xf6, 0x0, 0x0,
    0x0, 0x0, 0x0, 0x0, 0x0, 0x6, 0xff, 0x40,
    0x0, 0x0, 0x0, 0x0, 0x0, 0x0, 0x0, 0xaf,
    0xf1, 0x0, 0x0, 0x0, 0x0, 0x0, 0x0, 0x0,
    0xe, 0xfd, 0x0, 0x0, 0x0, 0x0, 0x0, 0x0,
    0x0, 0x5, 0xff, 0x80, 0x0, 0x0, 0x0, 0x0,
    0x0, 0x0, 0x0,

    /* U+4EAE "亮" */
    0xd, 0xff, 0xff, 0xff, 0xff, 0xff, 0xff, 0xff,
    0xff, 0xf1, 0xd, 0xff, 0xff, 0xff, 0xff, 0xff,
    0xff, 0xff, 0xff, 0xf1, 0x2, 0x33, 0x33, 0x33,
    0x33, 0x33, 0x33, 0x33, 0x33, 0x30, 0x0, 0x1f,
    0xff, 0xff, 0xff, 0xff, 0xff, 0xff, 0xf5, 0x0,
    0x0, 0x1f, 0xff, 0xff, 0xff, 0xff, 0xff, 0xff,
    0xf5, 0x0, 0x0, 0x1f, 0xfb, 0x0, 0x0, 0x0,
    0x0, 0x4f, 0xf5, 0x0, 0x0, 0x1f, 0xfe, 0xbb,
    0xbb, 0xbb, 0xbb, 0xcf, 0xf5, 0x0, 0x0, 0x1f,
    0xff, 0xff, 0xff, 0xff, 0xff, 0xff, 0xf5, 0x0,
    0x3, 0x34, 0x44, 0x44, 0x44, 0x44, 0x44, 0x44,
    0x43, 0x31, 0x1f, 0xff, 0xff, 0xff, 0xff, 0xff,
    0xff, 0xff, 0xff, 0xf5, 0x1f, 0xff, 0xff, 0xff,
    0xff, 0xff, 0xff, 0xff, 0xff, 0xf5, 0x1d, 0xd6,
    0x4, 0x44, 0x44, 0x44, 0x44, 0x42, 0x3d, 0xd4,
    0x0, 0x0, 0x1f, 0xff, 0xff, 0xff, 0xff, 0xf8,
    0x0, 0x0, 0x0, 0x0, 0x3f, 0xff, 0xff, 0xff,
    0xff, 0xf8, 0x0, 0x0, 0x0, 0x0, 0x8f, 0xf8,
    0x33, 0x33, 0x4f, 0xf8, 0x0, 0x0, 0x0, 0x1,
    0xef, 0xf1, 0x0, 0x0, 0x1f, 0xfc, 0x88, 0x81,
    0x0, 0xb, 0xff, 0x90, 0x0, 0x0, 0x1f, 0xff,
    0xff, 0xf3, 0x1, 0xcf, 0xfd, 0x0, 0x0, 0x0,
    0x1f, 0xff, 0xff, 0xf3,

    /* U+4EBA "人" */
    0x0, 0x0, 0x0, 0x0, 0x6f, 0xf6, 0x0, 0x0,
    0x0, 0x0, 0x0, 0x0, 0x0, 0x0, 0x5f, 0xf6,
    0x0, 0x0, 0x0, 0x0, 0x0, 0x0, 0x0, 0x0,
    0x5f, 0xf6, 0x0, 0x0, 0x0, 0x0, 0x0, 0x0,
    0x0, 0x0, 0x5f, 0xf6, 0x0, 0x0, 0x0, 0x0,
    0x0, 0x0, 0x0, 0x0, 0x6f, 0xf6, 0x0, 0x0,
    0x0, 0x0, 0x0, 0x0, 0x0, 0x0, 0x7f, 0xf7,
    0x0, 0x0, 0x0, 0x0, 0x0, 0x0, 0x0, 0x0,
    0x8f, 0xf9, 0x0, 0x0, 0x0, 0x0, 0x0, 0x0,
    0x0, 0x0, 0xcf, 0xfc, 0x0, 0x0, 0x0, 0x0,
    0x0, 0x0, 0x0, 0x1, 0xff, 0xff, 0x10, 0x0,
    0x0, 0x0, 0x0, 0x0, 0x0, 0x8, 0xff, 0xff,
    0x80, 0x0, 0x0, 0x0, 0x0, 0x0, 0x0, 0x1f,
    0xff, 0xff, 0xf1, 0x0, 0x0, 0x0, 0x0, 0x0,
    0x0, 0xcf, 0xf8, 0x8f, 0xfc, 0x0, 0x0, 0x0,
    0x0, 0x0, 0xb, 0xff, 0xd0, 0xd, 0xff, 0xb0,
    0x0, 0x0, 0x0, 0x2, 0xcf, 0xff, 0x30, 0x3,
    0xff, 0xfc, 0x20, 0x0, 0x0, 0x7f, 0xff, 0xf4,
    0x0, 0x0, 0x4f, 0xff, 0xf7, 0x0, 0x2f, 0xff,
    0xfd, 0x30, 0x0, 0x0, 0x3, 0xdf, 0xff, 0xf2,
    0x3f, 0xff, 0x90, 0x0, 0x0, 0x0, 0x0, 0x9,
    0xff, 0xf3, 0x3f, 0x92, 0x0, 0x0, 0x0, 0x0,
    0x0, 0x0, 0x29, 0xf3, 0x0, 0x0, 0x0, 0x0,
    0x0, 0x0, 0x0, 0x0, 0x0, 0x0,

    /* U+4EC1 "仁" */
    0x0, 0x0, 0x11, 0x10, 0x0, 0x0, 0x0, 0x0,
    0x0, 0x0, 0x0, 0xd, 0xfd, 0x0, 0x0, 0x0,
    0x0, 0x0, 0x0, 0x0, 0x1, 0xff, 0x9b, 0xff,
    0xff, 0xff, 0xff, 0xff, 0x20, 0x0, 0x8f, 0xf5,
    0xcf, 0xff, 0xff, 0xff, 0xff, 0xf2, 0x0, 0xe,
    0xfe, 0x8, 0xaa, 0xaa, 0xaa, 0xaa, 0xaa, 0x10,
    0x8, 0xff, 0x90, 0x0, 0x0, 0x0, 0x0, 0x0,
    0x0, 0x3, 0xff, 0xf6, 0x0, 0x0, 0x0, 0x0,
    0x0, 0x0, 0x0, 0xef, 0xff, 0x60, 0x0, 0x0,
    0x0, 0x0, 0x0, 0x0, 0x2f, 0xff, 0xf6, 0x0,
    0x0, 0x0, 0x0, 0x0, 0x0, 0x2, 0xff, 0xff,
    0x60, 0x0, 0x0, 0x0, 0x0, 0x0, 0x0, 0x2f,
    0x6f, 0xf6, 0x0, 0x0, 0x0, 0x0, 0x0, 0x0,
    0x1, 0x33, 0xff, 0x60, 0x0, 0x0, 0x0, 0x0,
    0x0, 0x0, 0x0, 0x3f, 0xf6, 0x0, 0x0, 0x0,
    0x0, 0x0, 0x0, 0x0, 0x3, 0xff, 0x60, 0x0,
    0x0, 0x0, 0x0, 0x0, 0x0, 0x0, 0x3f, 0xf6,
    0x0, 0x0, 0x0, 0x0, 0x0, 0x0, 0x0, 0x3,
    0xff, 0x65, 0x99, 0x99, 0x99, 0x99, 0x99, 0x99,
    0x0, 0x3f, 0xf6, 0x8f, 0xff, 0xff, 0xff, 0xff,
    0xff, 0xf0, 0x3, 0xff, 0x68, 0xff, 0xff, 0xff,
    0xff, 0xff, 0xff, 0x0, 0x3f, 0xf6, 0x0, 0x0,
    0x0, 0x0, 0x0, 0x0, 0x0,

    /* U+4EC5 "仅" */
    0x0, 0x1, 0xff, 0x60, 0x0, 0x0, 0x0, 0x0,
    0x0, 0x0, 0x0, 0x5, 0xff, 0xbf, 0xff, 0xff,
    0xff, 0xff, 0xff, 0x0, 0x0, 0xb, 0xff, 0x8f,
    0xff, 0xff, 0xff, 0xff, 0xfd, 0x0, 0x0, 0x2f,
    0xfa, 0x5c, 0xff, 0xa9, 0x99, 0x9f, 0xfb, 0x0,
    0x0, 0xaf, 0xf4, 0x4, 0xff, 0x70, 0x0, 0x3f,
    0xf8, 0x0, 0x4, 0xff, 0xf0, 0x0, 0xff, 0xc0,
    0x0, 0x8f, 0xf3, 0x0, 0x1e, 0xff, 0xf0, 0x0,
    0xbf, 0xf1, 0x0, 0xdf, 0xf0, 0x0, 0x3f, 0xff,
    0xf0, 0x0, 0x6f, 0xf8, 0x4, 0xff, 0x90, 0x0,
    0x3f, 0xff, 0xf0, 0x0, 0xe, 0xff, 0x2d, 0xff,
    0x30, 0x0, 0x3e, 0xbf, 0xf0, 0x0, 0x7, 0xff,
    0xdf, 0xfb, 0x0, 0x0, 0x22, 0x9f, 0xf0, 0x0,
    0x0, 0xef, 0xff, 0xf2, 0x0, 0x0, 0x0, 0x9f,
    0xf0, 0x0, 0x0, 0x6f, 0xff, 0x90, 0x0, 0x0,
    0x0, 0x9f, 0xf0, 0x0, 0x2, 0xef, 0xff, 0xf5,
    0x0, 0x0, 0x0, 0x9f, 0xf0, 0x0, 0x5f, 0xff,
    0xff, 0xff, 0x80, 0x0, 0x0, 0x9f, 0xf0, 0x2b,
    0xff, 0xfd, 0x1a, 0xff, 0xfd, 0x40, 0x0, 0x9f,
    0xf0, 0xdf, 0xff, 0xb1, 0x0, 0x7f, 0xff, 0xf1,
    0x0, 0x9f, 0xf0, 0xdf, 0xf6, 0x0, 0x0, 0x4,
    0xdf, 0xf1, 0x0, 0x9f, 0xf0, 0xc9, 0x10, 0x0,
    0x0, 0x0, 0x7, 0xe1, 0x0, 0x0, 0x0, 0x0,
    0x0, 0x0, 0x0, 0x0, 0x0, 0x0,

    /* U+4ECA "今" */
    0x0, 0x0, 0x0, 0x7f, 0xff, 0xff, 0xf7, 0x0,
    0x0, 0x0, 0x0, 0x0, 0x1, 0xef, 0xff, 0xff,
    0xfe, 0x0, 0x0, 0x0, 0x0, 0x0, 0xa, 0xff,
    0x98, 0x89, 0xff, 0xa0, 0x0, 0x0, 0x0, 0x0,
    0x6f, 0xfb, 0x0, 0x0, 0xbf, 0xf6, 0x0, 0x0,
    0x0, 0x6, 0xff, 0xf2, 0x48, 0x81, 0x2f, 0xff,
    0x60, 0x0, 0x0, 0x9f, 0xff, 0x40, 0x6f, 0xf4,
    0x4, 0xff, 0xf9, 0x0, 0x1d, 0xff, 0xf5, 0x0,
    0x3f, 0xf7, 0x0, 0x5f, 0xff, 0xd1, 0x3f, 0xfd,
    0x30, 0x0, 0xf, 0xfa, 0x0, 0x3, 0xdf, 0xf3,
    0x3f, 0x81, 0x0, 0x0, 0x0, 0x0, 0x0, 0x0,
    0x18, 0xf3, 0x11, 0x58, 0x88, 0x88, 0x88, 0x88,
    0x88, 0x88, 0x82, 0x11, 0x0, 0x9f, 0xff, 0xff,
    0xff, 0xff, 0xff, 0xff, 0xf5, 0x0, 0x0, 0x9f,
    0xff, 0xff, 0xff, 0xff, 0xff, 0xff, 0xf5, 0x0,
    0x0, 0x0, 0x0, 0x0, 0x0, 0x0, 0x2, 0xef,
    0xf1, 0x0, 0x0, 0x0, 0x0, 0x0, 0x0, 0x0,
    0x1c, 0xff, 0x80, 0x0, 0x0, 0x0, 0x0, 0x0,
    0x0, 0x38, 0xff, 0xfb, 0x0, 0x0, 0x0, 0x0,
    0x9, 0xab, 0xdf, 0xff, 0xff, 0xb0, 0x0, 0x0,
    0x0, 0x0, 0xe, 0xff, 0xff, 0xff, 0xc5, 0x0,
    0x0, 0x0, 0x0, 0x0, 0xe, 0xfe, 0xca, 0x72,
    0x0, 0x0, 0x0, 0x0,

    /* U+4ECD "仍" */
    0x0, 0x1, 0xff, 0x9e, 0xff, 0xff, 0xff, 0xff,
    0xf9, 0x0, 0x0, 0x5f, 0xf5, 0xef, 0xff, 0xff,
    0xff, 0xff, 0x60, 0x0, 0xb, 0xff, 0x18, 0xdf,
    0xf9, 0x99, 0xbf, 0xf2, 0x0, 0x2, 0xff, 0xb0,
    0xa, 0xfe, 0x0, 0x8, 0xff, 0x0, 0x0, 0xaf,
    0xf4, 0x0, 0xaf, 0xe0, 0x0, 0xbf, 0xb0, 0x0,
    0x4f, 0xff, 0x10, 0xa, 0xfe, 0x0, 0xf, 0xf8,
    0x0, 0x1e, 0xff, 0xf1, 0x0, 0xaf, 0xe0, 0x3,
    0xff, 0xdb, 0x53, 0xff, 0xff, 0x10, 0xb, 0xfe,
    0x0, 0x7f, 0xff, 0xf8, 0x3f, 0xff, 0xf1, 0x0,
    0xbf, 0xd0, 0x3, 0x56, 0xff, 0x83, 0xb8, 0xff,
    0x10, 0xc, 0xfc, 0x0, 0x0, 0xf, 0xf8, 0x10,
    0x7f, 0xf1, 0x0, 0xef, 0xa0, 0x0, 0x0, 0xff,
    0x80, 0x7, 0xff, 0x10, 0x1f, 0xf8, 0x0, 0x0,
    0xf, 0xf8, 0x0, 0x7f, 0xf1, 0x4, 0xff, 0x60,
    0x0, 0x0, 0xff, 0x80, 0x7, 0xff, 0x10, 0x8f,
    0xf2, 0x0, 0x0, 0xf, 0xf8, 0x0, 0x7f, 0xf1,
    0xc, 0xff, 0x0, 0x0, 0x0, 0xff, 0x80, 0x7,
    0xff, 0x12, 0xff, 0xa0, 0x0, 0x39, 0x9f, 0xf8,
    0x0, 0x7f, 0xf1, 0x8f, 0xf5, 0x0, 0x5, 0xff,
    0xff, 0x80, 0x7, 0xff, 0x2f, 0xff, 0x0, 0x0,
    0x5f, 0xff, 0xf8,

    /* U+4ECE "从" */
    0x0, 0x0, 0xff, 0xa0, 0x0, 0x0, 0x8f, 0xf1,
    0x0, 0x0, 0x0, 0x0, 0xff, 0xa0, 0x0, 0x0,
    0x8f, 0xf1, 0x0, 0x0, 0x0, 0x0, 0xff, 0xa0,
    0x0, 0x0, 0x8f, 0xf1, 0x0, 0x0, 0x0, 0x0,
    0xff, 0xa0, 0x0, 0x0, 0x8f, 0xf1, 0x0, 0x0,
    0x0, 0x0, 0xff, 0xa0, 0x0, 0x0, 0x8f, 0xf1,
    0x0, 0x0, 0x0, 0x0, 0xff, 0xb3, 0x20, 0x0,
    0x8f, 0xf2, 0x0, 0x0, 0x0, 0x0, 0xff, 0xff,
    0xd0, 0x0, 0x9f, 0xff, 0xf0, 0x0, 0x0, 0x1,
    0xff, 0xff, 0xf0, 0x0, 0x9f, 0xff, 0xf2, 0x0,
    0x0, 0x2, 0xff, 0xef, 0xf4, 0x0, 0xaf, 0xff,
    0xf5, 0x0, 0x0, 0x3, 0xff, 0x9f, 0xf7, 0x0,
    0xcf, 0xef, 0xf9, 0x0, 0x0, 0x6, 0xff, 0x5e,
    0xfa, 0x0, 0xef, 0xbc, 0xfc, 0x0, 0x0, 0x9,
    0xff, 0x2b, 0xfd, 0x1, 0xff, 0x99, 0xff, 0x0,
    0x0, 0xc, 0xfe, 0x8, 0xff, 0x15, 0xff, 0x56,
    0xff, 0x30, 0x0, 0x1f, 0xfb, 0x5, 0xff, 0x4a,
    0xff, 0x12, 0xff, 0x60, 0x0, 0x7f, 0xf6, 0x1,
    0xff, 0x8f, 0xfc, 0x0, 0xff, 0x90, 0x0, 0xef,
    0xf1, 0x0, 0xdf, 0xff, 0xf7, 0x0, 0xcf, 0xd0,
    0x6, 0xff, 0xa0, 0x0, 0x0, 0xef, 0xf1, 0x0,
    0x8f, 0xf0, 0xe, 0xff, 0x30, 0x0, 0x7, 0xff,
    0xa0, 0x0, 0x5f, 0xf4,

    /* U+4EE4 "令" */
    0x0, 0x0, 0x0, 0x7f, 0xff, 0xff, 0xf7, 0x0,
    0x0, 0x0, 0x0, 0x0, 0x0, 0xef, 0xff, 0xff,
    0xfe, 0x0, 0x0, 0x0, 0x0, 0x0, 0x9, 0xff,
    0x98, 0x89, 0xff, 0x90, 0x0, 0x0, 0x0, 0x0,
    0x6f, 0xfb, 0x0, 0x0, 0xbf, 0xf5, 0x0, 0x0,
    0x0, 0x5, 0xff, 0xf2, 0x48, 0x81, 0x2f, 0xff,
    0x50, 0x0, 0x0, 0x7f, 0xff, 0x40, 0x6f, 0xf4,
    0x4, 0xff, 0xf7, 0x0, 0x1c, 0xff, 0xf5, 0x0,
    0x3f, 0xf7, 0x0, 0x5f, 0xff, 0xc1, 0x3f, 0xfd,
    0x30, 0x0, 0xf, 0xf9, 0x0, 0x3, 0xdf, 0xf3,
    0x3e, 0x81, 0x0, 0x0, 0x0, 0x0, 0x0, 0x0,
    0x18, 0xe3, 0x0, 0xcf, 0xff, 0xff, 0xff, 0xff,
    0xff, 0xff, 0xf1, 0x0, 0x0, 0xcf, 0xff, 0xff,
    0xff, 0xff, 0xff, 0xff, 0x70, 0x0, 0x0, 0x67,
    0x77, 0x77, 0x77, 0x77, 0xaf, 0xfc, 0x0, 0x0,
    0x0, 0x1, 0x0, 0x0, 0x0, 0x2, 0xef, 0xe2,
    0x0, 0x0, 0x0, 0xf, 0xfc, 0xa7, 0x41, 0x2e,
    0xff, 0x40, 0x0, 0x0, 0x0, 0xf, 0xff, 0xff,
    0xff, 0xff, 0xf9, 0x0, 0x0, 0x0, 0x0, 0x9,
    0xbd, 0xff, 0xff, 0xff, 0xff, 0xfb, 0x40, 0x0,
    0x0, 0x0, 0x0, 0x3, 0x58, 0xcf, 0xff, 0xff,
    0x90, 0x0, 0x0, 0x0, 0x0, 0x0, 0x0, 0x0,
    0x37, 0xbf, 0x90, 0x0, 0x0, 0x0, 0x0, 0x0,
    0x0, 0x0, 0x0, 0x0, 0x10, 0x0,

    /* U+4EE5 "以" */
    0xf, 0xf9, 0x0, 0x8f, 0xf2, 0x0, 0x0, 0xff,
    0xa0, 0x0, 0xff, 0x90, 0x5, 0xff, 0x60, 0x0,
    0xf, 0xfa, 0x0, 0xf, 0xf9, 0x0, 0x2f, 0xf9,
    0x0, 0x0, 0xff, 0xa0, 0x0, 0xff, 0x90, 0x0,
    0xff, 0xc0, 0x0, 0xf, 0xfa, 0x0, 0xf, 0xf9,
    0x0, 0xc, 0xff, 0x0, 0x0, 0xff, 0xa0, 0x0,
    0xff, 0x90, 0x0, 0x8f, 0xf2, 0x0, 0xf, 0xfa,
    0x0, 0xf, 0xf9, 0x0, 0x2, 0x44, 0x10, 0x0,
    0xff, 0x90, 0x0, 0xff, 0x90, 0x0, 0x0, 0x0,
    0x0, 0xf, 0xf8, 0x0, 0xf, 0xf9, 0x0, 0x0,
    0x0, 0x0, 0x3, 0xff, 0x70, 0x0, 0xff, 0x90,
    0x0, 0x0, 0x0, 0x0, 0x6f, 0xf4, 0x0, 0xf,
    0xf9, 0x0, 0x0, 0x0, 0x0, 0xc, 0xff, 0x0,
    0x0, 0xff, 0x90, 0x0, 0x0, 0x0, 0x5, 0xff,
    0xb0, 0x0, 0xf, 0xf9, 0x0, 0x0, 0x0, 0x2,
    0xef, 0xff, 0x0, 0x0, 0xff, 0x90, 0x50, 0x0,
    0x4, 0xef, 0xff, 0xf7, 0x0, 0xf, 0xfe, 0xff,
    0x10, 0x4b, 0xff, 0xfd, 0xff, 0xd0, 0x0, 0xff,
    0xff, 0xf3, 0xef, 0xff, 0xfb, 0xb, 0xff, 0x50,
    0xf, 0xff, 0xe9, 0x3f, 0xff, 0xe6, 0x0, 0x4f,
    0xfc, 0x0, 0xd8, 0x30, 0x3, 0xfb, 0x60, 0x0,
    0x0, 0xdf, 0xf3, 0x0, 0x0, 0x0, 0x0, 0x0,
    0x0, 0x0, 0x0, 0x0, 0x0,

    /* U+4EF2 "仲" */
    0x0, 0x9, 0xff, 0x30, 0x0, 0x1f, 0xf8, 0x0,
    0x0, 0x0, 0xe, 0xfe, 0x0, 0x0, 0x1f, 0xf8,
    0x0, 0x0, 0x0, 0x4f, 0xfa, 0x59, 0x99, 0x9f,
    0xfc, 0x99, 0x98, 0x0, 0xcf, 0xf3, 0x9f, 0xff,
    0xff, 0xff, 0xff, 0xff, 0x5, 0xff, 0xc0, 0x9f,
    0xff, 0xff, 0xff, 0xff, 0xff, 0x2e, 0xff, 0x80,
    0x9f, 0xe0, 0xf, 0xf8, 0x8, 0xff, 0xdf, 0xff,
    0x80, 0x9f, 0xe0, 0xf, 0xf8, 0x8, 0xff, 0xff,
    0xff, 0x80, 0x9f, 0xe0, 0xf, 0xf8, 0x8, 0xff,
    0xff, 0xff, 0x80, 0x9f, 0xe0, 0xf, 0xf8, 0x8,
    0xff, 0xf8, 0xff, 0x80, 0x9f, 0xe0, 0xf, 0xf8,
    0x8, 0xff, 0x61, 0xff, 0x80, 0x9f, 0xe0, 0xf,
    0xf8, 0x8, 0xff, 0x1, 0xff, 0x80, 0x9f, 0xfa,
    0xaf, 0xfd, 0xad, 0xff, 0x1, 0xff, 0x80, 0x9f,
    0xff, 0xff, 0xff, 0xff, 0xff, 0x1, 0xff, 0x80,
    0x8f, 0xff, 0xff, 0xff, 0xff, 0xfe, 0x1, 0xff,
    0x80, 0x0, 0x0, 0x1f, 0xf8, 0x0, 0x0, 0x1,
    0xff, 0x80, 0x0, 0x0, 0x1f, 0xf8, 0x0, 0x0,
    0x1, 0xff, 0x80, 0x0, 0x0, 0x1f, 0xf8, 0x0,
    0x0, 0x1, 0xff, 0x80, 0x0, 0x0, 0x1f, 0xf8,
    0x0, 0x0,

    /* U+4EFB "任" */
    0x0, 0x0, 0x0, 0x0, 0x0, 0x0, 0x0, 0x1,
    0x11, 0x0, 0x0, 0x3, 0xff, 0x7f, 0xff, 0xff,
    0xff, 0xff, 0xff, 0x60, 0x0, 0x8, 0xff, 0x3f,
    0xff, 0xff, 0xff, 0xff, 0xff, 0x60, 0x0, 0xd,
    0xfe, 0x8, 0x77, 0x7c, 0xff, 0x43, 0x21, 0x0,
    0x0, 0x5f, 0xf9, 0x0, 0x0, 0x9, 0xff, 0x0,
    0x0, 0x0, 0x0, 0xdf, 0xf2, 0x0, 0x0, 0x9,
    0xff, 0x0, 0x0, 0x0, 0x8, 0xff, 0xf1, 0x0,
    0x0, 0x9, 0xff, 0x0, 0x0, 0x0, 0x3f, 0xff,
    0xf1, 0x0, 0x0, 0x9, 0xff, 0x0, 0x0, 0x0,
    0x5f, 0xff, 0xf1, 0xcf, 0xff, 0xff, 0xff, 0xff,
    0xff, 0xf1, 0x5f, 0xff, 0xf1, 0xdf, 0xff, 0xff,
    0xff, 0xff, 0xff, 0xf1, 0x5d, 0x9f, 0xf1, 0x79,
    0x99, 0x9d, 0xff, 0x99, 0x99, 0x90, 0x31, 0x8f,
    0xf1, 0x0, 0x0, 0x9, 0xff, 0x0, 0x0, 0x0,
    0x0, 0x8f, 0xf1, 0x0, 0x0, 0x9, 0xff, 0x0,
    0x0, 0x0, 0x0, 0x8f, 0xf1, 0x0, 0x0, 0x9,
    0xff, 0x0, 0x0, 0x0, 0x0, 0x8f, 0xf1, 0x0,
    0x0, 0x9, 0xff, 0x0, 0x0, 0x0, 0x0, 0x8f,
    0xf1, 0x0, 0x0, 0x9, 0xff, 0x0, 0x0, 0x0,
    0x0, 0x8f, 0xf1, 0x49, 0x99, 0x9d, 0xff, 0x99,
    0x99, 0x70, 0x0, 0x8f, 0xf1, 0x7f, 0xff, 0xff,
    0xff, 0xff, 0xff, 0xc0, 0x0, 0x8f, 0xf1, 0x7f,
    0xff, 0xff, 0xff, 0xff, 0xff, 0xc0,

    /* U+4EFD "份" */
    0x0, 0x2, 0xff, 0x60, 0xd, 0xfb, 0xe, 0xfa,
    0x0, 0x0, 0x0, 0x6, 0xff, 0x30, 0x1f, 0xf8,
    0xa, 0xfe, 0x0, 0x0, 0x0, 0xb, 0xff, 0x0,
    0x6f, 0xf4, 0x6, 0xff, 0x40, 0x0, 0x0, 0x2f,
    0xfa, 0x0, 0xdf, 0xe0, 0x1, 0xff, 0xb0, 0x0,
    0x0, 0xaf, 0xf4, 0x8, 0xff, 0x80, 0x0, 0xaf,
    0xf5, 0x0, 0x3, 0xff, 0xf0, 0x5f, 0xfe, 0x0,
    0x0, 0x2f, 0xff, 0x40, 0xd, 0xff, 0xe4, 0xff,
    0xf4, 0x0, 0x0, 0x6, 0xff, 0xf2, 0x2f, 0xff,
    0xe6, 0xff, 0xd9, 0x99, 0x99, 0x99, 0xef, 0xf4,
    0x2f, 0xff, 0xe6, 0xec, 0xff, 0xff, 0xff, 0xff,
    0xfe, 0xf4, 0x2f, 0xdf, 0xe2, 0x18, 0xff, 0xff,
    0xff, 0xff, 0xfa, 0x21, 0x13, 0xaf, 0xe0, 0x0,
    0xb, 0xfe, 0x0, 0xe, 0xf9, 0x0, 0x0, 0xaf,
    0xe0, 0x0, 0xf, 0xfa, 0x0, 0xf, 0xf9, 0x0,
    0x0, 0xaf, 0xe0, 0x0, 0x6f, 0xf6, 0x0, 0xf,
    0xf8, 0x0, 0x0, 0xaf, 0xe0, 0x1, 0xef, 0xe0,
    0x0, 0xf, 0xf8, 0x0, 0x0, 0xaf, 0xe0, 0x2d,
    0xff, 0x60, 0x0, 0xf, 0xf7, 0x0, 0x0, 0xaf,
    0xe1, 0xff, 0xfb, 0x0, 0x19, 0x9f, 0xf7, 0x0,
    0x0, 0xaf, 0xe2, 0xff, 0xb0, 0x0, 0x2f, 0xff,
    0xf6, 0x0, 0x0, 0xaf, 0xe2, 0xe6, 0x0, 0x0,
    0x2f, 0xff, 0xf6, 0x0, 0x0, 0x0, 0x0, 0x0,
    0x0, 0x0, 0x0, 0x0, 0x0, 0x0,

    /* U+4F11 "休" */
    0x0, 0x3, 0xff, 0x70, 0x0, 0xf, 0xfa, 0x0,
    0x0, 0x0, 0x0, 0x8, 0xff, 0x30, 0x0, 0xf,
    0xfa, 0x0, 0x0, 0x0, 0x0, 0xd, 0xff, 0x69,
    0x99, 0x9f, 0xfd, 0x99, 0x99, 0x80, 0x0, 0x4f,
    0xf9, 0xbf, 0xff, 0xff, 0xff, 0xff, 0xff, 0xe0,
    0x0, 0xdf, 0xf3, 0xbf, 0xff, 0xff, 0xff, 0xff,
    0xff, 0xe0, 0x7, 0xff, 0xf1, 0x0, 0xef, 0x8e,
    0xfa, 0xcf, 0xa0, 0x0, 0x3f, 0xff, 0xf1, 0x1,
    0xff, 0x5e, 0xfa, 0xaf, 0xc0, 0x0, 0x5f, 0xff,
    0xf1, 0x3, 0xff, 0x3e, 0xfa, 0x8f, 0xf0, 0x0,
    0x5f, 0xff, 0xf1, 0x6, 0xff, 0x1e, 0xfa, 0x5f,
    0xf1, 0x0, 0x5d, 0x9f, 0xf1, 0x9, 0xfe, 0xe,
    0xfa, 0x2f, 0xf5, 0x0, 0x31, 0x7f, 0xf1, 0xc,
    0xfb, 0xe, 0xfa, 0xf, 0xf8, 0x0, 0x0, 0x7f,
    0xf1, 0xf, 0xf8, 0xe, 0xfa, 0xd, 0xfb, 0x0,
    0x0, 0x7f, 0xf1, 0x4f, 0xf4, 0xe, 0xfa, 0x9,
    0xff, 0x0, 0x0, 0x7f, 0xf1, 0x8f, 0xf1, 0xe,
    0xfa, 0x5, 0xff, 0x30, 0x0, 0x7f, 0xf1, 0xcf,
    0xd0, 0xe, 0xfa, 0x1, 0xff, 0x70, 0x0, 0x7f,
    0xf2, 0xff, 0x80, 0xe, 0xfa, 0x0, 0xdf, 0xc0,
    0x0, 0x7f, 0xf7, 0xff, 0x40, 0xe, 0xfa, 0x0,
    0x8f, 0xf1, 0x0, 0x7f, 0xf2, 0x22, 0x0, 0xe,
    0xfa, 0x0, 0x2, 0x20, 0x0, 0x1, 0x10, 0x0,
    0x0, 0x0, 0x0, 0x0, 0x0, 0x0,

    /* U+4F18 "优" */
    0x0, 0x4, 0xff, 0x50, 0x8, 0xff, 0x11, 0xff,
    0x40, 0x0, 0x0, 0x8, 0xff, 0x10, 0x8, 0xff,
    0x10, 0xdf, 0x80, 0x0, 0x0, 0xd, 0xfe, 0x0,
    0x8, 0xff, 0x10, 0x8d, 0xa0, 0x0, 0x0, 0x3f,
    0xf8, 0x0, 0x8, 0xff, 0x20, 0x0, 0x0, 0x0,
    0x0, 0xbf, 0xf3, 0xaf, 0xff, 0xff, 0xff, 0xff,
    0xff, 0xe0, 0x4, 0xff, 0xf1, 0xaf, 0xff, 0xff,
    0xff, 0xff, 0xff, 0xe0, 0x1e, 0xff, 0xf1, 0x58,
    0x8c, 0xff, 0x9a, 0xff, 0xa8, 0x80, 0x4f, 0xff,
    0xf1, 0x0, 0x8, 0xff, 0x4, 0xff, 0x40, 0x0,
    0x4f, 0xff, 0xf1, 0x0, 0x9, 0xff, 0x4, 0xff,
    0x40, 0x0, 0x4e, 0xaf, 0xf1, 0x0, 0xb, 0xfe,
    0x4, 0xff, 0x40, 0x0, 0x32, 0x8f, 0xf1, 0x0,
    0xd, 0xfc, 0x4, 0xff, 0x40, 0x0, 0x0, 0x8f,
    0xf1, 0x0, 0x1f, 0xf9, 0x4, 0xff, 0x40, 0x0,
    0x0, 0x8f, 0xf1, 0x0, 0x5f, 0xf5, 0x4, 0xff,
    0x40, 0x0, 0x0, 0x8f, 0xf1, 0x0, 0xaf, 0xf1,
    0x4, 0xff, 0x40, 0x0, 0x0, 0x8f, 0xf1, 0x1,
    0xff, 0xb0, 0x4, 0xff, 0x40, 0x0, 0x0, 0x8f,
    0xf1, 0x9, 0xff, 0x50, 0x4, 0xff, 0xa9, 0x93,
    0x0, 0x8f, 0xf1, 0x3f, 0xfd, 0x0, 0x4, 0xff,
    0xff, 0xf6, 0x0, 0x8f, 0xf2, 0xdf, 0xf4, 0x0,
    0x4, 0xff, 0xff, 0xf6,

    /* U+4F1A "会" */
    0x0, 0x0, 0x0, 0x7f, 0xff, 0xff, 0xf7, 0x0,
    0x0, 0x0, 0x0, 0x0, 0x1, 0xff, 0xff, 0xff,
    0xfe, 0x10, 0x0, 0x0, 0x0, 0x0, 0xb, 0xff,
    0xa8, 0x8a, 0xff, 0xb0, 0x0, 0x0, 0x0, 0x0,
    0x9f, 0xfc, 0x0, 0x0, 0xcf, 0xf9, 0x0, 0x0,
    0x0, 0x1b, 0xff, 0xe2, 0x11, 0x11, 0x2e, 0xff,
    0xb1, 0x0, 0x8, 0xff, 0xff, 0xff, 0xff, 0xff,
    0xff, 0xff, 0xff, 0x90, 0x3f, 0xff, 0xbc, 0xff,
    0xff, 0xff, 0xff, 0xcb, 0xff, 0xf3, 0x3f, 0xd6,
    0x4, 0x66, 0x66, 0x66, 0x66, 0x40, 0x6d, 0xf3,
    0x14, 0x0, 0x0, 0x0, 0x0, 0x0, 0x0, 0x0,
    0x0, 0x41, 0x9, 0x99, 0x99, 0x99, 0x99, 0x99,
    0x99, 0x99, 0x99, 0x90, 0xf, 0xff, 0xff, 0xff,
    0xff, 0xff, 0xff, 0xff, 0xff, 0xf0, 0xf, 0xff,
    0xff, 0xff, 0xff, 0xff, 0xff, 0xff, 0xff, 0xf0,
    0x0, 0x0, 0xb, 0xff, 0x50, 0x0, 0x0, 0x0,
    0x0, 0x0, 0x0, 0x0, 0x6f, 0xfb, 0x0, 0x0,
    0x0, 0xde, 0xc0, 0x0, 0x0, 0x1, 0xff, 0xe1,
    0x0, 0x0, 0x0, 0x8f, 0xf5, 0x0, 0x2, 0x9c,
    0xff, 0xc9, 0x99, 0x99, 0x99, 0xaf, 0xfc, 0x0,
    0x4, 0xff, 0xff, 0xff, 0xff, 0xff, 0xff, 0xff,
    0xff, 0x40, 0x4, 0xff, 0xff, 0xff, 0xff, 0xff,
    0xff, 0xff, 0xff, 0xc0,

    /* U+4F34 "伴" */
    0x0, 0x0, 0x0, 0x0, 0x0, 0x1, 0x10, 0x0,
    0x0, 0x0, 0x0, 0xef, 0xbe, 0xf8, 0x3, 0xff,
    0x60, 0x5f, 0xf1, 0x0, 0x3f, 0xf7, 0xaf, 0xc0,
    0x3f, 0xf6, 0x9, 0xfd, 0x0, 0x9, 0xff, 0x26,
    0xff, 0x13, 0xff, 0x60, 0xdf, 0x90, 0x0, 0xff,
    0xc0, 0x2e, 0xe4, 0x3f, 0xf6, 0xe, 0xe5, 0x0,
    0x8f, 0xf8, 0x0, 0x0, 0x3, 0xff, 0x60, 0x0,
    0x0, 0x2f, 0xff, 0x80, 0x78, 0x88, 0x9f, 0xfb,
    0x88, 0x86, 0xd, 0xff, 0xf8, 0xf, 0xff, 0xff,
    0xff, 0xff, 0xff, 0xd0, 0xff, 0xff, 0x80, 0xff,
    0xff, 0xff, 0xff, 0xff, 0xfd, 0xf, 0xff, 0xf8,
    0x0, 0x0, 0x3, 0xff, 0x60, 0x0, 0x0, 0xf6,
    0xff, 0x80, 0x0, 0x0, 0x3f, 0xf6, 0x0, 0x0,
    0x4, 0x1f, 0xf8, 0x0, 0x0, 0x3, 0xff, 0x70,
    0x0, 0x0, 0x1, 0xff, 0x89, 0xff, 0xff, 0xff,
    0xff, 0xff, 0xff, 0x70, 0x1f, 0xf8, 0x9f, 0xff,
    0xff, 0xff, 0xff, 0xff, 0xf7, 0x1, 0xff, 0x84,
    0x77, 0x77, 0x8f, 0xfa, 0x77, 0x77, 0x30, 0x1f,
    0xf8, 0x0, 0x0, 0x3, 0xff, 0x60, 0x0, 0x0,
    0x1, 0xff, 0x80, 0x0, 0x0, 0x3f, 0xf6, 0x0,
    0x0, 0x0, 0x1f, 0xf8, 0x0, 0x0, 0x3, 0xff,
    0x60, 0x0, 0x0, 0x1, 0xff, 0x80, 0x0, 0x0,
    0x3f, 0xf6, 0x0, 0x0, 0x0, 0x0, 0x0, 0x0,
    0x0, 0x0, 0x11, 0x0, 0x0, 0x0,

    /* U+4F4D "位" */
    0x0, 0x0, 0x0, 0x0, 0x0, 0x1, 0x21, 0x0,
    0x0, 0x0, 0x0, 0x4, 0xff, 0x30, 0x0, 0xa,
    0xff, 0x0, 0x0, 0x0, 0x0, 0x8, 0xff, 0x0,
    0x0, 0xa, 0xff, 0x0, 0x0, 0x0, 0x0, 0xe,
    0xfc, 0x9f, 0xff, 0xff, 0xff, 0xff, 0xff, 0xe0,
    0x0, 0x4f, 0xf7, 0xaf, 0xff, 0xff, 0xff, 0xff,
    0xff, 0xe0, 0x0, 0xcf, 0xf2, 0x69, 0x99, 0x99,
    0x99, 0x99, 0x99, 0x80, 0x5, 0xff, 0xf1, 0x1,
    0x33, 0x0, 0x0, 0x2, 0x32, 0x0, 0x1e, 0xff,
    0xf1, 0x8, 0xff, 0x20, 0x0, 0xd, 0xfc, 0x0,
    0x3f, 0xff, 0xf1, 0x5, 0xff, 0x50, 0x0, 0xf,
    0xfa, 0x0, 0x3f, 0xff, 0xf1, 0x2, 0xff, 0x80,
    0x0, 0x3f, 0xf7, 0x0, 0x3e, 0xaf, 0xf1, 0x0,
    0xff, 0xb0, 0x0, 0x6f, 0xf4, 0x0, 0x22, 0x8f,
    0xf1, 0x0, 0xcf, 0xd0, 0x0, 0x9f, 0xf1, 0x0,
    0x0, 0x8f, 0xf1, 0x0, 0x9f, 0xf0, 0x0, 0xcf,
    0xe0, 0x0, 0x0, 0x8f, 0xf1, 0x0, 0x6f, 0xf3,
    0x0, 0xef, 0xb0, 0x0, 0x0, 0x8f, 0xf1, 0x0,
    0x3f, 0xf6, 0x1, 0xff, 0x80, 0x0, 0x0, 0x8f,
    0xf1, 0x0, 0x1, 0x10, 0x0, 0x11, 0x0, 0x0,
    0x0, 0x8f, 0xf1, 0x99, 0x99, 0x99, 0x99, 0x99,
    0x99, 0x92, 0x0, 0x8f, 0xf1, 0xff, 0xff, 0xff,
    0xff, 0xff, 0xff, 0xf4, 0x0, 0x8f, 0xf1, 0xff,
    0xff, 0xff, 0xff, 0xff, 0xff, 0xf4,

    /* U+4F4E "低" */
    0x0, 0x0, 0x0, 0x0, 0x0, 0x0, 0x0, 0x11,
    0x11, 0x0, 0x0, 0xef, 0xb9, 0xff, 0xff, 0xff,
    0xff, 0xff, 0xc0, 0x0, 0x3f, 0xf7, 0x9f, 0xff,
    0xff, 0xff, 0xff, 0xfc, 0x0, 0x9, 0xff, 0x39,
    0xff, 0x87, 0x76, 0xff, 0x92, 0x0, 0x0, 0xff,
    0xd0, 0x9f, 0xf0, 0x0, 0xf, 0xf8, 0x0, 0x0,
    0x8f, 0xf8, 0x9, 0xff, 0x0, 0x0, 0xff, 0x80,
    0x0, 0x3f, 0xff, 0x80, 0x9f, 0xf0, 0x0, 0xf,
    0xf8, 0x0, 0xe, 0xff, 0xf8, 0x9, 0xff, 0xff,
    0xff, 0xff, 0xff, 0xf6, 0xff, 0xff, 0x80, 0x9f,
    0xff, 0xff, 0xff, 0xff, 0xff, 0x7f, 0xff, 0xf8,
    0x9, 0xff, 0x99, 0x99, 0xff, 0xd9, 0x94, 0xf5,
    0xff, 0x80, 0x9f, 0xf0, 0x0, 0xf, 0xf9, 0x0,
    0x4, 0x1f, 0xf8, 0x9, 0xff, 0x0, 0x0, 0xdf,
    0xb0, 0x0, 0x1, 0xff, 0x80, 0x9f, 0xf0, 0x0,
    0xc, 0xfd, 0x0, 0x0, 0x1f, 0xf8, 0x9, 0xff,
    0x5, 0x63, 0x9f, 0xf1, 0x0, 0x1, 0xff, 0x80,
    0x9f, 0xf0, 0xaf, 0xb6, 0xff, 0x40, 0x0, 0x1f,
    0xf8, 0x9, 0xff, 0x6, 0xff, 0x1f, 0xfa, 0x0,
    0x1, 0xff, 0x80, 0x9f, 0xf9, 0x6f, 0xf2, 0xcf,
    0xf1, 0x0, 0x1f, 0xf8, 0x9, 0xff, 0xf5, 0xff,
    0x66, 0xff, 0x80, 0x1, 0xff, 0x80, 0x9f, 0xff,
    0x4c, 0xf9, 0xe, 0xff, 0x20, 0x0, 0x0, 0x0,
    0x0, 0x0, 0x0, 0x0, 0x0, 0x0,

    /* U+4F4F "住" */
    0x0, 0x0, 0x0, 0x0, 0x0, 0x2, 0x21, 0x0,
    0x0, 0x0, 0x0, 0x6f, 0xf2, 0x0, 0x1, 0xff,
    0x80, 0x0, 0x0, 0x0, 0xa, 0xfe, 0x0, 0x0,
    0xe, 0xfb, 0x0, 0x0, 0x0, 0x0, 0xff, 0xb2,
    0x99, 0x99, 0xef, 0xe9, 0x99, 0x94, 0x0, 0x5f,
    0xf6, 0x4f, 0xff, 0xff, 0xff, 0xff, 0xff, 0x70,
    0xd, 0xff, 0x14, 0xff, 0xff, 0xff, 0xff, 0xff,
    0xf6, 0x6, 0xff, 0xf1, 0x0, 0x0, 0xa, 0xff,
    0x0, 0x0, 0x1, 0xff, 0xff, 0x10, 0x0, 0x0,
    0xaf, 0xf0, 0x0, 0x0, 0x5f, 0xff, 0xf1, 0x0,
    0x0, 0xa, 0xff, 0x0, 0x0, 0x5, 0xff, 0xff,
    0x10, 0x68, 0x88, 0xdf, 0xf8, 0x88, 0x70, 0x5d,
    0x9f, 0xf1, 0xd, 0xff, 0xff, 0xff, 0xff, 0xff,
    0x2, 0x18, 0xff, 0x10, 0xdf, 0xff, 0xff, 0xff,
    0xff, 0xf0, 0x0, 0x8f, 0xf1, 0x0, 0x0, 0xa,
    0xff, 0x0, 0x0, 0x0, 0x8, 0xff, 0x10, 0x0,
    0x0, 0xaf, 0xf0, 0x0, 0x0, 0x0, 0x8f, 0xf1,
    0x0, 0x0, 0xa, 0xff, 0x0, 0x0, 0x0, 0x8,
    0xff, 0x10, 0x0, 0x0, 0xaf, 0xf0, 0x0, 0x0,
    0x0, 0x8f, 0xf1, 0x79, 0x99, 0x9d, 0xff, 0x99,
    0x99, 0x80, 0x8, 0xff, 0x1d, 0xff, 0xff, 0xff,
    0xff, 0xff, 0xff, 0x0, 0x8f, 0xf1, 0xdf, 0xff,
    0xff, 0xff, 0xff, 0xff, 0xf0,

    /* U+4F53 "体" */
    0x0, 0x0, 0x0, 0x0, 0x0, 0x0, 0x0, 0x0,
    0x0, 0x0, 0x0, 0x3, 0xff, 0x70, 0x0, 0xc,
    0xfd, 0x0, 0x0, 0x0, 0x0, 0x7, 0xff, 0x30,
    0x0, 0xc, 0xfd, 0x0, 0x0, 0x0, 0x0, 0xd,
    0xff, 0xbf, 0xff, 0xff, 0xff, 0xff, 0xff, 0xe0,
    0x0, 0x4f, 0xfa, 0xbf, 0xff, 0xff, 0xff, 0xff,
    0xff, 0xf0, 0x0, 0xcf, 0xf4, 0x69, 0xff, 0xce,
    0xfe, 0xbf, 0xf9, 0x90, 0x6, 0xff, 0xf1, 0x0,
    0xff, 0x4b, 0xfc, 0x4f, 0xf1, 0x0, 0x2f, 0xff,
    0xf1, 0x2, 0xff, 0x2b, 0xfc, 0x2f, 0xf2, 0x0,
    0x4f, 0xff, 0xf1, 0x4, 0xff, 0x1b, 0xfc, 0xf,
    0xf4, 0x0, 0x4f, 0xff, 0xf1, 0x6, 0xff, 0xb,
    0xfc, 0xe, 0xf6, 0x0, 0x4e, 0xaf, 0xf1, 0x9,
    0xfd, 0xb, 0xfc, 0xc, 0xf9, 0x0, 0x32, 0x8f,
    0xf1, 0xb, 0xfa, 0xb, 0xfc, 0xa, 0xfc, 0x0,
    0x0, 0x8f, 0xf1, 0xe, 0xf8, 0xb, 0xfc, 0x8,
    0xff, 0x0, 0x0, 0x8f, 0xf1, 0x2f, 0xff, 0xff,
    0xff, 0xff, 0xff, 0x20, 0x0, 0x8f, 0xf1, 0x5f,
    0xff, 0xff, 0xff, 0xff, 0xff, 0x50, 0x0, 0x8f,
    0xf1, 0x9f, 0xf8, 0x8d, 0xfe, 0x88, 0xef, 0x90,
    0x0, 0x8f, 0xf1, 0xdf, 0xb0, 0xb, 0xfc, 0x0,
    0xaf, 0xe0, 0x0, 0x8f, 0xf3, 0xff, 0x60, 0xb,
    0xfc, 0x0, 0x6f, 0xf2, 0x0, 0x8f, 0xf1, 0x22,
    0x0, 0xa, 0xeb, 0x0, 0x2, 0x20,

    /* U+4F59 "余" */
    0x0, 0x0, 0x0, 0xef, 0xff, 0xff, 0xf9, 0x0,
    0x0, 0x0, 0x0, 0x0, 0x9, 0xff, 0xff, 0xff,
    0xff, 0x30, 0x0, 0x0, 0x0, 0x0, 0x6f, 0xfe,
    0x77, 0x78, 0xff, 0xe1, 0x0, 0x0, 0x0, 0x6,
    0xff, 0xf4, 0x0, 0x0, 0x9f, 0xfd, 0x20, 0x0,
    0x1, 0xaf, 0xff, 0x82, 0x22, 0x22, 0x2d, 0xff,
    0xf6, 0x0, 0x4f, 0xff, 0xff, 0xff, 0xff, 0xff,
    0xff, 0xff, 0xff, 0xd0, 0x6f, 0xfc, 0x2f, 0xff,
    0xff, 0xff, 0xff, 0x96, 0xff, 0xf0, 0x6c, 0x50,
    0x5, 0x55, 0x8f, 0xf8, 0x55, 0x30, 0x18, 0xe0,
    0x0, 0x0, 0x0, 0x0, 0x4f, 0xf5, 0x0, 0x0,
    0x0, 0x0, 0xe, 0xff, 0xff, 0xff, 0xff, 0xff,
    0xff, 0xff, 0xff, 0x80, 0xe, 0xff, 0xff, 0xff,
    0xff, 0xff, 0xff, 0xff, 0xff, 0x80, 0x7, 0x88,
    0x88, 0x88, 0xaf, 0xfa, 0x88, 0x88, 0x88, 0x40,
    0x0, 0x1, 0xef, 0xa0, 0x4f, 0xf5, 0x1f, 0xf9,
    0x0, 0x0, 0x0, 0xb, 0xff, 0x20, 0x4f, 0xf5,
    0x8, 0xff, 0x50, 0x0, 0x1, 0xbf, 0xf7, 0x0,
    0x4f, 0xf5, 0x0, 0xcf, 0xf7, 0x0, 0x1e, 0xff,
    0x90, 0x28, 0xaf, 0xf5, 0x0, 0x1d, 0xff, 0xa0,
    0x3f, 0xf7, 0x0, 0x4f, 0xff, 0xf5, 0x0, 0x1,
    0xbf, 0xd0, 0x2b, 0x20, 0x0, 0x4f, 0xff, 0xf5,
    0x0, 0x0, 0x6, 0xb0, 0x0, 0x0, 0x0, 0x0,
    0x0, 0x0, 0x0, 0x0, 0x0, 0x0,

    /* U+4F5C "作" */
    0x0, 0x8, 0xff, 0x4, 0xff, 0x40, 0x0, 0x0,
    0x0, 0x0, 0x0, 0xcf, 0xd0, 0x8f, 0xf9, 0x99,
    0x99, 0x99, 0x97, 0x0, 0x1f, 0xf9, 0xc, 0xff,
    0xff, 0xff, 0xff, 0xff, 0xe0, 0x8, 0xff, 0x41,
    0xff, 0xff, 0xff, 0xff, 0xff, 0xfe, 0x1, 0xff,
    0xf1, 0x5f, 0xf5, 0xbf, 0xe0, 0x0, 0x0, 0x0,
    0xaf, 0xff, 0x1b, 0xff, 0x1b, 0xfe, 0x0, 0x0,
    0x0, 0x4f, 0xff, 0xf2, 0xff, 0xc0, 0xbf, 0xf8,
    0x88, 0x88, 0x16, 0xff, 0xff, 0x7f, 0xf6, 0xb,
    0xff, 0xff, 0xff, 0xf3, 0x6f, 0xff, 0xf1, 0x0,
    0x0, 0xbf, 0xff, 0xff, 0xff, 0x36, 0xb8, 0xff,
    0x10, 0x0, 0xb, 0xfe, 0x0, 0x0, 0x0, 0x30,
    0x8f, 0xf1, 0x0, 0x0, 0xbf, 0xe0, 0x0, 0x0,
    0x0, 0x8, 0xff, 0x10, 0x0, 0xb, 0xfe, 0x0,
    0x0, 0x0, 0x0, 0x8f, 0xf1, 0x0, 0x0, 0xbf,
    0xff, 0xff, 0xff, 0x30, 0x8, 0xff, 0x10, 0x0,
    0xb, 0xff, 0xff, 0xff, 0xf3, 0x0, 0x8f, 0xf1,
    0x0, 0x0, 0xbf, 0xf8, 0x88, 0x88, 0x10, 0x8,
    0xff, 0x10, 0x0, 0xb, 0xfe, 0x0, 0x0, 0x0,
    0x0, 0x8f, 0xf1, 0x0, 0x0, 0xbf, 0xe0, 0x0,
    0x0, 0x0, 0x8, 0xff, 0x10, 0x0, 0xb, 0xfe,
    0x0, 0x0, 0x0,

    /* U+4F60 "你" */
    0x0, 0x2, 0xff, 0x80, 0xff, 0x90, 0x0, 0x0,
    0x0, 0x0, 0x0, 0x7, 0xff, 0x41, 0xff, 0xff,
    0xff, 0xff, 0xff, 0xf1, 0x0, 0xd, 0xff, 0x4,
    0xff, 0xff, 0xff, 0xff, 0xff, 0xf0, 0x0, 0x4f,
    0xfa, 0x8, 0xff, 0x99, 0x99, 0x99, 0xef, 0xc0,
    0x0, 0xdf, 0xf4, 0xd, 0xfd, 0x0, 0x0, 0x0,
    0xff, 0x80, 0x8, 0xff, 0xf1, 0x3f, 0xf8, 0x5,
    0xbb, 0x5, 0xff, 0x40, 0x2f, 0xff, 0xf1, 0x5a,
    0xa2, 0x7, 0xff, 0x5, 0x99, 0x0, 0x4f, 0xff,
    0xf1, 0x0, 0x0, 0x7, 0xff, 0x0, 0x0, 0x0,
    0x4f, 0xff, 0xf1, 0x4, 0x75, 0x7, 0xff, 0x4,
    0x76, 0x0, 0x4d, 0x9f, 0xf1, 0xa, 0xfb, 0x7,
    0xff, 0x7, 0xff, 0x10, 0x21, 0x7f, 0xf1, 0xb,
    0xfb, 0x7, 0xff, 0x3, 0xff, 0x40, 0x0, 0x7f,
    0xf1, 0xc, 0xf9, 0x7, 0xff, 0x0, 0xff, 0x70,
    0x0, 0x7f, 0xf1, 0xf, 0xf7, 0x7, 0xff, 0x0,
    0xcf, 0x90, 0x0, 0x7f, 0xf1, 0x2f, 0xf5, 0x7,
    0xff, 0x0, 0xaf, 0xb0, 0x0, 0x7f, 0xf1, 0x5f,
    0xf2, 0x7, 0xff, 0x0, 0x8f, 0xd0, 0x0, 0x7f,
    0xf1, 0xaf, 0xe0, 0x7b, 0xff, 0x0, 0x7f, 0xe0,
    0x0, 0x7f, 0xf1, 0xff, 0xb0, 0xff, 0xff, 0x0,
    0x7f, 0xe0, 0x0, 0x7f, 0xf1, 0x0, 0x0, 0xff,
    0xff, 0x0, 0x0, 0x0,

    /* U+4F7F "使" */
    0x0, 0x2, 0xee, 0x71, 0x11, 0x18, 0xff, 0x21,
    0x11, 0x10, 0x0, 0x7, 0xff, 0x9f, 0xff, 0xff,
    0xff, 0xff, 0xff, 0xf0, 0x0, 0xd, 0xff, 0x5f,
    0xff, 0xff, 0xff, 0xff, 0xff, 0xf0, 0x0, 0x4f,
    0xf9, 0x1, 0x11, 0x18, 0xff, 0x21, 0x11, 0x0,
    0x0, 0xdf, 0xf3, 0xc, 0xee, 0xef, 0xff, 0xee,
    0xee, 0x60, 0x8, 0xff, 0xf1, 0xd, 0xff, 0xff,
    0xff, 0xff, 0xff, 0x70, 0x3f, 0xff, 0xf1, 0xd,
    0xfb, 0x28, 0xff, 0x23, 0xff, 0x70, 0x4f, 0xff,
    0xf1, 0xd, 0xfa, 0x6, 0xff, 0x1, 0xff, 0x70,
    0x4f, 0xff, 0xf1, 0xd, 0xff, 0xff, 0xff, 0xff,
    0xff, 0x70, 0x4c, 0x8f, 0xf1, 0xd, 0xff, 0xff,
    0xff, 0xff, 0xff, 0x70, 0x10, 0x7f, 0xf1, 0x4,
    0x11, 0x1a, 0xfe, 0x11, 0x11, 0x0, 0x0, 0x7f,
    0xf1, 0x2f, 0xc6, 0x1e, 0xfb, 0x0, 0x0, 0x0,
    0x0, 0x7f, 0xf1, 0x2f, 0xff, 0xff, 0xf6, 0x0,
    0x0, 0x0, 0x0, 0x7f, 0xf1, 0x7, 0xdf, 0xff,
    0xfa, 0x40, 0x0, 0x0, 0x0, 0x7f, 0xf1, 0x0,
    0x7f, 0xff, 0xff, 0xfe, 0x82, 0x0, 0x0, 0x7f,
    0xf1, 0x6e, 0xff, 0xf9, 0x9e, 0xff, 0xff, 0xb1,
    0x0, 0x7f, 0xf1, 0x9f, 0xff, 0x60, 0x0, 0x5b,
    0xff, 0xf2, 0x0, 0x7f, 0xf1, 0x9d, 0x71, 0x0,
    0x0, 0x0, 0x17, 0xd2, 0x0, 0x0, 0x0, 0x0,
    0x0, 0x0, 0x0, 0x0, 0x0, 0x0,

    /* U+4F8B "例" */
    0x0, 0x5, 0xee, 0xff, 0xff, 0xff, 0xd0, 0x0,
    0x7f, 0xf0, 0x0, 0xaf, 0xde, 0xff, 0xff, 0xfd,
    0xaf, 0x87, 0xff, 0x0, 0xf, 0xf9, 0x7d, 0xfd,
    0x88, 0x7a, 0xf8, 0x7f, 0xf0, 0x6, 0xff, 0x30,
    0xdf, 0x90, 0x0, 0xaf, 0x87, 0xff, 0x0, 0xdf,
    0xf0, 0xe, 0xfe, 0xbb, 0x6a, 0xf8, 0x7f, 0xf0,
    0x8f, 0xfe, 0x1, 0xff, 0xff, 0xf8, 0xaf, 0x87,
    0xff, 0xf, 0xff, 0xe0, 0x5f, 0xfd, 0xff, 0x8a,
    0xf8, 0x7f, 0xf0, 0xff, 0xfe, 0xa, 0xfc, 0xc,
    0xf7, 0xaf, 0x87, 0xff, 0xf, 0xff, 0xe0, 0xff,
    0x70, 0xef, 0x6a, 0xf8, 0x7f, 0xf0, 0xd9, 0xfe,
    0x6f, 0xff, 0xf, 0xf5, 0xaf, 0x87, 0xff, 0x1,
    0x8f, 0xea, 0xcf, 0xf3, 0xff, 0x3a, 0xf8, 0x7f,
    0xf0, 0x8, 0xfe, 0x0, 0xff, 0x9f, 0xf0, 0xaf,
    0x87, 0xff, 0x0, 0x8f, 0xe0, 0xd, 0xfe, 0xfc,
    0xa, 0xf8, 0x7f, 0xf0, 0x8, 0xfe, 0x0, 0x7a,
    0xff, 0x70, 0x9e, 0x77, 0xff, 0x0, 0x8f, 0xe0,
    0x0, 0x8f, 0xf1, 0x0, 0x0, 0x7f, 0xf0, 0x8,
    0xfe, 0x0, 0x1f, 0xfa, 0x0, 0x7, 0x9c, 0xff,
    0x0, 0x8f, 0xe0, 0xa, 0xff, 0x20, 0x0, 0xef,
    0xff, 0xf0, 0x8, 0xfe, 0x5, 0xff, 0x90, 0x0,
    0xe, 0xff, 0xff,

    /* U+4FBF "便" */
    0x0, 0x5, 0xff, 0xbf, 0xff, 0xff, 0xff, 0xff,
    0xff, 0xf0, 0x0, 0x9, 0xff, 0x8f, 0xff, 0xff,
    0xff, 0xff, 0xff, 0xf0, 0x0, 0xe, 0xfc, 0x36,
    0x66, 0x6b, 0xff, 0x66, 0x66, 0x60, 0x0, 0x4f,
    0xf7, 0x4, 0x44, 0x4b, 0xff, 0x44, 0x44, 0x20,
    0x0, 0xcf, 0xf2, 0x2f, 0xff, 0xff, 0xff, 0xff,
    0xff, 0x90, 0x5, 0xff, 0xe0, 0x2f, 0xfc, 0xbd,
    0xff, 0xbb, 0xff, 0x90, 0x1e, 0xff, 0xe0, 0x2f,
    0xf9, 0x6b, 0xff, 0x66, 0xff, 0x90, 0x4f, 0xff,
    0xe0, 0x2f, 0xff, 0xff, 0xff, 0xff, 0xff, 0x90,
    0x4f, 0xff, 0xe0, 0x2f, 0xf7, 0x3a, 0xff, 0x33,
    0xef, 0x90, 0x4b, 0xaf, 0xe0, 0x2f, 0xfe, 0xde,
    0xff, 0xdd, 0xff, 0x90, 0x10, 0xaf, 0xe0, 0x2f,
    0xff, 0xff, 0xff, 0xff, 0xff, 0x90, 0x0, 0xaf,
    0xe0, 0x88, 0x32, 0x2d, 0xfd, 0x22, 0x22, 0x10,
    0x0, 0xaf, 0xe0, 0xbf, 0xfa, 0x6f, 0xf9, 0x0,
    0x0, 0x0, 0x0, 0xaf, 0xe0, 0xaf, 0xff, 0xff,
    0xf7, 0x0, 0x0, 0x0, 0x0, 0xaf, 0xe0, 0x2,
    0xbf, 0xff, 0xff, 0xe9, 0x40, 0x0, 0x0, 0xaf,
    0xe1, 0x7c, 0xff, 0xfc, 0xef, 0xff, 0xfe, 0x91,
    0x0, 0xaf, 0xe4, 0xff, 0xff, 0x70, 0x3, 0x9e,
    0xff, 0xf3, 0x0, 0xaf, 0xe4, 0xfc, 0x71, 0x0,
    0x0, 0x0, 0x49, 0xe3, 0x0, 0x0, 0x0, 0x0,
    0x0, 0x0, 0x0, 0x0, 0x0, 0x0,

    /* U+4FDD "保" */
    0x0, 0x0, 0x33, 0x10, 0x0, 0x0, 0x0, 0x0,
    0x0, 0x0, 0x0, 0x3, 0xff, 0x6d, 0xff, 0xff,
    0xff, 0xff, 0xff, 0x0, 0x0, 0x8, 0xff, 0x2d,
    0xff, 0xff, 0xff, 0xff, 0xff, 0x0, 0x0, 0xe,
    0xfe, 0xd, 0xfd, 0x55, 0x55, 0x5c, 0xff, 0x0,
    0x0, 0x5f, 0xf9, 0xd, 0xfb, 0x0, 0x0, 0xa,
    0xff, 0x0, 0x0, 0xdf, 0xf3, 0xd, 0xfb, 0x0,
    0x0, 0xa, 0xff, 0x0, 0x7, 0xff, 0xf1, 0xd,
    0xff, 0xff, 0xff, 0xff, 0xff, 0x0, 0x2f, 0xff,
    0xf1, 0xd, 0xff, 0xff, 0xff, 0xff, 0xff, 0x0,
    0x4f, 0xff, 0xf1, 0x5, 0x66, 0x6d, 0xfe, 0x66,
    0x65, 0x0, 0x4f, 0xff, 0xf1, 0x0, 0x0, 0xb,
    0xfd, 0x0, 0x0, 0x0, 0x4e, 0xaf, 0xf1, 0x79,
    0x99, 0x9d, 0xfe, 0x99, 0x99, 0x90, 0x32, 0x8f,
    0xf1, 0xcf, 0xff, 0xff, 0xff, 0xff, 0xff, 0xf0,
    0x0, 0x8f, 0xf1, 0xbf, 0xff, 0xff, 0xff, 0xff,
    0xff, 0xf0, 0x0, 0x8f, 0xf1, 0x0, 0xef, 0x6b,
    0xfd, 0x3f, 0xf1, 0x0, 0x0, 0x8f, 0xf1, 0x3,
    0xff, 0x2b, 0xfd, 0xf, 0xf6, 0x0, 0x0, 0x8f,
    0xf1, 0x8, 0xfe, 0xb, 0xfd, 0xb, 0xfb, 0x0,
    0x0, 0x8f, 0xf1, 0xe, 0xf9, 0xb, 0xfd, 0x6,
    0xff, 0x20, 0x0, 0x8f, 0xf1, 0x5f, 0xf3, 0xb,
    0xfd, 0x0, 0xff, 0x90, 0x0, 0x8f, 0xf1, 0xdf,
    0xc0, 0xb, 0xfd, 0x0, 0x9f, 0xf1, 0x0, 0x0,
    0x0, 0x0, 0x0, 0x0, 0x0, 0x0, 0x0, 0x0,

    /* U+4FE1 "信" */
    0x0, 0x0, 0x0, 0x0, 0x0, 0x0, 0x11, 0x0,
    0x0, 0x0, 0x0, 0x3f, 0xf6, 0x0, 0x0, 0x9f,
    0xf0, 0x0, 0x0, 0x0, 0x8, 0xff, 0x76, 0x66,
    0x6c, 0xff, 0x66, 0x66, 0x60, 0x0, 0xdf, 0xfa,
    0xff, 0xff, 0xff, 0xff, 0xff, 0xff, 0x0, 0x4f,
    0xf9, 0x9f, 0xff, 0xff, 0xff, 0xff, 0xff, 0xf0,
    0xd, 0xff, 0x30, 0x0, 0x0, 0x0, 0x0, 0x0,
    0x0, 0x7, 0xff, 0xf1, 0xc, 0xff, 0xff, 0xff,
    0xff, 0xff, 0x22, 0xff, 0xff, 0x10, 0xdf, 0xff,
    0xff, 0xff, 0xff, 0xf3, 0x5f, 0xff, 0xf1, 0x2,
    0x22, 0x22, 0x22, 0x22, 0x22, 0x5, 0xff, 0xff,
    0x10, 0xac, 0xcc, 0xcc, 0xcc, 0xcc, 0xc2, 0x5b,
    0x9f, 0xf1, 0xd, 0xff, 0xff, 0xff, 0xff, 0xff,
    0x32, 0x8, 0xff, 0x10, 0x45, 0x55, 0x55, 0x55,
    0x55, 0x50, 0x0, 0x8f, 0xf1, 0x2, 0x22, 0x22,
    0x22, 0x22, 0x22, 0x10, 0x8, 0xff, 0x12, 0xff,
    0xff, 0xff, 0xff, 0xff, 0xf8, 0x0, 0x8f, 0xf1,
    0x2f, 0xff, 0xff, 0xff, 0xff, 0xff, 0x80, 0x8,
    0xff, 0x12, 0xff, 0x60, 0x0, 0x0, 0xf, 0xf8,
    0x0, 0x8f, 0xf1, 0x2f, 0xf7, 0x11, 0x11, 0x11,
    0xff, 0x80, 0x8, 0xff, 0x12, 0xff, 0xff, 0xff,
    0xff, 0xff, 0xf8, 0x0, 0x8f, 0xf1, 0x2f, 0xff,
    0xff, 0xff, 0xff, 0xff, 0x80, 0x1, 0x33, 0x0,
    0x0, 0x0, 0x0, 0x0, 0x0, 0x0,

    /* U+5012 "倒" */
    0x0, 0xe, 0xfc, 0xdd, 0xdd, 0xdd, 0x30, 0x0,
    0xcf, 0xa0, 0x2, 0xff, 0xaf, 0xff, 0xff, 0xf3,
    0xef, 0x5c, 0xfa, 0x0, 0x7f, 0xf3, 0xcf, 0xf7,
    0x77, 0x1e, 0xf5, 0xcf, 0xa0, 0xc, 0xfb, 0xb,
    0xfc, 0x5d, 0xb0, 0xef, 0x5c, 0xfa, 0x3, 0xff,
    0x70, 0xff, 0x84, 0xff, 0xe, 0xf5, 0xcf, 0xa0,
    0xbf, 0xf7, 0x4f, 0xf7, 0x4f, 0xf3, 0xef, 0x5c,
    0xfa, 0x4f, 0xff, 0x7b, 0xff, 0xff, 0xff, 0x6e,
    0xf5, 0xcf, 0xa5, 0xff, 0xf7, 0xbf, 0xff, 0xff,
    0xf9, 0xef, 0x5c, 0xfa, 0x5f, 0xff, 0x71, 0x18,
    0xff, 0x31, 0x1e, 0xf5, 0xcf, 0xa5, 0x8f, 0xf7,
    0x11, 0x8f, 0xf3, 0x10, 0xef, 0x5c, 0xfa, 0x10,
    0xff, 0x7b, 0xff, 0xff, 0xff, 0x4e, 0xf5, 0xcf,
    0xa0, 0xf, 0xf7, 0xbf, 0xff, 0xff, 0xf4, 0xef,
    0x5c, 0xfa, 0x0, 0xff, 0x74, 0x6a, 0xff, 0x76,
    0x1e, 0xf5, 0xcf, 0xa0, 0xf, 0xf7, 0x0, 0x7f,
    0xf1, 0x0, 0xef, 0x5c, 0xfa, 0x0, 0xff, 0x70,
    0x7, 0xff, 0x55, 0x44, 0x41, 0xcf, 0xa0, 0xf,
    0xf7, 0x9c, 0xff, 0xff, 0xfa, 0x4, 0x8e, 0xfa,
    0x0, 0xff, 0x7e, 0xff, 0xff, 0xff, 0x90, 0x9f,
    0xff, 0xa0, 0xf, 0xf7, 0x98, 0x75, 0x32, 0x0,
    0x9, 0xff, 0xfa,

    /* U+5026 "倦" */
    0x0, 0x0, 0x0, 0x0, 0x0, 0x3, 0x31, 0x0,
    0x0, 0x0, 0x0, 0x8, 0xfd, 0xf, 0xf3, 0x1f,
    0xf7, 0xe, 0xf3, 0x0, 0x0, 0xc, 0xfa, 0x2c,
    0xf8, 0x3f, 0xf8, 0x4f, 0xf2, 0x0, 0x0, 0x1f,
    0xf8, 0xff, 0xff, 0xff, 0xff, 0xff, 0xff, 0x40,
    0x0, 0x7f, 0xf3, 0xff, 0xff, 0xff, 0xff, 0xff,
    0xff, 0x40, 0x0, 0xef, 0xc0, 0x33, 0x33, 0x4f,
    0xf9, 0x33, 0x33, 0x0, 0x7, 0xff, 0x95, 0x66,
    0x66, 0x6f, 0xfa, 0x66, 0x66, 0x60, 0x1f, 0xff,
    0x9d, 0xff, 0xff, 0xff, 0xff, 0xff, 0xff, 0xf0,
    0x6f, 0xff, 0x9d, 0xff, 0xff, 0xff, 0xff, 0xff,
    0xff, 0xf0, 0x6f, 0xff, 0x90, 0x3, 0xff, 0x40,
    0x0, 0xef, 0x70, 0x0, 0x6e, 0xff, 0x90, 0xd,
    0xff, 0x55, 0x55, 0xbf, 0xf2, 0x0, 0x42, 0xef,
    0x92, 0xcf, 0xff, 0xff, 0xff, 0xff, 0xfe, 0x30,
    0x0, 0xef, 0x9d, 0xff, 0xff, 0xfe, 0xee, 0xff,
    0xff, 0xf0, 0x0, 0xef, 0x9d, 0xf8, 0xff, 0x40,
    0x2, 0xff, 0x6e, 0xf0, 0x0, 0xef, 0x98, 0x24,
    0xff, 0x30, 0xbf, 0xff, 0x31, 0x80, 0x0, 0xef,
    0x90, 0x6, 0xff, 0x10, 0xbf, 0xff, 0x40, 0x0,
    0x0, 0xef, 0x90, 0x7, 0xff, 0x44, 0x44, 0x44,
    0x44, 0x20, 0x0, 0xef, 0x90, 0x9, 0xff, 0xff,
    0xff, 0xff, 0xff, 0x70, 0x0, 0xef, 0x90, 0xb,
    0xff, 0xff, 0xff, 0xff, 0xff, 0x70,

    /* U+503C "值" */
    0x0, 0x0, 0x0, 0x0, 0x0, 0x1, 0x22, 0x0,
    0x0, 0x0, 0x0, 0x5, 0xff, 0x53, 0x33, 0x3c,
    0xfe, 0x33, 0x33, 0x30, 0x0, 0x9, 0xff, 0xbf,
    0xff, 0xff, 0xff, 0xff, 0xff, 0xf0, 0x0, 0xe,
    0xfc, 0xaf, 0xff, 0xff, 0xff, 0xff, 0xff, 0xf0,
    0x0, 0x5f, 0xf6, 0x0, 0x0, 0xb, 0xfe, 0x0,
    0x0, 0x0, 0x0, 0xdf, 0xf1, 0x1f, 0xff, 0xff,
    0xff, 0xff, 0xff, 0x40, 0x6, 0xff, 0xf0, 0x1f,
    0xff, 0xff, 0xff, 0xff, 0xff, 0x50, 0x1f, 0xff,
    0xf0, 0x1f, 0xf7, 0x0, 0x0, 0x4, 0xff, 0x50,
    0x3f, 0xff, 0xf0, 0x1f, 0xff, 0xff, 0xff, 0xff,
    0xff, 0x50, 0x3f, 0xff, 0xf0, 0x1f, 0xff, 0xff,
    0xff, 0xff, 0xff, 0x50, 0x3e, 0xaf, 0xf0, 0x1f,
    0xf7, 0x0, 0x0, 0x4, 0xff, 0x50, 0x22, 0x8f,
    0xf0, 0x1f, 0xff, 0xff, 0xff, 0xff, 0xff, 0x50,
    0x0, 0x8f, 0xf0, 0x1f, 0xfe, 0xcc, 0xcc, 0xcd,
    0xff, 0x50, 0x0, 0x8f, 0xf0, 0x1f, 0xf7, 0x0,
    0x0, 0x4, 0xff, 0x50, 0x0, 0x8f, 0xf0, 0x1f,
    0xff, 0xff, 0xff, 0xff, 0xff, 0x50, 0x0, 0x8f,
    0xf0, 0x1f, 0xfe, 0xcc, 0xcc, 0xcd, 0xff, 0x50,
    0x0, 0x8f, 0xf2, 0x9f, 0xf9, 0x44, 0x44, 0x47,
    0xff, 0xb3, 0x0, 0x8f, 0xf3, 0xff, 0xff, 0xff,
    0xff, 0xff, 0xff, 0xf6, 0x0, 0x8f, 0xf3, 0xff,
    0xff, 0xff, 0xff, 0xff, 0xff, 0xf6,

    /* U+503E "倾" */
    0x0, 0x7, 0xff, 0x8f, 0xf0, 0x1f, 0xff, 0xff,
    0xff, 0xf4, 0x0, 0xb, 0xfd, 0x8f, 0xf0, 0x1f,
    0xff, 0xff, 0xff, 0xf4, 0x0, 0x1f, 0xf9, 0x8f,
    0xf0, 0x4, 0x47, 0xff, 0x84, 0x41, 0x0, 0x7f,
    0xf4, 0x8f, 0xf0, 0x5, 0x69, 0xff, 0x86, 0x50,
    0x0, 0xef, 0xf0, 0x8f, 0xf9, 0x5e, 0xff, 0xff,
    0xff, 0xe0, 0x8, 0xff, 0xe0, 0x8f, 0xff, 0x9e,
    0xfe, 0xdd, 0xef, 0xe0, 0xf, 0xff, 0xe0, 0x8f,
    0xff, 0x9e, 0xf3, 0x11, 0x4f, 0xe0, 0x1f, 0xff,
    0xe0, 0x8f, 0xf1, 0xe, 0xf4, 0xff, 0x4f, 0xe0,
    0x1f, 0xff, 0xe0, 0x8f, 0xf0, 0xe, 0xf4, 0xff,
    0x4f, 0xe0, 0x1d, 0xaf, 0xe0, 0x8f, 0xf0, 0xe,
    0xf4, 0xff, 0x4f, 0xe0, 0x2, 0x9f, 0xe0, 0x8f,
    0xf0, 0xe, 0xf4, 0xff, 0x4f, 0xe0, 0x0, 0x9f,
    0xe0, 0x8f, 0xf0, 0xe, 0xf4, 0xff, 0x4f, 0xe0,
    0x0, 0x9f, 0xe0, 0x8f, 0xf0, 0x2e, 0xf6, 0xff,
    0x5f, 0xe0, 0x0, 0x9f, 0xe0, 0x8f, 0xfd, 0xe3,
    0x47, 0xff, 0xe6, 0x30, 0x0, 0x9f, 0xe0, 0x8f,
    0xff, 0xe0, 0x2e, 0xff, 0xfd, 0x0, 0x0, 0x9f,
    0xe0, 0x8f, 0xff, 0xa8, 0xef, 0xe3, 0xef, 0x70,
    0x0, 0x9f, 0xe0, 0x68, 0x40, 0x1f, 0xff, 0x30,
    0x5f, 0xe0, 0x0, 0x9f, 0xe0, 0x0, 0x0, 0x1f,
    0xa2, 0x0, 0xf, 0xf4, 0x0, 0x0, 0x0, 0x0,
    0x0, 0x0, 0x0, 0x0, 0x0, 0x0,

    /* U+504F "偏" */
    0x0, 0xa, 0xfe, 0xff, 0xff, 0xff, 0xff, 0xff,
    0xff, 0x80, 0x0, 0xef, 0xaf, 0xff, 0xff, 0xff,
    0xff, 0xff, 0xf8, 0x0, 0x3f, 0xf6, 0xff, 0xa6,
    0x66, 0x66, 0x66, 0xff, 0x80, 0x9, 0xfe, 0x2f,
    0xf7, 0x0, 0x0, 0x0, 0x1f, 0xf8, 0x1, 0xff,
    0x91, 0xff, 0xfe, 0xee, 0xee, 0xee, 0xff, 0x80,
    0x8f, 0xf8, 0x1f, 0xff, 0xff, 0xff, 0xff, 0xff,
    0xf8, 0x2f, 0xff, 0x81, 0xff, 0xed, 0xdd, 0xdd,
    0xdd, 0xdd, 0x65, 0xff, 0xf8, 0x1f, 0xf5, 0x11,
    0x11, 0x11, 0x11, 0x10, 0x5f, 0xff, 0x81, 0xff,
    0xaf, 0xff, 0xff, 0xff, 0xff, 0xa5, 0xdf, 0xf8,
    0x1f, 0xfa, 0xff, 0xff, 0xff, 0xff, 0xfa, 0x31,
    0xef, 0x82, 0xff, 0x9f, 0xcb, 0xf6, 0xfd, 0xaf,
    0xa0, 0xe, 0xf8, 0x2f, 0xf9, 0xfa, 0x8f, 0x1e,
    0xb8, 0xfa, 0x0, 0xef, 0x83, 0xff, 0x8f, 0xcb,
    0xf6, 0xfd, 0xaf, 0xa0, 0xe, 0xf8, 0x4f, 0xf7,
    0xff, 0xff, 0xff, 0xff, 0xfa, 0x0, 0xef, 0x86,
    0xff, 0x6f, 0xff, 0xfe, 0xff, 0xff, 0xa0, 0xe,
    0xf8, 0x9f, 0xd5, 0xfa, 0x8f, 0x1e, 0xb8, 0xfa,
    0x0, 0xef, 0x8d, 0xfa, 0x5f, 0xa8, 0xf1, 0xeb,
    0x8f, 0xa0, 0xe, 0xfa, 0xff, 0x75, 0xfa, 0x8f,
    0x1e, 0xb8, 0xfa,

    /* U+505C "停" */
    0x0, 0x4, 0xff, 0xef, 0xff, 0xff, 0xff, 0xff,
    0xff, 0xe0, 0x0, 0x8, 0xff, 0xbf, 0xff, 0xff,
    0xff, 0xff, 0xff, 0xe0, 0x0, 0xe, 0xfb, 0x23,
    0x33, 0x33, 0x33, 0x33, 0x33, 0x20, 0x0, 0x4f,
    0xf6, 0x8, 0xbb, 0xbb, 0xbb, 0xbb, 0xb9, 0x0,
    0x0, 0xcf, 0xf0, 0xb, 0xff, 0xff, 0xff, 0xff,
    0xfd, 0x0, 0x6, 0xff, 0xe0, 0xb, 0xfc, 0x11,
    0x11, 0x1c, 0xfd, 0x0, 0x1f, 0xff, 0xe0, 0xb,
    0xff, 0xdd, 0xdd, 0xdf, 0xfd, 0x0, 0x3f, 0xff,
    0xe0, 0xb, 0xff, 0xff, 0xff, 0xff, 0xfd, 0x0,
    0x3f, 0xff, 0xe0, 0x23, 0x33, 0x33, 0x33, 0x33,
    0x33, 0x20, 0x3e, 0xcf, 0xe2, 0xff, 0xff, 0xff,
    0xff, 0xff, 0xff, 0xf5, 0x22, 0xaf, 0xe2, 0xff,
    0xff, 0xff, 0xff, 0xff, 0xff, 0xf5, 0x0, 0xaf,
    0xe1, 0xcc, 0x40, 0x0, 0x0, 0x0, 0x3c, 0xc4,
    0x0, 0xaf, 0xe0, 0x3f, 0xff, 0xff, 0xff, 0xff,
    0xff, 0x60, 0x0, 0xaf, 0xe0, 0x4f, 0xff, 0xff,
    0xff, 0xff, 0xff, 0x70, 0x0, 0xaf, 0xe0, 0x3,
    0x33, 0x3a, 0xff, 0x33, 0x33, 0x10, 0x0, 0xaf,
    0xe0, 0x0, 0x0, 0x19, 0xff, 0x0, 0x0, 0x0,
    0x0, 0xaf, 0xe0, 0x0, 0x3, 0xff, 0xff, 0x0,
    0x0, 0x0, 0x0, 0xaf, 0xe0, 0x0, 0x3, 0xff,
    0xff, 0x0, 0x0, 0x0, 0x0, 0x0, 0x0, 0x0,
    0x0, 0x33, 0x33, 0x0, 0x0, 0x0,

    /* U+5076 "偶" */
    0x0, 0x4, 0xff, 0x9f, 0xff, 0xff, 0xff, 0xff,
    0xff, 0x70, 0x0, 0x9, 0xff, 0x7f, 0xff, 0xff,
    0xff, 0xff, 0xff, 0x70, 0x0, 0xe, 0xfb, 0x6f,
    0xf1, 0x1e, 0xf9, 0x12, 0xff, 0x70, 0x0, 0x4f,
    0xf6, 0x6f, 0xfc, 0xcf, 0xfe, 0xcc, 0xff, 0x70,
    0x0, 0xcf, 0xf0, 0x6f, 0xff, 0xff, 0xff, 0xff,
    0xff, 0x70, 0x4, 0xff, 0xe0, 0x6f, 0xf2, 0x1e,
    0xf9, 0x12, 0xff, 0x70, 0xe, 0xff, 0xe0, 0x6f,
    0xf4, 0x3e, 0xfa, 0x34, 0xff, 0x70, 0x3f, 0xff,
    0xe0, 0x6f, 0xff, 0xff, 0xff, 0xff, 0xff, 0x70,
    0x3f, 0xff, 0xe0, 0x5d, 0xdd, 0xdf, 0xff, 0xdd,
    0xdd, 0x60, 0x3e, 0xcf, 0xe0, 0x33, 0x33, 0x3f,
    0xfa, 0x33, 0x33, 0x30, 0x23, 0x9f, 0xe1, 0xff,
    0xff, 0xff, 0xff, 0xff, 0xff, 0xf1, 0x0, 0x9f,
    0xe1, 0xff, 0xff, 0xff, 0xff, 0xff, 0xff, 0xf1,
    0x0, 0x9f, 0xe1, 0xff, 0x83, 0x3e, 0xfa, 0x33,
    0xbf, 0xf1, 0x0, 0x9f, 0xe1, 0xff, 0x74, 0x4f,
    0xfb, 0x57, 0xaf, 0xf1, 0x0, 0x9f, 0xe1, 0xff,
    0x9f, 0xff, 0xff, 0xfd, 0xaf, 0xf1, 0x0, 0x9f,
    0xe1, 0xff, 0x9f, 0xff, 0xff, 0xfd, 0xaf, 0xf1,
    0x0, 0x9f, 0xe1, 0xff, 0x71, 0x11, 0x11, 0x10,
    0xaf, 0xf1, 0x0, 0x9f, 0xe1, 0xff, 0x70, 0x0,
    0x0, 0x0, 0xaf, 0xf1,

    /* U+50CF "像" */
    0x0, 0x5, 0xff, 0x30, 0x8f, 0xff, 0xff, 0xff,
    0xe0, 0x0, 0x0, 0x9f, 0xf0, 0x6f, 0xff, 0xff,
    0xff, 0xf9, 0x0, 0x0, 0xe, 0xfc, 0x9f, 0xfb,
    0x0, 0x7, 0xff, 0x20, 0x0, 0x4, 0xff, 0x6d,
    0xff, 0xdc, 0xcc, 0xff, 0xfc, 0xc6, 0x0, 0xcf,
    0xf1, 0x9f, 0xff, 0xff, 0xff, 0xff, 0xff, 0x80,
    0x5f, 0xff, 0x11, 0xff, 0x60, 0x5f, 0xf0, 0xe,
    0xf8, 0x1e, 0xff, 0xf1, 0x1f, 0xfa, 0x7a, 0xff,
    0x77, 0xff, 0x83, 0xff, 0xff, 0x11, 0xff, 0xff,
    0xff, 0xff, 0xff, 0xf8, 0x3f, 0xff, 0xf1, 0x4,
    0x44, 0xbf, 0xfa, 0x44, 0x78, 0x53, 0xd8, 0xff,
    0x10, 0x28, 0xef, 0xff, 0xc0, 0x1f, 0xf6, 0x22,
    0x7f, 0xf1, 0x7f, 0xff, 0xba, 0xff, 0x17, 0xfe,
    0x0, 0x7, 0xff, 0x17, 0xc8, 0x26, 0xdf, 0xf4,
    0xdf, 0x80, 0x0, 0x7f, 0xf1, 0x3, 0x8e, 0xff,
    0xff, 0x89, 0x94, 0x0, 0x7, 0xff, 0x1b, 0xff,
    0xfc, 0x5e, 0xf9, 0xcf, 0xc0, 0x0, 0x7f, 0xf1,
    0xbc, 0x83, 0x4d, 0xff, 0xb6, 0xff, 0x10, 0x7,
    0xff, 0x10, 0x38, 0xdf, 0xff, 0xfc, 0x1f, 0xf6,
    0x0, 0x7f, 0xf4, 0xff, 0xff, 0xf7, 0xbf, 0xd0,
    0xef, 0x90, 0x7, 0xff, 0x4f, 0xea, 0x50, 0xa,
    0xfd, 0xb, 0xfc, 0x0, 0x0, 0x0, 0x0, 0x0,
    0x0, 0x0, 0x0, 0x0, 0x0,

    /* U+5143 "元" */
    0x4, 0xff, 0xff, 0xff, 0xff, 0xff, 0xff, 0xff,
    0x40, 0x0, 0x4f, 0xff, 0xff, 0xff, 0xff, 0xff,
    0xff, 0xf4, 0x0, 0x2, 0x99, 0x99, 0x99, 0x99,
    0x99, 0x99, 0x99, 0x20, 0x0, 0x0, 0x0, 0x0,
    0x0, 0x0, 0x0, 0x0, 0x0, 0x0, 0x0, 0x0,
    0x0, 0x0, 0x0, 0x0, 0x0, 0x0, 0x0, 0x0,
    0x0, 0x0, 0x0, 0x0, 0x0, 0x0, 0x0, 0x0,
    0x0, 0x1, 0x11, 0x11, 0x11, 0x11, 0x11, 0x11,
    0x11, 0x10, 0xd, 0xff, 0xff, 0xff, 0xff, 0xff,
    0xff, 0xff, 0xff, 0xd0, 0xdf, 0xff, 0xff, 0xff,
    0xff, 0xff, 0xff, 0xff, 0xfd, 0x6, 0x88, 0x8b,
    0xff, 0x98, 0x8c, 0xff, 0x88, 0x88, 0x60, 0x0,
    0x0, 0x8f, 0xf1, 0x0, 0x8f, 0xf1, 0x0, 0x0,
    0x0, 0x0, 0xc, 0xfe, 0x0, 0x8, 0xff, 0x10,
    0x0, 0x0, 0x0, 0x3, 0xff, 0x90, 0x0, 0x8f,
    0xf1, 0x0, 0x0, 0x0, 0x1, 0xdf, 0xf2, 0x0,
    0x8, 0xff, 0x10, 0x0, 0x0, 0x3, 0xef, 0xf8,
    0x0, 0x0, 0x8f, 0xf1, 0x0, 0x0, 0xc, 0xff,
    0xfb, 0x0, 0x0, 0x8, 0xff, 0xba, 0xaa, 0xa2,
    0xff, 0xf9, 0x0, 0x0, 0x0, 0x8f, 0xff, 0xff,
    0xff, 0x3f, 0xb3, 0x0, 0x0, 0x0, 0x8, 0xff,
    0xff, 0xff, 0xf3, 0x10, 0x0, 0x0, 0x0, 0x0,
    0x0, 0x0, 0x0, 0x0, 0x0,

    /* U+5145 "充" */
    0x0, 0x0, 0x0, 0x0, 0x7f, 0xf3, 0x0, 0x0,
    0x0, 0x0, 0xe, 0xff, 0xff, 0xff, 0xff, 0xff,
    0xff, 0xff, 0xff, 0xa0, 0xe, 0xff, 0xff, 0xff,
    0xff, 0xff, 0xff, 0xff, 0xff, 0xa0, 0x7, 0x88,
    0x8a, 0xff, 0xe8, 0x88, 0x88, 0x88, 0x88, 0x50,
    0x0, 0x0, 0xc, 0xff, 0x40, 0x0, 0x0, 0x0,
    0x0, 0x0, 0x0, 0x0, 0x7f, 0xf9, 0x0, 0x0,
    0x4, 0xff, 0x80, 0x0, 0x0, 0x2, 0xff, 0xe0,
    0x0, 0x0, 0x0, 0xdf, 0xe0, 0x0, 0x3, 0x9d,
    0xff, 0xc9, 0x99, 0x99, 0x99, 0xcf, 0xf7, 0x0,
    0x6, 0xff, 0xff, 0xff, 0xff, 0xff, 0xff, 0xff,
    0xfe, 0x0, 0x5, 0xff, 0xff, 0xff, 0xff, 0xff,
    0xff, 0xff, 0xff, 0x60, 0x0, 0x0, 0x2, 0xff,
    0x70, 0x6, 0xff, 0x20, 0x0, 0x0, 0x0, 0x0,
    0x7, 0xff, 0x40, 0x6, 0xff, 0x20, 0x0, 0x0,
    0x0, 0x0, 0xe, 0xff, 0x0, 0x6, 0xff, 0x20,
    0x0, 0x0, 0x0, 0x0, 0xaf, 0xf8, 0x0, 0x6,
    0xff, 0x20, 0x0, 0x0, 0x0, 0x1b, 0xff, 0xd0,
    0x0, 0x6, 0xff, 0x20, 0x0, 0x0, 0x9, 0xff,
    0xfe, 0x20, 0x0, 0x6, 0xff, 0xa9, 0x99, 0x91,
    0x2f, 0xff, 0xc2, 0x0, 0x0, 0x6, 0xff, 0xff,
    0xff, 0xf3, 0x2f, 0xe6, 0x0, 0x0, 0x0, 0x6,
    0xff, 0xff, 0xff, 0xf3, 0x4, 0x0, 0x0, 0x0,
    0x0, 0x0, 0x0, 0x0, 0x0, 0x0,

    /* U+5148 "先" */
    0x0, 0xf, 0xfa, 0x0, 0xe, 0xfc, 0x0, 0x0,
    0x0, 0x0, 0x0, 0x1f, 0xf8, 0x0, 0xe, 0xfc,
    0x0, 0x0, 0x0, 0x0, 0x0, 0x4f, 0xff, 0xff,
    0xff, 0xff, 0xff, 0xff, 0xff, 0x20, 0x0, 0x8f,
    0xff, 0xff, 0xff, 0xff, 0xff, 0xff, 0xff, 0x20,
    0x0, 0xcf, 0xf9, 0x99, 0x9f, 0xfe, 0x99, 0x99,
    0x99, 0x10, 0x1, 0xff, 0xb0, 0x0, 0xd, 0xfc,
    0x0, 0x0, 0x0, 0x0, 0x7, 0xff, 0x60, 0x0,
    0xd, 0xfc, 0x0, 0x0, 0x0, 0x0, 0x0, 0x11,
    0x0, 0x0, 0xd, 0xfc, 0x0, 0x0, 0x0, 0x0,
    0x2f, 0xff, 0xff, 0xff, 0xff, 0xff, 0xff, 0xff,
    0xff, 0xf2, 0x2f, 0xff, 0xff, 0xff, 0xff, 0xff,
    0xff, 0xff, 0xff, 0xf2, 0x19, 0x99, 0x99, 0xff,
    0xd9, 0x9c, 0xff, 0xa9, 0x99, 0x91, 0x0, 0x0,
    0x2, 0xff, 0x70, 0x6, 0xff, 0x20, 0x0, 0x0,
    0x0, 0x0, 0x9, 0xff, 0x30, 0x6, 0xff, 0x20,
    0x0, 0x0, 0x0, 0x0, 0x4f, 0xfd, 0x0, 0x6,
    0xff, 0x20, 0x0, 0x0, 0x0, 0x6, 0xff, 0xf4,
    0x0, 0x6, 0xff, 0x20, 0x0, 0x0, 0x8, 0xef,
    0xff, 0x70, 0x0, 0x6, 0xff, 0x98, 0x88, 0x83,
    0xf, 0xff, 0xf6, 0x0, 0x0, 0x6, 0xff, 0xff,
    0xff, 0xf6, 0xf, 0xe8, 0x10, 0x0, 0x0, 0x6,
    0xff, 0xff, 0xff, 0xf6, 0x2, 0x0, 0x0, 0x0,
    0x0, 0x0, 0x0, 0x0, 0x0, 0x0,

    /* U+5149 "光" */
    0x0, 0xaf, 0xf1, 0x0, 0x4f, 0xf4, 0x0, 0x1f,
    0xfa, 0x0, 0x0, 0x6f, 0xf5, 0x0, 0x4f, 0xf4,
    0x0, 0x5f, 0xf6, 0x0, 0x0, 0x1f, 0xf9, 0x0,
    0x4f, 0xf4, 0x0, 0x9f, 0xf1, 0x0, 0x0, 0xd,
    0xfe, 0x0, 0x4f, 0xf4, 0x0, 0xef, 0xd0, 0x0,
    0x0, 0x9, 0xff, 0x20, 0x4f, 0xf4, 0x2, 0xff,
    0x90, 0x0, 0x0, 0x0, 0x11, 0x0, 0x4f, 0xf4,
    0x0, 0x11, 0x0, 0x0, 0x18, 0x88, 0x88, 0x88,
    0xaf, 0xfa, 0x88, 0x88, 0x88, 0x81, 0x3f, 0xff,
    0xff, 0xff, 0xff, 0xff, 0xff, 0xff, 0xff, 0xf3,
    0x3f, 0xff, 0xff, 0xff, 0xff, 0xff, 0xff, 0xff,
    0xff, 0xf3, 0x0, 0x0, 0x0, 0xef, 0xb0, 0x5,
    0xff, 0x50, 0x0, 0x0, 0x0, 0x0, 0x1, 0xff,
    0x90, 0x4, 0xff, 0x40, 0x0, 0x0, 0x0, 0x0,
    0x5, 0xff, 0x50, 0x4, 0xff, 0x40, 0x0, 0x0,
    0x0, 0x0, 0xd, 0xff, 0x10, 0x4, 0xff, 0x40,
    0x0, 0x0, 0x0, 0x0, 0x9f, 0xf9, 0x0, 0x4,
    0xff, 0x40, 0x0, 0x0, 0x0, 0x1b, 0xff, 0xe1,
    0x0, 0x4, 0xff, 0x40, 0x0, 0x0, 0x8, 0xff,
    0xfe, 0x30, 0x0, 0x4, 0xff, 0xb9, 0x99, 0x91,
    0xf, 0xff, 0xd2, 0x0, 0x0, 0x4, 0xff, 0xff,
    0xff, 0xf3, 0xf, 0xe7, 0x0, 0x0, 0x0, 0x4,
    0xff, 0xff, 0xff, 0xf3, 0x5, 0x0, 0x0, 0x0,
    0x0, 0x0, 0x0, 0x0, 0x0, 0x0,

    /* U+514B "克" */
    0xe, 0xff, 0xff, 0xff, 0xff, 0xff, 0xff, 0xff,
    0xff, 0xc0, 0xe, 0xff, 0xff, 0xff, 0xff, 0xff,
    0xff, 0xff, 0xff, 0xc0, 0x5, 0x66, 0x66, 0x66,
    0xaf, 0xf8, 0x66, 0x66, 0x66, 0x40, 0x0, 0x0,
    0x0, 0x0, 0x6f, 0xf4, 0x0, 0x0, 0x0, 0x0,
    0x0, 0x55, 0x55, 0x55, 0x9f, 0xf7, 0x55, 0x55,
    0x54, 0x0, 0x0, 0xff, 0xff, 0xff, 0xff, 0xff,
    0xff, 0xff, 0xfd, 0x0, 0x0, 0xff, 0xff, 0xff,
    0xff, 0xff, 0xff, 0xff, 0xfd, 0x0, 0x0, 0xff,
    0xa0, 0x0, 0x0, 0x0, 0x0, 0xc, 0xfd, 0x0,
    0x0, 0xff, 0xa0, 0x0, 0x0, 0x0, 0x0, 0xc,
    0xfd, 0x0, 0x0, 0xff, 0xc5, 0x55, 0x55, 0x55,
    0x55, 0x5d, 0xfd, 0x0, 0x0, 0xff, 0xff, 0xff,
    0xff, 0xff, 0xff, 0xff, 0xfd, 0x0, 0x0, 0xff,
    0xff, 0xff, 0xff, 0xff, 0xff, 0xff, 0xfc, 0x0,
    0x0, 0x0, 0x5, 0xff, 0x50, 0x8, 0xff, 0x10,
    0x0, 0x0, 0x0, 0x0, 0x1d, 0xfe, 0x0, 0x8,
    0xff, 0x10, 0x0, 0x0, 0x0, 0x3, 0xdf, 0xf7,
    0x0, 0x8, 0xff, 0x10, 0x0, 0x0, 0x7, 0xcf,
    0xff, 0xb0, 0x0, 0x8, 0xff, 0x88, 0x88, 0x81,
    0x1f, 0xff, 0xf8, 0x0, 0x0, 0x8, 0xff, 0xff,
    0xff, 0xf3, 0x1f, 0xe9, 0x20, 0x0, 0x0, 0x8,
    0xff, 0xff, 0xff, 0xf3, 0x2, 0x0, 0x0, 0x0,
    0x0, 0x0, 0x0, 0x0, 0x0, 0x0,

    /* U+514D "免" */
    0x0, 0x0, 0xcf, 0xff, 0xff, 0xff, 0xff, 0xff,
    0x40, 0x0, 0x0, 0x8, 0xff, 0xff, 0xff, 0xff,
    0xff, 0xfe, 0x0, 0x0, 0x0, 0x8f, 0xfe, 0x77,
    0x77, 0x77, 0x9f, 0xf7, 0x0, 0x0, 0xc, 0xff,
    0xe2, 0x0, 0x0, 0x0, 0xcf, 0xe0, 0x0, 0x0,
    0xf, 0xff, 0xff, 0xff, 0xff, 0xff, 0xff, 0xff,
    0xff, 0x10, 0xc, 0xdf, 0xff, 0xff, 0xff, 0xff,
    0xff, 0xff, 0xff, 0x10, 0x0, 0xaf, 0xf7, 0x77,
    0x8f, 0xfb, 0x77, 0x7b, 0xff, 0x10, 0x0, 0xaf,
    0xe0, 0x0, 0x1f, 0xf7, 0x0, 0x8, 0xff, 0x10,
    0x0, 0xaf, 0xe0, 0x0, 0x1f, 0xf7, 0x0, 0x8,
    0xff, 0x10, 0x0, 0xaf, 0xf7, 0x77, 0x8f, 0xfb,
    0x77, 0x7b, 0xff, 0x10, 0x0, 0xaf, 0xff, 0xff,
    0xff, 0xff, 0xff, 0xff, 0xff, 0x10, 0x0, 0xaf,
    0xff, 0xff, 0xff, 0xff, 0xff, 0xff, 0xff, 0x10,
    0x0, 0x0, 0x4, 0xff, 0x80, 0x4, 0xff, 0x10,
    0x0, 0x0, 0x0, 0x0, 0x1d, 0xff, 0x20, 0x4,
    0xff, 0x10, 0x0, 0x0, 0x0, 0x5, 0xef, 0xf9,
    0x0, 0x4, 0xff, 0x10, 0x0, 0x0, 0x9, 0xdf,
    0xff, 0xb0, 0x0, 0x4, 0xff, 0x88, 0x88, 0x81,
    0x1f, 0xff, 0xf8, 0x0, 0x0, 0x4, 0xff, 0xff,
    0xff, 0xf3, 0x1f, 0xc7, 0x10, 0x0, 0x0, 0x4,
    0xff, 0xff, 0xff, 0xf3, 0x0, 0x0, 0x0, 0x0,
    0x0, 0x0, 0x0, 0x0, 0x0, 0x0,

    /* U+5165 "入" */
    0x0, 0x0, 0xf, 0xff, 0xff, 0xf6, 0x0, 0x0,
    0x0, 0x0, 0x0, 0x0, 0xf, 0xff, 0xff, 0xf6,
    0x0, 0x0, 0x0, 0x0, 0x0, 0x0, 0x9, 0x99,
    0xbf, 0xf6, 0x0, 0x0, 0x0, 0x0, 0x0, 0x0,
    0x0, 0x0, 0x5f, 0xf6, 0x0, 0x0, 0x0, 0x0,
    0x0, 0x0, 0x0, 0x0, 0x6f, 0xf6, 0x0, 0x0,
    0x0, 0x0, 0x0, 0x0, 0x0, 0x0, 0x7f, 0xf8,
    0x0, 0x0, 0x0, 0x0, 0x0, 0x0, 0x0, 0x0,
    0xbf, 0xfb, 0x0, 0x0, 0x0, 0x0, 0x0, 0x0,
    0x0, 0x0, 0xef, 0xfe, 0x0, 0x0, 0x0, 0x0,
    0x0, 0x0, 0x0, 0x5, 0xff, 0xff, 0x50, 0x0,
    0x0, 0x0, 0x0, 0x0, 0x0, 0xd, 0xff, 0xff,
    0xd0, 0x0, 0x0, 0x0, 0x0, 0x0, 0x0, 0x7f,
    0xfc, 0xcf, 0xf7, 0x0, 0x0, 0x0, 0x0, 0x0,
    0x5, 0xff, 0xf3, 0x3f, 0xff, 0x50, 0x0, 0x0,
    0x0, 0x0, 0x7f, 0xff, 0x70, 0x7, 0xff, 0xf7,
    0x0, 0x0, 0x0, 0x2b, 0xff, 0xfa, 0x0, 0x0,
    0xaf, 0xff, 0xb2, 0x0, 0x19, 0xff, 0xff, 0x90,
    0x0, 0x0, 0x9, 0xff, 0xff, 0x91, 0x3f, 0xff,
    0xe4, 0x0, 0x0, 0x0, 0x0, 0x4e, 0xff, 0xf3,
    0x3f, 0xe8, 0x10, 0x0, 0x0, 0x0, 0x0, 0x1,
    0x8e, 0xf3, 0x26, 0x0, 0x0, 0x0, 0x0, 0x0,
    0x0, 0x0, 0x0, 0x62,

    /* U+5168 "全" */
    0x0, 0x0, 0x0, 0xbf, 0xff, 0xff, 0xf4, 0x0,
    0x0, 0x0, 0x0, 0x0, 0x4, 0xff, 0xff, 0xff,
    0xfd, 0x0, 0x0, 0x0, 0x0, 0x0, 0x2f, 0xff,
    0x99, 0x9b, 0xff, 0xb0, 0x0, 0x0, 0x0, 0x4,
    0xef, 0xf6, 0x0, 0x0, 0xdf, 0xfc, 0x10, 0x0,
    0x1, 0x9f, 0xff, 0x70, 0x0, 0x0, 0x1d, 0xff,
    0xf7, 0x10, 0x2f, 0xff, 0xff, 0xff, 0xff, 0xff,
    0xff, 0xff, 0xff, 0xf2, 0x3f, 0xfb, 0x9f, 0xff,
    0xff, 0xff, 0xff, 0xf5, 0xdf, 0xf3, 0x29, 0x30,
    0x38, 0x88, 0xcf, 0xf8, 0x88, 0x80, 0x4, 0xa2,
    0x0, 0x0, 0x0, 0x0, 0x8f, 0xf1, 0x0, 0x0,
    0x0, 0x0, 0x0, 0x1, 0x11, 0x11, 0x8f, 0xf2,
    0x11, 0x11, 0x10, 0x0, 0x0, 0x7f, 0xff, 0xff,
    0xff, 0xff, 0xff, 0xff, 0xf0, 0x0, 0x0, 0x7f,
    0xff, 0xff, 0xff, 0xff, 0xff, 0xff, 0xf0, 0x0,
    0x0, 0x26, 0x66, 0x66, 0xbf, 0xf7, 0x66, 0x66,
    0x60, 0x0, 0x0, 0x0, 0x0, 0x0, 0x8f, 0xf1,
    0x0, 0x0, 0x0, 0x0, 0x0, 0x0, 0x0, 0x0,
    0x8f, 0xf1, 0x0, 0x0, 0x0, 0x0, 0x7, 0x99,
    0x99, 0x99, 0xcf, 0xf9, 0x99, 0x99, 0x99, 0x30,
    0xe, 0xff, 0xff, 0xff, 0xff, 0xff, 0xff, 0xff,
    0xff, 0x70, 0xe, 0xff, 0xff, 0xff, 0xff, 0xff,
    0xff, 0xff, 0xff, 0x70,

    /* U+516B "八" */
    0x0, 0x0, 0xd, 0xfd, 0x0, 0x0, 0xdf, 0xd0,
    0x0, 0x0, 0x0, 0x0, 0xf, 0xfb, 0x0, 0x0,
    0xbf, 0xf0, 0x0, 0x0, 0x0, 0x0, 0x1f, 0xf9,
    0x0, 0x0, 0xaf, 0xf1, 0x0, 0x0, 0x0, 0x0,
    0x3f, 0xf8, 0x0, 0x0, 0x8f, 0xf3, 0x0, 0x0,
    0x0, 0x0, 0x4f, 0xf6, 0x0, 0x0, 0x6f, 0xf4,
    0x0, 0x0, 0x0, 0x0, 0x7f, 0xf4, 0x0, 0x0,
    0x4f, 0xf7, 0x0, 0x0, 0x0, 0x0, 0xaf, 0xf1,
    0x0, 0x0, 0x1f, 0xfa, 0x0, 0x0, 0x0, 0x0,
    0xef, 0xe0, 0x0, 0x0, 0xe, 0xfd, 0x0, 0x0,
    0x0, 0x1, 0xff, 0xb0, 0x0, 0x0, 0xc, 0xff,
    0x10, 0x0, 0x0, 0x4, 0xff, 0x80, 0x0, 0x0,
    0x8, 0xff, 0x40, 0x0, 0x0, 0x9, 0xff, 0x40,
    0x0, 0x0, 0x4, 0xff, 0x90, 0x0, 0x0, 0xe,
    0xff, 0x0, 0x0, 0x0, 0x0, 0xff, 0xe0, 0x0,
    0x0, 0x3f, 0xfc, 0x0, 0x0, 0x0, 0x0, 0xcf,
    0xf2, 0x0, 0x0, 0x7f, 0xf7, 0x0, 0x0, 0x0,
    0x0, 0x7f, 0xf7, 0x0, 0x0, 0xdf, 0xf2, 0x0,
    0x0, 0x0, 0x0, 0x2f, 0xfd, 0x0, 0x4, 0xff,
    0xc0, 0x0, 0x0, 0x0, 0x0, 0xc, 0xff, 0x40,
    0xa, 0xff, 0x70, 0x0, 0x0, 0x0, 0x0, 0x7,
    0xff, 0xa0, 0x1f, 0xff, 0x10, 0x0, 0x0, 0x0,
    0x0, 0x1, 0xff, 0xf1,

    /* U+5171 "共" */
    0x0, 0x0, 0x3f, 0xf5, 0x0, 0x0, 0x5f, 0xf3,
    0x0, 0x0, 0x0, 0x0, 0x4f, 0xf5, 0x0, 0x0,
    0x5f, 0xf4, 0x0, 0x0, 0x8, 0xff, 0xff, 0xff,
    0xff, 0xff, 0xff, 0xff, 0xff, 0x80, 0x8, 0xff,
    0xff, 0xff, 0xff, 0xff, 0xff, 0xff, 0xff, 0x80,
    0x4, 0x88, 0xaf, 0xfa, 0x88, 0x88, 0xaf, 0xfa,
    0x88, 0x40, 0x0, 0x0, 0x3f, 0xf5, 0x0, 0x0,
    0x5f, 0xf3, 0x0, 0x0, 0x0, 0x0, 0x3f, 0xf5,
    0x0, 0x0, 0x5f, 0xf3, 0x0, 0x0, 0x0, 0x0,
    0x3f, 0xf5, 0x0, 0x0, 0x5f, 0xf3, 0x0, 0x0,
    0x0, 0x0, 0x3f, 0xf5, 0x0, 0x0, 0x5f, 0xf3,
    0x0, 0x0, 0x19, 0x99, 0xbf, 0xfb, 0x99, 0x99,
    0xbf, 0xfb, 0x99, 0x91, 0x2f, 0xff, 0xff, 0xff,
    0xff, 0xff, 0xff, 0xff, 0xff, 0xf2, 0x2f, 0xff,
    0xff, 0xff, 0xff, 0xff, 0xff, 0xff, 0xff, 0xf2,
    0x0, 0x0, 0x0, 0x0, 0x0, 0x0, 0x0, 0x0,
    0x0, 0x0, 0x0, 0x0, 0x0, 0x4b, 0x80, 0x8,
    0xb4, 0x0, 0x0, 0x0, 0x0, 0x2, 0x8e, 0xff,
    0x90, 0x9, 0xff, 0xe8, 0x20, 0x0, 0x8, 0xdf,
    0xff, 0xff, 0x60, 0x6, 0xff, 0xff, 0xfd, 0x80,
    0xf, 0xff, 0xfd, 0x71, 0x0, 0x0, 0x17, 0xdf,
    0xff, 0xf0, 0xf, 0xd8, 0x30, 0x0, 0x0, 0x0,
    0x0, 0x3, 0x8d, 0xf0, 0x2, 0x0, 0x0, 0x0,
    0x0, 0x0, 0x0, 0x0, 0x0, 0x20,

    /* U+5173 "关" */
    0x0, 0x1, 0xff, 0xb0, 0x0, 0x0, 0xb, 0xff,
    0x10, 0x0, 0x0, 0x0, 0xaf, 0xf2, 0x0, 0x0,
    0x2f, 0xfa, 0x0, 0x0, 0x8, 0xff, 0xff, 0xff,
    0xff, 0xff, 0xff, 0xff, 0xff, 0x80, 0x8, 0xff,
    0xff, 0xff, 0xff, 0xff, 0xff, 0xff, 0xff, 0x80,
    0x4, 0x99, 0x99, 0x99, 0xbf, 0xfb, 0x99, 0x99,
    0x99, 0x40, 0x0, 0x0, 0x0, 0x0, 0x4f, 0xf5,
    0x0, 0x0, 0x0, 0x0, 0x0, 0x0, 0x0, 0x0,
    0x4f, 0xf5, 0x0, 0x0, 0x0, 0x0, 0x0, 0x0,
    0x0, 0x0, 0x5f, 0xf5, 0x0, 0x0, 0x0, 0x0,
    0x2f, 0xff, 0xff, 0xff, 0xff, 0xff, 0xff, 0xff,
    0xff, 0xf2, 0x2f, 0xff, 0xff, 0xff, 0xff, 0xff,
    0xff, 0xff, 0xff, 0xf2, 0x19, 0x99, 0x99, 0x9b,
    0xff, 0xff, 0xb9, 0x99, 0x99, 0x91, 0x0, 0x0,
    0x0, 0xc, 0xff, 0xff, 0xc0, 0x0, 0x0, 0x0,
    0x0, 0x0, 0x0, 0x9f, 0xfb, 0xaf, 0xfa, 0x0,
    0x0, 0x0, 0x0, 0x0, 0x1b, 0xff, 0xe1, 0x1e,
    0xff, 0xb1, 0x0, 0x0, 0x0, 0x17, 0xef, 0xfe,
    0x30, 0x3, 0xef, 0xfe, 0x71, 0x0, 0xa, 0xff,
    0xff, 0xd2, 0x0, 0x0, 0x2d, 0xff, 0xff, 0xa0,
    0xf, 0xff, 0xf8, 0x0, 0x0, 0x0, 0x0, 0x7f,
    0xff, 0xf0, 0xf, 0xc7, 0x10, 0x0, 0x0, 0x0,
    0x0, 0x1, 0x6c, 0xf0, 0x1, 0x0, 0x0, 0x0,
    0x0, 0x0, 0x0, 0x0, 0x0, 0x10,

    /* U+5177 "具" */
    0x0, 0xf, 0xff, 0xff, 0xff, 0xff, 0xff, 0xff,
    0xf6, 0x0, 0x0, 0xf, 0xff, 0xff, 0xff, 0xff,
    0xff, 0xff, 0xf6, 0x0, 0x0, 0xf, 0xfb, 0x44,
    0x44, 0x44, 0x44, 0x6f, 0xf6, 0x0, 0x0, 0xf,
    0xff, 0xdd, 0xdd, 0xdd, 0xdd, 0xef, 0xf6, 0x0,
    0x0, 0xf, 0xff, 0xff, 0xff, 0xff, 0xff, 0xff,
    0xf6, 0x0, 0x0, 0xf, 0xfa, 0x22, 0x22, 0x22,
    0x22, 0x5f, 0xf6, 0x0, 0x0, 0xf, 0xff, 0xff,
    0xff, 0xff, 0xff, 0xff, 0xf6, 0x0, 0x0, 0xf,
    0xff, 0xff, 0xff, 0xff, 0xff, 0xff, 0xf6, 0x0,
    0x0, 0xf, 0xfa, 0x11, 0x11, 0x11, 0x11, 0x4f,
    0xf6, 0x0, 0x0, 0xf, 0xff, 0xff, 0xff, 0xff,
    0xff, 0xff, 0xf6, 0x0, 0x0, 0xf, 0xff, 0xff,
    0xff, 0xff, 0xff, 0xff, 0xf6, 0x0, 0x0, 0xf,
    0xfa, 0x11, 0x11, 0x11, 0x11, 0x4f, 0xf6, 0x0,
    0x2f, 0xff, 0xff, 0xff, 0xff, 0xff, 0xff, 0xff,
    0xff, 0xf9, 0x2f, 0xff, 0xff, 0xff, 0xff, 0xff,
    0xff, 0xff, 0xff, 0xf9, 0x4, 0x44, 0x44, 0x6a,
    0xe5, 0x4b, 0xb7, 0x44, 0x44, 0x42, 0x0, 0x58,
    0xad, 0xff, 0xf1, 0xa, 0xff, 0xfb, 0x96, 0x20,
    0x3, 0xff, 0xff, 0xff, 0xd0, 0x7, 0xff, 0xff,
    0xff, 0xa0, 0x3, 0xfe, 0xc9, 0x51, 0x0, 0x0,
    0x3, 0x7b, 0xdf, 0xa0, 0x0, 0x10, 0x0, 0x0,
    0x0, 0x0, 0x0, 0x0, 0x0, 0x10,

    /* U+5185 "内" */
    0x0, 0x0, 0x0, 0x8, 0xff, 0x10, 0x0, 0x0,
    0x0, 0x0, 0x0, 0x0, 0x8, 0xff, 0x10, 0x0,
    0x0, 0x0, 0x5a, 0xaa, 0xaa, 0xad, 0xff, 0xaa,
    0xaa, 0xaa, 0xa0, 0x8f, 0xff, 0xff, 0xff, 0xff,
    0xff, 0xff, 0xff, 0xf1, 0x8f, 0xff, 0xff, 0xff,
    0xff, 0xff, 0xff, 0xff, 0xf1, 0x8f, 0xf1, 0x0,
    0xb, 0xff, 0x40, 0x0, 0x8f, 0xf1, 0x8f, 0xf1,
    0x0, 0xe, 0xff, 0x70, 0x0, 0x8f, 0xf1, 0x8f,
    0xf1, 0x0, 0x4f, 0xff, 0xc0, 0x0, 0x8f, 0xf1,
    0x8f, 0xf1, 0x0, 0xbf, 0xff, 0xf3, 0x0, 0x8f,
    0xf1, 0x8f, 0xf1, 0x6, 0xff, 0x8e, 0xfd, 0x10,
    0x8f, 0xf1, 0x8f, 0xf1, 0x6f, 0xfe, 0x6, 0xff,
    0xc2, 0x8f, 0xf1, 0x8f, 0xf8, 0xff, 0xf4, 0x0,
    0xbf, 0xff, 0x9f, 0xf1, 0x8f, 0xf9, 0xff, 0x50,
    0x0, 0xb, 0xff, 0x9f, 0xf1, 0x8f, 0xf9, 0xc3,
    0x0, 0x0, 0x0, 0x8f, 0x9f, 0xf1, 0x8f, 0xf2,
    0x0, 0x0, 0x0, 0x0, 0x1, 0x8f, 0xf1, 0x8f,
    0xf1, 0x0, 0x0, 0x0, 0x0, 0x7a, 0xdf, 0xf1,
    0x8f, 0xf1, 0x0, 0x0, 0x0, 0x0, 0xcf, 0xff,
    0xf1, 0x8f, 0xf1, 0x0, 0x0, 0x0, 0x0, 0xcf,
    0xff, 0xf1,

    /* U+518D "再" */
    0xc, 0xff, 0xff, 0xff, 0xff, 0xff, 0xff, 0xff,
    0xff, 0xf3, 0xc, 0xff, 0xff, 0xff, 0xff, 0xff,
    0xff, 0xff, 0xff, 0xf3, 0x5, 0x77, 0x77, 0x77,
    0x8f, 0xf9, 0x77, 0x77, 0x77, 0x71, 0x0, 0x12,
    0x22, 0x22, 0x5f, 0xf6, 0x22, 0x22, 0x22, 0x0,
    0x0, 0xaf, 0xff, 0xff, 0xff, 0xff, 0xff, 0xff,
    0xff, 0x0, 0x0, 0xaf, 0xff, 0xff, 0xff, 0xff,
    0xff, 0xff, 0xff, 0x0, 0x0, 0xaf, 0xe4, 0x44,
    0x7f, 0xf7, 0x44, 0x4b, 0xff, 0x0, 0x0, 0xaf,
    0xd0, 0x0, 0x4f, 0xf5, 0x0, 0xa, 0xff, 0x0,
    0x0, 0xaf, 0xff, 0xff, 0xff, 0xff, 0xff, 0xff,
    0xff, 0x0, 0x0, 0xaf, 0xff, 0xff, 0xff, 0xff,
    0xff, 0xff, 0xff, 0x0, 0x0, 0xaf, 0xe3, 0x33,
    0x6f, 0xf7, 0x33, 0x3b, 0xff, 0x0, 0x0, 0xaf,
    0xd0, 0x0, 0x4f, 0xf5, 0x0, 0xa, 0xff, 0x0,
    0x3f, 0xff, 0xff, 0xff, 0xff, 0xff, 0xff, 0xff,
    0xff, 0xfa, 0x3f, 0xff, 0xff, 0xff, 0xff, 0xff,
    0xff, 0xff, 0xff, 0xfa, 0x16, 0xcf, 0xe6, 0x66,
    0x66, 0x66, 0x66, 0x6c, 0xff, 0x64, 0x0, 0xaf,
    0xd0, 0x0, 0x0, 0x0, 0x38, 0x8d, 0xff, 0x0,
    0x0, 0xaf, 0xd0, 0x0, 0x0, 0x0, 0x6f, 0xff,
    0xff, 0x0, 0x0, 0xaf, 0xd0, 0x0, 0x0, 0x0,
    0x6f, 0xff, 0xff, 0x0,

    /* U+51B3 "决" */
    0xd, 0xfc, 0x0, 0x0, 0x5, 0xff, 0x50, 0x0,
    0x0, 0x0, 0x8, 0xff, 0x10, 0x1, 0x16, 0xff,
    0x61, 0x11, 0x10, 0x0, 0x3, 0xff, 0x60, 0x4f,
    0xff, 0xff, 0xff, 0xff, 0xf6, 0x0, 0x0, 0xef,
    0xb0, 0x4f, 0xff, 0xff, 0xff, 0xff, 0xf6, 0x0,
    0x0, 0x9f, 0xf1, 0x2a, 0xac, 0xff, 0xca, 0xcf,
    0xf6, 0x0, 0x0, 0x4f, 0xf5, 0x0, 0x5, 0xff,
    0x40, 0x5f, 0xf6, 0x0, 0x0, 0x6, 0x63, 0x0,
    0x5, 0xff, 0x40, 0x5f, 0xf6, 0x0, 0x0, 0x6,
    0x74, 0x0, 0x5, 0xff, 0x40, 0x5f, 0xf6, 0x0,
    0x0, 0xf, 0xf9, 0x12, 0x26, 0xff, 0x52, 0x7f,
    0xf7, 0x20, 0x0, 0x3f, 0xf6, 0xff, 0xff, 0xff,
    0xff, 0xff, 0xff, 0xf4, 0x0, 0x6f, 0xf4, 0xff,
    0xff, 0xff, 0xff, 0xff, 0xff, 0xf4, 0x0, 0x9f,
    0xf1, 0x9a, 0xff, 0xfa, 0xbf, 0xfd, 0xaa, 0xa2,
    0x0, 0xdf, 0xe0, 0x1, 0xff, 0xd0, 0xf, 0xfd,
    0x0, 0x0, 0x1, 0xff, 0xa0, 0x8, 0xff, 0x60,
    0xa, 0xff, 0x40, 0x0, 0x6, 0xff, 0x60, 0xf,
    0xff, 0x10, 0x4, 0xff, 0xb0, 0x0, 0xb, 0xff,
    0x10, 0x8f, 0xf8, 0x0, 0x0, 0xdf, 0xf4, 0x0,
    0xd, 0xda, 0x2, 0xff, 0xe0, 0x0, 0x0, 0x4f,
    0xfd, 0x0, 0x0, 0x0, 0xc, 0xff, 0x60, 0x0,
    0x0, 0x9, 0xff, 0x90,

    /* U+51C6 "准" */
    0xd, 0xfd, 0x0, 0x0, 0xbf, 0x90, 0x7f, 0xf1,
    0x0, 0x0, 0x8, 0xff, 0x20, 0x0, 0xff, 0x70,
    0x7f, 0xf1, 0x0, 0x0, 0x3, 0xff, 0x70, 0x3,
    0xff, 0xff, 0xff, 0xff, 0xff, 0xd0, 0x0, 0xef,
    0xc0, 0x8, 0xff, 0xff, 0xff, 0xff, 0xff, 0xd0,
    0x0, 0x9f, 0xf1, 0xe, 0xfc, 0x77, 0xaf, 0xf7,
    0x77, 0x60, 0x0, 0x4f, 0xf6, 0x6f, 0xfa, 0x0,
    0x6f, 0xf1, 0x0, 0x0, 0x0, 0x4, 0x42, 0xdf,
    0xfd, 0x88, 0xbf, 0xf9, 0x88, 0x50, 0x0, 0x7,
    0x85, 0xef, 0xff, 0xff, 0xff, 0xff, 0xff, 0xa0,
    0x0, 0xf, 0xf9, 0xef, 0xff, 0xff, 0xff, 0xff,
    0xff, 0x90, 0x0, 0x3f, 0xf6, 0xbf, 0xfa, 0x0,
    0x5f, 0xf1, 0x0, 0x0, 0x0, 0x6f, 0xf4, 0xf,
    0xfa, 0x0, 0x6f, 0xf1, 0x0, 0x0, 0x0, 0x9f,
    0xf1, 0xf, 0xff, 0xff, 0xff, 0xff, 0xff, 0xa0,
    0x0, 0xdf, 0xe0, 0xf, 0xff, 0xff, 0xff, 0xff,
    0xff, 0xa0, 0x1, 0xff, 0xa0, 0xf, 0xfc, 0x77,
    0x9f, 0xf7, 0x77, 0x40, 0x5, 0xff, 0x60, 0xf,
    0xfa, 0x0, 0x4f, 0xf1, 0x0, 0x0, 0xb, 0xff,
    0x10, 0xf, 0xfd, 0x88, 0xaf, 0xf8, 0x88, 0x80,
    0xe, 0xfc, 0x0, 0xf, 0xff, 0xff, 0xff, 0xff,
    0xff, 0xf0, 0x0, 0x0, 0x0, 0xf, 0xff, 0xff,
    0xff, 0xff, 0xff, 0xf0,

    /* U+51CF "减" */
    0x1f, 0xf9, 0x0, 0x0, 0x0, 0x0, 0xe, 0xf9,
    0x4e, 0x90, 0xd, 0xfd, 0x3, 0x88, 0x88, 0x88,
    0x8f, 0xfd, 0x9f, 0xd1, 0x9, 0xff, 0x17, 0xff,
    0xff, 0xff, 0xff, 0xff, 0xff, 0xf3, 0x4, 0xff,
    0x57, 0xff, 0xff, 0xff, 0xff, 0xff, 0xff, 0xf3,
    0x1, 0xff, 0x97, 0xff, 0x33, 0x33, 0x39, 0xfc,
    0x0, 0x0, 0x0, 0xcf, 0xd7, 0xff, 0x9f, 0xff,
    0xfa, 0xfd, 0x19, 0x91, 0x0, 0x35, 0x57, 0xff,
    0x9f, 0xff, 0xf9, 0xfd, 0x4f, 0xf0, 0x0, 0x5a,
    0xa7, 0xff, 0x22, 0x22, 0x26, 0xfe, 0x9f, 0xa0,
    0x0, 0x9f, 0xf7, 0xff, 0x7f, 0xff, 0xf5, 0xff,
    0xdf, 0x60, 0x0, 0xcf, 0xd7, 0xff, 0x6f, 0xff,
    0xf4, 0xff, 0xff, 0x10, 0x0, 0xef, 0xb7, 0xff,
    0x6f, 0x9d, 0xf2, 0xff, 0xfc, 0x0, 0x0, 0xff,
    0x98, 0xff, 0x6f, 0x7c, 0xf1, 0xef, 0xf6, 0x0,
    0x3, 0xff, 0x69, 0xff, 0x5f, 0x7c, 0xf1, 0xcf,
    0xf1, 0x0, 0x7, 0xff, 0x3b, 0xfd, 0x5f, 0x7c,
    0xf2, 0xff, 0xf1, 0x0, 0xb, 0xff, 0xe, 0xfb,
    0x5f, 0xff, 0xf9, 0xff, 0xf7, 0x0, 0xf, 0xfc,
    0x2f, 0xf9, 0x5f, 0xff, 0xff, 0xff, 0xfe, 0x0,
    0x2c, 0xc6, 0x6f, 0xf5, 0x26, 0x66, 0xbf, 0xf5,
    0xff, 0x70, 0x0, 0x0, 0xcf, 0xf1, 0x0, 0x1,
    0xef, 0x90, 0xbf, 0xf2,

    /* U+51F6 "凶" */
    0x0, 0x0, 0xab, 0x70, 0x0, 0x7, 0xba, 0x0,
    0x0, 0x24, 0x40, 0xcf, 0xd0, 0x0, 0xd, 0xfc,
    0x4, 0x42, 0x8f, 0xf0, 0x8f, 0xf1, 0x0, 0x1f,
    0xf8, 0xf, 0xf9, 0x8f, 0xf0, 0x4f, 0xf7, 0x0,
    0x7f, 0xf4, 0xf, 0xf9, 0x8f, 0xf0, 0xe, 0xfd,
    0x0, 0xdf, 0xe0, 0xf, 0xf9, 0x8f, 0xf0, 0x8,
    0xff, 0x66, 0xff, 0x80, 0xf, 0xf9, 0x8f, 0xf0,
    0x1, 0xff, 0xee, 0xff, 0x10, 0xf, 0xf9, 0x8f,
    0xf0, 0x0, 0x8f, 0xff, 0xf8, 0x0, 0xf, 0xf9,
    0x8f, 0xf0, 0x0, 0xe, 0xff, 0xe0, 0x0, 0xf,
    0xf9, 0x8f, 0xf0, 0x0, 0xaf, 0xff, 0xfa, 0x0,
    0xf, 0xf9, 0x8f, 0xf0, 0x2c, 0xff, 0xff, 0xff,
    0xc2, 0xf, 0xf9, 0x8f, 0xf6, 0xff, 0xfe, 0x33,
    0xef, 0xff, 0x6f, 0xf9, 0x8f, 0xf9, 0xff, 0xd1,
    0x0, 0x1d, 0xff, 0xaf, 0xf9, 0x8f, 0xf9, 0xf7,
    0x0, 0x0, 0x0, 0x7f, 0xaf, 0xf9, 0x8f, 0xf4,
    0x10, 0x0, 0x0, 0x0, 0x1, 0x5f, 0xf9, 0x8f,
    0xf9, 0x99, 0x99, 0x99, 0x99, 0x99, 0x9f, 0xf9,
    0x8f, 0xff, 0xff, 0xff, 0xff, 0xff, 0xff, 0xff,
    0xf9, 0x8f, 0xff, 0xff, 0xff, 0xff, 0xff, 0xff,
    0xff, 0xf9,

    /* U+51FA "出" */
    0xf, 0xfa, 0x0, 0x1, 0xff, 0x80, 0x0, 0xaf,
    0xf0, 0xf, 0xfa, 0x0, 0x1, 0xff, 0x80, 0x0,
    0xaf, 0xf0, 0xf, 0xfa, 0x0, 0x1, 0xff, 0x80,
    0x0, 0xaf, 0xf0, 0xf, 0xfa, 0x0, 0x1, 0xff,
    0x80, 0x0, 0xaf, 0xf0, 0xf, 0xfa, 0x0, 0x1,
    0xff, 0x80, 0x0, 0xaf, 0xf0, 0xf, 0xfa, 0x0,
    0x1, 0xff, 0x80, 0x0, 0xaf, 0xf0, 0xf, 0xff,
    0xff, 0xff, 0xff, 0xff, 0xff, 0xff, 0xf0, 0xf,
    0xff, 0xff, 0xff, 0xff, 0xff, 0xff, 0xff, 0xf0,
    0x8, 0x88, 0x88, 0x89, 0xff, 0xc8, 0x88, 0x88,
    0x80, 0x0, 0x0, 0x0, 0x1, 0xff, 0x80, 0x0,
    0x0, 0x0, 0x9f, 0xf0, 0x0, 0x1, 0xff, 0x80,
    0x0, 0xf, 0xf9, 0x9f, 0xf0, 0x0, 0x1, 0xff,
    0x80, 0x0, 0xf, 0xf9, 0x9f, 0xf0, 0x0, 0x1,
    0xff, 0x80, 0x0, 0xf, 0xf9, 0x9f, 0xf0, 0x0,
    0x1, 0xff, 0x80, 0x0, 0xf, 0xf9, 0x9f, 0xf0,
    0x0, 0x1, 0xff, 0x80, 0x0, 0xf, 0xf9, 0x9f,
    0xf9, 0x99, 0x9a, 0xff, 0xc9, 0x99, 0x9f, 0xf9,
    0x9f, 0xff, 0xff, 0xff, 0xff, 0xff, 0xff, 0xff,
    0xf9, 0x9f, 0xff, 0xff, 0xff, 0xff, 0xff, 0xff,
    0xff, 0xf9,

    /* U+51FB "击" */
    0x0, 0x0, 0x0, 0x0, 0x1f, 0xf8, 0x0, 0x0,
    0x0, 0x0, 0x1, 0x99, 0x99, 0x99, 0x9f, 0xfc,
    0x99, 0x99, 0x99, 0x50, 0x3, 0xff, 0xff, 0xff,
    0xff, 0xff, 0xff, 0xff, 0xff, 0xa0, 0x2, 0xff,
    0xff, 0xff, 0xff, 0xff, 0xff, 0xff, 0xff, 0x90,
    0x0, 0x0, 0x0, 0x0, 0x1f, 0xf8, 0x0, 0x0,
    0x0, 0x0, 0x0, 0x0, 0x0, 0x0, 0x1f, 0xf8,
    0x0, 0x0, 0x0, 0x0, 0x0, 0x0, 0x0, 0x0,
    0x1f, 0xf8, 0x0, 0x0, 0x0, 0x0, 0x3f, 0xff,
    0xff, 0xff, 0xff, 0xff, 0xff, 0xff, 0xff, 0xfa,
    0x3f, 0xff, 0xff, 0xff, 0xff, 0xff, 0xff, 0xff,
    0xff, 0xfa, 0x18, 0x88, 0x88, 0x88, 0x8f, 0xfc,
    0x88, 0x88, 0x88, 0x85, 0x0, 0x33, 0x10, 0x0,
    0x1f, 0xf8, 0x0, 0x0, 0x33, 0x10, 0x3, 0xff,
    0x80, 0x0, 0x1f, 0xf8, 0x0, 0x1, 0xff, 0xa0,
    0x3, 0xff, 0x80, 0x0, 0x1f, 0xf8, 0x0, 0x1,
    0xff, 0xa0, 0x3, 0xff, 0x80, 0x0, 0x1f, 0xf8,
    0x0, 0x1, 0xff, 0xa0, 0x3, 0xff, 0x80, 0x0,
    0x1f, 0xf8, 0x0, 0x1, 0xff, 0xa0, 0x3, 0xff,
    0xc9, 0x99, 0x9f, 0xfc, 0x99, 0x99, 0xff, 0xa0,
    0x3, 0xff, 0xff, 0xff, 0xff, 0xff, 0xff, 0xff,
    0xff, 0xa0, 0x3, 0xff, 0xff, 0xff, 0xff, 0xff,
    0xff, 0xff, 0xff, 0xa0,

    /* U+5206 "分" */
    0x0, 0x0, 0x3, 0xff, 0x70, 0x7, 0xff, 0x40,
    0x0, 0x0, 0x0, 0x0, 0xa, 0xff, 0x30, 0x2,
    0xff, 0xa0, 0x0, 0x0, 0x0, 0x0, 0x2f, 0xfd,
    0x0, 0x0, 0xcf, 0xf2, 0x0, 0x0, 0x0, 0x0,
    0xcf, 0xf5, 0x0, 0x0, 0x4f, 0xfc, 0x0, 0x0,
    0x0, 0xb, 0xff, 0xb0, 0x0, 0x0, 0xb, 0xff,
    0xb0, 0x0, 0x3, 0xcf, 0xfe, 0x10, 0x0, 0x0,
    0x1, 0xef, 0xfd, 0x40, 0x2f, 0xff, 0xd2, 0x0,
    0x0, 0x0, 0x0, 0x2d, 0xff, 0xf3, 0x3f, 0xff,
    0xb9, 0x99, 0x99, 0x99, 0x99, 0x9b, 0xff, 0xf3,
    0x3d, 0x57, 0xff, 0xff, 0xff, 0xff, 0xff, 0xff,
    0xb5, 0xd3, 0x0, 0x7, 0xff, 0xff, 0xff, 0xff,
    0xff, 0xff, 0xa0, 0x0, 0x0, 0x0, 0x0, 0x6f,
    0xf3, 0x0, 0x0, 0xff, 0xa0, 0x0, 0x0, 0x0,
    0x0, 0xdf, 0xe0, 0x0, 0x0, 0xff, 0x90, 0x0,
    0x0, 0x0, 0x6, 0xff, 0x70, 0x0, 0x1, 0xff,
    0x80, 0x0, 0x0, 0x0, 0x4f, 0xfe, 0x0, 0x0,
    0x1, 0xff, 0x80, 0x0, 0x0, 0x18, 0xff, 0xf4,
    0x0, 0x0, 0x2, 0xff, 0x70, 0x0, 0x6, 0xff,
    0xff, 0x50, 0x0, 0x8, 0x8a, 0xff, 0x70, 0x0,
    0x9, 0xff, 0xd3, 0x0, 0x0, 0xf, 0xff, 0xff,
    0x60, 0x0, 0x9, 0xc5, 0x0, 0x0, 0x0, 0xf,
    0xff, 0xff, 0x60, 0x0, 0x0, 0x0, 0x0, 0x0,
    0x0, 0x0, 0x0, 0x0, 0x0, 0x0,

    /* U+5207 "切" */
    0x0, 0x9f, 0xf1, 0x6, 0xff, 0xff, 0xff, 0xff,
    0xff, 0x10, 0x9, 0xff, 0x10, 0x6f, 0xff, 0xff,
    0xff, 0xff, 0xf1, 0x0, 0x9f, 0xf1, 0x3, 0xaa,
    0xff, 0xda, 0xad, 0xff, 0x10, 0x9, 0xff, 0x45,
    0x20, 0x1f, 0xf8, 0x0, 0x8f, 0xf1, 0x4b, 0xef,
    0xff, 0xf5, 0x1, 0xff, 0x80, 0x8, 0xff, 0x16,
    0xff, 0xff, 0xff, 0x50, 0x1f, 0xf8, 0x0, 0x8f,
    0xf1, 0x6f, 0xff, 0xf9, 0x71, 0x2, 0xff, 0x70,
    0x8, 0xff, 0x10, 0x9, 0xff, 0x10, 0x0, 0x3f,
    0xf6, 0x0, 0x8f, 0xf1, 0x0, 0x9f, 0xf1, 0x0,
    0x4, 0xff, 0x50, 0x8, 0xff, 0x10, 0x9, 0xff,
    0x10, 0x0, 0x7f, 0xf3, 0x0, 0x8f, 0xf1, 0x0,
    0x9f, 0xf1, 0x0, 0xa, 0xff, 0x0, 0x8, 0xff,
    0x10, 0x9, 0xff, 0x10, 0x10, 0xdf, 0xe0, 0x0,
    0x8f, 0xf1, 0x0, 0x9f, 0xfa, 0xe9, 0x1f, 0xfa,
    0x0, 0x8, 0xff, 0x10, 0x9, 0xff, 0xff, 0x97,
    0xff, 0x50, 0x0, 0x8f, 0xf1, 0x0, 0x9f, 0xff,
    0xf6, 0xdf, 0xf0, 0x0, 0x8, 0xff, 0x10, 0x9,
    0xe9, 0x40, 0x5f, 0xfa, 0x0, 0x5a, 0xdf, 0xf1,
    0x0, 0x10, 0x0, 0xd, 0xff, 0x30, 0x8, 0xff,
    0xff, 0x10, 0x0, 0x0, 0x8, 0xff, 0xc0, 0x0,
    0x8f, 0xff, 0xf1,

    /* U+5219 "则" */
    0x8f, 0xff, 0xff, 0xff, 0xff, 0x50, 0x0, 0x8,
    0xfe, 0x8f, 0xff, 0xff, 0xff, 0xff, 0x54, 0xff,
    0x18, 0xfe, 0x8f, 0xf8, 0x88, 0x88, 0xff, 0x54,
    0xff, 0x18, 0xfe, 0x8f, 0xe0, 0x0, 0x1, 0xff,
    0x54, 0xff, 0x18, 0xfe, 0x8f, 0xe0, 0xef, 0x71,
    0xff, 0x54, 0xff, 0x18, 0xfe, 0x8f, 0xe0, 0xef,
    0x71, 0xff, 0x54, 0xff, 0x18, 0xfe, 0x8f, 0xe0,
    0xef, 0x71, 0xff, 0x54, 0xff, 0x18, 0xfe, 0x8f,
    0xe0, 0xef, 0x71, 0xff, 0x54, 0xff, 0x18, 0xfe,
    0x8f, 0xe0, 0xef, 0x71, 0xff, 0x54, 0xff, 0x18,
    0xfe, 0x8f, 0xe0, 0xef, 0x71, 0xff, 0x54, 0xff,
    0x18, 0xfe, 0x8f, 0xe0, 0xef, 0x71, 0xff, 0x54,
    0xff, 0x18, 0xfe, 0x7e, 0xd0, 0xff, 0xa1, 0xee,
    0x44, 0xff, 0x18, 0xfe, 0x0, 0x2, 0xff, 0xfc,
    0x10, 0x4, 0xff, 0x18, 0xfe, 0x0, 0xa, 0xff,
    0xff, 0xd0, 0x2, 0x88, 0x8, 0xfe, 0x0, 0x8f,
    0xf9, 0x9f, 0xf9, 0x0, 0x0, 0x8, 0xfe, 0x7d,
    0xff, 0xe1, 0xa, 0xff, 0x20, 0x29, 0x9c, 0xfe,
    0xcf, 0xfd, 0x20, 0x1, 0xff, 0x90, 0x4f, 0xff,
    0xfe, 0xcd, 0x70, 0x0, 0x0, 0xaf, 0xe0, 0x4f,
    0xff, 0xfe, 0x10, 0x0, 0x0, 0x0, 0x0, 0x0,
    0x0, 0x0, 0x0,

    /* U+522B "别" */
    0x7, 0xcc, 0xcc, 0xcc, 0xcc, 0x70, 0x0, 0x0,
    0xef, 0x90, 0xaf, 0xff, 0xff, 0xff, 0xf9, 0xe,
    0xf8, 0xe, 0xf9, 0xa, 0xff, 0xaa, 0xaa, 0xff,
    0x90, 0xef, 0x80, 0xef, 0x90, 0xaf, 0xe0, 0x0,
    0xe, 0xf9, 0xe, 0xf8, 0xe, 0xf9, 0xa, 0xfe,
    0x0, 0x0, 0xef, 0x90, 0xef, 0x80, 0xef, 0x90,
    0xaf, 0xfd, 0xdd, 0xdf, 0xf9, 0xe, 0xf8, 0xe,
    0xf9, 0xa, 0xff, 0xff, 0xff, 0xff, 0x90, 0xef,
    0x80, 0xef, 0x90, 0x59, 0x9e, 0xfd, 0x99, 0x95,
    0xe, 0xf8, 0xe, 0xf9, 0x0, 0x0, 0xdf, 0xa0,
    0x0, 0x0, 0xef, 0x80, 0xef, 0x90, 0x77, 0x7f,
    0xfc, 0x77, 0x77, 0xe, 0xf8, 0xe, 0xf9, 0xf,
    0xff, 0xff, 0xff, 0xff, 0xf2, 0xef, 0x80, 0xef,
    0x90, 0xff, 0xff, 0xff, 0xff, 0xff, 0x2e, 0xf8,
    0xe, 0xf9, 0x0, 0x9, 0xff, 0x10, 0x6f, 0xf2,
    0xef, 0x80, 0xef, 0x90, 0x0, 0xef, 0xd0, 0x6,
    0xff, 0x27, 0x84, 0xe, 0xf9, 0x0, 0x5f, 0xf7,
    0x0, 0x6f, 0xf2, 0x0, 0x0, 0xef, 0x90, 0xd,
    0xff, 0x10, 0x7b, 0xff, 0x20, 0x59, 0x9f, 0xf9,
    0x6, 0xff, 0x90, 0xe, 0xff, 0xf2, 0x9, 0xff,
    0xff, 0x91, 0xef, 0xf1, 0x0, 0xef, 0xff, 0x20,
    0x9f, 0xff, 0xf9,

    /* U+5230 "到" */
    0x8, 0xff, 0xff, 0xff, 0xff, 0xf7, 0x0, 0x0,
    0x9f, 0xe0, 0x8f, 0xff, 0xff, 0xff, 0xff, 0x74,
    0xff, 0x19, 0xfe, 0x3, 0x79, 0xff, 0xb7, 0x77,
    0x73, 0x4f, 0xf2, 0x9f, 0xe0, 0x0, 0xaf, 0xf2,
    0x1, 0x10, 0x4, 0xff, 0x29, 0xfe, 0x0, 0x1f,
    0xfa, 0x5, 0xff, 0x40, 0x4f, 0xf2, 0x9f, 0xe0,
    0x8, 0xff, 0x20, 0xe, 0xfa, 0x4, 0xff, 0x29,
    0xfe, 0xc, 0xff, 0xfe, 0xee, 0xff, 0xf1, 0x4f,
    0xf2, 0x9f, 0xe0, 0xef, 0xff, 0xff, 0xff, 0xff,
    0x74, 0xff, 0x29, 0xfe, 0x7, 0x88, 0x8f, 0xfd,
    0x88, 0x86, 0x4f, 0xf2, 0x9f, 0xe0, 0x0, 0x0,
    0xff, 0xa0, 0x0, 0x4, 0xff, 0x29, 0xfe, 0x3,
    0x88, 0x8f, 0xfd, 0x88, 0x81, 0x4f, 0xf2, 0x9f,
    0xe0, 0x6f, 0xff, 0xff, 0xff, 0xff, 0x24, 0xff,
    0x29, 0xfe, 0x6, 0xff, 0xff, 0xff, 0xff, 0xf2,
    0x4f, 0xf2, 0x9f, 0xe0, 0x0, 0x0, 0xff, 0xa0,
    0x0, 0x3, 0xcc, 0x19, 0xfe, 0x0, 0x0, 0xf,
    0xfa, 0x0, 0x0, 0x0, 0x0, 0x9f, 0xe0, 0x88,
    0x88, 0xff, 0xd8, 0x88, 0x70, 0x16, 0x6b, 0xfe,
    0x1f, 0xff, 0xff, 0xff, 0xff, 0xfe, 0x4, 0xff,
    0xff, 0xe1, 0xff, 0xff, 0xff, 0xff, 0xff, 0xe0,
    0x4f, 0xff, 0xfe,

    /* U+5236 "制" */
    0x9, 0xfc, 0xe, 0xfb, 0x0, 0x0, 0x0, 0x0,
    0x8f, 0xe0, 0xbf, 0xeb, 0xff, 0xeb, 0xbb, 0x24,
    0xff, 0x28, 0xfe, 0xc, 0xff, 0xff, 0xff, 0xff,
    0xf2, 0x4f, 0xf2, 0x8f, 0xe0, 0xef, 0xdc, 0xff,
    0xec, 0xcc, 0x24, 0xff, 0x28, 0xfe, 0xa, 0xb3,
    0xe, 0xfb, 0x0, 0x0, 0x4f, 0xf2, 0x8f, 0xe0,
    0x88, 0x88, 0xff, 0xd8, 0x88, 0x54, 0xff, 0x28,
    0xfe, 0x1f, 0xff, 0xff, 0xff, 0xff, 0xf9, 0x4f,
    0xf2, 0x8f, 0xe1, 0xff, 0xff, 0xff, 0xff, 0xff,
    0x94, 0xff, 0x28, 0xfe, 0x0, 0x0, 0xe, 0xfb,
    0x0, 0x0, 0x4f, 0xf2, 0x8f, 0xe0, 0x35, 0x55,
    0xff, 0xc5, 0x55, 0x14, 0xff, 0x28, 0xfe, 0x9,
    0xff, 0xff, 0xff, 0xff, 0xf5, 0x4f, 0xf2, 0x8f,
    0xe0, 0x9f, 0xff, 0xff, 0xff, 0xff, 0x54, 0xff,
    0x28, 0xfe, 0x9, 0xfd, 0x2e, 0xfb, 0x3f, 0xf5,
    0x4f, 0xf2, 0x8f, 0xe0, 0x9f, 0xc0, 0xef, 0xa0,
    0xff, 0x52, 0x99, 0x18, 0xfe, 0x9, 0xfc, 0xe,
    0xfa, 0xf, 0xf5, 0x0, 0x0, 0x8f, 0xe0, 0x9f,
    0xc0, 0xef, 0xa0, 0xff, 0x50, 0x28, 0x8c, 0xfe,
    0x9, 0xfc, 0xe, 0xfa, 0xf, 0xf5, 0x4, 0xff,
    0xff, 0xe0, 0x25, 0x30, 0xef, 0xa0, 0x55, 0x10,
    0x4f, 0xff, 0xfe,

    /* U+5237 "刷" */
    0x6, 0xdd, 0xdd, 0xdd, 0xdd, 0xdd, 0x10, 0x0,
    0xef, 0x70, 0x7f, 0xff, 0xff, 0xff, 0xff, 0xf3,
    0xff, 0x3e, 0xf7, 0x7, 0xff, 0x76, 0x66, 0x6a,
    0xff, 0x3f, 0xf3, 0xef, 0x70, 0x7f, 0xf6, 0x55,
    0x55, 0x9f, 0xf3, 0xff, 0x3e, 0xf7, 0x7, 0xff,
    0xff, 0xff, 0xff, 0xff, 0x3f, 0xf3, 0xef, 0x70,
    0x7f, 0xfc, 0xcc, 0xcc, 0xcc, 0xc3, 0xff, 0x3e,
    0xf7, 0x7, 0xff, 0x0, 0xc, 0xc7, 0x0, 0x1f,
    0xf3, 0xef, 0x70, 0x7f, 0xf0, 0x11, 0xff, 0x91,
    0x11, 0xff, 0x3e, 0xf7, 0x7, 0xff, 0x7f, 0xff,
    0xff, 0xff, 0x2f, 0xf3, 0xef, 0x70, 0x7f, 0xf7,
    0xff, 0xff, 0xff, 0xf2, 0xff, 0x3e, 0xf7, 0x8,
    0xff, 0x7f, 0xbe, 0xfb, 0xef, 0x2f, 0xf3, 0xef,
    0x70, 0x8f, 0xf7, 0xf6, 0xdf, 0x7c, 0xf2, 0xff,
    0x3e, 0xf7, 0x9, 0xfe, 0x7f, 0x6d, 0xf7, 0xcf,
    0x2f, 0xf3, 0xef, 0x70, 0xaf, 0xd7, 0xf6, 0xdf,
    0x7c, 0xf1, 0x88, 0x1e, 0xf7, 0xc, 0xfb, 0x7f,
    0x6d, 0xf7, 0xcf, 0x10, 0x0, 0xef, 0x70, 0xff,
    0x87, 0xf6, 0xdf, 0x7c, 0xf1, 0x69, 0x9f, 0xf7,
    0x1f, 0xf6, 0x6e, 0x6d, 0xf7, 0xbe, 0xb, 0xff,
    0xff, 0x74, 0xff, 0x40, 0x0, 0xdf, 0x70, 0x0,
    0xbf, 0xff, 0xf7,

    /* U+524D "前" */
    0x0, 0x8, 0xff, 0x30, 0x0, 0x3, 0xff, 0x70,
    0x0, 0xff, 0xff, 0xff, 0xff, 0xff, 0xff, 0xff,
    0xff, 0xff, 0xff, 0xff, 0xff, 0xff, 0xff, 0xff,
    0xff, 0xff, 0xff, 0x88, 0x88, 0x88, 0x88, 0x88,
    0x88, 0x88, 0x88, 0x88, 0x1, 0x11, 0x11, 0x11,
    0x10, 0x0, 0x0, 0x6, 0x64, 0x9f, 0xff, 0xff,
    0xff, 0xf2, 0x19, 0x92, 0xf, 0xf9, 0x9f, 0xff,
    0xff, 0xff, 0xf2, 0x3f, 0xf4, 0xf, 0xf9, 0x9f,
    0xf6, 0x66, 0x9f, 0xf2, 0x3f, 0xf4, 0xf, 0xf9,
    0x9f, 0xf0, 0x0, 0x5f, 0xf2, 0x3f, 0xf4, 0xf,
    0xf9, 0x9f, 0xfe, 0xee, 0xff, 0xf2, 0x3f, 0xf4,
    0xf, 0xf9, 0x9f, 0xff, 0xff, 0xff, 0xf2, 0x3f,
    0xf4, 0xf, 0xf9, 0x9f, 0xf7, 0x77, 0xaf, 0xf2,
    0x3f, 0xf4, 0xf, 0xf9, 0x9f, 0xf0, 0x0, 0x5f,
    0xf2, 0x3f, 0xf4, 0xf, 0xf9, 0x9f, 0xff, 0xff,
    0xff, 0xf2, 0x3f, 0xf4, 0xf, 0xf9, 0x9f, 0xff,
    0xff, 0xff, 0xf2, 0x0, 0x0, 0xf, 0xf9, 0x9f,
    0xf7, 0x77, 0xaf, 0xf2, 0x0, 0x69, 0x9f, 0xf9,
    0x9f, 0xf0, 0x0, 0x5f, 0xf2, 0x0, 0xbf, 0xff,
    0xf9, 0x9f, 0xf0, 0x0, 0x5f, 0xf2, 0x0, 0xbf,
    0xff, 0xf9,

    /* U+5269 "剩" */
    0x0, 0x0, 0x0, 0x0, 0x11, 0x10, 0x0, 0x0,
    0x0, 0x0, 0x5f, 0xff, 0xff, 0xff, 0xff, 0x60,
    0x0, 0x9, 0xfe, 0x5, 0xff, 0xff, 0xff, 0xff,
    0xe5, 0xf, 0xf6, 0x9f, 0xe0, 0x13, 0x22, 0xcf,
    0xb0, 0x0, 0x0, 0xff, 0x69, 0xfe, 0x1b, 0xbb,
    0xbe, 0xfe, 0xbb, 0xbb, 0x2f, 0xf6, 0x9f, 0xe2,
    0xff, 0xff, 0xff, 0xff, 0xff, 0xf3, 0xff, 0x69,
    0xfe, 0x18, 0xdf, 0xcd, 0xfd, 0xbf, 0xe8, 0x1f,
    0xf6, 0x9f, 0xe0, 0x4b, 0xf7, 0xbf, 0xb6, 0xfd,
    0xa0, 0xff, 0x69, 0xfe, 0xe, 0xff, 0x7b, 0xfb,
    0x6f, 0xff, 0xf, 0xf6, 0x9f, 0xe0, 0xcf, 0xf7,
    0xbf, 0xb6, 0xff, 0x90, 0xff, 0x69, 0xfe, 0x0,
    0xaf, 0x7b, 0xfb, 0x6f, 0xb0, 0xf, 0xf6, 0x9f,
    0xe0, 0xcf, 0xf7, 0xbf, 0xb6, 0xfe, 0xa2, 0xff,
    0x69, 0xfe, 0xf, 0xff, 0x7b, 0xfb, 0x6f, 0xff,
    0x3f, 0xf6, 0x9f, 0xe0, 0x89, 0xc8, 0xdf, 0xe5,
    0x88, 0x81, 0xff, 0x69, 0xfe, 0x0, 0x6, 0xff,
    0xff, 0xf7, 0x0, 0xc, 0xc5, 0x9f, 0xe0, 0x1b,
    0xff, 0xff, 0xff, 0xfc, 0x20, 0x0, 0x9, 0xfe,
    0x1e, 0xff, 0x8c, 0xfb, 0x7f, 0xff, 0x21, 0x66,
    0xbf, 0xe2, 0xfe, 0x40, 0xbf, 0xb0, 0x3d, 0xf3,
    0x4f, 0xff, 0xfe, 0x29, 0x0, 0xb, 0xfb, 0x0,
    0x9, 0x34, 0xff, 0xff, 0xe0, 0x0, 0x0, 0x0,
    0x0, 0x0, 0x0, 0x0, 0x0, 0x0,

    /* U+526A "剪" */
    0xe, 0xff, 0xff, 0xff, 0xff, 0xff, 0xff, 0xff,
    0xff, 0xc0, 0xef, 0xff, 0xff, 0xff, 0xff, 0xff,
    0xff, 0xff, 0xfc, 0x2, 0x33, 0x33, 0x33, 0x33,
    0x33, 0x33, 0x33, 0x44, 0x20, 0x4e, 0xee, 0xee,
    0xee, 0xe2, 0x3a, 0xa1, 0x5f, 0xf2, 0x4, 0xff,
    0xff, 0xff, 0xff, 0x35, 0xff, 0x25, 0xff, 0x20,
    0x4f, 0xf6, 0x33, 0x7f, 0xf3, 0x5f, 0xf2, 0x5f,
    0xf2, 0x4, 0xff, 0xff, 0xff, 0xff, 0x35, 0xff,
    0x25, 0xff, 0x20, 0x4f, 0xfa, 0x99, 0xbf, 0xf3,
    0x5f, 0xf2, 0x5f, 0xf2, 0x4, 0xff, 0xba, 0xab,
    0xff, 0x35, 0xff, 0x25, 0xff, 0x20, 0x4f, 0xff,
    0xff, 0xff, 0xf3, 0x4e, 0xe2, 0x5f, 0xf2, 0x4,
    0xff, 0x30, 0x4, 0xff, 0x30, 0x0, 0x5, 0xff,
    0x20, 0x8, 0x88, 0x88, 0x88, 0x88, 0x88, 0x88,
    0x88, 0x83, 0x1, 0xff, 0xff, 0xff, 0xff, 0xff,
    0xff, 0xff, 0xff, 0x50, 0x1f, 0xff, 0xff, 0xff,
    0xff, 0xff, 0xff, 0xff, 0xf3, 0x0, 0x0, 0x4f,
    0xfd, 0x0, 0x0, 0x0, 0x8, 0xff, 0x20, 0x0,
    0x4f, 0xfe, 0x10, 0x0, 0x38, 0x88, 0xcf, 0xf0,
    0x0, 0x6f, 0xfe, 0x20, 0x0, 0x7, 0xff, 0xff,
    0xff, 0x0, 0x9f, 0xfd, 0x20, 0x0, 0x0, 0x7f,
    0xff, 0xff, 0xe0,

    /* U+529B "力" */
    0x0, 0x0, 0x1, 0xff, 0x90, 0x0, 0x0, 0x0,
    0x0, 0x0, 0x0, 0x1, 0xff, 0x90, 0x0, 0x0,
    0x0, 0x0, 0x0, 0x0, 0x1, 0xff, 0xa0, 0x0,
    0x0, 0x0, 0x0, 0x6, 0xff, 0xff, 0xff, 0xff,
    0xff, 0xff, 0xff, 0xfe, 0x6, 0xff, 0xff, 0xff,
    0xff, 0xff, 0xff, 0xff, 0xfe, 0x3, 0x99, 0x9a,
    0xff, 0xd9, 0x99, 0x99, 0x9d, 0xfe, 0x0, 0x0,
    0x1, 0xff, 0x90, 0x0, 0x0, 0xa, 0xfe, 0x0,
    0x0, 0x1, 0xff, 0x90, 0x0, 0x0, 0xa, 0xfe,
    0x0, 0x0, 0x2, 0xff, 0x80, 0x0, 0x0, 0xa,
    0xfe, 0x0, 0x0, 0x4, 0xff, 0x70, 0x0, 0x0,
    0xa, 0xfe, 0x0, 0x0, 0x8, 0xff, 0x40, 0x0,
    0x0, 0xa, 0xfe, 0x0, 0x0, 0xe, 0xff, 0x0,
    0x0, 0x0, 0xa, 0xfe, 0x0, 0x0, 0x8f, 0xfa,
    0x0, 0x0, 0x0, 0xa, 0xfe, 0x0, 0x6, 0xff,
    0xf2, 0x0, 0x0, 0x0, 0xa, 0xfe, 0x2, 0xaf,
    0xff, 0x80, 0x0, 0x0, 0x0, 0xa, 0xfe, 0xf,
    0xff, 0xfa, 0x0, 0x0, 0x5, 0xaa, 0xae, 0xfe,
    0xf, 0xff, 0x70, 0x0, 0x0, 0x8, 0xff, 0xff,
    0xfe, 0xf, 0xa2, 0x0, 0x0, 0x0, 0x8, 0xff,
    0xff, 0xfe, 0x0, 0x0, 0x0, 0x0, 0x0, 0x0,
    0x0, 0x0, 0x0,

    /* U+52A1 "务" */
    0x0, 0x6, 0xff, 0xff, 0xff, 0xff, 0xff, 0xfe,
    0x0, 0x0, 0x6f, 0xff, 0xff, 0xff, 0xff, 0xff,
    0xf7, 0x0, 0x1d, 0xff, 0xff, 0xd6, 0x66, 0x6c,
    0xff, 0xc0, 0x0, 0x3f, 0xff, 0xff, 0xf8, 0x0,
    0x8f, 0xfe, 0x20, 0x0, 0x3f, 0xb3, 0x3e, 0xff,
    0xcc, 0xff, 0xf3, 0x0, 0x0, 0x0, 0x0, 0x2,
    0xef, 0xff, 0xfe, 0x30, 0x0, 0x0, 0x0, 0x2,
    0x7c, 0xff, 0xff, 0xff, 0xc7, 0x20, 0x0, 0x7b,
    0xef, 0xff, 0xff, 0xcc, 0xff, 0xff, 0xfe, 0xb7,
    0xff, 0xff, 0xfe, 0xee, 0x90, 0x39, 0xef, 0xff,
    0xff, 0xfd, 0xa7, 0x20, 0xcf, 0xb0, 0x0, 0x3,
    0x7a, 0xdf, 0x18, 0x88, 0x88, 0xff, 0xd8, 0x88,
    0x88, 0x88, 0x81, 0x1f, 0xff, 0xff, 0xff, 0xff,
    0xff, 0xff, 0xff, 0xf0, 0x1f, 0xff, 0xff, 0xff,
    0xff, 0xff, 0xff, 0xff, 0xe0, 0x0, 0x0, 0xaf,
    0xf7, 0x0, 0x0, 0x0, 0xdf, 0xd0, 0x0, 0x5d,
    0xff, 0xc0, 0x0, 0x0, 0x0, 0xef, 0xc0, 0x5e,
    0xff, 0xfb, 0x0, 0x0, 0x7, 0x99, 0xff, 0xb0,
    0x9f, 0xff, 0x70, 0x0, 0x0, 0xc, 0xff, 0xff,
    0x90, 0x9d, 0x81, 0x0, 0x0, 0x0, 0xc, 0xff,
    0xff, 0x80, 0x10, 0x0, 0x0, 0x0, 0x0, 0x0,
    0x0, 0x0, 0x0,

    /* U+52A8 "动" */
    0x0, 0x0, 0x0, 0x0, 0x0, 0xaf, 0xe0, 0x0,
    0x0, 0x8f, 0xff, 0xff, 0xf8, 0x0, 0xaf, 0xe0,
    0x0, 0x0, 0x9f, 0xff, 0xff, 0xf9, 0x0, 0xaf,
    0xe0, 0x0, 0x0, 0x59, 0x99, 0x99, 0x95, 0x8f,
    0xff, 0xff, 0xff, 0xf9, 0x0, 0x0, 0x0, 0x0,
    0x8f, 0xff, 0xff, 0xff, 0xfa, 0x77, 0x77, 0x77,
    0x77, 0x37, 0xcf, 0xf7, 0x7f, 0xfa, 0xff, 0xff,
    0xff, 0xff, 0x0, 0xaf, 0xe0, 0xe, 0xfa, 0xff,
    0xff, 0xff, 0xff, 0x0, 0xbf, 0xd0, 0xe, 0xfa,
    0x4, 0xff, 0x50, 0x0, 0x0, 0xcf, 0xd0, 0xe,
    0xfa, 0x7, 0xff, 0x10, 0x0, 0x0, 0xdf, 0xc0,
    0xe, 0xfa, 0xa, 0xfe, 0x0, 0x0, 0x0, 0xff,
    0xa0, 0xe, 0xfa, 0xe, 0xfa, 0xe, 0xf6, 0x3,
    0xff, 0x70, 0xe, 0xfa, 0x1f, 0xf7, 0xd, 0xf8,
    0x7, 0xff, 0x40, 0xe, 0xfa, 0x5f, 0xf3, 0xc,
    0xf9, 0xc, 0xff, 0x0, 0xe, 0xfa, 0xcf, 0xfa,
    0x9e, 0xfa, 0x2f, 0xfb, 0x0, 0xe, 0xfa, 0xff,
    0xff, 0xff, 0xfc, 0x9f, 0xf5, 0x6, 0x8f, 0xfa,
    0xef, 0xff, 0xff, 0xfe, 0xff, 0xe0, 0xb, 0xff,
    0xfa, 0x0, 0x0, 0x0, 0xa, 0xff, 0x70, 0xb,
    0xff, 0xfa,

    /* U+52A9 "助" */
    0x3f, 0xff, 0xff, 0xff, 0x30, 0x1f, 0xf7, 0x0,
    0x0, 0x3f, 0xff, 0xff, 0xff, 0x30, 0x1f, 0xf7,
    0x0, 0x0, 0x3f, 0xfa, 0x9b, 0xff, 0x36, 0x7f,
    0xfb, 0x66, 0x65, 0x3f, 0xf4, 0x4, 0xff, 0x3f,
    0xff, 0xff, 0xff, 0xfe, 0x3f, 0xf4, 0x4, 0xff,
    0x3f, 0xff, 0xff, 0xff, 0xfe, 0x3f, 0xff, 0xff,
    0xff, 0x3a, 0xaf, 0xfc, 0xad, 0xfe, 0x3f, 0xff,
    0xff, 0xff, 0x30, 0x1f, 0xf7, 0xa, 0xfe, 0x3f,
    0xfa, 0x9b, 0xff, 0x30, 0x1f, 0xf6, 0xa, 0xfe,
    0x3f, 0xf4, 0x4, 0xff, 0x30, 0x1f, 0xf6, 0xa,
    0xfe, 0x3f, 0xf4, 0x4, 0xff, 0x30, 0x2f, 0xf5,
    0xa, 0xfe, 0x3f, 0xff, 0xff, 0xff, 0x30, 0x3f,
    0xf4, 0xa, 0xfe, 0x3f, 0xff, 0xff, 0xff, 0x30,
    0x6f, 0xf2, 0xa, 0xfe, 0x3f, 0xfa, 0x9b, 0xff,
    0x30, 0x8f, 0xf0, 0xa, 0xfe, 0x3f, 0xf4, 0x4,
    0xff, 0x30, 0xcf, 0xd0, 0xa, 0xfe, 0x3f, 0xf4,
    0x4, 0xff, 0x31, 0xff, 0x90, 0xa, 0xfe, 0x8f,
    0xfa, 0x9c, 0xff, 0xa7, 0xff, 0x58, 0x9d, 0xfe,
    0xff, 0xff, 0xff, 0xff, 0xde, 0xfe, 0xf, 0xff,
    0xfe, 0xff, 0xff, 0xfe, 0xed, 0xff, 0xf9, 0xf,
    0xff, 0xfe, 0x21, 0x10, 0x0, 0x0, 0x0, 0x0,
    0x0, 0x0, 0x0,

    /* U+52BF "势" */
    0x13, 0x3c, 0xfd, 0x32, 0x0, 0x4f, 0xf2, 0x0,
    0x0, 0x6, 0xff, 0xff, 0xff, 0xe6, 0xff, 0xff,
    0xff, 0xff, 0xb0, 0x6f, 0xff, 0xff, 0xfe, 0x6f,
    0xff, 0xff, 0xff, 0xf9, 0x0, 0x11, 0xcf, 0xd2,
    0x32, 0x7b, 0xfe, 0x77, 0xef, 0x80, 0x36, 0x8e,
    0xff, 0xfe, 0x36, 0xbf, 0xc0, 0xe, 0xf6, 0xc,
    0xff, 0xff, 0xff, 0xe6, 0xff, 0xfe, 0x72, 0xff,
    0x40, 0xcf, 0xdf, 0xfe, 0x64, 0x5e, 0xff, 0xff,
    0x8f, 0xf3, 0x0, 0x3, 0xcf, 0xc0, 0x0, 0x6f,
    0xfb, 0xfa, 0xff, 0xb4, 0x3, 0xff, 0xfc, 0x0,
    0xd, 0xfd, 0x0, 0x7f, 0xff, 0x60, 0x3f, 0xff,
    0xc5, 0x9b, 0xee, 0x50, 0x5, 0xdd, 0xd5, 0x3,
    0x55, 0x55, 0xcf, 0xf3, 0x33, 0x33, 0x33, 0x30,
    0x0, 0xef, 0xff, 0xff, 0xff, 0xff, 0xff, 0xff,
    0xff, 0x0, 0xe, 0xff, 0xff, 0xff, 0xff, 0xff,
    0xff, 0xff, 0xf0, 0x0, 0x33, 0x37, 0xff, 0xe4,
    0x33, 0x33, 0x3c, 0xfe, 0x0, 0x0, 0x19, 0xff,
    0xf4, 0x0, 0x0, 0x0, 0xcf, 0xd0, 0x3, 0xbf,
    0xff, 0xf5, 0x0, 0x0, 0x58, 0x8e, 0xfb, 0x0,
    0x6f, 0xff, 0xc3, 0x0, 0x0, 0xa, 0xff, 0xff,
    0xa0, 0x6, 0xea, 0x40, 0x0, 0x0, 0x0, 0xaf,
    0xff, 0xf9, 0x0, 0x0, 0x0, 0x0, 0x0, 0x0,
    0x0, 0x0, 0x0, 0x0, 0x0,

    /* U+5305 "包" */
    0x0, 0x1f, 0xfe, 0x0, 0x0, 0x0, 0x0, 0x0,
    0x0, 0x0, 0x0, 0x6f, 0xff, 0xff, 0xff, 0xff,
    0xff, 0xff, 0xff, 0x70, 0x0, 0xcf, 0xff, 0xff,
    0xff, 0xff, 0xff, 0xff, 0xff, 0x70, 0x1, 0xff,
    0xf7, 0x77, 0x77, 0x77, 0x77, 0x78, 0xff, 0x70,
    0x8, 0xff, 0x90, 0x0, 0x0, 0x0, 0x0, 0x1,
    0xff, 0x70, 0x1f, 0xff, 0xff, 0xff, 0xff, 0xff,
    0xf8, 0x1, 0xff, 0x70, 0x4b, 0xdf, 0xff, 0xff,
    0xff, 0xff, 0xf9, 0x1, 0xff, 0x70, 0x0, 0x7f,
    0xf8, 0x88, 0x88, 0x8f, 0xf9, 0x1, 0xff, 0x70,
    0x0, 0x7f, 0xf1, 0x0, 0x0, 0xe, 0xf9, 0x1,
    0xff, 0x70, 0x0, 0x7f, 0xf1, 0x0, 0x0, 0xe,
    0xf9, 0x1, 0xff, 0x70, 0x0, 0x7f, 0xfa, 0xaa,
    0xaa, 0xaf, 0xf9, 0x1, 0xff, 0x70, 0x0, 0x7f,
    0xff, 0xff, 0xff, 0xff, 0xf9, 0x7f, 0xff, 0x70,
    0x0, 0x7f, 0xfe, 0xee, 0xee, 0xee, 0xe7, 0x7f,
    0xff, 0x70, 0x0, 0x7f, 0xf1, 0x0, 0x0, 0x0,
    0x0, 0x38, 0x88, 0x30, 0x0, 0x7f, 0xf1, 0x0,
    0x0, 0x0, 0x0, 0x0, 0x0, 0x0, 0x0, 0x7f,
    0xf9, 0x88, 0x88, 0x88, 0x88, 0x88, 0x88, 0x80,
    0x0, 0x7f, 0xff, 0xff, 0xff, 0xff, 0xff, 0xff,
    0xff, 0xf0, 0x0, 0x7f, 0xff, 0xff, 0xff, 0xff,
    0xff, 0xff, 0xff, 0xf0,

    /* U+5316 "化" */
    0x0, 0x3, 0xff, 0x70, 0xb, 0xfe, 0x0, 0x0,
    0x0, 0x0, 0x0, 0x7, 0xff, 0x40, 0xb, 0xfe,
    0x0, 0x0, 0x0, 0x0, 0x0, 0xd, 0xff, 0x0,
    0xb, 0xfe, 0x0, 0x0, 0x3, 0x20, 0x0, 0x4f,
    0xfa, 0x0, 0xb, 0xfe, 0x0, 0x0, 0x9f, 0x30,
    0x0, 0xcf, 0xf4, 0x0, 0xb, 0xfe, 0x0, 0x6e,
    0xff, 0x30, 0x6, 0xff, 0xf1, 0x0, 0xb, 0xfe,
    0x4c, 0xff, 0xfe, 0x20, 0x2f, 0xff, 0xf1, 0x0,
    0xb, 0xff, 0xff, 0xff, 0x90, 0x0, 0x5f, 0xff,
    0xf1, 0x0, 0x4e, 0xff, 0xff, 0xc3, 0x0, 0x0,
    0x5f, 0xff, 0xf1, 0x6d, 0xff, 0xff, 0xd4, 0x0,
    0x0, 0x0, 0x5e, 0xbf, 0xf6, 0xff, 0xff, 0xfe,
    0x0, 0x0, 0x0, 0x0, 0x32, 0x8f, 0xf6, 0xff,
    0xcd, 0xfe, 0x0, 0x0, 0x0, 0x0, 0x0, 0x8f,
    0xf5, 0x93, 0xb, 0xfe, 0x0, 0x0, 0x0, 0x0,
    0x0, 0x8f, 0xf1, 0x0, 0xb, 0xfe, 0x0, 0x0,
    0x0, 0x0, 0x0, 0x8f, 0xf1, 0x0, 0xb, 0xfe,
    0x0, 0x0, 0x0, 0x0, 0x0, 0x8f, 0xf1, 0x0,
    0xb, 0xfe, 0x0, 0x0, 0x0, 0x0, 0x0, 0x8f,
    0xf1, 0x0, 0xb, 0xff, 0xbb, 0xbb, 0xbb, 0xb0,
    0x0, 0x8f, 0xf1, 0x0, 0xb, 0xff, 0xff, 0xff,
    0xff, 0xf1, 0x0, 0x8f, 0xf1, 0x0, 0xb, 0xff,
    0xff, 0xff, 0xff, 0xf1,

    /* U+533A "区" */
    0x1f, 0xff, 0xff, 0xff, 0xff, 0xff, 0xff, 0xff,
    0xff, 0x21, 0xff, 0xff, 0xff, 0xff, 0xff, 0xff,
    0xff, 0xff, 0xf2, 0x1f, 0xfc, 0x99, 0x99, 0x99,
    0x99, 0x99, 0x99, 0x99, 0x11, 0xff, 0x80, 0x0,
    0x0, 0x0, 0x0, 0x0, 0x0, 0x0, 0x1f, 0xf8,
    0xa, 0xff, 0x70, 0x0, 0x3, 0xff, 0xe0, 0x1,
    0xff, 0x80, 0x3f, 0xfe, 0x0, 0x0, 0xbf, 0xf8,
    0x0, 0x1f, 0xf8, 0x0, 0xbf, 0xf9, 0x0, 0x4f,
    0xfe, 0x0, 0x1, 0xff, 0x80, 0x2, 0xff, 0xf6,
    0x2f, 0xff, 0x50, 0x0, 0x1f, 0xf8, 0x0, 0x6,
    0xff, 0xfe, 0xff, 0xa0, 0x0, 0x1, 0xff, 0x80,
    0x0, 0x8, 0xff, 0xff, 0xb0, 0x0, 0x0, 0x1f,
    0xf8, 0x0, 0x2, 0xaf, 0xff, 0xfd, 0x40, 0x0,
    0x1, 0xff, 0x80, 0x2a, 0xff, 0xff, 0xff, 0xff,
    0xc4, 0x0, 0x1f, 0xf8, 0xaf, 0xff, 0xfd, 0x31,
    0xbf, 0xff, 0xfd, 0x1, 0xff, 0x8d, 0xff, 0xd6,
    0x0, 0x0, 0x4c, 0xff, 0xf1, 0x1f, 0xf8, 0xcb,
    0x50, 0x0, 0x0, 0x0, 0x3, 0x9f, 0x11, 0xff,
    0xc9, 0x99, 0x99, 0x99, 0x99, 0x99, 0x99, 0x91,
    0x1f, 0xff, 0xff, 0xff, 0xff, 0xff, 0xff, 0xff,
    0xff, 0x21, 0xff, 0xff, 0xff, 0xff, 0xff, 0xff,
    0xff, 0xff, 0xf2,

    /* U+533B "医" */
    0x1f, 0xff, 0xff, 0xff, 0xff, 0xff, 0xff, 0xff,
    0xff, 0x21, 0xff, 0xff, 0xff, 0xff, 0xff, 0xff,
    0xff, 0xff, 0xf2, 0x1f, 0xfc, 0x99, 0x99, 0x99,
    0x99, 0x99, 0x99, 0x99, 0x11, 0xff, 0x80, 0x4f,
    0xf4, 0x22, 0x22, 0x22, 0x22, 0x0, 0x1f, 0xf8,
    0x9, 0xff, 0xff, 0xff, 0xff, 0xff, 0xf1, 0x1,
    0xff, 0x80, 0xdf, 0xff, 0xff, 0xff, 0xff, 0xff,
    0x10, 0x1f, 0xf8, 0x5f, 0xf6, 0x39, 0xff, 0x43,
    0x33, 0x30, 0x1, 0xff, 0x86, 0x98, 0x0, 0x7f,
    0xf1, 0x0, 0x0, 0x0, 0x1f, 0xf8, 0xef, 0xff,
    0xff, 0xff, 0xff, 0xff, 0xfb, 0x1, 0xff, 0x8f,
    0xff, 0xff, 0xff, 0xff, 0xff, 0xff, 0xb0, 0x1f,
    0xf8, 0x67, 0x77, 0xff, 0xff, 0xfd, 0x77, 0x75,
    0x1, 0xff, 0x80, 0x2, 0xcf, 0xfa, 0xdf, 0xf9,
    0x10, 0x0, 0x1f, 0xf8, 0x5b, 0xff, 0xfc, 0x2,
    0xef, 0xff, 0x94, 0x1, 0xff, 0x8e, 0xff, 0xf9,
    0x0, 0x1, 0xcf, 0xff, 0xc0, 0x1f, 0xf8, 0xef,
    0xa3, 0x0, 0x0, 0x0, 0x5b, 0xfc, 0x1, 0xff,
    0xcd, 0x99, 0x99, 0x99, 0x99, 0x99, 0x9a, 0xc1,
    0x1f, 0xff, 0xff, 0xff, 0xff, 0xff, 0xff, 0xff,
    0xff, 0x21, 0xff, 0xff, 0xff, 0xff, 0xff, 0xff,
    0xff, 0xff, 0xf2,

    /* U+5348 "午" */
    0x0, 0x2f, 0xf7, 0x0, 0x0, 0x0, 0x0, 0x0,
    0x0, 0x0, 0x0, 0x5f, 0xfc, 0x99, 0x99, 0x99,
    0x99, 0x99, 0x99, 0x10, 0x0, 0x8f, 0xff, 0xff,
    0xff, 0xff, 0xff, 0xff, 0xff, 0x20, 0x0, 0xcf,
    0xff, 0xff, 0xff, 0xff, 0xff, 0xff, 0xff, 0x20,
    0x1, 0xff, 0xc0, 0x0, 0x2f, 0xf9, 0x0, 0x0,
    0x0, 0x0, 0x6, 0xff, 0x70, 0x0, 0x2f, 0xf9,
    0x0, 0x0, 0x0, 0x0, 0x9, 0xdd, 0x20, 0x0,
    0x2f, 0xf9, 0x0, 0x0, 0x0, 0x0, 0x0, 0x0,
    0x0, 0x0, 0x2f, 0xf9, 0x0, 0x0, 0x0, 0x0,
    0x0, 0x0, 0x0, 0x0, 0x2f, 0xf9, 0x0, 0x0,
    0x0, 0x0, 0x2f, 0xff, 0xff, 0xff, 0xff, 0xff,
    0xff, 0xff, 0xff, 0xf2, 0x3f, 0xff, 0xff, 0xff,
    0xff, 0xff, 0xff, 0xff, 0xff, 0xf3, 0x1a, 0xaa,
    0xaa, 0xaa, 0xaf, 0xfd, 0xaa, 0xaa, 0xaa, 0xa1,
    0x0, 0x0, 0x0, 0x0, 0x1f, 0xf9, 0x0, 0x0,
    0x0, 0x0, 0x0, 0x0, 0x0, 0x0, 0x1f, 0xf9,
    0x0, 0x0, 0x0, 0x0, 0x0, 0x0, 0x0, 0x0,
    0x1f, 0xf9, 0x0, 0x0, 0x0, 0x0, 0x0, 0x0,
    0x0, 0x0, 0x1f, 0xf9, 0x0, 0x0, 0x0, 0x0,
    0x0, 0x0, 0x0, 0x0, 0x1f, 0xf9, 0x0, 0x0,
    0x0, 0x0, 0x0, 0x0, 0x0, 0x0, 0x1f, 0xf9,
    0x0, 0x0, 0x0, 0x0,

    /* U+534A "半" */
    0x0, 0xdf, 0xc0, 0x0, 0x4f, 0xf4, 0x0, 0xc,
    0xfd, 0x0, 0x0, 0x9f, 0xf1, 0x0, 0x4f, 0xf4,
    0x0, 0x1f, 0xf9, 0x0, 0x0, 0x4f, 0xf5, 0x0,
    0x4f, 0xf4, 0x0, 0x5f, 0xf4, 0x0, 0x0, 0xf,
    0xfa, 0x0, 0x4f, 0xf4, 0x0, 0xaf, 0xf0, 0x0,
    0x0, 0x3, 0x43, 0x0, 0x4f, 0xf4, 0x0, 0x34,
    0x30, 0x0, 0x3, 0xff, 0xff, 0xff, 0xff, 0xff,
    0xff, 0xff, 0xff, 0x30, 0x3, 0xff, 0xff, 0xff,
    0xff, 0xff, 0xff, 0xff, 0xff, 0x30, 0x1, 0x99,
    0x99, 0x99, 0xbf, 0xfb, 0x99, 0x99, 0x99, 0x10,
    0x0, 0x0, 0x0, 0x0, 0x4f, 0xf4, 0x0, 0x0,
    0x0, 0x0, 0x0, 0x0, 0x0, 0x0, 0x4f, 0xf4,
    0x0, 0x0, 0x0, 0x0, 0x0, 0x0, 0x0, 0x0,
    0x4f, 0xf4, 0x0, 0x0, 0x0, 0x0, 0x3f, 0xff,
    0xff, 0xff, 0xff, 0xff, 0xff, 0xff, 0xff, 0xf3,
    0x3f, 0xff, 0xff, 0xff, 0xff, 0xff, 0xff, 0xff,
    0xff, 0xf3, 0x18, 0x88, 0x88, 0x88, 0xaf, 0xfa,
    0x88, 0x88, 0x88, 0x81, 0x0, 0x0, 0x0, 0x0,
    0x4f, 0xf4, 0x0, 0x0, 0x0, 0x0, 0x0, 0x0,
    0x0, 0x0, 0x4f, 0xf4, 0x0, 0x0, 0x0, 0x0,
    0x0, 0x0, 0x0, 0x0, 0x4f, 0xf4, 0x0, 0x0,
    0x0, 0x0, 0x0, 0x0, 0x0, 0x0, 0x4f, 0xf4,
    0x0, 0x0, 0x0, 0x0,

    /* U+534F "协" */
    0x0, 0x8f, 0xf1, 0x0, 0xa, 0xfe, 0x0, 0x0,
    0x0, 0x0, 0x0, 0x8f, 0xf1, 0x0, 0xa, 0xfe,
    0x0, 0x0, 0x0, 0x0, 0x0, 0x8f, 0xf1, 0x9,
    0xef, 0xff, 0xee, 0xee, 0x0, 0x0, 0x0, 0x8f,
    0xf1, 0xa, 0xff, 0xff, 0xff, 0xff, 0x0, 0x0,
    0x6c, 0xef, 0xfc, 0xc7, 0xae, 0xff, 0xad, 0xff,
    0x37, 0x50, 0x7f, 0xff, 0xff, 0xf1, 0xa, 0xfd,
    0x8, 0xff, 0x5f, 0xc0, 0x6d, 0xef, 0xfd, 0xef,
    0x4a, 0xfd, 0x8, 0xff, 0x4f, 0xd0, 0x0, 0x8f,
    0xf1, 0xbf, 0x2b, 0xfc, 0x8, 0xff, 0x2f, 0xf0,
    0x0, 0x8f, 0xf1, 0xdf, 0x1c, 0xfc, 0x8, 0xff,
    0x1f, 0xf0, 0x0, 0x8f, 0xf1, 0xef, 0xd, 0xfb,
    0x8, 0xff, 0xf, 0xf1, 0x0, 0x8f, 0xf1, 0xfe,
    0xf, 0xf9, 0x8, 0xff, 0xe, 0xf2, 0x0, 0x8f,
    0xf4, 0xfc, 0x2f, 0xf6, 0x8, 0xff, 0xe, 0xf3,
    0x0, 0x8f, 0xf7, 0xf9, 0x4f, 0xf4, 0x8, 0xff,
    0xd, 0xf3, 0x0, 0x8f, 0xf9, 0xe6, 0x9f, 0xf0,
    0x8, 0xff, 0xd, 0xf4, 0x0, 0x8f, 0xf1, 0x0,
    0xef, 0xc0, 0x8, 0xff, 0xc, 0xf4, 0x0, 0x8f,
    0xf1, 0x5, 0xff, 0x71, 0xad, 0xff, 0x0, 0x0,
    0x0, 0x8f, 0xf1, 0xc, 0xff, 0x12, 0xff, 0xff,
    0x0, 0x0, 0x0, 0x8f, 0xf1, 0x5f, 0xfa, 0x2,
    0xff, 0xff, 0x0, 0x0,

    /* U+5355 "单" */
    0x0, 0x1, 0x5f, 0xf7, 0x11, 0x11, 0x2f, 0xfb,
    0x11, 0x0, 0x0, 0xcf, 0xff, 0xff, 0xff, 0xff,
    0xff, 0xff, 0xff, 0x30, 0x0, 0xcf, 0xff, 0xff,
    0xff, 0xff, 0xff, 0xff, 0xff, 0x30, 0x0, 0xcf,
    0xe6, 0x66, 0x7f, 0xfb, 0x66, 0x6a, 0xff, 0x30,
    0x0, 0xcf, 0xd2, 0x22, 0x3f, 0xf9, 0x22, 0x27,
    0xff, 0x30, 0x0, 0xcf, 0xff, 0xff, 0xff, 0xff,
    0xff, 0xff, 0xff, 0x30, 0x0, 0xcf, 0xff, 0xff,
    0xff, 0xff, 0xff, 0xff, 0xff, 0x30, 0x0, 0xcf,
    0xd3, 0x33, 0x4f, 0xfa, 0x33, 0x38, 0xff, 0x30,
    0x0, 0xcf, 0xd3, 0x33, 0x4f, 0xfa, 0x33, 0x38,
    0xff, 0x30, 0x0, 0xcf, 0xff, 0xff, 0xff, 0xff,
    0xff, 0xff, 0xff, 0x30, 0x0, 0xcf, 0xff, 0xff,
    0xff, 0xff, 0xff, 0xff, 0xff, 0x30, 0x0, 0x23,
    0x33, 0x33, 0x5f, 0xfa, 0x33, 0x33, 0x33, 0x0,
    0x0, 0x0, 0x0, 0x0, 0x1f, 0xf8, 0x0, 0x0,
    0x0, 0x0, 0x2f, 0xff, 0xff, 0xff, 0xff, 0xff,
    0xff, 0xff, 0xff, 0xf9, 0x2f, 0xff, 0xff, 0xff,
    0xff, 0xff, 0xff, 0xff, 0xff, 0xf9, 0x18, 0x88,
    0x88, 0x88, 0x9f, 0xfc, 0x88, 0x88, 0x88, 0x84,
    0x0, 0x0, 0x0, 0x0, 0x1f, 0xf8, 0x0, 0x0,
    0x0, 0x0, 0x0, 0x0, 0x0, 0x0, 0x1f, 0xf8,
    0x0, 0x0, 0x0, 0x0,

    /* U+5373 "即" */
    0x9f, 0xff, 0xff, 0xff, 0xe0, 0xef, 0xff, 0xff,
    0xf8, 0x9f, 0xff, 0xff, 0xff, 0xe0, 0xef, 0xff,
    0xff, 0xf8, 0x9f, 0xf5, 0x55, 0xbf, 0xe0, 0xef,
    0xc9, 0x9f, 0xf8, 0x9f, 0xf0, 0x0, 0x9f, 0xe0,
    0xef, 0x90, 0xe, 0xf8, 0x9f, 0xff, 0xff, 0xff,
    0xe0, 0xef, 0x90, 0xe, 0xf8, 0x9f, 0xff, 0xff,
    0xff, 0xe0, 0xef, 0x90, 0xe, 0xf8, 0x9f, 0xf6,
    0x66, 0xbf, 0xe0, 0xef, 0x90, 0xe, 0xf8, 0x9f,
    0xf0, 0x0, 0x9f, 0xe0, 0xef, 0x90, 0xe, 0xf8,
    0x9f, 0xff, 0xff, 0xff, 0xe0, 0xef, 0x90, 0xe,
    0xf8, 0x9f, 0xff, 0xff, 0xff, 0xe0, 0xef, 0x90,
    0xe, 0xf8, 0x9f, 0xf6, 0x66, 0x66, 0x50, 0xef,
    0x90, 0xe, 0xf8, 0x9f, 0xf0, 0xa, 0xd9, 0x0,
    0xef, 0x90, 0xe, 0xf8, 0x9f, 0xf0, 0x8, 0xff,
    0x0, 0xef, 0x90, 0xe, 0xf8, 0x9f, 0xf0, 0x7,
    0xff, 0x40, 0xef, 0x96, 0x8f, 0xf8, 0x9f, 0xfc,
    0xff, 0xff, 0x90, 0xef, 0x9d, 0xff, 0xf8, 0x9f,
    0xff, 0xff, 0xff, 0xd0, 0xef, 0x9d, 0xff, 0xf8,
    0x9f, 0xff, 0xb6, 0x6f, 0xf2, 0xef, 0x90, 0x0,
    0x0, 0x8a, 0x50, 0x0, 0xf, 0xf6, 0xef, 0x90,
    0x0, 0x0,

    /* U+5386 "历" */
    0x0, 0x8f, 0xff, 0xff, 0xff, 0xff, 0xff, 0xff,
    0xff, 0xf0, 0x8, 0xff, 0xff, 0xff, 0xff, 0xff,
    0xff, 0xff, 0xff, 0x0, 0x8f, 0xf9, 0x99, 0x99,
    0x99, 0x99, 0x99, 0x99, 0x90, 0x8, 0xff, 0x10,
    0x0, 0xbb, 0x60, 0x0, 0x0, 0x0, 0x0, 0x8f,
    0xf1, 0x0, 0xf, 0xf9, 0x0, 0x0, 0x0, 0x0,
    0x8, 0xff, 0x10, 0x0, 0xff, 0x90, 0x0, 0x0,
    0x0, 0x0, 0x8f, 0xf3, 0x99, 0x9f, 0xfd, 0x99,
    0x99, 0x99, 0x60, 0x8, 0xff, 0x4f, 0xff, 0xff,
    0xff, 0xff, 0xff, 0xfa, 0x0, 0x8f, 0xf3, 0xff,
    0xff, 0xff, 0xff, 0xff, 0xff, 0xa0, 0x9, 0xff,
    0x0, 0x0, 0xff, 0x80, 0x0, 0xe, 0xfa, 0x0,
    0x9f, 0xf0, 0x0, 0x1f, 0xf7, 0x0, 0x0, 0xef,
    0xa0, 0xb, 0xfe, 0x0, 0x4, 0xff, 0x50, 0x0,
    0xe, 0xfa, 0x0, 0xdf, 0xc0, 0x0, 0x9f, 0xf2,
    0x0, 0x0, 0xef, 0xa0, 0xf, 0xfa, 0x0, 0x2f,
    0xfc, 0x0, 0x0, 0xe, 0xfa, 0x3, 0xff, 0x70,
    0x3e, 0xff, 0x30, 0x0, 0x0, 0xef, 0xa0, 0x7f,
    0xf4, 0x8f, 0xff, 0x80, 0x0, 0x59, 0x9f, 0xfa,
    0xd, 0xff, 0xa, 0xff, 0x80, 0x0, 0xa, 0xff,
    0xff, 0xa3, 0xff, 0xb0, 0xab, 0x30, 0x0, 0x0,
    0xaf, 0xff, 0xfa, 0x0, 0x0, 0x0, 0x0, 0x0,
    0x0, 0x0, 0x0, 0x0, 0x0,

    /* U+538B "压" */
    0x0, 0xef, 0xff, 0xff, 0xff, 0xff, 0xff, 0xff,
    0xff, 0xe0, 0xe, 0xff, 0xff, 0xff, 0xff, 0xff,
    0xff, 0xff, 0xfe, 0x0, 0xef, 0xd8, 0x88, 0x88,
    0x88, 0x88, 0x88, 0x88, 0x70, 0xe, 0xfa, 0x0,
    0x0, 0x3, 0x55, 0x0, 0x0, 0x0, 0x0, 0xef,
    0xa0, 0x0, 0x0, 0x9f, 0xf0, 0x0, 0x0, 0x0,
    0xe, 0xfa, 0x0, 0x0, 0x9, 0xff, 0x0, 0x0,
    0x0, 0x0, 0xef, 0xa5, 0x77, 0x77, 0xcf, 0xf7,
    0x77, 0x77, 0x20, 0xe, 0xfa, 0xcf, 0xff, 0xff,
    0xff, 0xff, 0xff, 0xf6, 0x0, 0xef, 0xac, 0xff,
    0xff, 0xff, 0xff, 0xff, 0xff, 0x60, 0xf, 0xf9,
    0x0, 0x0, 0x9, 0xff, 0x0, 0x0, 0x0, 0x0,
    0xff, 0x90, 0x0, 0x0, 0x9f, 0xf0, 0x13, 0x30,
    0x0, 0xf, 0xf8, 0x0, 0x0, 0x9, 0xff, 0x5,
    0xff, 0x10, 0x2, 0xff, 0x70, 0x0, 0x0, 0x9f,
    0xf0, 0x2f, 0xf4, 0x0, 0x3f, 0xf5, 0x0, 0x0,
    0x9, 0xff, 0x0, 0xef, 0x70, 0x6, 0xff, 0x30,
    0x0, 0x0, 0x9f, 0xf0, 0x8, 0xb7, 0x0, 0x9f,
    0xf4, 0x88, 0x88, 0x8c, 0xff, 0x88, 0x88, 0x87,
    0xd, 0xfe, 0x4f, 0xff, 0xff, 0xff, 0xff, 0xff,
    0xff, 0xe1, 0xff, 0xa4, 0xff, 0xff, 0xff, 0xff,
    0xff, 0xff, 0xfe,

    /* U+539F "原" */
    0x1, 0xff, 0xff, 0xff, 0xff, 0xff, 0xff, 0xff,
    0xff, 0xf1, 0x1, 0xff, 0xff, 0xff, 0xff, 0xff,
    0xff, 0xff, 0xff, 0xf1, 0x1, 0xff, 0xa6, 0x66,
    0x66, 0x9f, 0xf8, 0x66, 0x66, 0x60, 0x1, 0xff,
    0x70, 0x22, 0x22, 0x6f, 0xf4, 0x22, 0x22, 0x0,
    0x1, 0xff, 0x70, 0xff, 0xff, 0xff, 0xff, 0xff,
    0xfe, 0x0, 0x1, 0xff, 0x70, 0xff, 0xff, 0xff,
    0xff, 0xff, 0xfe, 0x0, 0x1, 0xff, 0x70, 0xff,
    0x90, 0x0, 0x0, 0xa, 0xfe, 0x0, 0x1, 0xff,
    0x70, 0xff, 0xff, 0xff, 0xff, 0xff, 0xfe, 0x0,
    0x1, 0xff, 0x60, 0xff, 0xed, 0xdd, 0xdd, 0xde,
    0xfe, 0x0, 0x1, 0xff, 0x60, 0xff, 0x92, 0x22,
    0x22, 0x2a, 0xfe, 0x0, 0x2, 0xff, 0x60, 0xff,
    0xff, 0xff, 0xff, 0xff, 0xfe, 0x0, 0x3, 0xff,
    0x50, 0xef, 0xff, 0xff, 0xff, 0xff, 0xfe, 0x0,
    0x4, 0xff, 0x30, 0x58, 0x50, 0x2f, 0xf3, 0x4,
    0x86, 0x0, 0x6, 0xff, 0x20, 0xbf, 0x90, 0x2f,
    0xf3, 0x7, 0xfd, 0x0, 0x8, 0xff, 0x0, 0xdf,
    0x80, 0x2f, 0xf3, 0x6, 0xff, 0x0, 0xb, 0xfe,
    0x0, 0xff, 0x60, 0x2f, 0xf3, 0x4, 0xff, 0x10,
    0xf, 0xfa, 0x3, 0xff, 0x30, 0x2f, 0xf3, 0x1,
    0xff, 0x50, 0x3f, 0xf7, 0x6, 0xdc, 0x0, 0x2f,
    0xf3, 0x0, 0xbd, 0x70,

    /* U+53C2 "参" */
    0x0, 0x0, 0x1, 0xbf, 0xfa, 0x0, 0x15, 0x55,
    0x0, 0x0, 0x0, 0x0, 0x2d, 0xff, 0x70, 0x0,
    0xb, 0xff, 0x70, 0x0, 0x0, 0xff, 0xff, 0xff,
    0xff, 0xff, 0xff, 0xff, 0xf2, 0x0, 0x1, 0xff,
    0xff, 0xff, 0xff, 0xff, 0xff, 0xff, 0xfc, 0x0,
    0x0, 0x66, 0x66, 0x66, 0x9f, 0xf9, 0x66, 0x66,
    0x66, 0x10, 0x7, 0x77, 0x77, 0x77, 0x9f, 0xfa,
    0x77, 0x77, 0x77, 0x70, 0xf, 0xff, 0xff, 0xff,
    0xff, 0xff, 0xff, 0xff, 0xff, 0xf0, 0xf, 0xff,
    0xff, 0xff, 0xff, 0xff, 0xff, 0xff, 0xff, 0xf0,
    0x0, 0xb, 0xff, 0x20, 0x13, 0x57, 0xad, 0xff,
    0xc1, 0x0, 0x1, 0xbf, 0xff, 0xef, 0xff, 0xff,
    0xff, 0xcf, 0xfd, 0x30, 0x2f, 0xff, 0xef, 0xff,
    0xff, 0xdb, 0x86, 0x1a, 0xff, 0xf2, 0x3f, 0xf7,
    0x25, 0x42, 0x12, 0x46, 0x9b, 0xdf, 0xff, 0xf3,
    0x29, 0x99, 0xac, 0xdf, 0xff, 0xff, 0xff, 0xff,
    0xf6, 0x92, 0x0, 0xef, 0xff, 0xff, 0xff, 0xfd,
    0xb8, 0x63, 0x10, 0x10, 0x0, 0xaa, 0x97, 0x64,
    0x21, 0x1, 0x35, 0x8a, 0xcf, 0xc0, 0x0, 0x23,
    0x56, 0x89, 0xbd, 0xef, 0xff, 0xff, 0xff, 0xc0,
    0xc, 0xff, 0xff, 0xff, 0xff, 0xff, 0xff, 0xec,
    0x96, 0x30, 0xc, 0xff, 0xff, 0xec, 0xa9, 0x75,
    0x31, 0x0, 0x0, 0x0, 0x3, 0x32, 0x0, 0x0,
    0x0, 0x0, 0x0, 0x0, 0x0, 0x0,

    /* U+53CC "双" */
    0xb, 0xff, 0xff, 0xff, 0xfa, 0xff, 0xff, 0xff,
    0xff, 0xe0, 0xb, 0xff, 0xff, 0xff, 0xf9, 0xff,
    0xff, 0xff, 0xff, 0xc0, 0x7, 0xff, 0xda, 0xbf,
    0xf8, 0xef, 0xfa, 0xac, 0xff, 0x90, 0x0, 0xdf,
    0xb0, 0x5f, 0xf5, 0x8f, 0xf3, 0x8, 0xff, 0x60,
    0x0, 0xbf, 0xc0, 0x7f, 0xf3, 0x6f, 0xf6, 0xa,
    0xff, 0x30, 0x0, 0x9f, 0xe0, 0x9f, 0xf1, 0x2f,
    0xf9, 0xd, 0xff, 0x0, 0x0, 0x6f, 0xf1, 0xcf,
    0xd0, 0xf, 0xfc, 0x1f, 0xfb, 0x0, 0x0, 0x2f,
    0xf6, 0xff, 0xa0, 0xb, 0xff, 0x7f, 0xf7, 0x0,
    0x0, 0xe, 0xfd, 0xff, 0x50, 0x6, 0xff, 0xef,
    0xf2, 0x0, 0x0, 0x8, 0xff, 0xff, 0x10, 0x1,
    0xff, 0xff, 0xc0, 0x0, 0x0, 0x2, 0xff, 0xf9,
    0x0, 0x0, 0xaf, 0xff, 0x50, 0x0, 0x0, 0x0,
    0xef, 0xf6, 0x0, 0x0, 0x5f, 0xfe, 0x0, 0x0,
    0x0, 0x9, 0xff, 0xff, 0x50, 0x2, 0xef, 0xff,
    0x70, 0x0, 0x0, 0x9f, 0xfe, 0xff, 0xf1, 0x3d,
    0xff, 0xff, 0xf7, 0x0, 0xc, 0xff, 0xf2, 0x4f,
    0xf8, 0xff, 0xfb, 0x3f, 0xff, 0xc1, 0x1f, 0xfe,
    0x30, 0x2, 0xcb, 0xff, 0x90, 0x3, 0xef, 0xf5,
    0x1f, 0xc1, 0x0, 0x0, 0x9, 0xe5, 0x0, 0x0,
    0x1b, 0xf5, 0x6, 0x0, 0x0, 0x0, 0x3, 0x0,
    0x0, 0x0, 0x0, 0x43,

    /* U+53CD "反" */
    0x0, 0x0, 0x11, 0x22, 0x23, 0x45, 0x78, 0xab,
    0xce, 0x10, 0xa, 0xff, 0xff, 0xff, 0xff, 0xff,
    0xff, 0xff, 0xf1, 0x0, 0xaf, 0xff, 0xff, 0xff,
    0xff, 0xff, 0xfe, 0xcb, 0x10, 0xa, 0xff, 0x87,
    0x76, 0x54, 0x42, 0x10, 0x0, 0x0, 0x0, 0xaf,
    0xe0, 0x0, 0x0, 0x0, 0x0, 0x0, 0x0, 0x0,
    0xa, 0xfe, 0x0, 0x0, 0x0, 0x0, 0x0, 0x0,
    0x0, 0x0, 0xaf, 0xe0, 0x0, 0x0, 0x0, 0x0,
    0x0, 0x0, 0x0, 0xa, 0xff, 0xff, 0xff, 0xff,
    0xff, 0xff, 0xff, 0xe0, 0x0, 0xaf, 0xff, 0xff,
    0xff, 0xff, 0xff, 0xff, 0xfa, 0x0, 0xa, 0xff,
    0x77, 0xff, 0xe7, 0x77, 0x7a, 0xff, 0x60, 0x0,
    0xbf, 0xe0, 0xa, 0xff, 0x30, 0x0, 0xdf, 0xf0,
    0x0, 0xb, 0xfd, 0x0, 0x3f, 0xfc, 0x0, 0x6f,
    0xf8, 0x0, 0x0, 0xcf, 0xd0, 0x0, 0xaf, 0xf9,
    0x4f, 0xfe, 0x0, 0x0, 0xe, 0xfb, 0x0, 0x0,
    0xdf, 0xff, 0xff, 0x40, 0x0, 0x0, 0xff, 0xa0,
    0x0, 0x3, 0xff, 0xff, 0x80, 0x0, 0x0, 0x3f,
    0xf7, 0x0, 0x17, 0xef, 0xff, 0xff, 0xa3, 0x0,
    0x6, 0xff, 0x42, 0xbf, 0xff, 0xfd, 0xaf, 0xff,
    0xfd, 0x60, 0xbf, 0xf1, 0x5f, 0xff, 0xe7, 0x0,
    0x3c, 0xff, 0xfb, 0xf, 0xfc, 0x5, 0xfb, 0x50,
    0x0, 0x0, 0x3, 0x9e, 0xb0, 0x0, 0x0, 0x10,
    0x0, 0x0, 0x0, 0x0, 0x0, 0x1,

    /* U+53D1 "发" */
    0x0, 0x0, 0x0, 0x0, 0x0, 0x0, 0x3, 0x32,
    0x0, 0x0, 0x2, 0xff, 0x80, 0x8f, 0xf4, 0x0,
    0xaf, 0xe0, 0x0, 0x0, 0x6f, 0xf3, 0xe, 0xfe,
    0x0, 0x6, 0xff, 0x30, 0x0, 0xb, 0xfe, 0x3,
    0xff, 0x80, 0x0, 0x19, 0x94, 0x0, 0x0, 0xff,
    0xff, 0xff, 0xff, 0xff, 0xff, 0xff, 0xff, 0xf0,
    0x5f, 0xff, 0xff, 0xff, 0xff, 0xff, 0xff, 0xff,
    0xff, 0x4, 0x88, 0x8b, 0xff, 0xc8, 0x88, 0x88,
    0x88, 0x88, 0x80, 0x0, 0x0, 0x9f, 0xf3, 0x0,
    0x0, 0x0, 0x0, 0x0, 0x0, 0x0, 0xf, 0xff,
    0x77, 0x77, 0x77, 0x77, 0x75, 0x0, 0x0, 0x5,
    0xff, 0xff, 0xff, 0xff, 0xff, 0xff, 0xa0, 0x0,
    0x0, 0xbf, 0xff, 0xff, 0xff, 0xff, 0xff, 0xf5,
    0x0, 0x0, 0x1f, 0xfc, 0x8f, 0xf4, 0x0, 0xd,
    0xfe, 0x0, 0x0, 0x7, 0xff, 0x61, 0xff, 0xe1,
    0x9, 0xff, 0x60, 0x0, 0x0, 0xef, 0xf0, 0x5,
    0xff, 0xd9, 0xff, 0xb0, 0x0, 0x0, 0x5f, 0xf9,
    0x0, 0x8, 0xff, 0xff, 0xd1, 0x0, 0x0, 0xd,
    0xff, 0x30, 0x3, 0x9f, 0xff, 0xfd, 0x50, 0x0,
    0x4, 0xff, 0xc2, 0x8d, 0xff, 0xff, 0xef, 0xff,
    0xea, 0x50, 0xbf, 0xf5, 0x7f, 0xff, 0xf9, 0x20,
    0x6d, 0xff, 0xfe, 0x2f, 0xfd, 0x7, 0xfb, 0x61,
    0x0, 0x0, 0x4, 0x9e, 0xe0, 0x0, 0x0, 0x10,
    0x0, 0x0, 0x0, 0x0, 0x0, 0x1,

    /* U+53D8 "变" */
    0xb, 0xff, 0xff, 0xff, 0xff, 0xff, 0xff, 0xff,
    0xff, 0xc0, 0xb, 0xff, 0xff, 0xff, 0xff, 0xff,
    0xff, 0xff, 0xff, 0xc0, 0xb, 0xff, 0xff, 0xff,
    0xff, 0xff, 0xff, 0xff, 0xff, 0xc0, 0x6, 0x99,
    0x99, 0xcf, 0xf9, 0x9d, 0xfd, 0x99, 0x99, 0x60,
    0x0, 0x0, 0x56, 0x8f, 0xf2, 0xa, 0xfa, 0x65,
    0x0, 0x0, 0x9, 0xcf, 0xfb, 0x8f, 0xf2, 0xa,
    0xfa, 0xaf, 0xfc, 0xa0, 0x1f, 0xff, 0xf8, 0x8f,
    0xf2, 0xa, 0xfa, 0x8f, 0xff, 0xf1, 0xa, 0x75,
    0x0, 0x8f, 0xf2, 0xa, 0xfa, 0x0, 0x47, 0xa1,
    0x0, 0x0, 0x0, 0x37, 0x70, 0x5, 0x74, 0x0,
    0x0, 0x0, 0x0, 0x3f, 0xff, 0xff, 0xff, 0xff,
    0xff, 0xff, 0xf3, 0x0, 0x0, 0x9, 0xff, 0xff,
    0xff, 0xff, 0xff, 0xff, 0xa0, 0x0, 0x0, 0x0,
    0xdf, 0xfc, 0x55, 0x55, 0x9f, 0xfe, 0x10, 0x0,
    0x0, 0x0, 0x2e, 0xff, 0xa1, 0x6, 0xff, 0xf3,
    0x0, 0x0, 0x0, 0x0, 0x2, 0xdf, 0xfe, 0xcf,
    0xfe, 0x40, 0x0, 0x0, 0x0, 0x0, 0x2, 0x6f,
    0xff, 0xff, 0xf8, 0x20, 0x0, 0x0, 0x6, 0x9c,
    0xef, 0xff, 0xff, 0xff, 0xff, 0xff, 0xca, 0x70,
    0xe, 0xff, 0xff, 0xfe, 0xa4, 0x27, 0xdf, 0xff,
    0xff, 0xe0, 0xd, 0xec, 0x96, 0x30, 0x0, 0x0,
    0x1, 0x59, 0xce, 0xe0, 0x0, 0x0, 0x0, 0x0,
    0x0, 0x0, 0x0, 0x0, 0x0, 0x0,

    /* U+53E0 "叠" */
    0x0, 0x8, 0xff, 0xff, 0xff, 0xff, 0xff, 0xff,
    0x90, 0x0, 0x0, 0x0, 0x6f, 0xff, 0xe8, 0x8d,
    0xff, 0xf7, 0x0, 0x0, 0x0, 0x69, 0xac, 0xff,
    0xff, 0xff, 0xff, 0xda, 0x97, 0x0, 0x0, 0xbf,
    0xed, 0xca, 0x86, 0x68, 0xac, 0xde, 0xfd, 0x0,
    0x9, 0xff, 0xff, 0xff, 0xfb, 0x9f, 0xff, 0xff,
    0xff, 0xa0, 0x2, 0xef, 0xc5, 0xbf, 0xf3, 0x1e,
    0xfd, 0x5c, 0xff, 0x20, 0x0, 0x4f, 0xff, 0xff,
    0x60, 0x4, 0xff, 0xff, 0xf5, 0x0, 0xd, 0xff,
    0xfe, 0xff, 0xff, 0xcf, 0xff, 0xef, 0xff, 0xe0,
    0xe, 0xec, 0x97, 0x8c, 0xef, 0xee, 0xc9, 0x78,
    0xce, 0xf1, 0x1f, 0xff, 0xff, 0xff, 0xff, 0xff,
    0xff, 0xff, 0xff, 0xf2, 0x1f, 0xfc, 0x88, 0x88,
    0x88, 0x88, 0x88, 0x88, 0xbf, 0xf2, 0x1f, 0xff,
    0xff, 0xff, 0xff, 0xff, 0xff, 0xff, 0xff, 0xf2,
    0x0, 0xf, 0xfd, 0x88, 0x88, 0x88, 0x88, 0xcf,
    0xf1, 0x0, 0x0, 0xf, 0xff, 0xff, 0xff, 0xff,
    0xff, 0xff, 0xf1, 0x0, 0x0, 0xf, 0xfd, 0x88,
    0x88, 0x88, 0x88, 0xcf, 0xf1, 0x0, 0x1, 0x1f,
    0xff, 0xff, 0xff, 0xff, 0xff, 0xff, 0xf2, 0x10,
    0x3f, 0xff, 0xfe, 0xcc, 0xcc, 0xcc, 0xcc, 0xef,
    0xff, 0xf4, 0x3f, 0xff, 0xff, 0xff, 0xff, 0xff,
    0xff, 0xff, 0xff, 0xf4,

    /* U+53E3 "口" */
    0x0, 0x0, 0x0, 0x0, 0x0, 0x0, 0x0, 0x0,
    0x0, 0xf, 0xff, 0xff, 0xff, 0xff, 0xff, 0xff,
    0xff, 0xf0, 0xf, 0xff, 0xff, 0xff, 0xff, 0xff,
    0xff, 0xff, 0xf0, 0xf, 0xfe, 0xaa, 0xaa, 0xaa,
    0xaa, 0xaa, 0xef, 0xf0, 0xf, 0xfb, 0x0, 0x0,
    0x0, 0x0, 0x0, 0xbf, 0xf0, 0xf, 0xfb, 0x0,
    0x0, 0x0, 0x0, 0x0, 0xbf, 0xf0, 0xf, 0xfb,
    0x0, 0x0, 0x0, 0x0, 0x0, 0xbf, 0xf0, 0xf,
    0xfb, 0x0, 0x0, 0x0, 0x0, 0x0, 0xbf, 0xf0,
    0xf, 0xfb, 0x0, 0x0, 0x0, 0x0, 0x0, 0xbf,
    0xf0, 0xf, 0xfb, 0x0, 0x0, 0x0, 0x0, 0x0,
    0xbf, 0xf0, 0xf, 0xfb, 0x0, 0x0, 0x0, 0x0,
    0x0, 0xbf, 0xf0, 0xf, 0xfb, 0x0, 0x0, 0x0,
    0x0, 0x0, 0xbf, 0xf0, 0xf, 0xfb, 0x0, 0x0,
    0x0, 0x0, 0x0, 0xbf, 0xf0, 0xf, 0xfb, 0x0,
    0x0, 0x0, 0x0, 0x0, 0xbf, 0xf0, 0xf, 0xfe,
    0xbb, 0xbb, 0xbb, 0xbb, 0xbb, 0xef, 0xf0, 0xf,
    0xff, 0xff, 0xff, 0xff, 0xff, 0xff, 0xff, 0xf0,
    0xf, 0xff, 0xff, 0xff, 0xff, 0xff, 0xff, 0xff,
    0xf0, 0x0, 0x0, 0x0, 0x0, 0x0, 0x0, 0x0,
    0x0, 0x0,

    /* U+53EA "只" */
    0x0, 0x0, 0x0, 0x0, 0x0, 0x0, 0x0, 0x0,
    0x0, 0x0, 0xff, 0xff, 0xff, 0xff, 0xff, 0xff,
    0xff, 0x0, 0x0, 0xff, 0xff, 0xff, 0xff, 0xff,
    0xff, 0xff, 0x0, 0x0, 0xff, 0xc7, 0x77, 0x77,
    0x77, 0x7c, 0xff, 0x0, 0x0, 0xff, 0x80, 0x0,
    0x0, 0x0, 0x8, 0xff, 0x0, 0x0, 0xff, 0x80,
    0x0, 0x0, 0x0, 0x8, 0xff, 0x0, 0x0, 0xff,
    0x80, 0x0, 0x0, 0x0, 0x8, 0xff, 0x0, 0x0,
    0xff, 0x80, 0x0, 0x0, 0x0, 0x8, 0xff, 0x0,
    0x0, 0xff, 0x80, 0x0, 0x0, 0x0, 0x8, 0xff,
    0x0, 0x0, 0xff, 0xd9, 0x99, 0x99, 0x99, 0x9d,
    0xff, 0x0, 0x0, 0xff, 0xff, 0xff, 0xff, 0xff,
    0xff, 0xff, 0x0, 0x0, 0xff, 0xff, 0xff, 0xff,
    0xff, 0xff, 0xff, 0x0, 0x0, 0x0, 0x0, 0x1,
    0x0, 0x10, 0x0, 0x0, 0x0, 0x0, 0x0, 0x6,
    0xcc, 0x0, 0x5e, 0x81, 0x0, 0x0, 0x0, 0x5a,
    0xff, 0xfc, 0x0, 0x5f, 0xff, 0xb5, 0x0, 0xaf,
    0xff, 0xff, 0xe7, 0x0, 0x2c, 0xff, 0xff, 0xfa,
    0xff, 0xff, 0xb5, 0x0, 0x0, 0x0, 0x3a, 0xff,
    0xff, 0xfb, 0x61, 0x0, 0x0, 0x0, 0x0, 0x0,
    0x5, 0xaf, 0x0, 0x0, 0x0, 0x0, 0x0, 0x0,
    0x0, 0x0, 0x0,

    /* U+53EF "可" */
    0x2f, 0xff, 0xff, 0xff, 0xff, 0xff, 0xff, 0xff,
    0xff, 0xf2, 0x2f, 0xff, 0xff, 0xff, 0xff, 0xff,
    0xff, 0xff, 0xff, 0xf2, 0x19, 0x99, 0x99, 0x99,
    0x99, 0x99, 0x99, 0xaf, 0xfc, 0x91, 0x0, 0x0,
    0x0, 0x0, 0x0, 0x0, 0x0, 0x2f, 0xf7, 0x0,
    0x0, 0x0, 0x0, 0x0, 0x0, 0x0, 0x0, 0x2f,
    0xf7, 0x0, 0x0, 0x5f, 0xff, 0xff, 0xff, 0xff,
    0x50, 0x2f, 0xf7, 0x0, 0x0, 0x5f, 0xff, 0xff,
    0xff, 0xff, 0x50, 0x2f, 0xf7, 0x0, 0x0, 0x5f,
    0xfa, 0x88, 0x8a, 0xff, 0x50, 0x2f, 0xf7, 0x0,
    0x0, 0x5f, 0xf3, 0x0, 0x3, 0xff, 0x50, 0x2f,
    0xf7, 0x0, 0x0, 0x5f, 0xf3, 0x0, 0x3, 0xff,
    0x50, 0x2f, 0xf7, 0x0, 0x0, 0x5f, 0xf3, 0x0,
    0x3, 0xff, 0x50, 0x2f, 0xf7, 0x0, 0x0, 0x5f,
    0xf4, 0x0, 0x4, 0xff, 0x50, 0x2f, 0xf7, 0x0,
    0x0, 0x5f, 0xff, 0xff, 0xff, 0xff, 0x50, 0x2f,
    0xf7, 0x0, 0x0, 0x5f, 0xff, 0xff, 0xff, 0xff,
    0x50, 0x2f, 0xf7, 0x0, 0x0, 0x28, 0x88, 0x88,
    0x88, 0x88, 0x20, 0x2f, 0xf7, 0x0, 0x0, 0x0,
    0x0, 0x0, 0x0, 0x0, 0x99, 0xaf, 0xf7, 0x0,
    0x0, 0x0, 0x0, 0x0, 0x0, 0x1, 0xff, 0xff,
    0xf7, 0x0, 0x0, 0x0, 0x0, 0x0, 0x0, 0x1,
    0xff, 0xff, 0xf7, 0x0,

    /* U+53F0 "台" */
    0x0, 0x0, 0x6, 0xff, 0xe1, 0x0, 0x0, 0x0,
    0x0, 0x0, 0x0, 0x2f, 0xff, 0x50, 0x0, 0x0,
    0x0, 0x0, 0x0, 0x0, 0xcf, 0xfa, 0x0, 0x0,
    0x78, 0x81, 0x0, 0x0, 0x8, 0xff, 0xd0, 0x0,
    0x0, 0xbf, 0xf8, 0x0, 0x0, 0x3f, 0xff, 0x30,
    0x0, 0x0, 0x3f, 0xff, 0x10, 0x5f, 0xff, 0xff,
    0xff, 0xff, 0xff, 0xff, 0xff, 0x80, 0x5f, 0xff,
    0xff, 0xff, 0xff, 0xff, 0xff, 0xff, 0xf1, 0x39,
    0x99, 0x99, 0x99, 0x99, 0x99, 0x99, 0x99, 0x94,
    0x0, 0x0, 0x0, 0x0, 0x0, 0x0, 0x0, 0x0,
    0x0, 0x8, 0xff, 0xff, 0xff, 0xff, 0xff, 0xff,
    0xff, 0x80, 0x8, 0xff, 0xff, 0xff, 0xff, 0xff,
    0xff, 0xff, 0x80, 0x8, 0xff, 0x99, 0x99, 0x99,
    0x99, 0x99, 0xff, 0x80, 0x8, 0xff, 0x10, 0x0,
    0x0, 0x0, 0x1, 0xff, 0x80, 0x8, 0xff, 0x10,
    0x0, 0x0, 0x0, 0x1, 0xff, 0x80, 0x8, 0xff,
    0x10, 0x0, 0x0, 0x0, 0x1, 0xff, 0x80, 0x8,
    0xff, 0x88, 0x88, 0x88, 0x88, 0x88, 0xff, 0x80,
    0x8, 0xff, 0xff, 0xff, 0xff, 0xff, 0xff, 0xff,
    0x80, 0x8, 0xff, 0xff, 0xff, 0xff, 0xff, 0xff,
    0xff, 0x80,

    /* U+53F3 "右" */
    0x0, 0x0, 0x0, 0x1f, 0xf7, 0x0, 0x0, 0x0,
    0x0, 0x0, 0x88, 0x88, 0x8a, 0xff, 0xa8, 0x88,
    0x88, 0x88, 0x88, 0xf, 0xff, 0xff, 0xff, 0xff,
    0xff, 0xff, 0xff, 0xff, 0xf0, 0xff, 0xff, 0xff,
    0xff, 0xff, 0xff, 0xff, 0xff, 0xff, 0x0, 0x0,
    0x4, 0xff, 0x80, 0x0, 0x0, 0x0, 0x0, 0x0,
    0x0, 0x0, 0xaf, 0xf1, 0x0, 0x0, 0x0, 0x0,
    0x0, 0x0, 0x0, 0x3f, 0xfb, 0x0, 0x0, 0x0,
    0x0, 0x0, 0x0, 0x0, 0xc, 0xff, 0xff, 0xff,
    0xff, 0xff, 0xff, 0xd0, 0x0, 0x8, 0xff, 0xff,
    0xff, 0xff, 0xff, 0xff, 0xfe, 0x0, 0x6, 0xff,
    0xff, 0xda, 0xaa, 0xaa, 0xaa, 0xef, 0xe0, 0x7,
    0xff, 0xff, 0xf8, 0x0, 0x0, 0x0, 0xb, 0xfe,
    0x3, 0xff, 0xf7, 0xff, 0x80, 0x0, 0x0, 0x0,
    0xbf, 0xe0, 0x3f, 0xf6, 0x1f, 0xf8, 0x0, 0x0,
    0x0, 0xb, 0xfe, 0x3, 0xe4, 0x1, 0xff, 0x80,
    0x0, 0x0, 0x0, 0xbf, 0xe0, 0x11, 0x0, 0x1f,
    0xf8, 0x0, 0x0, 0x0, 0xb, 0xfe, 0x0, 0x0,
    0x1, 0xff, 0xc9, 0x99, 0x99, 0x99, 0xef, 0xe0,
    0x0, 0x0, 0x1f, 0xff, 0xff, 0xff, 0xff, 0xff,
    0xfe, 0x0, 0x0, 0x1, 0xff, 0xff, 0xff, 0xff,
    0xff, 0xff, 0xe0,

    /* U+53F7 "号" */
    0x0, 0x2f, 0xff, 0xff, 0xff, 0xff, 0xff, 0xff,
    0xf2, 0x0, 0x0, 0x2f, 0xff, 0xff, 0xff, 0xff,
    0xff, 0xff, 0xf2, 0x0, 0x0, 0x2f, 0xf9, 0x33,
    0x33, 0x33, 0x33, 0x9f, 0xf2, 0x0, 0x0, 0x2f,
    0xf8, 0x0, 0x0, 0x0, 0x0, 0x8f, 0xf2, 0x0,
    0x0, 0x2f, 0xff, 0xff, 0xff, 0xff, 0xff, 0xff,
    0xf2, 0x0, 0x0, 0x2f, 0xff, 0xff, 0xff, 0xff,
    0xff, 0xff, 0xf2, 0x0, 0x0, 0x3, 0x33, 0x33,
    0x33, 0x33, 0x33, 0x33, 0x30, 0x0, 0x17, 0x77,
    0x77, 0x77, 0x77, 0x77, 0x77, 0x77, 0x77, 0x71,
    0x3f, 0xff, 0xff, 0xff, 0xff, 0xff, 0xff, 0xff,
    0xff, 0xf3, 0x3f, 0xff, 0xff, 0xff, 0xff, 0xff,
    0xff, 0xff, 0xff, 0xf3, 0x0, 0x0, 0xcf, 0xe0,
    0x0, 0x0, 0x0, 0x0, 0x0, 0x0, 0x0, 0x0,
    0xff, 0xff, 0xff, 0xff, 0xff, 0xff, 0xb0, 0x0,
    0x0, 0x4, 0xff, 0xff, 0xff, 0xff, 0xff, 0xff,
    0xb0, 0x0, 0x0, 0x3, 0x77, 0x77, 0x77, 0x77,
    0x77, 0xff, 0xa0, 0x0, 0x0, 0x0, 0x0, 0x0,
    0x0, 0x0, 0x2, 0xff, 0x90, 0x0, 0x0, 0x0,
    0x0, 0x0, 0x0, 0x89, 0x9a, 0xff, 0x80, 0x0,
    0x0, 0x0, 0x0, 0x0, 0x0, 0xef, 0xff, 0xff,
    0x80, 0x0, 0x0, 0x0, 0x0, 0x0, 0x0, 0xef,
    0xff, 0xff, 0x70, 0x0,

    /* U+5403 "吃" */
    0xef, 0xff, 0xff, 0xe0, 0x5f, 0xf3, 0x0, 0x0,
    0x0, 0xe, 0xff, 0xff, 0xfe, 0x8, 0xff, 0x98,
    0x88, 0x88, 0x82, 0xef, 0xca, 0xcf, 0xe0, 0xcf,
    0xff, 0xff, 0xff, 0xff, 0x5e, 0xf5, 0x6, 0xfe,
    0xf, 0xff, 0xff, 0xff, 0xff, 0xf5, 0xef, 0x50,
    0x6f, 0xe5, 0xff, 0x50, 0x0, 0x0, 0x0, 0xe,
    0xf5, 0x6, 0xfe, 0xaf, 0xf0, 0x0, 0x0, 0x0,
    0x0, 0xef, 0x50, 0x6f, 0xe1, 0xaa, 0x88, 0x88,
    0x88, 0x87, 0xe, 0xf5, 0x6, 0xfe, 0xf, 0xff,
    0xff, 0xff, 0xff, 0x60, 0xef, 0x50, 0x6f, 0xe0,
    0xff, 0xff, 0xff, 0xff, 0xa0, 0xe, 0xf5, 0x6,
    0xfe, 0x0, 0x0, 0x5, 0xff, 0xe1, 0x0, 0xef,
    0x50, 0x6f, 0xe0, 0x0, 0x1, 0xef, 0xf3, 0x0,
    0xe, 0xf5, 0x6, 0xfe, 0x0, 0x0, 0xbf, 0xf7,
    0x0, 0x0, 0xef, 0x50, 0x6f, 0xe0, 0x0, 0x7f,
    0xfb, 0x0, 0x0, 0xe, 0xf6, 0x6, 0xfe, 0x0,
    0x3f, 0xfe, 0x10, 0x0, 0x0, 0xef, 0xff, 0xff,
    0xe0, 0xd, 0xff, 0x40, 0x0, 0x0, 0xe, 0xff,
    0xff, 0xfe, 0xa, 0xff, 0xe9, 0x99, 0x99, 0x93,
    0x89, 0x99, 0x99, 0x85, 0xff, 0xff, 0xff, 0xff,
    0xff, 0x50, 0x0, 0x0, 0x2, 0xff, 0xff, 0xff,
    0xff, 0xff, 0xf5,

    /* U+5404 "各" */
    0x0, 0x6, 0xff, 0xff, 0xff, 0xff, 0xff, 0xfe,
    0x0, 0x0, 0x6f, 0xff, 0xff, 0xff, 0xff, 0xff,
    0xf7, 0x0, 0x1c, 0xff, 0xff, 0xd7, 0x77, 0x7d,
    0xff, 0xd0, 0x0, 0x3f, 0xff, 0xff, 0xf7, 0x0,
    0x7f, 0xff, 0x30, 0x0, 0x3d, 0x81, 0x4f, 0xff,
    0xaa, 0xff, 0xf4, 0x0, 0x0, 0x0, 0x0, 0x4,
    0xff, 0xff, 0xff, 0x40, 0x0, 0x0, 0x0, 0x0,
    0x49, 0xff, 0xff, 0xff, 0x94, 0x0, 0x0, 0x48,
    0xbf, 0xff, 0xff, 0xee, 0xff, 0xff, 0xfb, 0x84,
    0xff, 0xff, 0xff, 0xb5, 0x0, 0x5b, 0xff, 0xff,
    0xff, 0xff, 0xda, 0x51, 0x0, 0x0, 0x0, 0x15,
    0x9d, 0xff, 0x36, 0xff, 0xff, 0xff, 0xff, 0xff,
    0xff, 0xff, 0x63, 0x5, 0xff, 0xff, 0xff, 0xff,
    0xff, 0xff, 0xff, 0x50, 0x5, 0xff, 0xa9, 0x99,
    0x99, 0x99, 0x9a, 0xff, 0x50, 0x5, 0xff, 0x40,
    0x0, 0x0, 0x0, 0x4, 0xff, 0x50, 0x5, 0xff,
    0x40, 0x0, 0x0, 0x0, 0x4, 0xff, 0x50, 0x5,
    0xff, 0xa8, 0x88, 0x88, 0x88, 0x8a, 0xff, 0x50,
    0x5, 0xff, 0xff, 0xff, 0xff, 0xff, 0xff, 0xff,
    0x50, 0x5, 0xff, 0xff, 0xff, 0xff, 0xff, 0xff,
    0xff, 0x50,

    /* U+5408 "合" */
    0x0, 0x0, 0x0, 0x7f, 0xff, 0xff, 0xf7, 0x0,
    0x0, 0x0, 0x0, 0x0, 0x1, 0xef, 0xff, 0xff,
    0xfe, 0x10, 0x0, 0x0, 0x0, 0x0, 0xb, 0xff,
    0xa8, 0x8a, 0xff, 0xb0, 0x0, 0x0, 0x0, 0x0,
    0x9f, 0xfc, 0x0, 0x0, 0xcf, 0xf9, 0x0, 0x0,
    0x0, 0x1b, 0xff, 0xe2, 0x0, 0x0, 0x2e, 0xff,
    0xb1, 0x0, 0x9, 0xff, 0xff, 0xff, 0xff, 0xff,
    0xff, 0xff, 0xff, 0x90, 0x3f, 0xff, 0xbc, 0xff,
    0xff, 0xff, 0xff, 0xcb, 0xff, 0xf3, 0x3f, 0xd5,
    0x5, 0x77, 0x77, 0x77, 0x77, 0x50, 0x5d, 0xf3,
    0x13, 0x0, 0x0, 0x0, 0x0, 0x0, 0x0, 0x0,
    0x0, 0x31, 0x0, 0x48, 0x88, 0x88, 0x88, 0x88,
    0x88, 0x88, 0x84, 0x0, 0x0, 0x8f, 0xff, 0xff,
    0xff, 0xff, 0xff, 0xff, 0xf8, 0x0, 0x0, 0x8f,
    0xff, 0xff, 0xff, 0xff, 0xff, 0xff, 0xf8, 0x0,
    0x0, 0x8f, 0xf1, 0x0, 0x0, 0x0, 0x0, 0x1f,
    0xf8, 0x0, 0x0, 0x8f, 0xf1, 0x0, 0x0, 0x0,
    0x0, 0x1f, 0xf8, 0x0, 0x0, 0x8f, 0xf1, 0x0,
    0x0, 0x0, 0x0, 0x1f, 0xf8, 0x0, 0x0, 0x8f,
    0xf9, 0x88, 0x88, 0x88, 0x88, 0x9f, 0xf8, 0x0,
    0x0, 0x8f, 0xff, 0xff, 0xff, 0xff, 0xff, 0xff,
    0xf8, 0x0, 0x0, 0x8f, 0xff, 0xff, 0xff, 0xff,
    0xff, 0xff, 0xf8, 0x0,

    /* U+540C "同" */
    0xaf, 0xff, 0xff, 0xff, 0xff, 0xff, 0xff, 0xff,
    0xfa, 0xaf, 0xff, 0xff, 0xff, 0xff, 0xff, 0xff,
    0xff, 0xfa, 0xaf, 0xf9, 0x99, 0x99, 0x99, 0x99,
    0x99, 0x9f, 0xfa, 0xaf, 0xf0, 0x0, 0x0, 0x0,
    0x0, 0x0, 0xf, 0xfa, 0xaf, 0xf0, 0x88, 0x88,
    0x88, 0x88, 0x88, 0xf, 0xfa, 0xaf, 0xf0, 0xff,
    0xff, 0xff, 0xff, 0xff, 0xf, 0xfa, 0xaf, 0xf0,
    0xff, 0xff, 0xff, 0xff, 0xff, 0xf, 0xfa, 0xaf,
    0xf0, 0x0, 0x0, 0x0, 0x0, 0x0, 0xf, 0xfa,
    0xaf, 0xf0, 0x7f, 0xff, 0xff, 0xff, 0xf7, 0xf,
    0xfa, 0xaf, 0xf0, 0x7f, 0xff, 0xff, 0xff, 0xf7,
    0xf, 0xfa, 0xaf, 0xf0, 0x7f, 0xf9, 0x99, 0x9f,
    0xf7, 0xf, 0xfa, 0xaf, 0xf0, 0x7f, 0xf0, 0x0,
    0xf, 0xf7, 0xf, 0xfa, 0xaf, 0xf0, 0x7f, 0xf0,
    0x0, 0xf, 0xf7, 0xf, 0xfa, 0xaf, 0xf0, 0x7f,
    0xf8, 0x77, 0x8f, 0xf7, 0xf, 0xfa, 0xaf, 0xf0,
    0x7f, 0xff, 0xff, 0xff, 0xf7, 0xf, 0xfa, 0xaf,
    0xf0, 0x7f, 0xff, 0xff, 0xff, 0xf7, 0xf, 0xfa,
    0xaf, 0xf0, 0x0, 0x0, 0x0, 0x0, 0x0, 0xf,
    0xfa, 0xaf, 0xf0, 0x0, 0x0, 0x0, 0x0, 0x0,
    0xf, 0xfa,

    /* U+540D "名" */
    0x0, 0x0, 0x0, 0xef, 0xff, 0xff, 0xff, 0xff,
    0xff, 0x40, 0x0, 0x0, 0xaf, 0xff, 0xff, 0xff,
    0xff, 0xff, 0xe0, 0x0, 0x0, 0x9f, 0xfe, 0x88,
    0x88, 0x88, 0xbf, 0xf9, 0x0, 0x2, 0xcf, 0xff,
    0x62, 0x10, 0x0, 0x1e, 0xff, 0x10, 0x9, 0xff,
    0xff, 0x5e, 0xfd, 0x0, 0xc, 0xff, 0x70, 0x0,
    0xdf, 0xfb, 0x20, 0x7f, 0xf6, 0x2c, 0xff, 0xc0,
    0x0, 0xc, 0xa3, 0x0, 0x0, 0xef, 0xef, 0xff,
    0xc1, 0x0, 0x0, 0x0, 0x0, 0x0, 0x3b, 0xff,
    0xff, 0xa0, 0x0, 0x0, 0x0, 0x3, 0x6a, 0xef,
    0xff, 0xfd, 0x50, 0x0, 0x0, 0x0, 0xef, 0xff,
    0xff, 0xff, 0xff, 0xff, 0xff, 0xff, 0xf8, 0xf,
    0xff, 0xff, 0xff, 0xff, 0xff, 0xff, 0xff, 0xff,
    0x80, 0x86, 0xaf, 0xfa, 0x99, 0x99, 0x99, 0x99,
    0xaf, 0xf8, 0x0, 0x8, 0xff, 0x10, 0x0, 0x0,
    0x0, 0x1, 0xff, 0x80, 0x0, 0x8f, 0xf1, 0x0,
    0x0, 0x0, 0x0, 0x1f, 0xf8, 0x0, 0x8, 0xff,
    0x10, 0x0, 0x0, 0x0, 0x1, 0xff, 0x80, 0x0,
    0x8f, 0xf9, 0x99, 0x99, 0x99, 0x99, 0x9f, 0xf8,
    0x0, 0x8, 0xff, 0xff, 0xff, 0xff, 0xff, 0xff,
    0xff, 0x80, 0x0, 0x8f, 0xff, 0xff, 0xff, 0xff,
    0xff, 0xff, 0xf8,

    /* U+540E "后" */
    0x0, 0x0, 0x1, 0x12, 0x23, 0x35, 0x67, 0x89,
    0xaa, 0x0, 0xe, 0xff, 0xff, 0xff, 0xff, 0xff,
    0xff, 0xff, 0xd0, 0x0, 0xef, 0xff, 0xff, 0xff,
    0xff, 0xff, 0xfe, 0xda, 0x0, 0xe, 0xfd, 0x76,
    0x65, 0x54, 0x32, 0x10, 0x0, 0x0, 0x0, 0xef,
    0xa0, 0x0, 0x0, 0x0, 0x0, 0x0, 0x0, 0x0,
    0xe, 0xfc, 0x77, 0x77, 0x77, 0x77, 0x77, 0x77,
    0x77, 0x0, 0xef, 0xff, 0xff, 0xff, 0xff, 0xff,
    0xff, 0xff, 0xf0, 0xe, 0xff, 0xff, 0xff, 0xff,
    0xff, 0xff, 0xff, 0xff, 0x0, 0xef, 0xa0, 0x0,
    0x0, 0x0, 0x0, 0x0, 0x0, 0x0, 0xe, 0xfa,
    0x0, 0x0, 0x0, 0x0, 0x0, 0x0, 0x0, 0x0,
    0xff, 0xa7, 0xff, 0xff, 0xff, 0xff, 0xff, 0xff,
    0x0, 0xf, 0xf9, 0x7f, 0xff, 0xff, 0xff, 0xff,
    0xff, 0xf0, 0x0, 0xff, 0x97, 0xff, 0x99, 0x99,
    0x99, 0x9c, 0xff, 0x0, 0x2f, 0xf7, 0x7f, 0xf1,
    0x0, 0x0, 0x0, 0x8f, 0xf0, 0x3, 0xff, 0x67,
    0xff, 0x10, 0x0, 0x0, 0x8, 0xff, 0x0, 0x6f,
    0xf3, 0x7f, 0xf1, 0x0, 0x0, 0x0, 0x8f, 0xf0,
    0x9, 0xff, 0x17, 0xff, 0x98, 0x88, 0x88, 0x8c,
    0xff, 0x0, 0xef, 0xd0, 0x7f, 0xff, 0xff, 0xff,
    0xff, 0xff, 0xf0, 0x3f, 0xf9, 0x7, 0xff, 0xff,
    0xff, 0xff, 0xff, 0xff, 0x0, 0x22, 0x10, 0x0,
    0x0, 0x0, 0x0, 0x0, 0x0, 0x0,

    /* U+5411 "向" */
    0x0, 0x0, 0x0, 0x5, 0xff, 0x40, 0x0, 0x0,
    0x0, 0x58, 0x88, 0x88, 0x8c, 0xff, 0x88, 0x88,
    0x88, 0x87, 0xaf, 0xff, 0xff, 0xff, 0xff, 0xff,
    0xff, 0xff, 0xfe, 0xaf, 0xff, 0xff, 0xff, 0xff,
    0xff, 0xff, 0xff, 0xfe, 0xaf, 0xe0, 0x0, 0x0,
    0x0, 0x0, 0x0, 0xa, 0xfe, 0xaf, 0xe0, 0x0,
    0x0, 0x0, 0x0, 0x0, 0xa, 0xfe, 0xaf, 0xe0,
    0x6f, 0xff, 0xff, 0xff, 0xf9, 0xa, 0xfe, 0xaf,
    0xe0, 0x7f, 0xff, 0xff, 0xff, 0xf9, 0xa, 0xfe,
    0xaf, 0xe0, 0x7f, 0xf9, 0x99, 0x9f, 0xf9, 0xa,
    0xfe, 0xaf, 0xe0, 0x7f, 0xf1, 0x0, 0xe, 0xf9,
    0xa, 0xfe, 0xaf, 0xe0, 0x7f, 0xf1, 0x0, 0xe,
    0xf9, 0xa, 0xfe, 0xaf, 0xe0, 0x7f, 0xf1, 0x0,
    0xe, 0xf9, 0xa, 0xfe, 0xaf, 0xe0, 0x7f, 0xf1,
    0x0, 0xe, 0xf9, 0xa, 0xfe, 0xaf, 0xe0, 0x7f,
    0xff, 0xff, 0xff, 0xf9, 0xa, 0xfe, 0xaf, 0xe0,
    0x7f, 0xff, 0xff, 0xff, 0xf9, 0xa, 0xfe, 0xaf,
    0xe0, 0x49, 0x99, 0x99, 0x99, 0x95, 0xa, 0xfe,
    0xaf, 0xe0, 0x0, 0x0, 0x0, 0x0, 0x0, 0xa,
    0xfe, 0xaf, 0xe0, 0x0, 0x0, 0x0, 0x0, 0x0,
    0xa, 0xfe,

    /* U+5426 "否" */
    0xd, 0xff, 0xff, 0xff, 0xff, 0xff, 0xff, 0xff,
    0xff, 0x60, 0xd, 0xff, 0xff, 0xff, 0xff, 0xff,
    0xff, 0xff, 0xff, 0x60, 0x7, 0x88, 0x88, 0x9f,
    0xff, 0x98, 0x88, 0x88, 0x88, 0x30, 0x0, 0x0,
    0x0, 0x9f, 0xff, 0xa0, 0x0, 0x0, 0x0, 0x0,
    0x0, 0x0, 0x9, 0xff, 0xff, 0xf0, 0x94, 0x0,
    0x0, 0x0, 0x0, 0x1, 0xbf, 0xfe, 0xaf, 0xf0,
    0xef, 0xe8, 0x20, 0x0, 0x1, 0x7f, 0xff, 0xe3,
    0x7f, 0xf0, 0xef, 0xff, 0xfc, 0x60, 0x2f, 0xff,
    0xfc, 0x10, 0x7f, 0xf0, 0x5, 0xbf, 0xff, 0xf3,
    0x3f, 0xff, 0x70, 0x0, 0x7f, 0xf0, 0x0, 0x1,
    0x7d, 0xf3, 0x3e, 0x71, 0x0, 0x0, 0x4a, 0xa0,
    0x0, 0x0, 0x0, 0x31, 0x0, 0x8f, 0xff, 0xff,
    0xff, 0xff, 0xff, 0xff, 0xf1, 0x0, 0x0, 0x8f,
    0xff, 0xff, 0xff, 0xff, 0xff, 0xff, 0xf1, 0x0,
    0x0, 0x8f, 0xf8, 0x88, 0x88, 0x88, 0x88, 0xcf,
    0xf1, 0x0, 0x0, 0x8f, 0xf1, 0x0, 0x0, 0x0,
    0x0, 0x8f, 0xf1, 0x0, 0x0, 0x8f, 0xf1, 0x0,
    0x0, 0x0, 0x0, 0x8f, 0xf1, 0x0, 0x0, 0x8f,
    0xf8, 0x77, 0x77, 0x77, 0x77, 0xbf, 0xf1, 0x0,
    0x0, 0x8f, 0xff, 0xff, 0xff, 0xff, 0xff, 0xff,
    0xf1, 0x0, 0x0, 0x8f, 0xff, 0xff, 0xff, 0xff,
    0xff, 0xff, 0xf1, 0x0,

    /* U+542B "含" */
    0x0, 0x0, 0x3, 0xff, 0xff, 0xff, 0xff, 0x30,
    0x0, 0x0, 0x0, 0x0, 0xc, 0xff, 0xff, 0xff,
    0xff, 0xc0, 0x0, 0x0, 0x0, 0x0, 0xaf, 0xfb,
    0x66, 0x66, 0xbf, 0xfa, 0x0, 0x0, 0x0, 0x2c,
    0xff, 0xd1, 0x6c, 0xc0, 0x1d, 0xff, 0xc2, 0x0,
    0x1a, 0xff, 0xfd, 0x10, 0x3f, 0xf5, 0x1, 0xdf,
    0xff, 0xb1, 0x3f, 0xff, 0xc3, 0x33, 0x3d, 0xfc,
    0x33, 0x3c, 0xff, 0xf4, 0x3f, 0xa6, 0xff, 0xff,
    0xff, 0xff, 0xff, 0xff, 0x7a, 0xf4, 0x0, 0x4,
    0xff, 0xff, 0xff, 0xff, 0xff, 0xf6, 0x0, 0x1,
    0x0, 0x1, 0x44, 0x44, 0x44, 0x5e, 0xff, 0x70,
    0x0, 0x0, 0x0, 0x0, 0x0, 0x0, 0x0, 0x9d,
    0xd7, 0x0, 0x0, 0x0, 0x0, 0x7f, 0xff, 0xff,
    0xff, 0xff, 0xff, 0xff, 0xf7, 0x0, 0x0, 0x8f,
    0xff, 0xff, 0xff, 0xff, 0xff, 0xff, 0xf8, 0x0,
    0x0, 0x8f, 0xf8, 0x77, 0x77, 0x77, 0x77, 0x8f,
    0xf8, 0x0, 0x0, 0x8f, 0xf1, 0x0, 0x0, 0x0,
    0x0, 0x1f, 0xf8, 0x0, 0x0, 0x8f, 0xf1, 0x0,
    0x0, 0x0, 0x0, 0x1f, 0xf8, 0x0, 0x0, 0x8f,
    0xf7, 0x66, 0x66, 0x66, 0x66, 0x7f, 0xf8, 0x0,
    0x0, 0x8f, 0xff, 0xff, 0xff, 0xff, 0xff, 0xff,
    0xf8, 0x0, 0x0, 0x8f, 0xff, 0xff, 0xff, 0xff,
    0xff, 0xff, 0xf8, 0x0,

    /* U+542C "听" */
    0x0, 0x0, 0x0, 0x0, 0x0, 0x0, 0x0, 0x13,
    0x42, 0xe, 0xff, 0xff, 0xf7, 0xd, 0xee, 0xff,
    0xff, 0xff, 0x60, 0xef, 0xff, 0xff, 0x70, 0xff,
    0xff, 0xff, 0xff, 0xf6, 0xe, 0xfc, 0xaf, 0xf7,
    0xf, 0xfd, 0x98, 0x76, 0x53, 0x10, 0xef, 0x70,
    0xef, 0x70, 0xff, 0x90, 0x0, 0x0, 0x0, 0xe,
    0xf7, 0xe, 0xf7, 0xf, 0xf9, 0x0, 0x0, 0x0,
    0x0, 0xef, 0x70, 0xef, 0x70, 0xff, 0xc8, 0x88,
    0x88, 0x88, 0xe, 0xf7, 0xe, 0xf7, 0xf, 0xff,
    0xff, 0xff, 0xff, 0xf1, 0xef, 0x70, 0xef, 0x70,
    0xff, 0xff, 0xff, 0xff, 0xff, 0x1e, 0xf7, 0xe,
    0xf7, 0xf, 0xf9, 0x0, 0xaf, 0xe0, 0x0, 0xef,
    0x70, 0xef, 0x70, 0xff, 0x90, 0xa, 0xfe, 0x0,
    0xe, 0xf7, 0xe, 0xf7, 0xf, 0xf8, 0x0, 0xaf,
    0xe0, 0x0, 0xef, 0x70, 0xef, 0x71, 0xff, 0x80,
    0xa, 0xfe, 0x0, 0xe, 0xf7, 0xe, 0xf7, 0x3f,
    0xf6, 0x0, 0xaf, 0xe0, 0x0, 0xef, 0x70, 0xef,
    0x75, 0xff, 0x40, 0xa, 0xfe, 0x0, 0xe, 0xff,
    0xff, 0xf7, 0x9f, 0xf2, 0x0, 0xaf, 0xe0, 0x0,
    0xef, 0xff, 0xff, 0x7e, 0xfe, 0x0, 0xa, 0xfe,
    0x0, 0x8, 0x99, 0x99, 0x99, 0xff, 0xa0, 0x0,
    0xaf, 0xe0, 0x0, 0x0, 0x0, 0x0, 0xdf, 0xf4,
    0x0, 0xa, 0xfe, 0x0, 0x0,

    /* U+542F "启" */
    0x0, 0x0, 0x0, 0x0, 0x1f, 0xf9, 0x0, 0x0,
    0x0, 0x0, 0xe, 0xff, 0xff, 0xff, 0xff, 0xff,
    0xff, 0xff, 0xf1, 0x0, 0xef, 0xff, 0xff, 0xff,
    0xff, 0xff, 0xff, 0xff, 0x10, 0xe, 0xfe, 0x99,
    0x99, 0x99, 0x99, 0x99, 0xdf, 0xf1, 0x0, 0xef,
    0xb0, 0x0, 0x0, 0x0, 0x0, 0x9, 0xff, 0x10,
    0xe, 0xfd, 0x77, 0x77, 0x77, 0x77, 0x77, 0xcf,
    0xf1, 0x0, 0xef, 0xff, 0xff, 0xff, 0xff, 0xff,
    0xff, 0xff, 0x10, 0xe, 0xff, 0xff, 0xff, 0xff,
    0xff, 0xff, 0xff, 0xf1, 0x0, 0xef, 0xb0, 0x0,
    0x0, 0x0, 0x0, 0x0, 0x0, 0x0, 0xe, 0xfb,
    0x27, 0x77, 0x77, 0x77, 0x77, 0x77, 0x73, 0x0,
    0xff, 0xa5, 0xff, 0xff, 0xff, 0xff, 0xff, 0xff,
    0x80, 0xf, 0xfa, 0x5f, 0xff, 0xff, 0xff, 0xff,
    0xff, 0xf8, 0x1, 0xff, 0x85, 0xff, 0x50, 0x0,
    0x0, 0x1, 0xff, 0x80, 0x3f, 0xf7, 0x5f, 0xf4,
    0x0, 0x0, 0x0, 0x1f, 0xf8, 0x6, 0xff, 0x45,
    0xff, 0x40, 0x0, 0x0, 0x1, 0xff, 0x80, 0xaf,
    0xf1, 0x5f, 0xfc, 0xaa, 0xaa, 0xaa, 0xaf, 0xf8,
    0xe, 0xfe, 0x5, 0xff, 0xff, 0xff, 0xff, 0xff,
    0xff, 0x84, 0xff, 0xa0, 0x4d, 0xdd, 0xdd, 0xdd,
    0xdd, 0xdd, 0xd7,

    /* U+5438 "吸" */
    0xff, 0xff, 0xff, 0x6f, 0xff, 0xff, 0xff, 0xff,
    0x30, 0xf, 0xff, 0xff, 0xf6, 0xff, 0xff, 0xff,
    0xff, 0xf0, 0x0, 0xff, 0xca, 0xff, 0x46, 0xff,
    0xb6, 0x6d, 0xfc, 0x0, 0xf, 0xf4, 0xf, 0xf4,
    0xf, 0xf9, 0x0, 0xef, 0x80, 0x0, 0xff, 0x40,
    0xff, 0x40, 0xff, 0x90, 0x1f, 0xfa, 0x75, 0xf,
    0xf4, 0xf, 0xf4, 0xf, 0xf9, 0x5, 0xff, 0xff,
    0xb0, 0xff, 0x40, 0xff, 0x40, 0xff, 0x80, 0x8f,
    0xff, 0xf9, 0xf, 0xf4, 0xf, 0xf4, 0xf, 0xf8,
    0x1, 0x22, 0xff, 0x60, 0xff, 0x40, 0xff, 0x40,
    0xff, 0xb0, 0x0, 0x2f, 0xf3, 0xf, 0xf4, 0xf,
    0xf4, 0x1f, 0xff, 0xd2, 0x6, 0xff, 0x0, 0xff,
    0x40, 0xff, 0x44, 0xff, 0xff, 0xf4, 0xaf, 0xc0,
    0xf, 0xf4, 0xf, 0xf4, 0x6f, 0xfb, 0xff, 0xff,
    0xf8, 0x0, 0xff, 0x40, 0xff, 0x4a, 0xff, 0x7,
    0xff, 0xff, 0x40, 0xf, 0xfc, 0xbf, 0xf4, 0xef,
    0xb0, 0x4, 0xff, 0xf4, 0x0, 0xff, 0xff, 0xff,
    0x8f, 0xf6, 0x0, 0x4f, 0xff, 0xf7, 0xf, 0xff,
    0xff, 0xfe, 0xff, 0x10, 0xc, 0xff, 0xef, 0xf3,
    0x0, 0x0, 0x2, 0xff, 0xa0, 0x4, 0xff, 0xa1,
    0xcf, 0x30, 0x0, 0x0, 0xbf, 0xf2, 0x0, 0xcf,
    0xf2, 0x0, 0xa3, 0x0, 0x0, 0x0, 0x0, 0x0,
    0x0, 0x0, 0x0, 0x0, 0x0,

    /* U+5446 "呆" */
    0x0, 0xff, 0xff, 0xff, 0xff, 0xff, 0xff, 0xff,
    0x0, 0x0, 0xff, 0xff, 0xff, 0xff, 0xff, 0xff,
    0xff, 0x0, 0x0, 0xff, 0xc8, 0x88, 0x88, 0x88,
    0x8c, 0xff, 0x0, 0x0, 0xff, 0x90, 0x0, 0x0,
    0x0, 0x9, 0xff, 0x0, 0x0, 0xff, 0x90, 0x0,
    0x0, 0x0, 0x9, 0xff, 0x0, 0x0, 0xff, 0xc8,
    0x88, 0x88, 0x88, 0x8c, 0xff, 0x0, 0x0, 0xff,
    0xff, 0xff, 0xff, 0xff, 0xff, 0xff, 0x0, 0x0,
    0xff, 0xff, 0xff, 0xff, 0xff, 0xff, 0xff, 0x0,
    0x0, 0x0, 0x0, 0x4, 0xff, 0x40, 0x0, 0x0,
    0x0, 0xff, 0xff, 0xff, 0xff, 0xff, 0xff, 0xff,
    0xff, 0xff, 0xff, 0xff, 0xff, 0xff, 0xff, 0xff,
    0xff, 0xff, 0xff, 0x99, 0x99, 0xff, 0xca, 0xff,
    0xac, 0xff, 0x99, 0x99, 0x0, 0x4, 0xff, 0x54,
    0xff, 0x46, 0xff, 0x40, 0x0, 0x0, 0x1d, 0xff,
    0x14, 0xff, 0x41, 0xff, 0xd1, 0x0, 0x5, 0xef,
    0xf7, 0x4, 0xff, 0x40, 0x7f, 0xfe, 0x50, 0xef,
    0xff, 0xa0, 0x4, 0xff, 0x40, 0xa, 0xff, 0xfe,
    0xff, 0xf7, 0x0, 0x4, 0xff, 0x40, 0x0, 0x7f,
    0xff, 0xc7, 0x10, 0x0, 0x4, 0xff, 0x40, 0x0,
    0x1, 0x7c,

    /* U+5468 "周" */
    0x0, 0xff, 0xff, 0xff, 0xff, 0xff, 0xff, 0xff,
    0xff, 0x10, 0xf, 0xff, 0xff, 0xff, 0xff, 0xff,
    0xff, 0xff, 0xf1, 0x0, 0xff, 0xc7, 0x77, 0x77,
    0x77, 0x77, 0x7b, 0xff, 0x10, 0xf, 0xfa, 0x0,
    0x0, 0xee, 0x70, 0x0, 0x8f, 0xf1, 0x0, 0xff,
    0xa1, 0xff, 0xff, 0xff, 0xff, 0x88, 0xff, 0x10,
    0xf, 0xfa, 0x1f, 0xff, 0xff, 0xff, 0xf8, 0x8f,
    0xf1, 0x0, 0xff, 0xa0, 0x55, 0x5f, 0xfa, 0x55,
    0x38, 0xff, 0x10, 0xf, 0xfa, 0x5a, 0xaa, 0xff,
    0xda, 0xa8, 0x8f, 0xf1, 0x0, 0xff, 0xa8, 0xff,
    0xff, 0xff, 0xff, 0xc8, 0xff, 0x10, 0xf, 0xf9,
    0x5b, 0xbb, 0xbb, 0xbb, 0xb8, 0x8f, 0xf1, 0x0,
    0xff, 0x90, 0x56, 0x66, 0x66, 0x66, 0x18, 0xff,
    0x10, 0xf, 0xf8, 0xf, 0xff, 0xff, 0xff, 0xf4,
    0x8f, 0xf1, 0x2, 0xff, 0x70, 0xff, 0xff, 0xff,
    0xff, 0x48, 0xff, 0x10, 0x3f, 0xf5, 0xf, 0xf9,
    0x0, 0x4f, 0xf4, 0x8f, 0xf1, 0x6, 0xff, 0x30,
    0xff, 0xc6, 0x68, 0xff, 0x48, 0xff, 0x10, 0xaf,
    0xf0, 0xf, 0xff, 0xff, 0xff, 0xf7, 0xdf, 0xf1,
    0xe, 0xfc, 0x0, 0xef, 0xff, 0xff, 0xff, 0x9f,
    0xff, 0x13, 0xff, 0x80, 0x0, 0x0, 0x0, 0x0,
    0x5, 0xff, 0xf0,

    /* U+547C "呼" */
    0x0, 0x0, 0x0, 0x0, 0x0, 0x11, 0x23, 0x45,
    0x74, 0xef, 0xff, 0xff, 0x5e, 0xff, 0xff, 0xff,
    0xff, 0xf9, 0xef, 0xff, 0xff, 0x5e, 0xff, 0xff,
    0xff, 0xff, 0xf9, 0xef, 0xc9, 0xff, 0x58, 0x88,
    0x8f, 0xfb, 0x43, 0x10, 0xef, 0x60, 0xef, 0x54,
    0x50, 0xe, 0xf9, 0x2, 0x52, 0xef, 0x60, 0xef,
    0x5b, 0xf4, 0xe, 0xf9, 0xa, 0xf5, 0xef, 0x60,
    0xef, 0x57, 0xf8, 0xe, 0xf9, 0xe, 0xf2, 0xef,
    0x60, 0xef, 0x53, 0xfc, 0xe, 0xf9, 0x2f, 0xe0,
    0xef, 0x60, 0xef, 0x50, 0xff, 0xe, 0xf9, 0x5f,
    0xa0, 0xef, 0x60, 0xef, 0x50, 0x0, 0xe, 0xf9,
    0x0, 0x0, 0xef, 0x60, 0xef, 0xaf, 0xff, 0xff,
    0xff, 0xff, 0xff, 0xef, 0x60, 0xef, 0xaf, 0xff,
    0xff, 0xff, 0xff, 0xff, 0xef, 0x60, 0xef, 0x89,
    0x99, 0x9f, 0xfd, 0x99, 0x98, 0xef, 0x60, 0xef,
    0x50, 0x0, 0xf, 0xfa, 0x0, 0x0, 0xef, 0x61,
    0xef, 0x50, 0x0, 0xf, 0xfa, 0x0, 0x0, 0xef,
    0xff, 0xff, 0x50, 0x0, 0xf, 0xfa, 0x0, 0x0,
    0xef, 0xff, 0xff, 0x50, 0x7, 0x9f, 0xfa, 0x0,
    0x0, 0x78, 0x88, 0x88, 0x30, 0xe, 0xff, 0xfa,
    0x0, 0x0, 0x0, 0x0, 0x0, 0x0, 0xe, 0xff,
    0xfa, 0x0, 0x0,

    /* U+547D "命" */
    0x0, 0x0, 0x0, 0xaf, 0xff, 0xff, 0xf8, 0x0,
    0x0, 0x0, 0x0, 0x0, 0x4, 0xff, 0xff, 0xff,
    0xff, 0x20, 0x0, 0x0, 0x0, 0x0, 0x2e, 0xff,
    0x88, 0x89, 0xff, 0xd1, 0x0, 0x0, 0x0, 0x4,
    0xef, 0xf6, 0x0, 0x0, 0x9f, 0xfd, 0x20, 0x0,
    0x2, 0x9f, 0xff, 0xc4, 0x44, 0x44, 0x4d, 0xff,
    0xf8, 0x10, 0x2f, 0xff, 0xff, 0xff, 0xff, 0xff,
    0xff, 0xff, 0xff, 0xf2, 0x3f, 0xfd, 0x4e, 0xff,
    0xff, 0xff, 0xff, 0xe4, 0xdf, 0xf3, 0x3c, 0x50,
    0x1, 0x22, 0x22, 0x22, 0x22, 0x10, 0x5, 0xc3,
    0x1, 0x44, 0x44, 0x44, 0x20, 0x58, 0x88, 0x88,
    0x88, 0x30, 0x5, 0xff, 0xff, 0xff, 0x80, 0xaf,
    0xff, 0xff, 0xff, 0x70, 0x5, 0xff, 0xff, 0xff,
    0x80, 0xaf, 0xff, 0xff, 0xff, 0x70, 0x5, 0xff,
    0x42, 0xef, 0x80, 0xaf, 0xf0, 0x1, 0xff, 0x70,
    0x5, 0xff, 0x20, 0xef, 0x80, 0xaf, 0xf0, 0x1,
    0xff, 0x70, 0x5, 0xff, 0x20, 0xef, 0x80, 0xaf,
    0xf0, 0x1, 0xff, 0x70, 0x5, 0xff, 0x20, 0xef,
    0x80, 0xaf, 0xf0, 0x1, 0xff, 0x70, 0x5, 0xff,
    0xaa, 0xff, 0x80, 0xaf, 0xf0, 0x58, 0xff, 0x70,
    0x5, 0xff, 0xff, 0xff, 0x80, 0xaf, 0xf0, 0xbf,
    0xff, 0x70, 0x4, 0xdd, 0xdd, 0xdd, 0x70, 0xaf,
    0xf0, 0xbf, 0xff, 0x70,

    /* U+548C "和" */
    0x0, 0x0, 0x0, 0x12, 0x43, 0x0, 0x0, 0x0,
    0x0, 0x0, 0xbd, 0xee, 0xff, 0xff, 0xa0, 0x0,
    0x0, 0x0, 0x0, 0xd, 0xff, 0xff, 0xff, 0xfa,
    0x39, 0x99, 0x99, 0x99, 0x80, 0x79, 0x9d, 0xff,
    0x63, 0x16, 0xff, 0xff, 0xff, 0xfe, 0x0, 0x0,
    0xaf, 0xf1, 0x0, 0x6f, 0xff, 0xff, 0xff, 0xe0,
    0x77, 0x7d, 0xff, 0x87, 0x76, 0xff, 0x20, 0x8,
    0xfe, 0x1f, 0xff, 0xff, 0xff, 0xff, 0x6f, 0xf2,
    0x0, 0x8f, 0xe1, 0xff, 0xff, 0xff, 0xff, 0xf6,
    0xff, 0x20, 0x8, 0xfe, 0x1, 0x21, 0x8f, 0xf1,
    0x0, 0x6f, 0xf2, 0x0, 0x8f, 0xe0, 0x8f, 0x88,
    0xff, 0x70, 0x6, 0xff, 0x20, 0x8, 0xfe, 0x9,
    0xf8, 0x8f, 0xff, 0xf9, 0x6f, 0xf2, 0x0, 0x8f,
    0xe0, 0x9f, 0x78, 0xff, 0xff, 0xf6, 0xff, 0x20,
    0x8, 0xfe, 0xa, 0xf7, 0x8f, 0xf8, 0xdf, 0x6f,
    0xf2, 0x0, 0x8f, 0xe0, 0xbf, 0x68, 0xff, 0x10,
    0x36, 0xff, 0x20, 0x8, 0xfe, 0xd, 0xf4, 0x8f,
    0xf1, 0x0, 0x6f, 0xf2, 0x0, 0x8f, 0xe0, 0xff,
    0x38, 0xff, 0x10, 0x6, 0xff, 0x75, 0x5b, 0xfe,
    0x1f, 0xf1, 0x8f, 0xf1, 0x0, 0x6f, 0xff, 0xff,
    0xff, 0xe3, 0xff, 0x8, 0xff, 0x10, 0x6, 0xff,
    0xff, 0xff, 0xfe, 0x13, 0x30, 0x8f, 0xf1, 0x0,
    0x13, 0x33, 0x33, 0x33, 0x20,

    /* U+54C0 "哀" */
    0xc, 0xff, 0xff, 0xff, 0xff, 0xff, 0xff, 0xff,
    0xff, 0x50, 0xcf, 0xff, 0xff, 0xff, 0xff, 0xff,
    0xff, 0xff, 0xf5, 0x6, 0x77, 0x77, 0x77, 0x77,
    0x77, 0x77, 0x77, 0x77, 0x20, 0x0, 0x11, 0x11,
    0x11, 0x11, 0x11, 0x11, 0x11, 0x0, 0x0, 0x7f,
    0xff, 0xff, 0xff, 0xff, 0xff, 0xff, 0xf1, 0x0,
    0x7, 0xff, 0xff, 0xff, 0xff, 0xff, 0xff, 0xff,
    0x10, 0x0, 0x7f, 0xf4, 0x22, 0x22, 0x22, 0x22,
    0x8f, 0xf1, 0x0, 0x7, 0xff, 0x20, 0x0, 0x0,
    0x0, 0x6, 0xff, 0x10, 0x0, 0x7f, 0xff, 0xff,
    0xff, 0xff, 0xff, 0xff, 0xf1, 0x0, 0x7, 0xff,
    0xff, 0xff, 0xff, 0xff, 0xff, 0xff, 0x10, 0x0,
    0x24, 0x4b, 0xff, 0x44, 0x74, 0x44, 0x46, 0x72,
    0x0, 0x0, 0x1, 0xcf, 0xf0, 0xd, 0x80, 0x1,
    0xef, 0x90, 0x0, 0x7, 0xff, 0xff, 0x0, 0xdf,
    0xd4, 0xaf, 0xe0, 0x0, 0x5d, 0xff, 0xff, 0xf0,
    0x9, 0xff, 0xff, 0xf5, 0x0, 0x3f, 0xff, 0xcc,
    0xff, 0x0, 0x5, 0xef, 0xff, 0xd8, 0x33, 0xfe,
    0x60, 0xaf, 0xf9, 0x92, 0x0, 0x7f, 0xff, 0xff,
    0x27, 0x0, 0xa, 0xff, 0xff, 0x50, 0x0, 0x6,
    0xcf, 0xf0, 0x0, 0x0, 0xaf, 0xff, 0xf5, 0x0,
    0x0, 0x0, 0x15,

    /* U+54C1 "品" */
    0x8, 0xff, 0xff, 0xff, 0xff, 0xff, 0xff, 0xff,
    0x80, 0x8, 0xff, 0xff, 0xff, 0xff, 0xff, 0xff,
    0xff, 0x80, 0x8, 0xff, 0x87, 0x77, 0x77, 0x77,
    0x78, 0xff, 0x80, 0x8, 0xff, 0x20, 0x0, 0x0,
    0x0, 0x1, 0xff, 0x80, 0x8, 0xff, 0x20, 0x0,
    0x0, 0x0, 0x1, 0xff, 0x80, 0x8, 0xff, 0xff,
    0xff, 0xff, 0xff, 0xff, 0xff, 0x80, 0x8, 0xff,
    0xff, 0xff, 0xff, 0xff, 0xff, 0xff, 0x80, 0x4,
    0x88, 0x88, 0x88, 0x88, 0x88, 0x88, 0x88, 0x40,
    0x0, 0x0, 0x0, 0x0, 0x0, 0x0, 0x0, 0x0,
    0x0, 0xef, 0xff, 0xff, 0xff, 0x67, 0xff, 0xff,
    0xff, 0xfe, 0xef, 0xff, 0xff, 0xff, 0x67, 0xff,
    0xff, 0xff, 0xfe, 0xef, 0xc7, 0x78, 0xff, 0x67,
    0xff, 0x87, 0x7c, 0xfe, 0xef, 0x90, 0x1, 0xff,
    0x67, 0xff, 0x0, 0x8, 0xfe, 0xef, 0x90, 0x1,
    0xff, 0x67, 0xff, 0x0, 0x8, 0xfe, 0xef, 0x90,
    0x1, 0xff, 0x67, 0xff, 0x0, 0x8, 0xfe, 0xef,
    0xc8, 0x89, 0xff, 0x67, 0xff, 0x88, 0x8c, 0xfe,
    0xef, 0xff, 0xff, 0xff, 0x67, 0xff, 0xff, 0xff,
    0xfe, 0xef, 0xff, 0xff, 0xff, 0x67, 0xff, 0xff,
    0xff, 0xfe,

    /* U+54CD "响" */
    0xef, 0xff, 0xf4, 0x0, 0x0, 0x9f, 0xf1, 0x0,
    0x0, 0xef, 0xff, 0xf4, 0x0, 0x0, 0xef, 0xb0,
    0x0, 0x0, 0xef, 0xaf, 0xf4, 0x9f, 0xff, 0xff,
    0xff, 0xff, 0xf8, 0xef, 0x3e, 0xf4, 0x9f, 0xff,
    0xff, 0xff, 0xff, 0xf8, 0xef, 0x3e, 0xf4, 0x9f,
    0xf8, 0x88, 0x88, 0x8f, 0xf8, 0xef, 0x3e, 0xf4,
    0x9f, 0xe0, 0x0, 0x0, 0xe, 0xf8, 0xef, 0x3e,
    0xf4, 0x9f, 0xe7, 0xff, 0xff, 0x4e, 0xf8, 0xef,
    0x3e, 0xf4, 0x9f, 0xe7, 0xff, 0xff, 0x4e, 0xf8,
    0xef, 0x3e, 0xf4, 0x9f, 0xe7, 0xf9, 0xdf, 0x4e,
    0xf8, 0xef, 0x3e, 0xf4, 0x9f, 0xe7, 0xf5, 0xbf,
    0x4e, 0xf8, 0xef, 0x3e, 0xf4, 0x9f, 0xe7, 0xf5,
    0xbf, 0x4e, 0xf8, 0xef, 0x3e, 0xf4, 0x9f, 0xe7,
    0xf7, 0xcf, 0x4e, 0xf8, 0xef, 0x3e, 0xf4, 0x9f,
    0xe7, 0xff, 0xff, 0x4e, 0xf8, 0xef, 0xaf, 0xf4,
    0x9f, 0xe7, 0xff, 0xff, 0x4e, 0xf8, 0xef, 0xff,
    0xf4, 0x9f, 0xe1, 0x33, 0x33, 0xe, 0xf8, 0xef,
    0xff, 0xf4, 0x9f, 0xe0, 0x0, 0x7, 0x7f, 0xf8,
    0x0, 0x0, 0x0, 0x9f, 0xe0, 0x0, 0x1f, 0xff,
    0xf8, 0x0, 0x0, 0x0, 0x9f, 0xe0, 0x0, 0x1f,
    0xff, 0xf8, 0x0, 0x0, 0x0, 0x13, 0x20, 0x0,
    0x0, 0x0, 0x0,

    /* U+5566 "啦" */
    0x0, 0x0, 0x0, 0x0, 0x0, 0x0, 0x1, 0x21,
    0x0, 0xe, 0xff, 0xff, 0x40, 0xef, 0xa0, 0x0,
    0xbf, 0xb0, 0x0, 0xef, 0xff, 0xf4, 0xe, 0xfa,
    0x8, 0xae, 0xfe, 0xa9, 0xe, 0xfb, 0xff, 0x78,
    0xff, 0xd7, 0xcf, 0xff, 0xff, 0xf0, 0xef, 0x4d,
    0xfa, 0xff, 0xff, 0xfb, 0xee, 0xee, 0xed, 0xe,
    0xf4, 0xdf, 0xaf, 0xff, 0xff, 0x1, 0x10, 0x11,
    0x0, 0xef, 0x4d, 0xf5, 0xe, 0xfa, 0x7, 0xfc,
    0xb, 0xf8, 0xe, 0xf4, 0xdf, 0x40, 0xef, 0xa0,
    0x6f, 0xd0, 0xcf, 0x80, 0xef, 0x4d, 0xf4, 0xe,
    0xfa, 0x6, 0xfd, 0xd, 0xf7, 0xe, 0xf4, 0xdf,
    0x40, 0xef, 0xef, 0x6f, 0xe0, 0xdf, 0x60, 0xef,
    0x4d, 0xf9, 0xff, 0xff, 0xf5, 0xff, 0xe, 0xf5,
    0xe, 0xf4, 0xdf, 0xaf, 0xff, 0xff, 0x4f, 0xf0,
    0xff, 0x40, 0xef, 0x4d, 0xfa, 0xef, 0xfa, 0x2,
    0xff, 0x1f, 0xf3, 0xe, 0xf4, 0xdf, 0x50, 0xef,
    0xa0, 0x1f, 0xf3, 0xff, 0x20, 0xef, 0x5d, 0xf4,
    0xe, 0xfa, 0x0, 0xff, 0x5f, 0xf2, 0xe, 0xff,
    0xff, 0x40, 0xef, 0xa0, 0x8, 0x83, 0x88, 0x0,
    0xef, 0xff, 0xf6, 0x9f, 0xfa, 0x9, 0x99, 0x99,
    0x99, 0x17, 0x88, 0x88, 0x6f, 0xff, 0xa0, 0xff,
    0xff, 0xff, 0xf2, 0x0, 0x0, 0x3, 0xff, 0xfa,
    0xf, 0xff, 0xff, 0xff, 0x20,

    /* U+559C "喜" */
    0xcf, 0xff, 0xff, 0xff, 0xff, 0xff, 0xff, 0xff,
    0xfc, 0xcf, 0xff, 0xff, 0xff, 0xff, 0xff, 0xff,
    0xff, 0xfc, 0x0, 0x11, 0x11, 0x15, 0xff, 0x51,
    0x11, 0x11, 0x0, 0xf, 0xff, 0xff, 0xff, 0xff,
    0xff, 0xff, 0xff, 0xf0, 0xe, 0xff, 0xff, 0xff,
    0xff, 0xff, 0xff, 0xff, 0xe0, 0x4, 0x88, 0x88,
    0x88, 0x88, 0x88, 0x88, 0x88, 0x30, 0x8, 0xff,
    0xff, 0xff, 0xff, 0xff, 0xff, 0xff, 0x70, 0x8,
    0xff, 0x32, 0x22, 0x22, 0x22, 0x23, 0xff, 0x70,
    0x8, 0xff, 0xff, 0xff, 0xff, 0xff, 0xff, 0xff,
    0x70, 0x5, 0xbb, 0xff, 0xeb, 0xbb, 0xbe, 0xff,
    0xbb, 0x50, 0x77, 0x77, 0xef, 0xf7, 0x77, 0x7f,
    0xfe, 0x77, 0x77, 0xff, 0xff, 0xff, 0xff, 0xff,
    0xff, 0xff, 0xff, 0xff, 0x88, 0x88, 0x88, 0x88,
    0x88, 0x88, 0x88, 0x88, 0x88, 0xd, 0xdd, 0xdd,
    0xdd, 0xdd, 0xdd, 0xdd, 0xdd, 0xd0, 0xf, 0xff,
    0xff, 0xff, 0xff, 0xff, 0xff, 0xff, 0xf0, 0xf,
    0xfa, 0x0, 0x0, 0x0, 0x0, 0x0, 0xaf, 0xf0,
    0xf, 0xfe, 0xbb, 0xbb, 0xbb, 0xbb, 0xbb, 0xef,
    0xf0, 0xf, 0xff, 0xff, 0xff, 0xff, 0xff, 0xff,
    0xff, 0xf0,

    /* U+559D "喝" */
    0xef, 0xff, 0xfd, 0x4f, 0xff, 0xff, 0xff, 0xff,
    0xf1, 0xef, 0xff, 0xfd, 0x4f, 0xff, 0xff, 0xff,
    0xff, 0xf1, 0xef, 0xbb, 0xfd, 0x4f, 0xf1, 0x0,
    0x0, 0x7f, 0xf1, 0xef, 0x56, 0xfd, 0x4f, 0xff,
    0xff, 0xff, 0xff, 0xf1, 0xef, 0x56, 0xfd, 0x4f,
    0xfc, 0xcc, 0xcc, 0xef, 0xf1, 0xef, 0x56, 0xfd,
    0x4f, 0xf2, 0x11, 0x11, 0x8f, 0xf1, 0xef, 0x56,
    0xfd, 0x4f, 0xff, 0xff, 0xff, 0xff, 0xf1, 0xef,
    0x56, 0xfd, 0x3f, 0xfe, 0xdd, 0xdd, 0xdd, 0xd1,
    0xef, 0x56, 0xfd, 0xe, 0xfb, 0x66, 0x66, 0x66,
    0x65, 0xef, 0x56, 0xfd, 0x4f, 0xff, 0xff, 0xff,
    0xff, 0xfd, 0xef, 0x56, 0xfd, 0x9f, 0xff, 0xff,
    0xff, 0xff, 0xfd, 0xef, 0x56, 0xfd, 0x24, 0x20,
    0x7f, 0xf1, 0x5, 0xfd, 0xef, 0x56, 0xfd, 0x9f,
    0xa4, 0xcf, 0xf9, 0x25, 0xfd, 0xef, 0x56, 0xfd,
    0x9f, 0xff, 0xff, 0xff, 0xfe, 0xfd, 0xef, 0xff,
    0xfd, 0x9f, 0xff, 0xb2, 0x5c, 0xff, 0xfd, 0xef,
    0xff, 0xfd, 0x9f, 0xe6, 0x33, 0x33, 0x4c, 0xfd,
    0x78, 0x88, 0x87, 0x9f, 0xff, 0xff, 0xff, 0x35,
    0xfd, 0x0, 0x0, 0x0, 0x9f, 0xff, 0xff, 0xff,
    0x35, 0xfd,

    /* U+5668 "器" */
    0x3, 0xff, 0xff, 0xff, 0xf5, 0x5f, 0xff, 0xff,
    0xff, 0x30, 0x3, 0xff, 0xff, 0xff, 0xf5, 0x5f,
    0xff, 0xff, 0xff, 0x30, 0x3, 0xff, 0x62, 0x4f,
    0xf5, 0x5f, 0xf4, 0x26, 0xff, 0x30, 0x3, 0xff,
    0x50, 0x3f, 0xf5, 0x5f, 0xf3, 0x5, 0xff, 0x30,
    0x3, 0xff, 0xff, 0xff, 0xf5, 0x5f, 0xff, 0xff,
    0xff, 0x30, 0x3, 0xff, 0xff, 0xff, 0xf5, 0x5f,
    0xff, 0xff, 0xff, 0x30, 0x0, 0x33, 0x33, 0x33,
    0x57, 0x75, 0x33, 0x79, 0x83, 0x0, 0x17, 0x77,
    0x77, 0x77, 0xaf, 0xfa, 0x77, 0xcf, 0xf7, 0x71,
    0x3f, 0xff, 0xff, 0xff, 0xff, 0xff, 0xff, 0xff,
    0xff, 0xf3, 0x3f, 0xff, 0xff, 0xff, 0xff, 0xff,
    0xff, 0xff, 0xff, 0xf3, 0x0, 0x5f, 0xfb, 0x0,
    0x0, 0x0, 0x0, 0xbf, 0xf5, 0x0, 0x2d, 0xff,
    0xff, 0xee, 0xe5, 0x5e, 0xee, 0xff, 0xff, 0xd2,
    0x4f, 0xff, 0xff, 0xff, 0xf6, 0x6f, 0xff, 0xff,
    0xff, 0xf4, 0x4f, 0xff, 0x93, 0x4f, 0xf6, 0x6f,
    0xf4, 0x39, 0xff, 0xf4, 0x11, 0xff, 0x70, 0x1f,
    0xf6, 0x6f, 0xf1, 0x7, 0xff, 0x11, 0x0, 0xff,
    0x93, 0x4f, 0xf6, 0x6f, 0xf4, 0x39, 0xff, 0x0,
    0x0, 0xff, 0xff, 0xff, 0xf6, 0x6f, 0xff, 0xff,
    0xff, 0x0, 0x0, 0xff, 0xff, 0xff, 0xf6, 0x6f,
    0xff, 0xff, 0xff, 0x0,

    /* U+56DE "回" */
    0x1f, 0xff, 0xff, 0xff, 0xff, 0xff, 0xff, 0xff,
    0xf8, 0x1f, 0xff, 0xff, 0xff, 0xff, 0xff, 0xff,
    0xff, 0xf8, 0x1f, 0xfc, 0x99, 0x99, 0x99, 0x99,
    0x99, 0x9f, 0xf8, 0x1f, 0xf8, 0x0, 0x0, 0x0,
    0x0, 0x0, 0x1f, 0xf8, 0x1f, 0xf8, 0x6, 0x77,
    0x77, 0x77, 0x73, 0x1f, 0xf8, 0x1f, 0xf8, 0xe,
    0xff, 0xff, 0xff, 0xf7, 0x1f, 0xf8, 0x1f, 0xf8,
    0xe, 0xff, 0xff, 0xff, 0xf7, 0x1f, 0xf8, 0x1f,
    0xf8, 0xe, 0xfa, 0x0, 0x1f, 0xf7, 0x1f, 0xf8,
    0x1f, 0xf8, 0xe, 0xf9, 0x0, 0x1f, 0xf7, 0x1f,
    0xf8, 0x1f, 0xf8, 0xe, 0xf9, 0x0, 0x1f, 0xf7,
    0x1f, 0xf8, 0x1f, 0xf8, 0xe, 0xfa, 0x0, 0x1f,
    0xf7, 0x1f, 0xf8, 0x1f, 0xf8, 0xe, 0xff, 0xff,
    0xff, 0xf7, 0x1f, 0xf8, 0x1f, 0xf8, 0xe, 0xff,
    0xff, 0xff, 0xf7, 0x1f, 0xf8, 0x1f, 0xf8, 0x7,
    0x77, 0x77, 0x77, 0x73, 0x1f, 0xf8, 0x1f, 0xf8,
    0x0, 0x0, 0x0, 0x0, 0x0, 0x1f, 0xf8, 0x1f,
    0xfc, 0x99, 0x99, 0x99, 0x99, 0x99, 0x9f, 0xf8,
    0x1f, 0xff, 0xff, 0xff, 0xff, 0xff, 0xff, 0xff,
    0xf8, 0x1f, 0xff, 0xff, 0xff, 0xff, 0xff, 0xff,
    0xff, 0xf8,

    /* U+56F0 "困" */
    0x8f, 0xff, 0xff, 0xff, 0xff, 0xff, 0xff, 0xff,
    0xf8, 0x8f, 0xff, 0xff, 0xff, 0xff, 0xff, 0xff,
    0xff, 0xf8, 0x8f, 0xf9, 0x88, 0x88, 0x88, 0x88,
    0x88, 0x9f, 0xf8, 0x8f, 0xf1, 0x0, 0x1, 0x66,
    0x0, 0x0, 0x1f, 0xf8, 0x8f, 0xf1, 0x11, 0x15,
    0xff, 0x31, 0x11, 0x1f, 0xf8, 0x8f, 0xf1, 0xff,
    0xff, 0xff, 0xff, 0xfd, 0x1f, 0xf8, 0x8f, 0xf1,
    0xff, 0xff, 0xff, 0xff, 0xfd, 0x1f, 0xf8, 0x8f,
    0xf1, 0x68, 0x79, 0xff, 0x77, 0x85, 0x1f, 0xf8,
    0x8f, 0xf1, 0x4f, 0xd5, 0xff, 0x2d, 0xf2, 0x1f,
    0xf8, 0x8f, 0xf1, 0x6f, 0xc5, 0xff, 0x2c, 0xf4,
    0x1f, 0xf8, 0x8f, 0xf1, 0x8f, 0xa5, 0xff, 0x2a,
    0xf7, 0x1f, 0xf8, 0x8f, 0xf1, 0xbf, 0x75, 0xff,
    0x28, 0xf9, 0x1f, 0xf8, 0x8f, 0xf1, 0xef, 0x45,
    0xff, 0x25, 0xfd, 0x1f, 0xf8, 0x8f, 0xf4, 0xff,
    0x15, 0xff, 0x22, 0xff, 0x2f, 0xf8, 0x8f, 0xf4,
    0x87, 0x4, 0xdd, 0x20, 0x88, 0x3f, 0xf8, 0x8f,
    0xf9, 0x88, 0x88, 0x88, 0x88, 0x88, 0x9f, 0xf8,
    0x8f, 0xff, 0xff, 0xff, 0xff, 0xff, 0xff, 0xff,
    0xf8, 0x8f, 0xff, 0xff, 0xff, 0xff, 0xff, 0xff,
    0xff, 0xf8,

    /* U+56FE "图" */
    0x7f, 0xff, 0xff, 0xff, 0xff, 0xff, 0xff, 0xff,
    0xf7, 0x7f, 0xff, 0xff, 0xff, 0xff, 0xff, 0xff,
    0xff, 0xf7, 0x7f, 0xf8, 0x77, 0x77, 0x77, 0x77,
    0x77, 0x8f, 0xf7, 0x7f, 0xf1, 0xa, 0xff, 0xff,
    0xff, 0xfa, 0x1f, 0xf7, 0x7f, 0xf1, 0xaf, 0xff,
    0xff, 0xff, 0xf5, 0x1f, 0xf7, 0x7f, 0xf7, 0xff,
    0xfd, 0x33, 0xef, 0xd0, 0x1f, 0xf7, 0x7f, 0xf7,
    0xd6, 0xef, 0xdd, 0xff, 0x20, 0x1f, 0xf7, 0x7f,
    0xf1, 0x0, 0x7f, 0xff, 0xf7, 0x0, 0x1f, 0xf7,
    0x7f, 0xf2, 0x7c, 0xff, 0xff, 0xff, 0xc7, 0x2f,
    0xf7, 0x7f, 0xf9, 0xff, 0xfe, 0x55, 0xcf, 0xff,
    0x9f, 0xf7, 0x7f, 0xf9, 0xe9, 0xbf, 0xec, 0x9b,
    0x9e, 0x9f, 0xf7, 0x7f, 0xf2, 0x0, 0x6d, 0xff,
    0xff, 0x0, 0x2f, 0xf7, 0x7f, 0xf1, 0x6d, 0xa8,
    0x66, 0x67, 0x0, 0x1f, 0xf7, 0x7f, 0xf1, 0x7f,
    0xff, 0xff, 0xfe, 0xc4, 0x1f, 0xf7, 0x7f, 0xf1,
    0x14, 0x68, 0xbd, 0xff, 0xf7, 0x1f, 0xf7, 0x7f,
    0xf8, 0x77, 0x77, 0x77, 0x7a, 0xca, 0x8f, 0xf7,
    0x7f, 0xff, 0xff, 0xff, 0xff, 0xff, 0xff, 0xff,
    0xf7, 0x7f, 0xff, 0xff, 0xff, 0xff, 0xff, 0xff,
    0xff, 0xf7,

    /* U+5706 "圆" */
    0x7f, 0xff, 0xff, 0xff, 0xff, 0xff, 0xff, 0xff,
    0xf7, 0x7f, 0xff, 0xff, 0xff, 0xff, 0xff, 0xff,
    0xff, 0xf7, 0x7f, 0xf7, 0x66, 0x66, 0x66, 0x66,
    0x66, 0x7f, 0xf7, 0x7f, 0xf0, 0x6f, 0xff, 0xff,
    0xff, 0xf6, 0xf, 0xf7, 0x7f, 0xf0, 0x7f, 0xfa,
    0xaa, 0xaf, 0xf7, 0xf, 0xf7, 0x7f, 0xf0, 0x7f,
    0xf6, 0x66, 0x6f, 0xf7, 0xf, 0xf7, 0x7f, 0xf0,
    0x7f, 0xff, 0xff, 0xff, 0xf7, 0xf, 0xf7, 0x7f,
    0xf0, 0x36, 0x66, 0x66, 0x66, 0x63, 0xf, 0xf7,
    0x7f, 0xf2, 0xff, 0xff, 0xff, 0xff, 0xff, 0x2f,
    0xf7, 0x7f, 0xf2, 0xff, 0xff, 0xff, 0xff, 0xff,
    0x2f, 0xf7, 0x7f, 0xf2, 0xff, 0x53, 0xbb, 0x25,
    0xff, 0x2f, 0xf7, 0x7f, 0xf2, 0xff, 0x5b, 0xfe,
    0x5, 0xff, 0x2f, 0xf7, 0x7f, 0xf1, 0x7a, 0xef,
    0xff, 0xdb, 0xb7, 0x1f, 0xf7, 0x7f, 0xf2, 0xdf,
    0xff, 0x8b, 0xff, 0xfe, 0x3f, 0xf7, 0x7f, 0xf4,
    0xff, 0xd4, 0x1, 0x6b, 0xff, 0x4f, 0xf7, 0x7f,
    0xf8, 0xc9, 0x66, 0x66, 0x66, 0x7b, 0x8f, 0xf7,
    0x7f, 0xff, 0xff, 0xff, 0xff, 0xff, 0xff, 0xff,
    0xf7, 0x7f, 0xff, 0xff, 0xff, 0xff, 0xff, 0xff,
    0xff, 0xf7,

    /* U+5708 "圈" */
    0x7f, 0xff, 0xff, 0xff, 0xff, 0xff, 0xff, 0xff,
    0xf7, 0x7f, 0xff, 0xff, 0xff, 0xff, 0xff, 0xff,
    0xff, 0xf7, 0x7f, 0xf6, 0x66, 0x66, 0x66, 0x66,
    0x66, 0x6f, 0xf7, 0x7f, 0xf0, 0x1d, 0x93, 0xff,
    0x29, 0xc1, 0xf, 0xf7, 0x7f, 0xf0, 0xef, 0xff,
    0xff, 0xff, 0xfe, 0xf, 0xf7, 0x7f, 0xf0, 0xde,
    0xef, 0xff, 0xee, 0xed, 0xf, 0xf7, 0x7f, 0xf3,
    0x66, 0x68, 0xff, 0x86, 0x66, 0x3f, 0xf7, 0x7f,
    0xf9, 0xff, 0xff, 0xff, 0xff, 0xff, 0x8f, 0xf7,
    0x7f, 0xf4, 0x8f, 0xfa, 0x88, 0xaf, 0xf8, 0x4f,
    0xf7, 0x7f, 0xf0, 0x9f, 0xfc, 0xcc, 0xcf, 0xf8,
    0xf, 0xf7, 0x7f, 0xf9, 0xff, 0xff, 0xff, 0xff,
    0xff, 0x9f, 0xf7, 0x7f, 0xfa, 0xfb, 0xfc, 0x19,
    0xff, 0x5f, 0xaf, 0xf7, 0x7f, 0xf5, 0x19, 0xfa,
    0x2a, 0xaa, 0x1, 0x5f, 0xf7, 0x7f, 0xf0, 0xb,
    0xff, 0xff, 0xff, 0xfb, 0xf, 0xf7, 0x7f, 0xf0,
    0xc, 0xee, 0xee, 0xee, 0xea, 0xf, 0xf7, 0x7f,
    0xf6, 0x66, 0x66, 0x66, 0x66, 0x66, 0x6f, 0xf7,
    0x7f, 0xff, 0xff, 0xff, 0xff, 0xff, 0xff, 0xff,
    0xf7, 0x7f, 0xff, 0xff, 0xff, 0xff, 0xff, 0xff,
    0xff, 0xf7,

    /* U+5728 "在" */
    0x0, 0x0, 0x0, 0x7f, 0xf1, 0x0, 0x0, 0x0,
    0x0, 0x0, 0xff, 0xff, 0xff, 0xff, 0xff, 0xff,
    0xff, 0xff, 0xff, 0xf, 0xff, 0xff, 0xff, 0xff,
    0xff, 0xff, 0xff, 0xff, 0xf0, 0x99, 0x99, 0xdf,
    0xfa, 0x99, 0x99, 0x99, 0x99, 0x99, 0x0, 0x0,
    0xe, 0xfd, 0x0, 0x1, 0x33, 0x0, 0x0, 0x0,
    0x0, 0x9, 0xff, 0x50, 0x0, 0x7f, 0xf1, 0x0,
    0x0, 0x0, 0x6, 0xff, 0xc0, 0x0, 0x7, 0xff,
    0x10, 0x0, 0x0, 0x6, 0xff, 0xf2, 0x68, 0x88,
    0xbf, 0xf8, 0x88, 0x83, 0x9, 0xff, 0xfa, 0xb,
    0xff, 0xff, 0xff, 0xff, 0xff, 0x63, 0xff, 0xff,
    0xa0, 0xbf, 0xff, 0xff, 0xff, 0xff, 0xf6, 0x3f,
    0xef, 0xfa, 0x0, 0x0, 0x7, 0xff, 0x20, 0x0,
    0x3, 0x90, 0xff, 0xa0, 0x0, 0x0, 0x7f, 0xf1,
    0x0, 0x0, 0x0, 0xf, 0xfa, 0x0, 0x0, 0x7,
    0xff, 0x10, 0x0, 0x0, 0x0, 0xff, 0xa0, 0x0,
    0x0, 0x7f, 0xf1, 0x0, 0x0, 0x0, 0xf, 0xfa,
    0x0, 0x0, 0x7, 0xff, 0x10, 0x0, 0x0, 0x0,
    0xff, 0xa4, 0xcc, 0xcc, 0xdf, 0xfc, 0xcc, 0xcc,
    0x0, 0xf, 0xfa, 0x5f, 0xff, 0xff, 0xff, 0xff,
    0xff, 0xf0, 0x0, 0xff, 0xa4, 0xcc, 0xcc, 0xcc,
    0xcc, 0xcc, 0xcc,

    /* U+5730 "地" */
    0x0, 0x0, 0x0, 0x0, 0x0, 0x0, 0x11, 0x0,
    0x0, 0x0, 0x0, 0x9f, 0xf0, 0x0, 0x10, 0x1,
    0xff, 0x60, 0x0, 0x0, 0x0, 0x9f, 0xf0, 0x9,
    0xfe, 0x1, 0xff, 0x60, 0x0, 0x0, 0x0, 0x9f,
    0xf0, 0x9, 0xfe, 0x1, 0xff, 0x61, 0x6c, 0x90,
    0x0, 0x9f, 0xf0, 0x9, 0xfe, 0x1, 0xff, 0xef,
    0xff, 0x90, 0xf, 0xff, 0xff, 0x39, 0xff, 0x8d,
    0xff, 0xff, 0xff, 0x90, 0xf, 0xff, 0xff, 0x6c,
    0xff, 0xff, 0xff, 0xe9, 0xff, 0x90, 0x9, 0xdf,
    0xf9, 0xff, 0xff, 0xfe, 0xff, 0x60, 0xef, 0x90,
    0x0, 0x9f, 0xf1, 0xff, 0xff, 0x31, 0xff, 0x60,
    0xef, 0x90, 0x0, 0x9f, 0xf1, 0x7a, 0xfe, 0x1,
    0xff, 0x60, 0xef, 0x90, 0x0, 0x9f, 0xf0, 0x9,
    0xfe, 0x1, 0xff, 0x60, 0xef, 0x90, 0x0, 0x9f,
    0xf0, 0x9, 0xfe, 0x1, 0xff, 0x60, 0xef, 0x90,
    0x0, 0x9f, 0xf0, 0x9, 0xfe, 0x1, 0xff, 0x60,
    0xef, 0x90, 0x0, 0x9f, 0xf9, 0x69, 0xfe, 0x1,
    0xff, 0x60, 0xef, 0x90, 0x19, 0xef, 0xff, 0x99,
    0xfe, 0x0, 0xaa, 0x40, 0x9a, 0x60, 0x3f, 0xff,
    0xff, 0x89, 0xfe, 0x0, 0x0, 0x0, 0x0, 0x0,
    0x3f, 0xfb, 0x73, 0x9, 0xff, 0x99, 0x99, 0x99,
    0x99, 0x92, 0x13, 0x0, 0x0, 0x9, 0xff, 0xff,
    0xff, 0xff, 0xff, 0xf3, 0x0, 0x0, 0x0, 0x9,
    0xff, 0xff, 0xff, 0xff, 0xff, 0xf3,

    /* U+573A "场" */
    0x0, 0x3, 0x31, 0x0, 0x0, 0x0, 0x0, 0x0,
    0x0, 0x0, 0x2, 0xff, 0x60, 0x5f, 0xff, 0xff,
    0xff, 0xff, 0xe1, 0x0, 0x2f, 0xf6, 0x5, 0xff,
    0xff, 0xff, 0xff, 0xf4, 0x0, 0x2, 0xff, 0x60,
    0x28, 0x88, 0x88, 0xff, 0xf8, 0x0, 0x2, 0x5f,
    0xf8, 0x30, 0x0, 0x0, 0x7f, 0xfd, 0x0, 0x0,
    0xff, 0xff, 0xff, 0x10, 0x0, 0x2f, 0xff, 0x20,
    0x0, 0xf, 0xff, 0xff, 0xf1, 0x0, 0xc, 0xff,
    0x70, 0x0, 0x0, 0x9a, 0xff, 0xca, 0x3f, 0xff,
    0xff, 0xff, 0xff, 0xfe, 0x0, 0x2f, 0xf6, 0x2,
    0xff, 0xff, 0xff, 0xff, 0xff, 0xe0, 0x2, 0xff,
    0x60, 0x19, 0xff, 0x99, 0xff, 0x9c, 0xfe, 0x0,
    0x2f, 0xf6, 0x0, 0x4f, 0xf3, 0x3f, 0xf3, 0x9f,
    0xe0, 0x2, 0xff, 0x60, 0x5, 0xff, 0x25, 0xff,
    0x29, 0xfe, 0x0, 0x2f, 0xf6, 0x0, 0x8f, 0xf0,
    0x7f, 0xf0, 0x9f, 0xe0, 0x2, 0xff, 0xba, 0x1b,
    0xfd, 0xa, 0xfe, 0x9, 0xfe, 0xb, 0xef, 0xff,
    0xf2, 0xff, 0xa0, 0xdf, 0xc0, 0x9f, 0xe0, 0xff,
    0xff, 0xff, 0x7f, 0xf5, 0x2f, 0xf8, 0x9, 0xfe,
    0xf, 0xda, 0x74, 0x1a, 0xff, 0x16, 0xff, 0x47,
    0xcf, 0xe0, 0x0, 0x0, 0x2, 0xff, 0xa0, 0xcf,
    0xe0, 0xef, 0xfe, 0x0, 0x0, 0x0, 0x9f, 0xf3,
    0x3f, 0xf9, 0xe, 0xff, 0xe0,

    /* U+5747 "均" */
    0x0, 0x4c, 0xc2, 0x0, 0x6f, 0xf3, 0x0, 0x0,
    0x0, 0x0, 0x6, 0xff, 0x30, 0x7, 0xff, 0x10,
    0x0, 0x0, 0x0, 0x0, 0x6f, 0xf3, 0x0, 0xaf,
    0xff, 0xff, 0xff, 0xff, 0xa0, 0x17, 0xff, 0x51,
    0xd, 0xff, 0xff, 0xff, 0xff, 0xfa, 0xf, 0xff,
    0xff, 0xc2, 0xff, 0xc9, 0x99, 0x99, 0xff, 0xa0,
    0xff, 0xff, 0xfc, 0x7f, 0xf4, 0x0, 0x0, 0xe,
    0xfa, 0x7, 0xaf, 0xf9, 0x6c, 0xff, 0xff, 0x50,
    0x0, 0xef, 0xa0, 0x6, 0xff, 0x30, 0x0, 0xf,
    0xfa, 0x0, 0xe, 0xfa, 0x0, 0x6f, 0xf3, 0x0,
    0x0, 0xbf, 0xf0, 0x0, 0xef, 0xa0, 0x6, 0xff,
    0x30, 0x0, 0x5, 0xff, 0x40, 0xe, 0xfa, 0x0,
    0x6f, 0xf3, 0x0, 0x0, 0x6, 0x63, 0x31, 0xef,
    0xa0, 0x6, 0xff, 0x30, 0x0, 0x0, 0x6, 0xdf,
    0x2e, 0xfa, 0x0, 0x6f, 0xf3, 0x0, 0x1, 0x8e,
    0xff, 0xf2, 0xef, 0xa0, 0x7, 0xff, 0xcd, 0x1a,
    0xff, 0xff, 0xfa, 0x1e, 0xfa, 0x1f, 0xff, 0xff,
    0xf3, 0xff, 0xfe, 0x81, 0x0, 0xef, 0xa1, 0xff,
    0xff, 0xfb, 0x3f, 0xc5, 0x0, 0x8, 0x9f, 0xfa,
    0x1a, 0x74, 0x20, 0x1, 0x30, 0x0, 0x0, 0xef,
    0xff, 0xa0, 0x0, 0x0, 0x0, 0x0, 0x0, 0x0,
    0xe, 0xff, 0xfa,

    /* U+5782 "垂" */
    0x0, 0x0, 0x0, 0x0, 0x0, 0x0, 0x0, 0x11,
    0x22, 0x0, 0x0, 0x8c, 0xcd, 0xdd, 0xde, 0xef,
    0xff, 0xff, 0xfe, 0x0, 0x0, 0xbf, 0xff, 0xff,
    0xff, 0xff, 0xff, 0xff, 0xfe, 0x0, 0x0, 0x69,
    0x99, 0x88, 0x9f, 0xfa, 0x76, 0x55, 0x43, 0x0,
    0x2, 0x66, 0x66, 0x66, 0x8f, 0xf9, 0x66, 0x66,
    0x66, 0x30, 0x5, 0xff, 0xff, 0xff, 0xff, 0xff,
    0xff, 0xff, 0xff, 0x90, 0x5, 0xff, 0xff, 0xff,
    0xff, 0xff, 0xff, 0xff, 0xff, 0x90, 0x0, 0x6,
    0xff, 0x20, 0x3f, 0xf6, 0x0, 0xff, 0x90, 0x0,
    0x5, 0x59, 0xff, 0x65, 0x7f, 0xf9, 0x55, 0xff,
    0xb5, 0x52, 0x1f, 0xff, 0xff, 0xff, 0xff, 0xff,
    0xff, 0xff, 0xff, 0xf7, 0x1f, 0xff, 0xff, 0xff,
    0xff, 0xff, 0xff, 0xff, 0xff, 0xf7, 0x2, 0x27,
    0xff, 0x42, 0x4f, 0xf7, 0x22, 0xff, 0x92, 0x20,
    0x1, 0x38, 0xff, 0x53, 0x5f, 0xf7, 0x33, 0xff,
    0xa3, 0x10, 0x5, 0xff, 0xff, 0xff, 0xff, 0xff,
    0xff, 0xff, 0xff, 0x90, 0x5, 0xff, 0xff, 0xff,
    0xff, 0xff, 0xff, 0xff, 0xff, 0x90, 0x1, 0x33,
    0x33, 0x33, 0x5f, 0xf7, 0x33, 0x33, 0x33, 0x10,
    0x2, 0x55, 0x55, 0x55, 0x7f, 0xf9, 0x55, 0x55,
    0x55, 0x30, 0x6, 0xff, 0xff, 0xff, 0xff, 0xff,
    0xff, 0xff, 0xff, 0xb0, 0x6, 0xff, 0xff, 0xff,
    0xff, 0xff, 0xff, 0xff, 0xff, 0xb0,

    /* U+57DF "域" */
    0x0, 0x6f, 0xf2, 0x0, 0x0, 0x0, 0x2, 0xff,
    0x3c, 0x90, 0x0, 0x6f, 0xf2, 0x0, 0x0, 0x0,
    0x2, 0xff, 0x3d, 0xd0, 0x0, 0x6f, 0xf2, 0xf,
    0xff, 0xff, 0xff, 0xff, 0xff, 0xf2, 0x3, 0x7f,
    0xf4, 0x2f, 0xff, 0xff, 0xff, 0xff, 0xff, 0xf2,
    0xf, 0xff, 0xff, 0xc8, 0x88, 0x88, 0x88, 0xff,
    0xa8, 0x81, 0xf, 0xff, 0xff, 0xc3, 0x44, 0x44,
    0x40, 0xef, 0x40, 0x0, 0x8, 0xbf, 0xf9, 0x6b,
    0xff, 0xff, 0xf2, 0xef, 0x40, 0x0, 0x0, 0x6f,
    0xf2, 0xb, 0xff, 0xff, 0xf2, 0xef, 0x40, 0x10,
    0x0, 0x6f, 0xf2, 0xb, 0xf7, 0xf, 0xf2, 0xdf,
    0x79, 0xf2, 0x0, 0x6f, 0xf2, 0xb, 0xf7, 0xf,
    0xf2, 0xcf, 0xff, 0xf2, 0x0, 0x6f, 0xf2, 0xb,
    0xff, 0xff, 0xf2, 0xcf, 0xff, 0x80, 0x0, 0x6f,
    0xf2, 0xb, 0xff, 0xff, 0xf2, 0x9f, 0xd1, 0x0,
    0x0, 0x6f, 0xf7, 0x63, 0x55, 0x55, 0x50, 0x7f,
    0xf0, 0x0, 0x1a, 0xdf, 0xff, 0xc1, 0x36, 0x8a,
    0xd7, 0x4f, 0xf3, 0x0, 0x2f, 0xff, 0xff, 0xce,
    0xff, 0xff, 0xfb, 0xdf, 0xf8, 0x0, 0x2f, 0xfc,
    0x96, 0x3e, 0xff, 0xfe, 0xcf, 0xff, 0xfd, 0x0,
    0x2, 0x0, 0x0, 0x6, 0x53, 0x0, 0xf, 0xfb,
    0xff, 0x40, 0x0, 0x0, 0x0, 0x0, 0x0, 0x0,
    0x9, 0x10, 0xff, 0xc0,

    /* U+57FA "基" */
    0xa, 0xff, 0xff, 0xff, 0xff, 0xff, 0xff, 0xff,
    0xff, 0xa0, 0xa, 0xff, 0xff, 0xff, 0xff, 0xff,
    0xff, 0xff, 0xff, 0xa0, 0x3, 0x4b, 0xff, 0x11,
    0x11, 0x11, 0x17, 0xff, 0x64, 0x30, 0x0, 0x9,
    0xff, 0xcc, 0xcc, 0xcc, 0xce, 0xff, 0x20, 0x0,
    0x0, 0x9, 0xff, 0xff, 0xff, 0xff, 0xff, 0xff,
    0x20, 0x0, 0x0, 0x9, 0xff, 0x22, 0x22, 0x22,
    0x28, 0xff, 0x20, 0x0, 0x0, 0x9, 0xff, 0xff,
    0xff, 0xff, 0xff, 0xff, 0x20, 0x0, 0x0, 0x9,
    0xff, 0xff, 0xff, 0xff, 0xff, 0xff, 0x20, 0x0,
    0x16, 0x6b, 0xff, 0x22, 0x22, 0x22, 0x28, 0xff,
    0x76, 0x61, 0x3f, 0xff, 0xff, 0xff, 0xff, 0xff,
    0xff, 0xff, 0xff, 0xf3, 0x3f, 0xff, 0xff, 0xff,
    0xff, 0xff, 0xff, 0xff, 0xff, 0xf3, 0x0, 0x9f,
    0xf3, 0x0, 0x37, 0x70, 0x0, 0xaf, 0xf5, 0x0,
    0x2c, 0xff, 0xff, 0xff, 0xff, 0xff, 0xff, 0xff,
    0xff, 0xb2, 0x4f, 0xf8, 0xef, 0xff, 0xff, 0xff,
    0xff, 0xf9, 0xdf, 0xf4, 0x4e, 0x60, 0x45, 0x55,
    0x9f, 0xf5, 0x55, 0x52, 0x8, 0xf4, 0x13, 0x55,
    0x55, 0x55, 0x9f, 0xf5, 0x55, 0x55, 0x55, 0x21,
    0x9, 0xff, 0xff, 0xff, 0xff, 0xff, 0xff, 0xff,
    0xff, 0x20, 0x9, 0xff, 0xff, 0xff, 0xff, 0xff,
    0xff, 0xff, 0xff, 0x20,

    /* U+585E "塞" */
    0xd, 0xff, 0xff, 0xff, 0xff, 0xff, 0xff, 0xff,
    0xff, 0xd0, 0xd, 0xff, 0xff, 0xff, 0xff, 0xff,
    0xff, 0xff, 0xff, 0xd0, 0xd, 0xfc, 0x11, 0xff,
    0x91, 0x19, 0xff, 0x11, 0xcf, 0xd0, 0x5, 0xec,
    0x22, 0xff, 0x92, 0x29, 0xff, 0x22, 0xce, 0x50,
    0x0, 0xcf, 0xff, 0xff, 0xff, 0xff, 0xff, 0xff,
    0xfc, 0x0, 0x0, 0x8a, 0xaa, 0xff, 0xda, 0xad,
    0xff, 0xaa, 0xa8, 0x0, 0x0, 0x7a, 0xaa, 0xff,
    0xda, 0xad, 0xff, 0xaa, 0xa7, 0x0, 0x0, 0xcf,
    0xff, 0xff, 0xff, 0xff, 0xff, 0xff, 0xfc, 0x0,
    0x2, 0x44, 0x44, 0xff, 0xa4, 0x4a, 0xff, 0x44,
    0x44, 0x20, 0xf, 0xff, 0xff, 0xff, 0xff, 0xff,
    0xff, 0xff, 0xff, 0xf0, 0xf, 0xff, 0xff, 0xff,
    0xff, 0xff, 0xff, 0xff, 0xff, 0xf0, 0x0, 0x2e,
    0xfd, 0x0, 0x29, 0x92, 0x0, 0xdf, 0xe2, 0x0,
    0x9, 0xff, 0xff, 0xff, 0xff, 0xff, 0xff, 0xff,
    0xff, 0x90, 0x3f, 0xfd, 0xef, 0xff, 0xff, 0xff,
    0xff, 0xfe, 0xdf, 0xf3, 0x3f, 0x90, 0x34, 0x44,
    0x7f, 0xf7, 0x44, 0x43, 0x9, 0xf3, 0x11, 0x45,
    0x55, 0x55, 0x8f, 0xf8, 0x55, 0x55, 0x54, 0x11,
    0x0, 0xef, 0xff, 0xff, 0xff, 0xff, 0xff, 0xff,
    0xfe, 0x0, 0x0, 0xef, 0xff, 0xff, 0xff, 0xff,
    0xff, 0xff, 0xfe, 0x0,

    /* U+5883 "境" */
    0x0, 0x2f, 0xf6, 0x9, 0xff, 0xff, 0xff, 0xff,
    0xff, 0xb0, 0x0, 0x2f, 0xf6, 0x9, 0xff, 0xff,
    0xff, 0xff, 0xff, 0xb0, 0x0, 0x2f, 0xf6, 0x0,
    0x2f, 0xfa, 0x11, 0x5f, 0xf3, 0x0, 0x0, 0x3f,
    0xf6, 0x3, 0x3f, 0xfe, 0x55, 0x9f, 0xf4, 0x30,
    0xf, 0xff, 0xff, 0xbd, 0xff, 0xff, 0xff, 0xff,
    0xff, 0xf0, 0xf, 0xff, 0xff, 0xba, 0xdd, 0xdd,
    0xdd, 0xdd, 0xdd, 0xd0, 0x8, 0xaf, 0xfb, 0x62,
    0x55, 0x55, 0x55, 0x55, 0x55, 0x30, 0x0, 0x2f,
    0xf6, 0x8, 0xff, 0xff, 0xff, 0xff, 0xff, 0xa0,
    0x0, 0x2f, 0xf6, 0x8, 0xff, 0x88, 0x88, 0x88,
    0xff, 0xa0, 0x0, 0x2f, 0xf6, 0x8, 0xff, 0xaa,
    0xaa, 0xaa, 0xff, 0xa0, 0x0, 0x2f, 0xf6, 0x8,
    0xff, 0xff, 0xff, 0xff, 0xff, 0xa0, 0x0, 0x2f,
    0xf6, 0x8, 0xff, 0x21, 0x11, 0x11, 0xff, 0xa0,
    0x0, 0x2f, 0xf8, 0x58, 0xff, 0xff, 0xff, 0xff,
    0xff, 0xa0, 0x6, 0xaf, 0xff, 0xd6, 0xcf, 0xff,
    0xcd, 0xff, 0xdc, 0x70, 0x1f, 0xff, 0xff, 0xd0,
    0x1f, 0xfd, 0x4, 0xff, 0x30, 0x0, 0x1f, 0xda,
    0x74, 0x10, 0x8f, 0xf7, 0x4, 0xff, 0x97, 0x73,
    0x0, 0x0, 0x0, 0x4, 0xff, 0xd0, 0x4, 0xff,
    0xff, 0xf6, 0x0, 0x0, 0x0, 0x4f, 0xff, 0x30,
    0x4, 0xff, 0xff, 0xf6, 0x0, 0x0, 0x0, 0x0,
    0x0, 0x0, 0x0, 0x0, 0x0, 0x0,

    /* U+589E "增" */
    0x0, 0x1f, 0xf6, 0x0, 0x1f, 0xf8, 0x0, 0xe,
    0xfd, 0x0, 0x1, 0xff, 0x60, 0x37, 0xef, 0xe7,
    0x79, 0xff, 0xb7, 0x0, 0x1f, 0xf6, 0x6, 0xff,
    0xff, 0xff, 0xff, 0xff, 0xf0, 0x2, 0xff, 0x70,
    0x6f, 0xf9, 0x9e, 0xf9, 0x9b, 0xff, 0xe, 0xff,
    0xff, 0xf8, 0xfe, 0xb8, 0xbf, 0x3f, 0xaf, 0xf0,
    0xef, 0xff, 0xff, 0x8f, 0xe9, 0xcb, 0xf7, 0xf7,
    0xff, 0x9, 0xaf, 0xfc, 0xa7, 0xfe, 0x4c, 0xbf,
    0x8b, 0x6f, 0xf0, 0x1, 0xff, 0x60, 0x6f, 0xfc,
    0xce, 0xfc, 0xcd, 0xff, 0x0, 0x1f, 0xf6, 0x6,
    0xff, 0xff, 0xff, 0xff, 0xff, 0xf0, 0x1, 0xff,
    0x60, 0x13, 0x33, 0x33, 0x33, 0x33, 0x33, 0x0,
    0x1f, 0xf6, 0x0, 0xef, 0xff, 0xff, 0xff, 0xff,
    0x70, 0x1, 0xff, 0x60, 0xf, 0xff, 0xee, 0xee,
    0xef, 0xf8, 0x0, 0x1f, 0xfb, 0xb3, 0xff, 0x90,
    0x0, 0x1, 0xff, 0x80, 0xbe, 0xff, 0xff, 0x3f,
    0xff, 0xff, 0xff, 0xff, 0xf8, 0xf, 0xff, 0xff,
    0xf3, 0xff, 0xec, 0xcc, 0xcc, 0xff, 0x80, 0xff,
    0xc9, 0x52, 0xf, 0xf9, 0x0, 0x0, 0x1f, 0xf8,
    0x3, 0x0, 0x0, 0x0, 0xff, 0xfd, 0xdd, 0xdd,
    0xff, 0x80, 0x0, 0x0, 0x0, 0xf, 0xff, 0xff,
    0xff, 0xff, 0xf8,

    /* U+58F0 "声" */
    0x3f, 0xff, 0xff, 0xff, 0xff, 0xff, 0xff, 0xff,
    0xff, 0xf3, 0x3f, 0xff, 0xff, 0xff, 0xff, 0xff,
    0xff, 0xff, 0xff, 0xf3, 0x16, 0x66, 0x66, 0x66,
    0x9f, 0xf9, 0x66, 0x66, 0x66, 0x61, 0x1, 0x99,
    0x99, 0x99, 0xbf, 0xfb, 0x99, 0x99, 0x99, 0x10,
    0x3, 0xff, 0xff, 0xff, 0xff, 0xff, 0xff, 0xff,
    0xff, 0x30, 0x2, 0xee, 0xee, 0xee, 0xee, 0xee,
    0xee, 0xee, 0xee, 0x20, 0x0, 0x1, 0x11, 0x11,
    0x11, 0x11, 0x11, 0x11, 0x11, 0x0, 0x0, 0xaf,
    0xff, 0xff, 0xff, 0xff, 0xff, 0xff, 0xff, 0x50,
    0x0, 0xaf, 0xff, 0xff, 0xff, 0xff, 0xff, 0xff,
    0xff, 0x50, 0x0, 0xaf, 0xe5, 0x55, 0x5d, 0xfd,
    0x55, 0x58, 0xff, 0x50, 0x0, 0xbf, 0xe3, 0x33,
    0x3d, 0xfd, 0x33, 0x36, 0xff, 0x50, 0x0, 0xbf,
    0xff, 0xff, 0xff, 0xff, 0xff, 0xff, 0xff, 0x50,
    0x0, 0xdf, 0xff, 0xff, 0xff, 0xff, 0xff, 0xff,
    0xff, 0x50, 0x0, 0xff, 0xa3, 0x33, 0x33, 0x33,
    0x33, 0x33, 0x33, 0x10, 0x3, 0xff, 0x60, 0x0,
    0x0, 0x0, 0x0, 0x0, 0x0, 0x0, 0x7, 0xff,
    0x30, 0x0, 0x0, 0x0, 0x0, 0x0, 0x0, 0x0,
    0xd, 0xfe, 0x0, 0x0, 0x0, 0x0, 0x0, 0x0,
    0x0, 0x0, 0x3f, 0xfa, 0x0, 0x0, 0x0, 0x0,
    0x0, 0x0, 0x0, 0x0,

    /* U+5904 "处" */
    0x0, 0xb, 0xff, 0x0, 0x0, 0x1, 0xff, 0x80,
    0x0, 0x0, 0x0, 0xe, 0xfd, 0x11, 0x11, 0x1,
    0xff, 0x80, 0x0, 0x0, 0x0, 0x1f, 0xff, 0xff,
    0xff, 0x31, 0xff, 0x8c, 0xea, 0x0, 0x0, 0x5f,
    0xff, 0xff, 0xff, 0x11, 0xff, 0x8a, 0xff, 0x0,
    0x0, 0x9f, 0xf8, 0x8c, 0xff, 0x1, 0xff, 0x86,
    0xff, 0x30, 0x0, 0xef, 0xd0, 0xb, 0xfe, 0x1,
    0xff, 0x82, 0xff, 0x50, 0x4, 0xff, 0x80, 0xd,
    0xfc, 0x1, 0xff, 0x80, 0xff, 0x80, 0xb, 0xff,
    0x20, 0xf, 0xf9, 0x1, 0xff, 0x80, 0xdf, 0xa0,
    0x1b, 0xb9, 0x0, 0x4f, 0xf5, 0x1, 0xff, 0x80,
    0xbf, 0xc0, 0x2, 0x55, 0x40, 0xaf, 0xf1, 0x1,
    0xff, 0x80, 0x9f, 0xe0, 0x0, 0xbf, 0xfb, 0xef,
    0xc0, 0x1, 0xff, 0x80, 0x7f, 0xf0, 0x0, 0xb,
    0xff, 0xff, 0x60, 0x1, 0xff, 0x80, 0x6f, 0xf0,
    0x0, 0x0, 0xaf, 0xff, 0x20, 0x1, 0xff, 0x80,
    0x0, 0x0, 0x0, 0x0, 0x8f, 0xff, 0xc0, 0x1,
    0xff, 0x80, 0x0, 0x0, 0x0, 0x3, 0xff, 0xff,
    0xfb, 0x0, 0x99, 0x40, 0x0, 0x0, 0x0, 0xd,
    0xff, 0x7d, 0xff, 0xdb, 0xbb, 0xbb, 0xbb, 0xb1,
    0x0, 0xbf, 0xfb, 0x2, 0xef, 0xff, 0xff, 0xff,
    0xff, 0xf2, 0x9, 0xff, 0xe1, 0x0, 0x3f, 0xff,
    0xff, 0xff, 0xff, 0xf2, 0x3, 0x33, 0x10, 0x0,
    0x0, 0x0, 0x0, 0x0, 0x0, 0x0,

    /* U+5907 "备" */
    0x0, 0x6, 0xff, 0xff, 0xff, 0xff, 0xff, 0xfe,
    0x0, 0x0, 0x6f, 0xff, 0xff, 0xff, 0xff, 0xff,
    0xf6, 0x0, 0x1c, 0xff, 0xff, 0xe6, 0x66, 0x6e,
    0xff, 0xc0, 0x0, 0x3f, 0xff, 0xff, 0xfc, 0x11,
    0xcf, 0xfe, 0x10, 0x0, 0x3e, 0x92, 0x2e, 0xff,
    0xee, 0xff, 0xe2, 0x0, 0x0, 0x0, 0x0, 0x3,
    0xff, 0xff, 0xff, 0x30, 0x0, 0x0, 0x0, 0x37,
    0xbf, 0xff, 0xff, 0xff, 0xfb, 0x73, 0x0, 0xcf,
    0xff, 0xff, 0xfe, 0x88, 0xef, 0xff, 0xff, 0xfd,
    0xff, 0xff, 0xea, 0x50, 0x0, 0x5, 0xae, 0xff,
    0xff, 0xce, 0xff, 0xff, 0xff, 0xff, 0xff, 0xff,
    0xff, 0xec, 0xa, 0xff, 0xff, 0xff, 0xff, 0xff,
    0xff, 0xff, 0xa0, 0xa, 0xff, 0x44, 0x47, 0xff,
    0x74, 0x44, 0xff, 0xa0, 0xa, 0xff, 0x33, 0x37,
    0xff, 0x73, 0x33, 0xff, 0xa0, 0xa, 0xff, 0xff,
    0xff, 0xff, 0xff, 0xff, 0xff, 0xa0, 0xa, 0xff,
    0xbb, 0xbc, 0xff, 0xcb, 0xbb, 0xff, 0xa0, 0xa,
    0xff, 0x44, 0x47, 0xff, 0x74, 0x44, 0xff, 0xa0,
    0xa, 0xff, 0xff, 0xff, 0xff, 0xff, 0xff, 0xff,
    0xa0, 0xa, 0xff, 0xff, 0xff, 0xff, 0xff, 0xff,
    0xff, 0xa0,

    /* U+590D "复" */
    0x0, 0x9, 0xff, 0xff, 0xff, 0xff, 0xff, 0xff,
    0xff, 0x20, 0x0, 0x4f, 0xff, 0xff, 0xff, 0xff,
    0xff, 0xff, 0xff, 0x20, 0x6, 0xff, 0xe6, 0x66,
    0x66, 0x66, 0x66, 0x66, 0x66, 0x0, 0xf, 0xff,
    0xfd, 0xdd, 0xdd, 0xdd, 0xdd, 0xdd, 0xd0, 0x0,
    0xf, 0xff, 0xff, 0xff, 0xff, 0xff, 0xff, 0xff,
    0xf1, 0x0, 0x9, 0x2f, 0xf9, 0x22, 0x22, 0x22,
    0x22, 0x9f, 0xf1, 0x0, 0x0, 0x1f, 0xff, 0xff,
    0xff, 0xff, 0xff, 0xff, 0xf1, 0x0, 0x0, 0x1f,
    0xfe, 0xcc, 0xcc, 0xcc, 0xcc, 0xef, 0xf1, 0x0,
    0x0, 0x1f, 0xfb, 0x66, 0x66, 0x66, 0x66, 0xbf,
    0xf1, 0x0, 0x0, 0x1f, 0xff, 0xff, 0xff, 0xff,
    0xff, 0xff, 0xf1, 0x0, 0x0, 0x9, 0x99, 0x99,
    0x99, 0x99, 0x99, 0x99, 0x90, 0x0, 0x0, 0x0,
    0xaf, 0xff, 0xff, 0xff, 0xff, 0xff, 0xe4, 0x0,
    0x1, 0x7e, 0xff, 0xff, 0xff, 0xff, 0xff, 0xff,
    0x80, 0x0, 0x9, 0xff, 0xff, 0xff, 0x81, 0x18,
    0xff, 0xf7, 0x0, 0x0, 0x8, 0xc8, 0x13, 0xdf,
    0xff, 0xff, 0xfd, 0x30, 0x0, 0x0, 0x1, 0x35,
    0x8b, 0xef, 0xff, 0xff, 0xfe, 0xb8, 0x53, 0x10,
    0x1f, 0xff, 0xff, 0xff, 0xc8, 0x8c, 0xff, 0xff,
    0xff, 0xf1, 0x1f, 0xec, 0xa7, 0x41, 0x0, 0x0,
    0x14, 0x7a, 0xce, 0xf1, 0x0, 0x0, 0x0, 0x0,
    0x0, 0x0, 0x0, 0x0, 0x0, 0x0,

    /* U+5916 "外" */
    0x0, 0xd, 0xfe, 0x0, 0x0, 0x1, 0xff, 0x80,
    0x0, 0x0, 0x0, 0xf, 0xfd, 0x22, 0x22, 0x1,
    0xff, 0x80, 0x0, 0x0, 0x0, 0x1f, 0xff, 0xff,
    0xff, 0x21, 0xff, 0x80, 0x0, 0x0, 0x0, 0x4f,
    0xff, 0xff, 0xff, 0x21, 0xff, 0x8b, 0xc6, 0x0,
    0x0, 0x7f, 0xf8, 0x6a, 0xff, 0x11, 0xff, 0x8b,
    0xfc, 0x0, 0x0, 0xaf, 0xf1, 0x8, 0xff, 0x11,
    0xff, 0x87, 0xff, 0x0, 0x0, 0xef, 0xd0, 0xa,
    0xff, 0x1, 0xff, 0x84, 0xff, 0x20, 0x2, 0xff,
    0xfa, 0x2d, 0xfd, 0x1, 0xff, 0x81, 0xff, 0x50,
    0x7, 0xff, 0xff, 0xff, 0xfb, 0x1, 0xff, 0x80,
    0xef, 0x80, 0xc, 0xff, 0xdf, 0xff, 0xf7, 0x1,
    0xff, 0x80, 0xcf, 0xa0, 0x1f, 0xfc, 0x6, 0xef,
    0xf4, 0x1, 0xff, 0x80, 0xaf, 0xc0, 0x27, 0x73,
    0x0, 0xef, 0xe0, 0x1, 0xff, 0x80, 0x9f, 0xd0,
    0x0, 0x0, 0x6, 0xff, 0x90, 0x1, 0xff, 0x80,
    0x8f, 0xe0, 0x0, 0x0, 0x1e, 0xff, 0x20, 0x1,
    0xff, 0x80, 0x7f, 0xf0, 0x0, 0x0, 0x9f, 0xfa,
    0x0, 0x1, 0xff, 0x80, 0x0, 0x0, 0x0, 0x4,
    0xff, 0xf1, 0x0, 0x1, 0xff, 0x80, 0x0, 0x0,
    0x0, 0x2e, 0xff, 0x60, 0x0, 0x1, 0xff, 0x80,
    0x0, 0x0, 0x0, 0xdf, 0xfa, 0x0, 0x0, 0x1,
    0xff, 0x80, 0x0, 0x0,

    /* U+591A "多" */
    0x0, 0x0, 0x7, 0xff, 0xff, 0xff, 0xff, 0xff,
    0xd0, 0x0, 0x0, 0x4f, 0xff, 0xff, 0xff, 0xff,
    0xff, 0x90, 0x0, 0x5, 0xff, 0xf9, 0x77, 0x77,
    0x8f, 0xff, 0x20, 0x2, 0xaf, 0xff, 0xf9, 0x70,
    0x0, 0x9f, 0xfa, 0x0, 0xd, 0xff, 0xf8, 0x9f,
    0xf3, 0x8, 0xff, 0xe1, 0x0, 0xd, 0xfb, 0x30,
    0x1e, 0xfd, 0xcf, 0xff, 0x30, 0x0, 0x5, 0x20,
    0x0, 0x3b, 0xff, 0xff, 0xd2, 0x0, 0x0, 0x48,
    0x9b, 0xdf, 0xff, 0xff, 0xf7, 0x0, 0x0, 0x0,
    0x9f, 0xff, 0xff, 0xff, 0xfe, 0x98, 0x88, 0x88,
    0x83, 0x8d, 0xcb, 0x9f, 0xff, 0xff, 0xff, 0xff,
    0xff, 0xf2, 0x0, 0x1, 0xbf, 0xff, 0xff, 0xff,
    0xff, 0xff, 0xc0, 0x0, 0x7e, 0xff, 0xf6, 0x53,
    0x0, 0x1d, 0xff, 0x40, 0xf, 0xff, 0xfa, 0x2e,
    0xfe, 0x12, 0xcf, 0xf9, 0x0, 0xf, 0xfc, 0x40,
    0x5, 0xff, 0xcf, 0xff, 0xb0, 0x0, 0x8, 0x30,
    0x0, 0x25, 0xff, 0xff, 0xf9, 0x0, 0x0, 0x67,
    0x8a, 0xcf, 0xff, 0xff, 0xfc, 0x40, 0x0, 0x0,
    0xff, 0xff, 0xff, 0xff, 0xe9, 0x30, 0x0, 0x0,
    0x0, 0xff, 0xfd, 0xb9, 0x62, 0x0, 0x0, 0x0,
    0x0, 0x0, 0x10, 0x0, 0x0, 0x0, 0x0, 0x0,
    0x0, 0x0, 0x0,

    /* U+591C "夜" */
    0xf, 0xff, 0xff, 0xff, 0xff, 0xff, 0xff, 0xff,
    0xff, 0xf0, 0xff, 0xff, 0xff, 0xff, 0xff, 0xff,
    0xff, 0xff, 0xff, 0x8, 0x88, 0x88, 0x88, 0x88,
    0x88, 0x88, 0x88, 0x88, 0x80, 0x0, 0x3, 0x31,
    0x0, 0x0, 0x0, 0x0, 0x0, 0x0, 0x0, 0x4,
    0xff, 0x60, 0x5b, 0xbb, 0xbb, 0xbb, 0xbb, 0x50,
    0x0, 0xaf, 0xf1, 0xb, 0xff, 0xff, 0xff, 0xff,
    0xf4, 0x0, 0x2f, 0xfb, 0x0, 0xff, 0xe8, 0x88,
    0x8c, 0xff, 0x10, 0xb, 0xff, 0x60, 0x4f, 0xf8,
    0x4c, 0xa0, 0xbf, 0xd0, 0x6, 0xff, 0xf6, 0x9,
    0xff, 0xc2, 0xff, 0x2f, 0xf8, 0x3, 0xff, 0xff,
    0x60, 0xff, 0xff, 0x3e, 0xfc, 0xff, 0x30, 0x4f,
    0xff, 0xf6, 0x6f, 0xff, 0xfb, 0x37, 0xff, 0xb0,
    0x4, 0xfd, 0xff, 0x6b, 0xec, 0x8f, 0xf7, 0xcf,
    0xf3, 0x0, 0x4c, 0x3f, 0xf6, 0x0, 0x0, 0xdf,
    0xff, 0xf8, 0x0, 0x1, 0x3, 0xff, 0x60, 0x0,
    0x4, 0xff, 0xfe, 0x0, 0x0, 0x0, 0x3f, 0xf6,
    0x0, 0x18, 0xff, 0xff, 0xfd, 0x50, 0x0, 0x3,
    0xff, 0x62, 0xbf, 0xff, 0xfa, 0xdf, 0xff, 0xe9,
    0x0, 0x3f, 0xf6, 0x5f, 0xff, 0xd4, 0x0, 0x7e,
    0xff, 0xf0, 0x3, 0xff, 0x65, 0xfa, 0x40, 0x0,
    0x0, 0x6, 0xcf, 0x0, 0x0, 0x0, 0x0, 0x0,
    0x0, 0x0, 0x0, 0x0, 0x10,

    /* U+5927 "大" */
    0x0, 0x0, 0x0, 0x0, 0x5f, 0xf5, 0x0, 0x0,
    0x0, 0x0, 0x0, 0x0, 0x0, 0x0, 0x4f, 0xf5,
    0x0, 0x0, 0x0, 0x0, 0x0, 0x0, 0x0, 0x0,
    0x4f, 0xf5, 0x0, 0x0, 0x0, 0x0, 0x0, 0x0,
    0x0, 0x0, 0x4f, 0xf5, 0x0, 0x0, 0x0, 0x0,
    0xa, 0xaa, 0xaa, 0xaa, 0xbf, 0xfc, 0xaa, 0xaa,
    0xaa, 0xa0, 0xf, 0xff, 0xff, 0xff, 0xff, 0xff,
    0xff, 0xff, 0xff, 0xf0, 0xf, 0xff, 0xff, 0xff,
    0xff, 0xff, 0xff, 0xff, 0xff, 0xf0, 0x0, 0x0,
    0x0, 0x0, 0x8f, 0xf8, 0x0, 0x0, 0x0, 0x0,
    0x0, 0x0, 0x0, 0x0, 0xdf, 0xfe, 0x0, 0x0,
    0x0, 0x0, 0x0, 0x0, 0x0, 0x4, 0xff, 0xff,
    0x50, 0x0, 0x0, 0x0, 0x0, 0x0, 0x0, 0xd,
    0xff, 0xff, 0xd0, 0x0, 0x0, 0x0, 0x0, 0x0,
    0x0, 0x8f, 0xfa, 0x9f, 0xf8, 0x0, 0x0, 0x0,
    0x0, 0x0, 0x6, 0xff, 0xf1, 0x1f, 0xff, 0x60,
    0x0, 0x0, 0x0, 0x0, 0x9f, 0xff, 0x60, 0x5,
    0xff, 0xf9, 0x0, 0x0, 0x0, 0x5e, 0xff, 0xf7,
    0x0, 0x0, 0x6f, 0xff, 0xe6, 0x0, 0xe, 0xff,
    0xff, 0x60, 0x0, 0x0, 0x6, 0xff, 0xff, 0xe0,
    0xf, 0xff, 0xb2, 0x0, 0x0, 0x0, 0x0, 0x2b,
    0xff, 0xf0, 0xf, 0xa3, 0x0, 0x0, 0x0, 0x0,
    0x0, 0x0, 0x3a, 0xf0, 0x0, 0x0, 0x0, 0x0,
    0x0, 0x0, 0x0, 0x0, 0x0, 0x0,

    /* U+5929 "天" */
    0x1, 0xff, 0xff, 0xff, 0xff, 0xff, 0xff, 0xff,
    0xff, 0x10, 0x1, 0xff, 0xff, 0xff, 0xff, 0xff,
    0xff, 0xff, 0xff, 0x10, 0x0, 0x99, 0x99, 0x99,
    0xbf, 0xfb, 0x99, 0x99, 0x99, 0x0, 0x0, 0x0,
    0x0, 0x0, 0x5f, 0xf5, 0x0, 0x0, 0x0, 0x0,
    0x0, 0x0, 0x0, 0x0, 0x5f, 0xf5, 0x0, 0x0,
    0x0, 0x0, 0x0, 0x0, 0x0, 0x0, 0x5f, 0xf5,
    0x0, 0x0, 0x0, 0x0, 0x8, 0x88, 0x88, 0x88,
    0xbf, 0xfb, 0x88, 0x88, 0x88, 0x80, 0xf, 0xff,
    0xff, 0xff, 0xff, 0xff, 0xff, 0xff, 0xff, 0xf0,
    0xf, 0xff, 0xff, 0xff, 0xff, 0xff, 0xff, 0xff,
    0xff, 0xf0, 0x0, 0x0, 0x0, 0x2, 0xff, 0xff,
    0x20, 0x0, 0x0, 0x0, 0x0, 0x0, 0x0, 0xa,
    0xff, 0xff, 0xa0, 0x0, 0x0, 0x0, 0x0, 0x0,
    0x0, 0x5f, 0xfd, 0xdf, 0xf5, 0x0, 0x0, 0x0,
    0x0, 0x0, 0x3, 0xff, 0xf3, 0x3f, 0xff, 0x30,
    0x0, 0x0, 0x0, 0x0, 0x7f, 0xff, 0x80, 0x8,
    0xff, 0xf6, 0x0, 0x0, 0x0, 0x5d, 0xff, 0xf8,
    0x0, 0x0, 0x9f, 0xff, 0xd5, 0x0, 0xe, 0xff,
    0xff, 0x70, 0x0, 0x0, 0x7, 0xff, 0xff, 0xe0,
    0xf, 0xff, 0xb2, 0x0, 0x0, 0x0, 0x0, 0x2b,
    0xff, 0xf0, 0xe, 0x92, 0x0, 0x0, 0x0, 0x0,
    0x0, 0x0, 0x29, 0xe0, 0x0, 0x0, 0x0, 0x0,
    0x0, 0x0, 0x0, 0x0, 0x0, 0x0,

    /* U+5931 "失" */
    0x0, 0x4f, 0xf5, 0x0, 0x5f, 0xf5, 0x0, 0x0,
    0x0, 0x0, 0x0, 0x6f, 0xf9, 0x88, 0xaf, 0xfa,
    0x88, 0x88, 0x88, 0x10, 0x0, 0x9f, 0xff, 0xff,
    0xff, 0xff, 0xff, 0xff, 0xff, 0x20, 0x0, 0xef,
    0xff, 0xff, 0xff, 0xff, 0xff, 0xff, 0xff, 0x20,
    0x3, 0xff, 0x90, 0x0, 0x5f, 0xf6, 0x0, 0x0,
    0x0, 0x0, 0x9, 0xff, 0x40, 0x0, 0x5f, 0xf5,
    0x0, 0x0, 0x0, 0x0, 0x4, 0x55, 0x0, 0x0,
    0x5f, 0xf5, 0x0, 0x0, 0x0, 0x0, 0x19, 0x99,
    0x99, 0x99, 0xbf, 0xfb, 0x99, 0x99, 0x99, 0x91,
    0x2f, 0xff, 0xff, 0xff, 0xff, 0xff, 0xff, 0xff,
    0xff, 0xf2, 0x2f, 0xff, 0xff, 0xff, 0xff, 0xff,
    0xff, 0xff, 0xff, 0xf2, 0x0, 0x0, 0x0, 0x6,
    0xff, 0xff, 0x60, 0x0, 0x0, 0x0, 0x0, 0x0,
    0x0, 0x1e, 0xff, 0xff, 0xe1, 0x0, 0x0, 0x0,
    0x0, 0x0, 0x1, 0xdf, 0xf7, 0x7f, 0xfd, 0x10,
    0x0, 0x0, 0x0, 0x0, 0x2d, 0xff, 0xc0, 0xc,
    0xff, 0xd2, 0x0, 0x0, 0x0, 0x29, 0xff, 0xfc,
    0x10, 0x1, 0xcf, 0xff, 0x92, 0x0, 0xc, 0xff,
    0xff, 0xb0, 0x0, 0x0, 0xb, 0xff, 0xff, 0xc0,
    0xf, 0xff, 0xd5, 0x0, 0x0, 0x0, 0x0, 0x5d,
    0xff, 0xf0, 0xf, 0xb5, 0x0, 0x0, 0x0, 0x0,
    0x0, 0x0, 0x5b, 0xf0, 0x0, 0x0, 0x0, 0x0,
    0x0, 0x0, 0x0, 0x0, 0x0, 0x0,

    /* U+5934 "头" */
    0x0, 0x1, 0x83, 0x0, 0x0, 0x9f, 0xf0, 0x0,
    0x0, 0x0, 0x0, 0x2f, 0xfe, 0x94, 0x9, 0xff,
    0x0, 0x0, 0x0, 0x0, 0x1, 0xff, 0xff, 0xf8,
    0x9f, 0xf0, 0x0, 0x0, 0x0, 0x20, 0x1, 0x6b,
    0xff, 0x89, 0xff, 0x0, 0x0, 0x0, 0xd, 0xe9,
    0x30, 0x0, 0x55, 0x9f, 0xf0, 0x0, 0x0, 0x0,
    0xdf, 0xff, 0xe8, 0x0, 0x9, 0xff, 0x0, 0x0,
    0x0, 0x5, 0xbf, 0xff, 0xd0, 0x0, 0x9f, 0xf0,
    0x0, 0x0, 0x0, 0x0, 0x5, 0xac, 0x0, 0x9,
    0xff, 0x0, 0x0, 0x0, 0x0, 0x0, 0x0, 0x0,
    0x0, 0x9f, 0xf0, 0x0, 0x0, 0x9, 0x99, 0x99,
    0x99, 0x99, 0x9d, 0xff, 0x99, 0x99, 0x90, 0xff,
    0xff, 0xff, 0xff, 0xff, 0xff, 0xff, 0xff, 0xff,
    0xf, 0xff, 0xff, 0xff, 0xff, 0xff, 0xff, 0xff,
    0xff, 0xf0, 0x0, 0x0, 0x0, 0x1, 0x7e, 0xff,
    0xff, 0x50, 0x0, 0x0, 0x0, 0x0, 0x3a, 0xff,
    0xff, 0xdf, 0xff, 0x70, 0x0, 0x0, 0x38, 0xdf,
    0xff, 0xfd, 0x60, 0x3e, 0xff, 0x50, 0x6, 0xef,
    0xff, 0xff, 0xc5, 0x0, 0x0, 0x2e, 0xfe, 0x10,
    0x9f, 0xff, 0xe9, 0x30, 0x0, 0x0, 0x0, 0x4f,
    0xf8, 0x9, 0xe9, 0x40, 0x0, 0x0, 0x0, 0x0,
    0x0, 0xbf, 0xe0, 0x10, 0x0, 0x0, 0x0, 0x0,
    0x0, 0x0, 0x0, 0x0, 0x0,

    /* U+5947 "奇" */
    0x9, 0xff, 0xff, 0xff, 0xff, 0xff, 0xff, 0xff,
    0xff, 0x90, 0x9, 0xff, 0xff, 0xff, 0xff, 0xff,
    0xff, 0xff, 0xff, 0x90, 0x3, 0x66, 0x66, 0xaf,
    0xff, 0xff, 0xf9, 0x66, 0x66, 0x30, 0x0, 0x0,
    0x3a, 0xff, 0xf9, 0x9f, 0xff, 0xa3, 0x0, 0x0,
    0x5, 0xbe, 0xff, 0xff, 0x80, 0x8, 0xff, 0xff,
    0xeb, 0x50, 0x9, 0xff, 0xff, 0xc3, 0x0, 0x0,
    0x3c, 0xff, 0xff, 0x90, 0x9, 0xfc, 0x82, 0x0,
    0x0, 0x0, 0x0, 0x28, 0xcf, 0x90, 0x3f, 0xff,
    0xff, 0xff, 0xff, 0xff, 0xff, 0xff, 0xff, 0xf3,
    0x3f, 0xff, 0xff, 0xff, 0xff, 0xff, 0xff, 0xff,
    0xff, 0xf3, 0x18, 0x88, 0x88, 0x88, 0x88, 0x88,
    0x88, 0xaf, 0xfb, 0x81, 0x0, 0x4, 0x44, 0x44,
    0x44, 0x44, 0x20, 0x3f, 0xf6, 0x0, 0x0, 0x2f,
    0xff, 0xff, 0xff, 0xff, 0xa0, 0x3f, 0xf6, 0x0,
    0x0, 0x2f, 0xff, 0xff, 0xff, 0xff, 0xa0, 0x3f,
    0xf6, 0x0, 0x0, 0x2f, 0xf6, 0x0, 0x0, 0xef,
    0xa0, 0x3f, 0xf6, 0x0, 0x0, 0x2f, 0xf9, 0x44,
    0x44, 0xff, 0xa0, 0x3f, 0xf6, 0x0, 0x0, 0x2f,
    0xff, 0xff, 0xff, 0xff, 0xa7, 0xaf, 0xf6, 0x0,
    0x0, 0x2e, 0xee, 0xee, 0xee, 0xee, 0x9d, 0xff,
    0xf6, 0x0, 0x0, 0x0, 0x0, 0x0, 0x0, 0x0,
    0xd, 0xff, 0xf6, 0x0,

    /* U+597D "好" */
    0x4, 0xff, 0x70, 0x0, 0x6f, 0xff, 0xff, 0xff,
    0xf2, 0x0, 0x7f, 0xf5, 0x0, 0x6, 0xff, 0xff,
    0xff, 0xfd, 0x0, 0xad, 0xff, 0xba, 0xa6, 0x39,
    0x99, 0x9b, 0xff, 0x90, 0xf, 0xff, 0xff, 0xff,
    0x90, 0x0, 0x0, 0x7f, 0xf4, 0x0, 0xff, 0xff,
    0xff, 0xf8, 0x0, 0x0, 0xd, 0xfe, 0x0, 0x0,
    0xff, 0x60, 0xdf, 0x80, 0x0, 0x5, 0xff, 0x60,
    0x0, 0x2f, 0xf4, 0xf, 0xf7, 0x0, 0x0, 0xef,
    0xe0, 0x0, 0x5, 0xff, 0x11, 0xff, 0x9f, 0xff,
    0xff, 0xff, 0xff, 0xf6, 0x7f, 0xf0, 0x3f, 0xf7,
    0xff, 0xff, 0xff, 0xff, 0xff, 0x6a, 0xfd, 0x7,
    0xff, 0x3a, 0xaa, 0xaf, 0xfd, 0xaa, 0xa4, 0xcf,
    0xe3, 0xbf, 0xd0, 0x0, 0x0, 0xff, 0x90, 0x0,
    0xc, 0xff, 0xff, 0xf9, 0x0, 0x0, 0xf, 0xf9,
    0x0, 0x0, 0xa, 0xff, 0xff, 0x40, 0x0, 0x0,
    0xff, 0x90, 0x0, 0x0, 0x5, 0xff, 0xfe, 0x20,
    0x0, 0xf, 0xf9, 0x0, 0x0, 0x0, 0x5f, 0xff,
    0xf4, 0x0, 0x0, 0xff, 0x90, 0x0, 0x0, 0xe,
    0xff, 0x8f, 0x40, 0x89, 0x9f, 0xf9, 0x0, 0x0,
    0x8, 0xff, 0x70, 0x32, 0xd, 0xff, 0xff, 0x90,
    0x0, 0x3, 0xff, 0xe0, 0x0, 0x0, 0xdf, 0xff,
    0xf9, 0x0, 0x0,

    /* U+59CB "始" */
    0x0, 0x0, 0x0, 0x0, 0x0, 0x1, 0x10, 0x0,
    0x0, 0x0, 0x4f, 0xf7, 0x0, 0x0, 0x5, 0xff,
    0x60, 0x0, 0x0, 0x7, 0xff, 0x50, 0x0, 0x0,
    0xbf, 0xf0, 0x0, 0x0, 0xc, 0xef, 0xfd, 0xcc,
    0x20, 0x2f, 0xf9, 0x0, 0x0, 0x0, 0xff, 0xff,
    0xff, 0xf3, 0x9, 0xff, 0x20, 0x9b, 0x80, 0xd,
    0xff, 0xee, 0xff, 0x30, 0xff, 0xc0, 0xa, 0xff,
    0x0, 0xf, 0xf6, 0x3f, 0xf6, 0xaf, 0xfb, 0x77,
    0xbf, 0xf5, 0x2, 0xff, 0x44, 0xff, 0x9f, 0xff,
    0xff, 0xff, 0xff, 0xa0, 0x5f, 0xf2, 0x6f, 0xf7,
    0xff, 0xff, 0xff, 0xff, 0xff, 0x7, 0xff, 0x9,
    0xfe, 0x0, 0x0, 0x0, 0x0, 0x0, 0x0, 0x9f,
    0xd0, 0xcf, 0xb0, 0x67, 0x77, 0x77, 0x77, 0x72,
    0xc, 0xfd, 0x1f, 0xf8, 0xe, 0xff, 0xff, 0xff,
    0xff, 0x60, 0xdf, 0xfe, 0xff, 0x40, 0xef, 0xff,
    0xff, 0xff, 0xf6, 0x2, 0xcf, 0xff, 0xf0, 0xe,
    0xf6, 0x0, 0x0, 0xef, 0x60, 0x0, 0x9f, 0xff,
    0x90, 0xef, 0x60, 0x0, 0xe, 0xf6, 0x0, 0xa,
    0xff, 0xff, 0x2e, 0xf6, 0x0, 0x0, 0xef, 0x60,
    0x3, 0xff, 0xbb, 0xf2, 0xef, 0xb9, 0x99, 0x9f,
    0xf6, 0x0, 0xdf, 0xf2, 0x7, 0x2e, 0xff, 0xff,
    0xff, 0xff, 0x60, 0x8f, 0xf8, 0x0, 0x0, 0xcd,
    0xdd, 0xdd, 0xdd, 0xd5, 0x0,

    /* U+59D4 "委" */
    0x0, 0x0, 0x0, 0x0, 0x0, 0x0, 0x0, 0x1,
    0x20, 0x0, 0x0, 0x3c, 0xcd, 0xdd, 0xde, 0xef,
    0xff, 0xff, 0xf4, 0x0, 0x0, 0x4f, 0xff, 0xff,
    0xff, 0xff, 0xff, 0xff, 0xf4, 0x0, 0x0, 0x29,
    0x99, 0x98, 0xaf, 0xf9, 0x76, 0x54, 0x40, 0x0,
    0x0, 0x0, 0x0, 0x0, 0x5f, 0xf5, 0x0, 0x0,
    0x0, 0x0, 0xf, 0xff, 0xff, 0xff, 0xff, 0xff,
    0xff, 0xff, 0xff, 0xf0, 0xf, 0xff, 0xff, 0xff,
    0xff, 0xff, 0xff, 0xff, 0xff, 0xf0, 0x6, 0x67,
    0xff, 0xd6, 0x9f, 0xf9, 0x6d, 0xff, 0x76, 0x60,
    0x0, 0x1c, 0xff, 0x50, 0x4f, 0xf4, 0x5, 0xff,
    0xc1, 0x0, 0x9, 0xff, 0xf7, 0x0, 0x4e, 0xe4,
    0x0, 0x7f, 0xff, 0x90, 0x3f, 0xff, 0x60, 0x6b,
    0xb6, 0x0, 0x0, 0x6, 0xff, 0xf3, 0x3f, 0xff,
    0xff, 0xff, 0xff, 0xff, 0xff, 0xff, 0xff, 0xf3,
    0x0, 0xdf, 0xff, 0xff, 0xff, 0xff, 0xff, 0xff,
    0xfd, 0x0, 0x0, 0x56, 0x9f, 0xfe, 0x66, 0x66,
    0x6c, 0xff, 0xb5, 0x0, 0x0, 0x0, 0xcf, 0xfd,
    0x73, 0x0, 0x8f, 0xfe, 0x10, 0x0, 0x0, 0x3,
    0xff, 0xff, 0xff, 0xfe, 0xff, 0xe2, 0x0, 0x0,
    0x3, 0x55, 0x69, 0xef, 0xff, 0xff, 0xff, 0xfe,
    0xb7, 0x20, 0x9, 0xff, 0xff, 0xff, 0xff, 0xea,
    0xbf, 0xff, 0xff, 0x90, 0x9, 0xff, 0xed, 0xb9,
    0x63, 0x0, 0x0, 0x26, 0x9d, 0x90, 0x0, 0x0,
    0x0, 0x0, 0x0, 0x0, 0x0, 0x0, 0x0, 0x0,

    /* U+5A92 "媒" */
    0x0, 0x0, 0x0, 0x0, 0x22, 0x0, 0x0, 0x2,
    0x20, 0x0, 0x6f, 0xf3, 0x0, 0x3f, 0xf9, 0x33,
    0x39, 0xff, 0x30, 0x8, 0xff, 0x10, 0xe, 0xff,
    0xff, 0xff, 0xff, 0xff, 0xb, 0xef, 0xfc, 0xc9,
    0xef, 0xff, 0xff, 0xff, 0xff, 0xf0, 0xff, 0xff,
    0xff, 0xc3, 0xff, 0x70, 0x0, 0x7f, 0xf3, 0xd,
    0xff, 0xee, 0xfb, 0x1f, 0xff, 0xff, 0xff, 0xff,
    0x10, 0xf, 0xf4, 0x9f, 0xb1, 0xff, 0xfe, 0xee,
    0xff, 0xf1, 0x3, 0xff, 0x2a, 0xfa, 0x1f, 0xf8,
    0x0, 0x8, 0xff, 0x10, 0x5f, 0xf0, 0xcf, 0x91,
    0xff, 0xff, 0xff, 0xff, 0xf1, 0x7, 0xfe, 0xe,
    0xf7, 0x1f, 0xff, 0xff, 0xff, 0xff, 0x10, 0x9f,
    0xb1, 0xff, 0x40, 0x33, 0x3c, 0xfc, 0x33, 0x30,
    0xb, 0xfc, 0x5f, 0xf1, 0x78, 0x88, 0xef, 0xd8,
    0x88, 0x80, 0xdf, 0xff, 0xfd, 0xf, 0xff, 0xff,
    0xff, 0xff, 0xff, 0x12, 0xcf, 0xff, 0xa0, 0xef,
    0xff, 0xff, 0xff, 0xff, 0xf0, 0x0, 0xaf, 0xff,
    0xa0, 0xcf, 0x7a, 0xfa, 0x8f, 0xb0, 0x0, 0xd,
    0xff, 0xff, 0x2f, 0xf3, 0xaf, 0xa3, 0xff, 0x0,
    0x6, 0xff, 0x7b, 0xf7, 0xfe, 0xa, 0xfa, 0xf,
    0xf5, 0x1, 0xef, 0xd0, 0x7, 0xdf, 0x90, 0xaf,
    0xa0, 0xaf, 0xb0, 0xaf, 0xf5, 0x0, 0x2f, 0xf4,
    0xa, 0xfa, 0x4, 0xff, 0x10,

    /* U+5B50 "子" */
    0x0, 0xe, 0xff, 0xff, 0xff, 0xff, 0xff, 0xff,
    0xd0, 0x0, 0x0, 0xe, 0xff, 0xff, 0xff, 0xff,
    0xff, 0xff, 0x60, 0x0, 0x0, 0x8, 0x99, 0x99,
    0x99, 0x99, 0xaf, 0xfe, 0x0, 0x0, 0x0, 0x0,
    0x0, 0x0, 0x0, 0x0, 0x8f, 0xf7, 0x0, 0x0,
    0x0, 0x0, 0x0, 0x0, 0x0, 0x2, 0xff, 0xd0,
    0x0, 0x0, 0x0, 0x0, 0x0, 0x0, 0x0, 0xd,
    0xff, 0x30, 0x0, 0x0, 0x0, 0x0, 0x0, 0x0,
    0x0, 0xaf, 0xf8, 0x0, 0x0, 0x0, 0x1f, 0xff,
    0xff, 0xff, 0xff, 0xff, 0xff, 0xff, 0xff, 0xf8,
    0x1f, 0xff, 0xff, 0xff, 0xff, 0xff, 0xff, 0xff,
    0xff, 0xf8, 0xa, 0xaa, 0xaa, 0xaa, 0xac, 0xff,
    0xca, 0xaa, 0xaa, 0xa5, 0x0, 0x0, 0x0, 0x0,
    0x4, 0xff, 0x60, 0x0, 0x0, 0x0, 0x0, 0x0,
    0x0, 0x0, 0x4, 0xff, 0x60, 0x0, 0x0, 0x0,
    0x0, 0x0, 0x0, 0x0, 0x4, 0xff, 0x60, 0x0,
    0x0, 0x0, 0x0, 0x0, 0x0, 0x0, 0x4, 0xff,
    0x60, 0x0, 0x0, 0x0, 0x0, 0x0, 0x0, 0x0,
    0x4, 0xff, 0x60, 0x0, 0x0, 0x0, 0x0, 0x0,
    0x2, 0xaa, 0xab, 0xff, 0x60, 0x0, 0x0, 0x0,
    0x0, 0x0, 0x3, 0xff, 0xff, 0xff, 0x60, 0x0,
    0x0, 0x0, 0x0, 0x0, 0x3, 0xff, 0xff, 0xff,
    0x60, 0x0, 0x0, 0x0,

    /* U+5B54 "孔" */
    0xa, 0xff, 0xff, 0xff, 0xff, 0x89, 0xff, 0x10,
    0x0, 0x0, 0xa, 0xff, 0xff, 0xff, 0xff, 0x19,
    0xff, 0x10, 0x0, 0x0, 0x6, 0x99, 0x99, 0xcf,
    0xf8, 0x9, 0xff, 0x10, 0x0, 0x0, 0x0, 0x0,
    0x0, 0xdf, 0xf1, 0x9, 0xff, 0x10, 0x0, 0x0,
    0x0, 0x0, 0x5, 0xff, 0x80, 0x9, 0xff, 0x10,
    0x0, 0x0, 0x0, 0x0, 0xe, 0xff, 0x10, 0x9,
    0xff, 0x10, 0x0, 0x0, 0x0, 0x0, 0x1f, 0xf9,
    0x36, 0x69, 0xff, 0x10, 0x0, 0x0, 0x0, 0x14,
    0x8f, 0xff, 0xff, 0xc9, 0xff, 0x10, 0x0, 0x0,
    0xe, 0xff, 0xff, 0xff, 0xff, 0xc9, 0xff, 0x10,
    0x0, 0x0, 0xf, 0xff, 0xff, 0xff, 0xc9, 0x49,
    0xff, 0x10, 0x0, 0x0, 0xf, 0xda, 0x8f, 0xf7,
    0x0, 0x9, 0xff, 0x10, 0x1, 0x10, 0x0, 0x0,
    0x1f, 0xf7, 0x0, 0x9, 0xff, 0x10, 0x5f, 0xf3,
    0x0, 0x0, 0x1f, 0xf7, 0x0, 0x9, 0xff, 0x10,
    0x6f, 0xf2, 0x0, 0x0, 0x1f, 0xf7, 0x0, 0x9,
    0xff, 0x10, 0x7f, 0xf1, 0x0, 0x0, 0x1f, 0xf7,
    0x0, 0x9, 0xff, 0x10, 0x8f, 0xf0, 0x0, 0x89,
    0x9f, 0xf7, 0x0, 0x9, 0xff, 0xaa, 0xdf, 0xf0,
    0x0, 0xff, 0xff, 0xf7, 0x0, 0x9, 0xff, 0xff,
    0xff, 0xe0, 0x0, 0xff, 0xff, 0xf7, 0x0, 0x9,
    0xff, 0xff, 0xff, 0xd0,

    /* U+5B57 "字" */
    0x23, 0x33, 0x33, 0x37, 0xff, 0x73, 0x33, 0x33,
    0x32, 0xc, 0xff, 0xff, 0xff, 0xff, 0xff, 0xff,
    0xff, 0xff, 0xc0, 0xcf, 0xff, 0xff, 0xff, 0xff,
    0xff, 0xff, 0xff, 0xfc, 0xc, 0xfd, 0x44, 0x44,
    0x44, 0x44, 0x44, 0x44, 0xdf, 0xc0, 0xcf, 0xd0,
    0x0, 0x0, 0x0, 0x0, 0x0, 0xd, 0xfc, 0x1,
    0x26, 0xff, 0xff, 0xff, 0xff, 0xff, 0xff, 0x32,
    0x10, 0x0, 0x5f, 0xff, 0xff, 0xff, 0xff, 0xff,
    0x60, 0x0, 0x0, 0x2, 0x66, 0x66, 0x66, 0x69,
    0xff, 0xb0, 0x0, 0x0, 0x0, 0x0, 0x0, 0x0,
    0x2, 0xef, 0xe1, 0x0, 0x0, 0x8, 0x88, 0x88,
    0x88, 0x88, 0xdf, 0xfa, 0x88, 0x88, 0x80, 0xff,
    0xff, 0xff, 0xff, 0xff, 0xff, 0xff, 0xff, 0xff,
    0xf, 0xff, 0xff, 0xff, 0xff, 0xff, 0xff, 0xff,
    0xff, 0xf0, 0x0, 0x0, 0x0, 0x0, 0x8f, 0xf1,
    0x0, 0x0, 0x0, 0x0, 0x0, 0x0, 0x0, 0x8,
    0xff, 0x10, 0x0, 0x0, 0x0, 0x0, 0x0, 0x0,
    0x0, 0x8f, 0xf1, 0x0, 0x0, 0x0, 0x0, 0x0,
    0x0, 0x48, 0x8c, 0xff, 0x10, 0x0, 0x0, 0x0,
    0x0, 0x0, 0x8, 0xff, 0xff, 0xf1, 0x0, 0x0,
    0x0, 0x0, 0x0, 0x0, 0x8f, 0xff, 0xff, 0x10,
    0x0, 0x0, 0x0,

    /* U+5B58 "存" */
    0x0, 0x0, 0x0, 0x7f, 0xf0, 0x0, 0x0, 0x0,
    0x0, 0x0, 0xf, 0xff, 0xff, 0xff, 0xff, 0xff,
    0xff, 0xff, 0xff, 0xf0, 0xf, 0xff, 0xff, 0xff,
    0xff, 0xff, 0xff, 0xff, 0xff, 0xf0, 0x9, 0x99,
    0x9d, 0xff, 0xa9, 0x99, 0x99, 0x99, 0x99, 0x90,
    0x0, 0x0, 0x1e, 0xfd, 0x0, 0x0, 0x0, 0x0,
    0x0, 0x0, 0x0, 0x0, 0x9f, 0xf5, 0x2f, 0xff,
    0xff, 0xff, 0xfb, 0x0, 0x0, 0x5, 0xff, 0xc0,
    0x2f, 0xff, 0xff, 0xff, 0xf5, 0x0, 0x0, 0x5f,
    0xff, 0x20, 0x18, 0x88, 0x88, 0xff, 0xe0, 0x0,
    0x8, 0xff, 0xf8, 0x0, 0x0, 0x0, 0x5, 0xff,
    0x60, 0x0, 0x3f, 0xff, 0xf7, 0x0, 0x0, 0x0,
    0xd, 0xfd, 0x0, 0x0, 0x3f, 0xff, 0xf7, 0x5f,
    0xff, 0xff, 0xff, 0xff, 0xff, 0xf3, 0x3a, 0x3f,
    0xf7, 0x6f, 0xff, 0xff, 0xff, 0xff, 0xff, 0xf3,
    0x0, 0x2f, 0xf7, 0x39, 0x99, 0x99, 0xdf, 0xf9,
    0x99, 0x91, 0x0, 0x2f, 0xf7, 0x0, 0x0, 0x0,
    0xaf, 0xf0, 0x0, 0x0, 0x0, 0x2f, 0xf7, 0x0,
    0x0, 0x0, 0xaf, 0xf0, 0x0, 0x0, 0x0, 0x2f,
    0xf7, 0x0, 0x1, 0x88, 0xdf, 0xf0, 0x0, 0x0,
    0x0, 0x2f, 0xf7, 0x0, 0x3, 0xff, 0xff, 0xf0,
    0x0, 0x0, 0x0, 0x2f, 0xf7, 0x0, 0x3, 0xff,
    0xff, 0xf0, 0x0, 0x0,

    /* U+5B89 "安" */
    0x1, 0x22, 0x22, 0x22, 0x6f, 0xf6, 0x22, 0x22,
    0x22, 0x10, 0xc, 0xff, 0xff, 0xff, 0xff, 0xff,
    0xff, 0xff, 0xff, 0xc0, 0xc, 0xff, 0xff, 0xff,
    0xff, 0xff, 0xff, 0xff, 0xff, 0xc0, 0xc, 0xfe,
    0x55, 0x55, 0x66, 0x55, 0x55, 0x55, 0xef, 0xc0,
    0xc, 0xfd, 0x0, 0x9, 0xff, 0x50, 0x0, 0x0,
    0xdf, 0xc0, 0x2, 0x32, 0x0, 0x2f, 0xfd, 0x0,
    0x0, 0x0, 0x23, 0x20, 0x17, 0x77, 0x77, 0xbf,
    0xfb, 0x77, 0x77, 0x77, 0x77, 0x71, 0x3f, 0xff,
    0xff, 0xff, 0xff, 0xff, 0xff, 0xff, 0xff, 0xf3,
    0x3f, 0xff, 0xff, 0xff, 0xff, 0xff, 0xff, 0xff,
    0xff, 0xf3, 0x0, 0x0, 0x3f, 0xfc, 0x0, 0x0,
    0x1d, 0xff, 0x20, 0x0, 0x0, 0x0, 0xaf, 0xf4,
    0x0, 0x0, 0x7f, 0xf8, 0x0, 0x0, 0x0, 0x3,
    0xff, 0xf7, 0x10, 0x5, 0xff, 0xe1, 0x0, 0x0,
    0x0, 0x8, 0xff, 0xff, 0xfb, 0x8f, 0xff, 0x30,
    0x0, 0x0, 0x0, 0x0, 0x17, 0xdf, 0xff, 0xff,
    0xf8, 0x0, 0x0, 0x0, 0x0, 0x0, 0x2, 0x7e,
    0xff, 0xff, 0xff, 0xe8, 0x30, 0x0, 0x3, 0xac,
    0xff, 0xff, 0xff, 0x8a, 0xff, 0xff, 0xfd, 0x20,
    0x6, 0xff, 0xff, 0xfc, 0x60, 0x0, 0x5, 0xbf,
    0xff, 0x40, 0x5, 0xdb, 0x95, 0x10, 0x0, 0x0,
    0x0, 0x1, 0x7c, 0x40, 0x0, 0x0, 0x0, 0x0,
    0x0, 0x0, 0x0, 0x0, 0x0, 0x0,

    /* U+5B8C "完" */
    0x1, 0x11, 0x11, 0x11, 0x7f, 0xf4, 0x11, 0x11,
    0x11, 0x0, 0xe, 0xff, 0xff, 0xff, 0xff, 0xff,
    0xff, 0xff, 0xff, 0xa0, 0xe, 0xff, 0xff, 0xff,
    0xff, 0xff, 0xff, 0xff, 0xff, 0xa0, 0xe, 0xfd,
    0x66, 0x66, 0x66, 0x66, 0x66, 0x66, 0xff, 0xa0,
    0xc, 0xd9, 0x0, 0x0, 0x0, 0x0, 0x0, 0x0,
    0xcd, 0x90, 0x0, 0x7, 0x88, 0x88, 0x88, 0x88,
    0x88, 0x88, 0x50, 0x0, 0x0, 0xe, 0xff, 0xff,
    0xff, 0xff, 0xff, 0xff, 0xa0, 0x0, 0x0, 0xd,
    0xff, 0xff, 0xff, 0xff, 0xff, 0xff, 0xa0, 0x0,
    0x0, 0x0, 0x0, 0x0, 0x0, 0x0, 0x0, 0x0,
    0x0, 0x0, 0x8, 0x88, 0x88, 0x88, 0x88, 0x88,
    0x88, 0x88, 0x88, 0x60, 0xe, 0xff, 0xff, 0xff,
    0xff, 0xff, 0xff, 0xff, 0xff, 0xb0, 0xe, 0xff,
    0xff, 0xff, 0xff, 0xff, 0xff, 0xff, 0xff, 0xa0,
    0x0, 0x0, 0x8, 0xff, 0x30, 0x9, 0xff, 0x0,
    0x0, 0x0, 0x0, 0x0, 0x4f, 0xfd, 0x0, 0x9,
    0xff, 0x0, 0x0, 0x0, 0x0, 0x18, 0xff, 0xf5,
    0x0, 0x9, 0xff, 0x0, 0x0, 0x0, 0x1b, 0xff,
    0xff, 0x80, 0x0, 0x9, 0xff, 0x88, 0x88, 0x81,
    0x1f, 0xff, 0xe5, 0x0, 0x0, 0x9, 0xff, 0xff,
    0xff, 0xf3, 0x1f, 0xc6, 0x0, 0x0, 0x0, 0x9,
    0xff, 0xff, 0xff, 0xf3, 0x0, 0x0, 0x0, 0x0,
    0x0, 0x0, 0x0, 0x0, 0x0, 0x0,

    /* U+5B9A "定" */
    0x7, 0x77, 0x77, 0x77, 0x8f, 0xfb, 0x77, 0x77,
    0x77, 0x70, 0x1f, 0xff, 0xff, 0xff, 0xff, 0xff,
    0xff, 0xff, 0xff, 0xf1, 0x1f, 0xff, 0xff, 0xff,
    0xff, 0xff, 0xff, 0xff, 0xff, 0xf1, 0x1f, 0xf8,
    0x0, 0x0, 0x0, 0x0, 0x0, 0x0, 0x8f, 0xf1,
    0x6, 0x63, 0x0, 0x0, 0x0, 0x0, 0x0, 0x0,
    0x36, 0x60, 0x0, 0x9f, 0xff, 0xff, 0xff, 0xff,
    0xff, 0xff, 0xfe, 0x0, 0x0, 0x9f, 0xff, 0xff,
    0xff, 0xff, 0xff, 0xff, 0xfe, 0x0, 0x0, 0x47,
    0x77, 0x77, 0x8f, 0xfb, 0x77, 0x77, 0x77, 0x0,
    0x0, 0x0, 0x0, 0x0, 0x1f, 0xf8, 0x0, 0x0,
    0x0, 0x0, 0x0, 0x1, 0x21, 0x0, 0x1f, 0xfa,
    0x55, 0x55, 0x52, 0x0, 0x0, 0xd, 0xfc, 0x0,
    0x1f, 0xff, 0xff, 0xff, 0xf8, 0x0, 0x0, 0xe,
    0xfb, 0x0, 0x1f, 0xff, 0xff, 0xff, 0xf8, 0x0,
    0x0, 0xf, 0xf9, 0x0, 0x1f, 0xf8, 0x11, 0x11,
    0x10, 0x0, 0x0, 0x4f, 0xfd, 0x10, 0x1f, 0xf8,
    0x0, 0x0, 0x0, 0x0, 0x0, 0x8f, 0xff, 0xe6,
    0x2f, 0xf8, 0x0, 0x0, 0x0, 0x0, 0x0, 0xef,
    0xff, 0xff, 0xff, 0xfd, 0xbb, 0xbb, 0xbb, 0xb0,
    0x7, 0xff, 0x96, 0xff, 0xff, 0xff, 0xff, 0xff,
    0xff, 0xf0, 0x1f, 0xff, 0x20, 0x16, 0xac, 0xdd,
    0xdd, 0xdd, 0xdd, 0xd0,

    /* U+5B9E "实" */
    0x0, 0x0, 0x0, 0x5, 0xff, 0x50, 0x0, 0x0,
    0x0, 0xdf, 0xff, 0xff, 0xff, 0xff, 0xff, 0xff,
    0xff, 0xfd, 0xdf, 0xff, 0xff, 0xff, 0xff, 0xff,
    0xff, 0xff, 0xfd, 0xdf, 0xe7, 0x77, 0x77, 0x77,
    0x77, 0x77, 0x7e, 0xfd, 0xdf, 0xc1, 0x73, 0x0,
    0x0, 0x8b, 0x90, 0xc, 0xfd, 0x45, 0x42, 0xff,
    0xfb, 0x61, 0xbf, 0xd0, 0x4, 0x54, 0x0, 0x1,
    0xae, 0xff, 0xf8, 0xbf, 0xd0, 0x0, 0x0, 0xd,
    0xd9, 0x41, 0x37, 0xb7, 0xbf, 0xd0, 0x0, 0x0,
    0xd, 0xff, 0xff, 0xa0, 0x0, 0xbf, 0xd0, 0x0,
    0x0, 0x0, 0x48, 0xdf, 0xd0, 0x0, 0xbf, 0xd0,
    0x0, 0x0, 0x77, 0x77, 0x78, 0xb7, 0x77, 0xdf,
    0xe7, 0x77, 0x77, 0xff, 0xff, 0xff, 0xff, 0xff,
    0xff, 0xff, 0xff, 0xff, 0xff, 0xff, 0xff, 0xff,
    0xff, 0xff, 0xff, 0xff, 0xff, 0x0, 0x0, 0x0,
    0x15, 0x9e, 0xff, 0xfb, 0x40, 0x0, 0x0, 0x14,
    0x7b, 0xff, 0xff, 0xff, 0xff, 0xfc, 0x40, 0x6d,
    0xff, 0xff, 0xff, 0xfb, 0x61, 0x7e, 0xff, 0xfc,
    0x9f, 0xff, 0xfe, 0xa5, 0x10, 0x0, 0x0, 0x6d,
    0xfe, 0x8d, 0xa6, 0x20, 0x0, 0x0, 0x0, 0x0,
    0x0, 0x4a, 0x0, 0x0, 0x0, 0x0, 0x0, 0x0,
    0x0, 0x0, 0x0,

    /* U+5BA1 "审" */
    0x33, 0x33, 0x33, 0x34, 0xff, 0x93, 0x33, 0x33,
    0x33, 0xff, 0xff, 0xff, 0xff, 0xff, 0xff, 0xff,
    0xff, 0xff, 0xff, 0xff, 0xff, 0xff, 0xff, 0xff,
    0xff, 0xff, 0xff, 0xff, 0xb3, 0x33, 0x34, 0x99,
    0x63, 0x33, 0x3b, 0xff, 0xcd, 0x80, 0x0, 0x1,
    0xff, 0x70, 0x0, 0x8, 0xdc, 0xe, 0xff, 0xff,
    0xff, 0xff, 0xff, 0xff, 0xff, 0xe0, 0xf, 0xff,
    0xff, 0xff, 0xff, 0xff, 0xff, 0xff, 0xf0, 0xf,
    0xfc, 0x66, 0x66, 0xff, 0xa6, 0x66, 0xcf, 0xf0,
    0xf, 0xfb, 0x0, 0x1, 0xff, 0x70, 0x0, 0xaf,
    0xf0, 0xf, 0xff, 0xff, 0xff, 0xff, 0xff, 0xff,
    0xff, 0xf0, 0xf, 0xff, 0xff, 0xff, 0xff, 0xff,
    0xff, 0xff, 0xf0, 0xf, 0xfc, 0x44, 0x45, 0xff,
    0x94, 0x44, 0xbf, 0xf0, 0xf, 0xfb, 0x33, 0x34,
    0xff, 0x93, 0x33, 0xbf, 0xf0, 0xf, 0xff, 0xff,
    0xff, 0xff, 0xff, 0xff, 0xff, 0xf0, 0xf, 0xff,
    0xff, 0xff, 0xff, 0xff, 0xff, 0xff, 0xf0, 0x2,
    0x22, 0x22, 0x23, 0xff, 0x92, 0x22, 0x22, 0x20,
    0x0, 0x0, 0x0, 0x1, 0xff, 0x80, 0x0, 0x0,
    0x0, 0x0, 0x0, 0x0, 0x1, 0xff, 0x80, 0x0,
    0x0, 0x0,

    /* U+5BB9 "容" */
    0x9, 0xff, 0xff, 0xff, 0xff, 0xff, 0xff, 0xff,
    0xff, 0x90, 0x9, 0xff, 0xff, 0xff, 0xff, 0xff,
    0xff, 0xff, 0xff, 0x90, 0x9, 0xff, 0x66, 0x67,
    0x86, 0x68, 0x76, 0x66, 0xff, 0x90, 0x8, 0xff,
    0x0, 0x6e, 0x50, 0x5, 0xe6, 0x0, 0xff, 0x80,
    0x0, 0x0, 0x5d, 0xff, 0x50, 0x5, 0xff, 0xd5,
    0x0, 0x0, 0x2, 0x8e, 0xff, 0xff, 0x40, 0x4,
    0xff, 0xff, 0xe8, 0x20, 0xf, 0xff, 0xff, 0xb9,
    0x77, 0x77, 0x9b, 0xff, 0xff, 0xf0, 0xf, 0xfe,
    0x92, 0xaf, 0xff, 0xff, 0xfa, 0x29, 0xef, 0xf0,
    0x9, 0x40, 0x1b, 0xff, 0xff, 0xff, 0xff, 0xb1,
    0x4, 0x90, 0x0, 0x6, 0xef, 0xfb, 0x0, 0x0,
    0xbf, 0xfe, 0x60, 0x0, 0x7, 0xdf, 0xff, 0x90,
    0x0, 0x0, 0x9, 0xff, 0xfd, 0x70, 0x3f, 0xff,
    0xff, 0xff, 0xff, 0xff, 0xff, 0xff, 0xff, 0xf3,
    0x3f, 0xef, 0xff, 0xff, 0xff, 0xff, 0xff, 0xff,
    0xfe, 0xf3, 0x13, 0x3f, 0xfa, 0x55, 0x55, 0x55,
    0x55, 0xaf, 0xf3, 0x31, 0x0, 0x3f, 0xf6, 0x0,
    0x0, 0x0, 0x0, 0x6f, 0xf3, 0x0, 0x0, 0x3f,
    0xf9, 0x55, 0x55, 0x55, 0x55, 0x9f, 0xf3, 0x0,
    0x0, 0x3f, 0xff, 0xff, 0xff, 0xff, 0xff, 0xff,
    0xf3, 0x0, 0x0, 0x3f, 0xff, 0xff, 0xff, 0xff,
    0xff, 0xff, 0xf3, 0x0,

    /* U+5BBD "宽" */
    0x4, 0x44, 0x44, 0x44, 0x9f, 0xf8, 0x44, 0x44,
    0x44, 0x40, 0xe, 0xff, 0xff, 0xff, 0xff, 0xff,
    0xff, 0xff, 0xff, 0xf0, 0xe, 0xff, 0xff, 0xff,
    0xff, 0xff, 0xff, 0xff, 0xff, 0xf0, 0xe, 0xfb,
    0x26, 0xcc, 0x22, 0x24, 0xcc, 0x52, 0xaf, 0xf0,
    0xe, 0xfc, 0x49, 0xff, 0x54, 0x47, 0xff, 0x84,
    0xbf, 0xf0, 0x0, 0x5f, 0xff, 0xff, 0xff, 0xff,
    0xff, 0xff, 0xf6, 0x0, 0x0, 0x4f, 0xff, 0xff,
    0xff, 0xff, 0xff, 0xff, 0xf6, 0x0, 0x0, 0x0,
    0x7, 0xff, 0x10, 0x3, 0xff, 0x50, 0x0, 0x0,
    0x0, 0x6f, 0xff, 0xff, 0xff, 0xff, 0xff, 0xff,
    0xf8, 0x0, 0x0, 0x7f, 0xff, 0xff, 0xff, 0xff,
    0xff, 0xff, 0xf8, 0x0, 0x0, 0x7f, 0xf6, 0x55,
    0x56, 0x76, 0x55, 0x6f, 0xf8, 0x0, 0x0, 0x7f,
    0xf0, 0x0, 0x2f, 0xfb, 0x0, 0x1f, 0xf8, 0x0,
    0x0, 0x7f, 0xf0, 0x0, 0xcf, 0xf4, 0x0, 0x1f,
    0xf8, 0x0, 0x0, 0x7f, 0xf0, 0xb, 0xff, 0xf9,
    0x80, 0x1f, 0xf8, 0x0, 0x0, 0x1, 0x16, 0xef,
    0xfb, 0xbf, 0xe0, 0x1, 0x10, 0x0, 0x5, 0x8b,
    0xff, 0xff, 0xa0, 0xaf, 0xf7, 0x77, 0x77, 0x70,
    0xf, 0xff, 0xff, 0xd4, 0x0, 0xaf, 0xff, 0xff,
    0xff, 0xf1, 0xf, 0xec, 0x83, 0x0, 0x0, 0xaf,
    0xff, 0xff, 0xff, 0xf1, 0x0, 0x0, 0x0, 0x0,
    0x0, 0x0, 0x0, 0x0, 0x0, 0x0,

    /* U+5BF9 "对" */
    0x0, 0x0, 0x0, 0x0, 0x0, 0x0, 0x7, 0xff,
    0x10, 0xab, 0xbb, 0xbb, 0xb9, 0x0, 0x0, 0x7,
    0xff, 0x10, 0xff, 0xff, 0xff, 0xfc, 0x99, 0x99,
    0x9c, 0xff, 0xa8, 0xcf, 0xfa, 0xae, 0xfb, 0xff,
    0xff, 0xff, 0xff, 0xfd, 0x6f, 0xf1, 0xd, 0xf9,
    0xef, 0xff, 0xff, 0xff, 0xfc, 0x4f, 0xf2, 0xf,
    0xf8, 0x0, 0x0, 0x7, 0xff, 0x10, 0x2f, 0xf4,
    0x1f, 0xf5, 0x22, 0x10, 0x7, 0xff, 0x10, 0xf,
    0xf9, 0x5f, 0xf2, 0xbf, 0xc0, 0x7, 0xff, 0x10,
    0xb, 0xfd, 0xaf, 0xe0, 0x7f, 0xf0, 0x7, 0xff,
    0x10, 0x6, 0xff, 0xff, 0x90, 0x3f, 0xf3, 0x7,
    0xff, 0x10, 0x1, 0xff, 0xff, 0x30, 0xf, 0xf7,
    0x7, 0xff, 0x10, 0x0, 0x8f, 0xfc, 0x0, 0xb,
    0xfb, 0x7, 0xff, 0x0, 0x0, 0xcf, 0xfe, 0x20,
    0x7, 0xfe, 0x7, 0xff, 0x0, 0xb, 0xff, 0xff,
    0xd1, 0x0, 0x0, 0x7, 0xff, 0x0, 0xcf, 0xfb,
    0x7f, 0xfe, 0x10, 0x0, 0x7, 0xff, 0x0, 0xef,
    0xb0, 0x9, 0xff, 0x20, 0x4, 0x9c, 0xff, 0x0,
    0xea, 0x0, 0x0, 0x8f, 0x20, 0x7, 0xff, 0xff,
    0x0, 0x70, 0x0, 0x0, 0x5, 0x10, 0x7, 0xff,
    0xff, 0x0,

    /* U+5C04 "射" */
    0x3, 0xff, 0xff, 0xff, 0xfe, 0x0, 0x0, 0x7,
    0xfe, 0x0, 0x3, 0xff, 0xff, 0xff, 0xfe, 0x13,
    0x33, 0x39, 0xff, 0x31, 0x3, 0xff, 0x41, 0x19,
    0xfe, 0x4f, 0xff, 0xff, 0xff, 0xf7, 0x3, 0xff,
    0x40, 0x9, 0xfe, 0x4f, 0xff, 0xff, 0xff, 0xf7,
    0x3, 0xff, 0xff, 0xff, 0xfe, 0x4d, 0xdd, 0xde,
    0xff, 0xd5, 0x3, 0xff, 0xff, 0xff, 0xfe, 0x0,
    0x0, 0x7, 0xfe, 0x0, 0x3, 0xff, 0x40, 0x9,
    0xfe, 0x5, 0x51, 0x7, 0xfe, 0x0, 0x3, 0xff,
    0xdd, 0xde, 0xfe, 0xf, 0xf6, 0x7, 0xfe, 0x0,
    0x3, 0xff, 0xff, 0xff, 0xfe, 0xb, 0xfa, 0x7,
    0xfe, 0x0, 0x3, 0xff, 0x52, 0x29, 0xfe, 0x7,
    0xfd, 0x7, 0xfe, 0x0, 0x4, 0xff, 0x51, 0x19,
    0xfe, 0x3, 0xff, 0x17, 0xfe, 0x0, 0xe, 0xff,
    0xff, 0xff, 0xfe, 0x0, 0xff, 0x57, 0xfe, 0x0,
    0xd, 0xff, 0xff, 0xff, 0xfe, 0x0, 0xad, 0x77,
    0xfe, 0x0, 0x0, 0x6f, 0xf3, 0x9, 0xfe, 0x0,
    0x0, 0x7, 0xfe, 0x0, 0x0, 0xbf, 0xd0, 0x9,
    0xfe, 0x0, 0x0, 0x7, 0xfe, 0x0, 0x1, 0xff,
    0x80, 0x4b, 0xfe, 0x0, 0x7, 0x7b, 0xfe, 0x0,
    0x9, 0xff, 0x10, 0xdf, 0xfe, 0x0, 0x1f, 0xff,
    0xfe, 0x0, 0x1f, 0xfa, 0x0, 0xdf, 0xfe, 0x0,
    0x1f, 0xff, 0xfd, 0x0,

    /* U+5C06 "将" */
    0x0, 0x1, 0xff, 0x80, 0x8, 0xff, 0xff, 0xff,
    0xff, 0xb, 0xf8, 0x1f, 0xf8, 0x6, 0xff, 0xff,
    0xff, 0xff, 0xb0, 0xaf, 0xb1, 0xff, 0x8b, 0xff,
    0xf6, 0x55, 0xbf, 0xf5, 0x8, 0xfd, 0x1f, 0xf8,
    0xff, 0xff, 0xf1, 0x2f, 0xfd, 0x0, 0x6f, 0xf1,
    0xff, 0x8e, 0x81, 0xef, 0xae, 0xff, 0x40, 0x4,
    0xff, 0x2f, 0xf8, 0x0, 0x7, 0xff, 0xff, 0x80,
    0x0, 0x2f, 0xf4, 0xff, 0x83, 0x7b, 0xff, 0xff,
    0x70, 0x0, 0x1, 0xff, 0x5f, 0xfa, 0xff, 0xff,
    0xfc, 0x34, 0x88, 0x0, 0x0, 0x1, 0xff, 0xaf,
    0xfc, 0x83, 0x0, 0x8f, 0xf1, 0x0, 0xff, 0x6f,
    0xfa, 0xa8, 0x88, 0x88, 0x8c, 0xff, 0x83, 0x2f,
    0xf4, 0xff, 0xaf, 0xff, 0xff, 0xff, 0xff, 0xff,
    0x64, 0xff, 0x2f, 0xfa, 0xdd, 0xdd, 0xdd, 0xde,
    0xff, 0xd5, 0x5f, 0xf1, 0xff, 0x84, 0x77, 0x10,
    0x0, 0x8f, 0xf1, 0x7, 0xfe, 0x1f, 0xf8, 0x4f,
    0xf7, 0x0, 0x8, 0xff, 0x10, 0x9f, 0xc1, 0xff,
    0x80, 0xef, 0xd0, 0x0, 0x8f, 0xf1, 0xa, 0xfa,
    0x1f, 0xf8, 0x8, 0xff, 0x30, 0x8c, 0xff, 0x10,
    0xae, 0x81, 0xff, 0x80, 0x2f, 0xfa, 0xf, 0xff,
    0xf1, 0x0, 0x0, 0x1f, 0xf8, 0x0, 0x0, 0x0,
    0xff, 0xff, 0x10,

    /* U+5C0F "小" */
    0x0, 0x0, 0x0, 0x0, 0xe, 0xfb, 0x0, 0x0,
    0x0, 0x0, 0x0, 0x0, 0x0, 0x0, 0xe, 0xfb,
    0x0, 0x0, 0x0, 0x0, 0x0, 0x1, 0x33, 0x10,
    0xe, 0xfb, 0x0, 0x0, 0x0, 0x0, 0x0, 0x7,
    0xff, 0x30, 0xe, 0xfb, 0x0, 0xcf, 0xe0, 0x0,
    0x0, 0x9, 0xff, 0x10, 0xe, 0xfb, 0x0, 0x8f,
    0xf1, 0x0, 0x0, 0xc, 0xfe, 0x0, 0xe, 0xfb,
    0x0, 0x3f, 0xf5, 0x0, 0x0, 0xf, 0xfb, 0x0,
    0xe, 0xfb, 0x0, 0xf, 0xf9, 0x0, 0x0, 0x2f,
    0xf8, 0x0, 0xe, 0xfb, 0x0, 0xc, 0xfd, 0x0,
    0x0, 0x6f, 0xf5, 0x0, 0xe, 0xfb, 0x0, 0x8,
    0xff, 0x0, 0x0, 0xaf, 0xf2, 0x0, 0xe, 0xfb,
    0x0, 0x5, 0xff, 0x40, 0x0, 0xef, 0xe0, 0x0,
    0xe, 0xfb, 0x0, 0x2, 0xff, 0x60, 0x3, 0xff,
    0xa0, 0x0, 0xe, 0xfb, 0x0, 0x0, 0xff, 0x90,
    0x8, 0xff, 0x50, 0x0, 0xe, 0xfb, 0x0, 0x0,
    0xcf, 0xb0, 0xd, 0xff, 0x10, 0x0, 0xe, 0xfb,
    0x0, 0x0, 0xaf, 0xe0, 0x3f, 0xfb, 0x0, 0x0,
    0xe, 0xfb, 0x0, 0x0, 0x8f, 0xf0, 0x0, 0x0,
    0x0, 0x89, 0x9f, 0xfb, 0x0, 0x0, 0x2, 0x20,
    0x0, 0x0, 0x0, 0xdf, 0xff, 0xfb, 0x0, 0x0,
    0x0, 0x0, 0x0, 0x0, 0x0, 0xdf, 0xff, 0xfb,
    0x0, 0x0, 0x0, 0x0,

    /* U+5C14 "尔" */
    0x0, 0xe, 0xfb, 0x0, 0x0, 0x0, 0x0, 0x0,
    0x0, 0x0, 0x0, 0x4f, 0xff, 0xff, 0xff, 0xff,
    0xff, 0xff, 0xff, 0x70, 0x0, 0xaf, 0xff, 0xff,
    0xff, 0xff, 0xff, 0xff, 0xff, 0x30, 0x1, 0xff,
    0xd8, 0x88, 0x88, 0x88, 0x88, 0x8d, 0xff, 0x0,
    0x8, 0xff, 0x40, 0x0, 0x9, 0xa7, 0x0, 0xe,
    0xfa, 0x0, 0x9, 0xa9, 0x0, 0x0, 0xe, 0xfb,
    0x0, 0x2a, 0xa3, 0x0, 0x0, 0x0, 0x0, 0x0,
    0xe, 0xfb, 0x0, 0x0, 0x0, 0x0, 0x0, 0x5,
    0xdd, 0x30, 0xe, 0xfb, 0x0, 0x9b, 0xa0, 0x0,
    0x0, 0xa, 0xff, 0x10, 0xe, 0xfb, 0x0, 0x7f,
    0xf2, 0x0, 0x0, 0xd, 0xfd, 0x0, 0xe, 0xfb,
    0x0, 0x1f, 0xf7, 0x0, 0x0, 0x2f, 0xf9, 0x0,
    0xe, 0xfb, 0x0, 0xc, 0xfc, 0x0, 0x0, 0x7f,
    0xf5, 0x0, 0xe, 0xfb, 0x0, 0x7, 0xff, 0x20,
    0x0, 0xcf, 0xf0, 0x0, 0xe, 0xfb, 0x0, 0x3,
    0xff, 0x50, 0x3, 0xff, 0xa0, 0x0, 0xe, 0xfb,
    0x0, 0x0, 0xff, 0x90, 0xa, 0xff, 0x40, 0x0,
    0xe, 0xfb, 0x0, 0x0, 0xbf, 0xc0, 0x1f, 0xfd,
    0x0, 0x49, 0x9f, 0xfb, 0x0, 0x0, 0x8f, 0xf0,
    0x0, 0x0, 0x0, 0x7f, 0xff, 0xfb, 0x0, 0x0,
    0x12, 0x20, 0x0, 0x0, 0x0, 0x7f, 0xff, 0xfb,
    0x0, 0x0, 0x0, 0x0,

    /* U+5C31 "就" */
    0x0, 0x0, 0x1, 0x0, 0x0, 0x0, 0x0, 0x0,
    0x0, 0x0, 0x0, 0x0, 0xdf, 0xa0, 0x0, 0x4,
    0xff, 0x34, 0xed, 0x0, 0xf, 0xff, 0xff, 0xff,
    0xfd, 0x4, 0xff, 0x31, 0xff, 0x20, 0xf, 0xff,
    0xff, 0xff, 0xfd, 0x4, 0xff, 0x30, 0xac, 0x40,
    0x3, 0x44, 0x44, 0x44, 0x46, 0xbc, 0xff, 0xcb,
    0xbb, 0xb0, 0x7, 0xff, 0xff, 0xff, 0xfa, 0xff,
    0xff, 0xff, 0xff, 0xf1, 0x7, 0xff, 0xff, 0xff,
    0xf8, 0xcd, 0xff, 0xcf, 0xfd, 0xc0, 0x7, 0xfe,
    0x0, 0x1f, 0xf5, 0x4, 0xff, 0x2f, 0xf3, 0x0,
    0x7, 0xfe, 0x0, 0x1f, 0xf5, 0x4, 0xff, 0x1f,
    0xf3, 0x0, 0x7, 0xff, 0xff, 0xff, 0xf5, 0x5,
    0xff, 0x1f, 0xf3, 0x0, 0x7, 0xff, 0xff, 0xff,
    0xf5, 0x6, 0xff, 0x1f, 0xf3, 0x0, 0x1, 0x22,
    0xdf, 0x82, 0x20, 0x7, 0xfe, 0x1f, 0xf3, 0x0,
    0x3, 0x74, 0xdf, 0x88, 0x70, 0x9, 0xfc, 0x1f,
    0xf3, 0x0, 0x7, 0xf8, 0xdf, 0x7f, 0xf1, 0xc,
    0xf9, 0x1f, 0xf3, 0x0, 0x8, 0xf7, 0xdf, 0x7d,
    0xf3, 0xf, 0xf5, 0x1f, 0xf3, 0x0, 0xa, 0xf6,
    0xdf, 0x7a, 0xf6, 0x5f, 0xf1, 0x1f, 0xf3, 0x0,
    0xc, 0xf4, 0xdf, 0x78, 0xf7, 0xbf, 0xb0, 0x1f,
    0xfa, 0x82, 0xf, 0xf1, 0xdf, 0x77, 0xfa, 0xff,
    0x40, 0x1f, 0xff, 0xf4, 0x3f, 0xe0, 0xdf, 0x76,
    0xff, 0xfd, 0x0, 0x1f, 0xff, 0xf4, 0x0, 0x0,
    0x0, 0x0, 0x0, 0x0, 0x0, 0x0, 0x0, 0x0,

    /* U+5C3E "尾" */
    0x1, 0xff, 0xff, 0xff, 0xff, 0xff, 0xff, 0xff,
    0xff, 0x10, 0x1, 0xff, 0xff, 0xff, 0xff, 0xff,
    0xff, 0xff, 0xff, 0x10, 0x1, 0xff, 0xa4, 0x44,
    0x44, 0x44, 0x44, 0x4b, 0xff, 0x10, 0x1, 0xff,
    0xa4, 0x44, 0x44, 0x44, 0x44, 0x4a, 0xff, 0x10,
    0x1, 0xff, 0xff, 0xff, 0xff, 0xff, 0xff, 0xff,
    0xff, 0x10, 0x1, 0xff, 0xff, 0xff, 0xff, 0xff,
    0xff, 0xff, 0xff, 0x10, 0x1, 0xff, 0x80, 0x0,
    0x0, 0x1, 0x23, 0x44, 0x56, 0x0, 0x1, 0xff,
    0x86, 0xdd, 0xef, 0xff, 0xff, 0xff, 0xff, 0x10,
    0x1, 0xff, 0x88, 0xff, 0xff, 0xff, 0xff, 0xec,
    0xba, 0x0, 0x1, 0xff, 0x83, 0x65, 0x43, 0xff,
    0x91, 0x23, 0x45, 0x0, 0x1, 0xff, 0x74, 0xab,
    0xcd, 0xff, 0xff, 0xff, 0xff, 0x10, 0x2, 0xff,
    0x78, 0xff, 0xff, 0xff, 0xff, 0xfe, 0xdc, 0x0,
    0x3, 0xff, 0x63, 0x65, 0x55, 0xff, 0xb4, 0x55,
    0x67, 0x70, 0x4, 0xff, 0x6d, 0xef, 0xff, 0xff,
    0xff, 0xff, 0xff, 0xd0, 0x7, 0xff, 0x5f, 0xff,
    0xff, 0xff, 0xec, 0xba, 0x98, 0x60, 0xa, 0xff,
    0x16, 0x54, 0x32, 0xff, 0xb4, 0x44, 0x44, 0x41,
    0xd, 0xfc, 0x0, 0x0, 0x0, 0xff, 0xff, 0xff,
    0xff, 0xf3, 0x2f, 0xf9, 0x0, 0x0, 0x0, 0xff,
    0xff, 0xff, 0xff, 0xf3,

    /* U+5C40 "局" */
    0x1, 0xff, 0xff, 0xff, 0xff, 0xff, 0xff, 0xff,
    0xfc, 0x0, 0x1f, 0xff, 0xff, 0xff, 0xff, 0xff,
    0xff, 0xff, 0xc0, 0x1, 0xff, 0xb6, 0x66, 0x66,
    0x66, 0x66, 0x6e, 0xfc, 0x0, 0x1f, 0xf7, 0x0,
    0x0, 0x0, 0x0, 0x0, 0xdf, 0xc0, 0x1, 0xff,
    0xff, 0xff, 0xff, 0xff, 0xff, 0xff, 0xfc, 0x0,
    0x1f, 0xff, 0xff, 0xff, 0xff, 0xff, 0xff, 0xff,
    0xc0, 0x1, 0xff, 0xa6, 0x66, 0x66, 0x66, 0x66,
    0x66, 0x64, 0x0, 0x1f, 0xfa, 0x66, 0x66, 0x66,
    0x66, 0x66, 0x66, 0x63, 0x1, 0xff, 0xff, 0xff,
    0xff, 0xff, 0xff, 0xff, 0xff, 0xa0, 0x1f, 0xff,
    0xee, 0xee, 0xee, 0xee, 0xee, 0xef, 0xfa, 0x1,
    0xff, 0x70, 0x0, 0x0, 0x0, 0x0, 0x0, 0xef,
    0xa0, 0x2f, 0xf5, 0x1f, 0xff, 0xff, 0xff, 0xf8,
    0xe, 0xfa, 0x3, 0xff, 0x41, 0xff, 0xff, 0xff,
    0xff, 0x90, 0xef, 0xa0, 0x4f, 0xf3, 0x1f, 0xf8,
    0x22, 0x2f, 0xf9, 0xe, 0xfa, 0x7, 0xff, 0x11,
    0xff, 0x71, 0x11, 0xff, 0x90, 0xef, 0xa0, 0xaf,
    0xe0, 0x1f, 0xff, 0xff, 0xff, 0xf9, 0xe, 0xfa,
    0xd, 0xfb, 0x1, 0xff, 0xff, 0xff, 0xff, 0x90,
    0xef, 0xa2, 0xff, 0x80, 0x0, 0x0, 0x0, 0x0,
    0x0, 0xe, 0xfa,

    /* U+5C48 "屈" */
    0x1, 0xff, 0xff, 0xff, 0xff, 0xff, 0xff, 0xff,
    0xff, 0x30, 0x1f, 0xff, 0xff, 0xff, 0xff, 0xff,
    0xff, 0xff, 0xf3, 0x1, 0xff, 0xa5, 0x55, 0x55,
    0x55, 0x55, 0x59, 0xff, 0x30, 0x1f, 0xf8, 0x0,
    0x0, 0x0, 0x0, 0x0, 0x6f, 0xf3, 0x1, 0xff,
    0xff, 0xff, 0xff, 0xff, 0xff, 0xff, 0xff, 0x30,
    0x1f, 0xff, 0xff, 0xff, 0xff, 0xff, 0xff, 0xff,
    0xf3, 0x1, 0xff, 0xa4, 0x44, 0x44, 0x7b, 0xb4,
    0x44, 0x44, 0x0, 0x1f, 0xf8, 0xb, 0xb4, 0x6,
    0xff, 0x10, 0x6b, 0xb0, 0x1, 0xff, 0x81, 0xff,
    0x60, 0x6f, 0xf1, 0x8, 0xff, 0x0, 0x1f, 0xf8,
    0x1f, 0xf9, 0x49, 0xff, 0x54, 0xaf, 0xf0, 0x1,
    0xff, 0x71, 0xff, 0xff, 0xff, 0xff, 0xff, 0xff,
    0x0, 0x2f, 0xf7, 0x1f, 0xff, 0xff, 0xff, 0xff,
    0xff, 0xf0, 0x3, 0xff, 0x62, 0x55, 0x22, 0x8f,
    0xf3, 0x22, 0x55, 0x10, 0x4f, 0xf4, 0x9f, 0xe0,
    0x6, 0xff, 0x10, 0xf, 0xf7, 0x7, 0xff, 0x29,
    0xfe, 0x0, 0x6f, 0xf1, 0x0, 0xff, 0x70, 0xaf,
    0xf0, 0x9f, 0xf8, 0x8b, 0xff, 0x98, 0x9f, 0xf7,
    0xd, 0xfc, 0x9, 0xff, 0xff, 0xff, 0xff, 0xff,
    0xff, 0x72, 0xff, 0x90, 0x8e, 0xee, 0xee, 0xee,
    0xee, 0xee, 0xe6,

    /* U+5C4F "屏" */
    0x1, 0xff, 0xff, 0xff, 0xff, 0xff, 0xff, 0xff,
    0xfc, 0x0, 0x1f, 0xff, 0xff, 0xff, 0xff, 0xff,
    0xff, 0xff, 0xc0, 0x1, 0xff, 0x93, 0x33, 0x33,
    0x33, 0x33, 0x3e, 0xfc, 0x0, 0x1f, 0xf9, 0x22,
    0x22, 0x22, 0x22, 0x22, 0xdf, 0xc0, 0x1, 0xff,
    0xff, 0xff, 0xff, 0xff, 0xff, 0xff, 0xfc, 0x0,
    0x1f, 0xff, 0xff, 0xff, 0xff, 0xff, 0xff, 0xff,
    0xc0, 0x1, 0xff, 0x70, 0x1a, 0xa4, 0x0, 0x0,
    0x9a, 0x60, 0x0, 0x1f, 0xf7, 0x0, 0xcf, 0xc0,
    0x0, 0x4f, 0xf5, 0x0, 0x1, 0xff, 0x74, 0x68,
    0xaa, 0x66, 0x68, 0xaa, 0x66, 0x10, 0x1f, 0xf7,
    0xbf, 0xff, 0xff, 0xff, 0xff, 0xff, 0xf3, 0x2,
    0xff, 0x7a, 0xff, 0xff, 0xff, 0xff, 0xff, 0xff,
    0x30, 0x2f, 0xf6, 0x0, 0x5f, 0xf3, 0x0, 0x7f,
    0xf1, 0x0, 0x4, 0xff, 0xbf, 0xff, 0xff, 0xff,
    0xff, 0xff, 0xff, 0xe0, 0x5f, 0xfa, 0xff, 0xff,
    0xff, 0xff, 0xff, 0xff, 0xff, 0x8, 0xff, 0x46,
    0x6f, 0xfd, 0x66, 0x6a, 0xff, 0x76, 0x60, 0xbf,
    0xf0, 0x4, 0xff, 0x70, 0x0, 0x7f, 0xf1, 0x0,
    0xe, 0xfc, 0x0, 0xcf, 0xf1, 0x0, 0x7, 0xff,
    0x10, 0x3, 0xff, 0x80, 0x8f, 0xf8, 0x0, 0x0,
    0x7f, 0xf1, 0x0,

    /* U+5DE5 "工" */
    0xf, 0xff, 0xff, 0xff, 0xff, 0xff, 0xff, 0xff,
    0xf0, 0xf, 0xff, 0xff, 0xff, 0xff, 0xff, 0xff,
    0xff, 0xf0, 0xa, 0xbb, 0xbb, 0xbc, 0xff, 0xcb,
    0xbb, 0xbb, 0xa0, 0x0, 0x0, 0x0, 0x6, 0xff,
    0x60, 0x0, 0x0, 0x0, 0x0, 0x0, 0x0, 0x6,
    0xff, 0x60, 0x0, 0x0, 0x0, 0x0, 0x0, 0x0,
    0x6, 0xff, 0x60, 0x0, 0x0, 0x0, 0x0, 0x0,
    0x0, 0x6, 0xff, 0x60, 0x0, 0x0, 0x0, 0x0,
    0x0, 0x0, 0x6, 0xff, 0x60, 0x0, 0x0, 0x0,
    0x0, 0x0, 0x0, 0x6, 0xff, 0x60, 0x0, 0x0,
    0x0, 0x0, 0x0, 0x0, 0x6, 0xff, 0x60, 0x0,
    0x0, 0x0, 0x0, 0x0, 0x0, 0x6, 0xff, 0x60,
    0x0, 0x0, 0x0, 0x0, 0x0, 0x0, 0x6, 0xff,
    0x60, 0x0, 0x0, 0x0, 0x0, 0x0, 0x0, 0x6,
    0xff, 0x60, 0x0, 0x0, 0x0, 0xbb, 0xbb, 0xbb,
    0xbd, 0xff, 0xdb, 0xbb, 0xbb, 0xbb, 0xff, 0xff,
    0xff, 0xff, 0xff, 0xff, 0xff, 0xff, 0xff, 0xff,
    0xff, 0xff, 0xff, 0xff, 0xff, 0xff, 0xff, 0xff,

    /* U+5DE6 "左" */
    0x0, 0x0, 0x7f, 0xf2, 0x0, 0x0, 0x0, 0x0,
    0x0, 0x58, 0x88, 0xcf, 0xf8, 0x88, 0x88, 0x88,
    0x88, 0x82, 0xbf, 0xff, 0xff, 0xff, 0xff, 0xff,
    0xff, 0xff, 0xf4, 0xbf, 0xff, 0xff, 0xff, 0xff,
    0xff, 0xff, 0xff, 0xf4, 0x0, 0x5, 0xff, 0x70,
    0x0, 0x0, 0x0, 0x0, 0x0, 0x0, 0x9, 0xff,
    0x20, 0x0, 0x0, 0x0, 0x0, 0x0, 0x0, 0xe,
    0xfd, 0x0, 0x0, 0x0, 0x0, 0x0, 0x0, 0x0,
    0x5f, 0xff, 0xff, 0xff, 0xff, 0xff, 0xff, 0x30,
    0x0, 0xcf, 0xfe, 0xff, 0xff, 0xff, 0xff, 0xff,
    0x30, 0x5, 0xff, 0x97, 0x99, 0x9e, 0xff, 0x99,
    0x99, 0x10, 0x1e, 0xff, 0x20, 0x0, 0xb, 0xfe,
    0x0, 0x0, 0x0, 0xcf, 0xf9, 0x0, 0x0, 0xb,
    0xfe, 0x0, 0x0, 0x0, 0xff, 0xe1, 0x0, 0x0,
    0xb, 0xfe, 0x0, 0x0, 0x0, 0xff, 0x40, 0x0,
    0x0, 0xb, 0xfe, 0x0, 0x0, 0x0, 0xf6, 0x0,
    0x0, 0x0, 0xb, 0xfe, 0x0, 0x0, 0x0, 0x60,
    0x79, 0x99, 0x99, 0x9e, 0xff, 0x99, 0x99, 0x97,
    0x0, 0xcf, 0xff, 0xff, 0xff, 0xff, 0xff, 0xff,
    0xfc, 0x0, 0xcf, 0xff, 0xff, 0xff, 0xff, 0xff,
    0xff, 0xfc,

    /* U+5DF2 "已" */
    0xef, 0xff, 0xff, 0xff, 0xff, 0xff, 0xff, 0xf9,
    0xe, 0xff, 0xff, 0xff, 0xff, 0xff, 0xff, 0xff,
    0x90, 0x89, 0x99, 0x99, 0x99, 0x99, 0x99, 0xaf,
    0xf9, 0x0, 0x0, 0x0, 0x0, 0x0, 0x0, 0x1,
    0xff, 0x90, 0x0, 0x0, 0x0, 0x0, 0x0, 0x0,
    0x1f, 0xf9, 0x7, 0xcc, 0x0, 0x0, 0x0, 0x0,
    0x1, 0xff, 0x90, 0xaf, 0xf0, 0x0, 0x0, 0x0,
    0x0, 0x1f, 0xf9, 0xa, 0xff, 0xff, 0xff, 0xff,
    0xff, 0xff, 0xff, 0x90, 0xaf, 0xff, 0xff, 0xff,
    0xff, 0xff, 0xff, 0xf9, 0xa, 0xff, 0x99, 0x99,
    0x99, 0x99, 0x99, 0x99, 0x50, 0xaf, 0xf0, 0x0,
    0x0, 0x0, 0x0, 0x0, 0x0, 0xa, 0xff, 0x0,
    0x0, 0x0, 0x0, 0x0, 0x0, 0x0, 0xaf, 0xf0,
    0x0, 0x0, 0x0, 0x0, 0x0, 0x0, 0xa, 0xff,
    0x0, 0x0, 0x0, 0x0, 0x0, 0x0, 0x0, 0xaf,
    0xf0, 0x0, 0x0, 0x0, 0x0, 0x0, 0x0, 0xa,
    0xff, 0x99, 0x99, 0x99, 0x99, 0x99, 0x99, 0x99,
    0xaf, 0xff, 0xff, 0xff, 0xff, 0xff, 0xff, 0xff,
    0xfa, 0xff, 0xff, 0xff, 0xff, 0xff, 0xff, 0xff,
    0xff,

    /* U+5E26 "带" */
    0x0, 0x1, 0xff, 0x80, 0x1f, 0xf8, 0x1, 0xff,
    0x70, 0x0, 0x2, 0x23, 0xff, 0x92, 0x3f, 0xf9,
    0x23, 0xff, 0x82, 0x21, 0x1f, 0xff, 0xff, 0xff,
    0xff, 0xff, 0xff, 0xff, 0xff, 0xf7, 0x1f, 0xff,
    0xff, 0xff, 0xff, 0xff, 0xff, 0xff, 0xff, 0xf7,
    0x5, 0x56, 0xff, 0xa5, 0x6f, 0xfa, 0x56, 0xff,
    0xa5, 0x52, 0x0, 0x1, 0xff, 0x80, 0x1f, 0xf8,
    0x1, 0xff, 0x70, 0x0, 0x6, 0x88, 0xcc, 0xa8,
    0x8c, 0xca, 0x88, 0xcc, 0xa8, 0x81, 0xd, 0xff,
    0xff, 0xff, 0xff, 0xff, 0xff, 0xff, 0xff, 0xf3,
    0xd, 0xff, 0xff, 0xff, 0xff, 0xff, 0xff, 0xff,
    0xff, 0xf3, 0xd, 0xfd, 0x0, 0x0, 0x1c, 0xc6,
    0x0, 0x0, 0x6f, 0xf3, 0x4, 0x54, 0x0, 0x0,
    0x1f, 0xf8, 0x0, 0x0, 0x25, 0x51, 0x0, 0xff,
    0xff, 0xff, 0xff, 0xff, 0xff, 0xff, 0xff, 0x60,
    0x0, 0xff, 0xff, 0xff, 0xff, 0xff, 0xff, 0xff,
    0xff, 0x60, 0x0, 0xff, 0xc8, 0x88, 0x9f, 0xfc,
    0x88, 0x89, 0xff, 0x60, 0x0, 0xff, 0x90, 0x0,
    0x1f, 0xf8, 0x0, 0x2, 0xff, 0x60, 0x0, 0xff,
    0x90, 0x0, 0x1f, 0xf8, 0x0, 0x2, 0xff, 0x60,
    0x0, 0xff, 0x90, 0x0, 0x1f, 0xf8, 0x0, 0x2,
    0xff, 0x60, 0x0, 0x55, 0x20, 0x0, 0x1f, 0xf8,
    0x0, 0x0, 0x55, 0x20,

    /* U+5E27 "帧" */
    0x0, 0x9f, 0xb0, 0x0, 0x0, 0x1e, 0xe5, 0x0,
    0x0, 0x1, 0x2a, 0xfc, 0x22, 0x0, 0x1, 0xff,
    0xff, 0xff, 0xf7, 0xef, 0xff, 0xff, 0xf1, 0x0,
    0x1f, 0xff, 0xff, 0xff, 0x7e, 0xff, 0xff, 0xff,
    0x10, 0x1, 0xff, 0x60, 0x0, 0x0, 0xed, 0xaf,
    0xbc, 0xf1, 0xef, 0xff, 0xff, 0xff, 0xfd, 0xe,
    0xd8, 0xfa, 0xbf, 0x1f, 0xff, 0xff, 0xff, 0xff,
    0xe0, 0xed, 0x8f, 0xab, 0xf1, 0xff, 0x97, 0x77,
    0x7a, 0xfe, 0xe, 0xd8, 0xfa, 0xbf, 0x1f, 0xf4,
    0x3, 0x30, 0x5f, 0xe0, 0xed, 0x8f, 0xab, 0xf1,
    0xff, 0x43, 0xff, 0x5, 0xfe, 0xe, 0xd8, 0xfa,
    0xbf, 0x1f, 0xf4, 0x3f, 0xf0, 0x5f, 0xe0, 0xed,
    0x8f, 0xab, 0xf1, 0xff, 0x43, 0xfe, 0x5, 0xfe,
    0xe, 0xd8, 0xfa, 0xbf, 0x1f, 0xf4, 0x5f, 0xd0,
    0x5f, 0xe0, 0xed, 0x8f, 0xab, 0xf1, 0xff, 0x4a,
    0xfb, 0x5, 0xfe, 0xe, 0xd8, 0xfa, 0xbf, 0x1b,
    0xc6, 0xff, 0xd3, 0x4c, 0xa0, 0xed, 0x8f, 0xab,
    0xf1, 0x5, 0xef, 0xfc, 0xfc, 0x40, 0x7, 0x68,
    0xfa, 0x58, 0x6e, 0xff, 0xf7, 0xaf, 0xff, 0xd3,
    0x0, 0x8f, 0xa0, 0x8, 0xff, 0xf7, 0x0, 0x6d,
    0xff, 0x80, 0x8, 0xfa, 0x0, 0x8e, 0xa2, 0x0,
    0x0, 0x4, 0xb8, 0x0, 0x0, 0x0, 0x1, 0x0,
    0x0, 0x0, 0x0, 0x0, 0x0,

    /* U+5E2E "帮" */
    0x5, 0x66, 0xaf, 0xf8, 0x66, 0x48, 0xff, 0xff,
    0xff, 0xd0, 0xd, 0xff, 0xff, 0xff, 0xff, 0xa8,
    0xff, 0xff, 0xff, 0xc0, 0xa, 0xcc, 0xef, 0xfd,
    0xcc, 0x88, 0xff, 0x76, 0xff, 0xa0, 0x0, 0x0,
    0x6f, 0xf3, 0x0, 0x8, 0xff, 0x12, 0xff, 0x70,
    0x8, 0xff, 0xff, 0xff, 0xff, 0x58, 0xff, 0x19,
    0xff, 0x20, 0x7, 0xdd, 0xef, 0xfe, 0xdd, 0x48,
    0xff, 0x14, 0xff, 0x80, 0x2, 0x22, 0x9f, 0xf3,
    0x22, 0x28, 0xff, 0x10, 0xaf, 0xf0, 0x1f, 0xff,
    0xff, 0xff, 0xff, 0xe8, 0xff, 0x10, 0x8f, 0xf0,
    0x1f, 0xff, 0xff, 0xff, 0xff, 0xe8, 0xff, 0x10,
    0xdf, 0xc0, 0x0, 0x1e, 0xfe, 0x0, 0x0, 0x5,
    0xbb, 0x4, 0x77, 0x20, 0x0, 0x7a, 0xa4, 0x0,
    0x4f, 0xf5, 0x0, 0x0, 0x0, 0x0, 0x5, 0xdd,
    0xdd, 0xdd, 0xef, 0xfe, 0xdd, 0xdd, 0xdd, 0x60,
    0x6, 0xff, 0xff, 0xff, 0xff, 0xff, 0xff, 0xff,
    0xff, 0x80, 0x6, 0xff, 0xba, 0xaa, 0xbf, 0xfc,
    0xaa, 0xaa, 0xff, 0x80, 0x6, 0xff, 0x30, 0x0,
    0x4f, 0xf5, 0x0, 0x1, 0xff, 0x80, 0x6, 0xff,
    0x30, 0x0, 0x4f, 0xf5, 0x0, 0x1, 0xff, 0x80,
    0x6, 0xff, 0x30, 0x0, 0x4f, 0xf5, 0x0, 0x1,
    0xff, 0x80, 0x1, 0x44, 0x0, 0x0, 0x4f, 0xf5,
    0x0, 0x0, 0x44, 0x20,

    /* U+5E55 "幕" */
    0xb, 0xff, 0xff, 0xff, 0xff, 0xff, 0xff, 0xff,
    0xff, 0xb0, 0xb, 0xff, 0xff, 0xff, 0xff, 0xff,
    0xff, 0xff, 0xff, 0xb0, 0x1, 0x22, 0x2e, 0xfb,
    0x22, 0x22, 0xbf, 0xe2, 0x22, 0x10, 0x0, 0x8f,
    0xff, 0xff, 0xff, 0xff, 0xff, 0xff, 0xf8, 0x0,
    0x0, 0x8f, 0xfd, 0xdd, 0xdd, 0xdd, 0xdd, 0xdf,
    0xf8, 0x0, 0x0, 0x8f, 0xf7, 0x77, 0x77, 0x77,
    0x77, 0x7f, 0xf8, 0x0, 0x0, 0x8f, 0xff, 0xff,
    0xff, 0xff, 0xff, 0xff, 0xf8, 0x0, 0x0, 0x8f,
    0xf7, 0x66, 0x66, 0x66, 0x66, 0x7f, 0xf8, 0x0,
    0x0, 0x8f, 0xff, 0xff, 0xff, 0xff, 0xff, 0xff,
    0xf8, 0x0, 0x1, 0x24, 0x44, 0x44, 0x7f, 0xf7,
    0x44, 0x44, 0x42, 0x10, 0x1f, 0xff, 0xff, 0xff,
    0xff, 0xff, 0xff, 0xff, 0xff, 0xf1, 0x1f, 0xff,
    0xff, 0xff, 0xff, 0xff, 0xff, 0xff, 0xff, 0xf1,
    0x2, 0x6f, 0xf9, 0x22, 0x5c, 0xc5, 0x22, 0x9f,
    0xf6, 0x20, 0x7, 0xff, 0xf9, 0x88, 0xaf, 0xfa,
    0x88, 0x9f, 0xff, 0x70, 0x4f, 0xff, 0xff, 0xff,
    0xff, 0xff, 0xff, 0xff, 0xff, 0xf4, 0x4f, 0xb6,
    0xff, 0xcb, 0xcf, 0xfc, 0xbc, 0xff, 0x6b, 0xf4,
    0x24, 0x5, 0xff, 0x30, 0x4f, 0xf4, 0x3, 0xff,
    0x50, 0x42, 0x0, 0x5, 0xff, 0x30, 0x4f, 0xf4,
    0x3, 0xff, 0x50, 0x0,

    /* U+5E73 "平" */
    0xc, 0xff, 0xff, 0xff, 0xff, 0xff, 0xff, 0xff,
    0xff, 0xc0, 0xc, 0xff, 0xff, 0xff, 0xff, 0xff,
    0xff, 0xff, 0xff, 0xc0, 0x6, 0x88, 0x88, 0x88,
    0xaf, 0xfa, 0x88, 0x88, 0x88, 0x60, 0x0, 0x48,
    0x81, 0x0, 0x4f, 0xf4, 0x0, 0x18, 0x84, 0x0,
    0x0, 0x5f, 0xf5, 0x0, 0x4f, 0xf4, 0x0, 0x5f,
    0xf5, 0x0, 0x0, 0x1f, 0xf9, 0x0, 0x4f, 0xf4,
    0x0, 0x9f, 0xf1, 0x0, 0x0, 0xc, 0xfe, 0x0,
    0x4f, 0xf4, 0x0, 0xef, 0xc0, 0x0, 0x0, 0x8,
    0xff, 0x20, 0x4f, 0xf4, 0x2, 0xff, 0x80, 0x0,
    0x0, 0x0, 0x11, 0x0, 0x4f, 0xf4, 0x0, 0x11,
    0x0, 0x0, 0x3f, 0xff, 0xff, 0xff, 0xff, 0xff,
    0xff, 0xff, 0xff, 0xf3, 0x3f, 0xff, 0xff, 0xff,
    0xff, 0xff, 0xff, 0xff, 0xff, 0xf3, 0x19, 0x99,
    0x99, 0x99, 0xbf, 0xfb, 0x99, 0x99, 0x99, 0x91,
    0x0, 0x0, 0x0, 0x0, 0x4f, 0xf4, 0x0, 0x0,
    0x0, 0x0, 0x0, 0x0, 0x0, 0x0, 0x4f, 0xf4,
    0x0, 0x0, 0x0, 0x0, 0x0, 0x0, 0x0, 0x0,
    0x4f, 0xf4, 0x0, 0x0, 0x0, 0x0, 0x0, 0x0,
    0x0, 0x0, 0x4f, 0xf4, 0x0, 0x0, 0x0, 0x0,
    0x0, 0x0, 0x0, 0x0, 0x4f, 0xf4, 0x0, 0x0,
    0x0, 0x0, 0x0, 0x0, 0x0, 0x0, 0x4f, 0xf4,
    0x0, 0x0, 0x0, 0x0,

    /* U+5E76 "并" */
    0x0, 0x8, 0xff, 0x20, 0x0, 0x2, 0xff, 0x80,
    0x0, 0x0, 0x2, 0xff, 0x80, 0x0, 0x8, 0xff,
    0x20, 0x0, 0x17, 0x77, 0xde, 0xc7, 0x77, 0x7c,
    0xed, 0x77, 0x71, 0x2f, 0xff, 0xff, 0xff, 0xff,
    0xff, 0xff, 0xff, 0xf2, 0x2f, 0xff, 0xff, 0xff,
    0xff, 0xff, 0xff, 0xff, 0xf2, 0x0, 0x0, 0xef,
    0xb0, 0x0, 0x6, 0xff, 0x30, 0x0, 0x0, 0x0,
    0xef, 0xb0, 0x0, 0x6, 0xff, 0x30, 0x0, 0x0,
    0x0, 0xef, 0xb0, 0x0, 0x6, 0xff, 0x30, 0x0,
    0x0, 0x0, 0xef, 0xb0, 0x0, 0x6, 0xff, 0x30,
    0x0, 0xff, 0xff, 0xff, 0xff, 0xff, 0xff, 0xff,
    0xff, 0xff, 0xff, 0xff, 0xff, 0xff, 0xff, 0xff,
    0xff, 0xff, 0xff, 0x99, 0x9a, 0xff, 0xc9, 0x99,
    0x9b, 0xff, 0xa9, 0x99, 0x0, 0x6, 0xff, 0x50,
    0x0, 0x6, 0xff, 0x30, 0x0, 0x0, 0xa, 0xff,
    0x20, 0x0, 0x6, 0xff, 0x30, 0x0, 0x0, 0xf,
    0xfd, 0x0, 0x0, 0x6, 0xff, 0x30, 0x0, 0x0,
    0x7f, 0xf7, 0x0, 0x0, 0x6, 0xff, 0x30, 0x0,
    0x1, 0xff, 0xf1, 0x0, 0x0, 0x6, 0xff, 0x30,
    0x0, 0xb, 0xff, 0x80, 0x0, 0x0, 0x6, 0xff,
    0x30, 0x0,

    /* U+5E94 "应" */
    0x0, 0x0, 0x0, 0x0, 0xa, 0xff, 0x0, 0x0,
    0x0, 0x0, 0x0, 0xef, 0xff, 0xff, 0xff, 0xff,
    0xff, 0xff, 0xff, 0xf0, 0x0, 0xef, 0xff, 0xff,
    0xff, 0xff, 0xff, 0xff, 0xff, 0xf0, 0x0, 0xef,
    0xeb, 0xbb, 0xbb, 0xbb, 0xbb, 0xbb, 0xbb, 0xa0,
    0x0, 0xef, 0xb0, 0x0, 0x0, 0x0, 0x0, 0x0,
    0x0, 0x0, 0x0, 0xef, 0xb0, 0x66, 0x30, 0x9d,
    0xa0, 0x1, 0x77, 0x20, 0x0, 0xef, 0xb0, 0xdf,
    0x90, 0x9f, 0xd0, 0x3, 0xff, 0x30, 0x0, 0xef,
    0xb0, 0xbf, 0xb0, 0x7f, 0xf0, 0x6, 0xff, 0x0,
    0x0, 0xef, 0xb0, 0x9f, 0xc0, 0x5f, 0xf1, 0x8,
    0xfe, 0x0, 0x0, 0xef, 0xb0, 0x7f, 0xe0, 0x3f,
    0xf3, 0xb, 0xfc, 0x0, 0x0, 0xff, 0xa0, 0x5f,
    0xf0, 0x1f, 0xf5, 0xd, 0xf9, 0x0, 0x0, 0xff,
    0xa0, 0x3f, 0xf2, 0xf, 0xf7, 0xf, 0xf7, 0x0,
    0x1, 0xff, 0x90, 0x1f, 0xf4, 0xd, 0xf9, 0x2f,
    0xf5, 0x0, 0x3, 0xff, 0x70, 0xe, 0xf6, 0x6,
    0x85, 0x4f, 0xf2, 0x0, 0x5, 0xff, 0x50, 0x0,
    0x0, 0x0, 0x0, 0x6f, 0xf0, 0x0, 0x9, 0xff,
    0x29, 0xdd, 0xdd, 0xdd, 0xdd, 0xef, 0xfd, 0xd2,
    0xd, 0xfe, 0xb, 0xff, 0xff, 0xff, 0xff, 0xff,
    0xff, 0xf3, 0x2f, 0xfa, 0x8, 0xcc, 0xcc, 0xcc,
    0xcc, 0xcc, 0xcc, 0xc2,

    /* U+5E95 "底" */
    0x1, 0xff, 0xff, 0xff, 0xff, 0xff, 0xff, 0xff,
    0xff, 0xf1, 0x1, 0xff, 0xff, 0xff, 0xff, 0xff,
    0xff, 0xff, 0xff, 0xf1, 0x1, 0xff, 0xb8, 0x88,
    0x88, 0x88, 0x88, 0x88, 0x88, 0x80, 0x1, 0xff,
    0x70, 0x0, 0x0, 0x0, 0x0, 0x0, 0x0, 0x0,
    0x1, 0xff, 0x70, 0x55, 0x56, 0x67, 0x89, 0xab,
    0xde, 0x50, 0x1, 0xff, 0x70, 0xff, 0xff, 0xff,
    0xff, 0xff, 0xff, 0x60, 0x1, 0xff, 0x70, 0xff,
    0xff, 0xff, 0xff, 0xff, 0xdc, 0x40, 0x1, 0xff,
    0x70, 0xff, 0x91, 0x11, 0xf, 0xf8, 0x0, 0x0,
    0x1, 0xff, 0x70, 0xff, 0x90, 0x0, 0xe, 0xf9,
    0x0, 0x0, 0x1, 0xff, 0x70, 0xff, 0xff, 0xff,
    0xff, 0xff, 0xff, 0xf2, 0x2, 0xff, 0x70, 0xff,
    0xff, 0xff, 0xff, 0xff, 0xff, 0xf2, 0x2, 0xff,
    0x60, 0xff, 0xc7, 0x77, 0x7d, 0xff, 0x77, 0x70,
    0x4, 0xff, 0x50, 0xff, 0x90, 0x0, 0x8, 0xff,
    0x10, 0x0, 0x5, 0xff, 0x30, 0xff, 0x90, 0x12,
    0x14, 0xff, 0x60, 0x0, 0x8, 0xff, 0x10, 0xff,
    0x90, 0xbf, 0xe0, 0xef, 0xd0, 0x0, 0xa, 0xff,
    0x0, 0xff, 0xc9, 0x8f, 0xf3, 0x7f, 0xf6, 0x0,
    0xe, 0xfc, 0x0, 0xff, 0xff, 0x5f, 0xf7, 0xe,
    0xff, 0x20, 0x3f, 0xf9, 0x0, 0xff, 0xff, 0x3c,
    0xfc, 0x4, 0xff, 0xe1,

    /* U+5EA6 "度" */
    0x1, 0xff, 0xff, 0xff, 0xff, 0xff, 0xff, 0xff,
    0xff, 0xf1, 0x1, 0xff, 0xff, 0xff, 0xff, 0xff,
    0xff, 0xff, 0xff, 0xf1, 0x1, 0xff, 0xb6, 0x7f,
    0xfb, 0x66, 0x67, 0xff, 0xb6, 0x60, 0x1, 0xff,
    0x70, 0xf, 0xf7, 0x0, 0x0, 0xff, 0x70, 0x0,
    0x1, 0xff, 0xff, 0xff, 0xff, 0xff, 0xff, 0xff,
    0xff, 0xf0, 0x1, 0xff, 0xff, 0xff, 0xff, 0xff,
    0xff, 0xff, 0xff, 0xf0, 0x1, 0xff, 0x93, 0x3f,
    0xf9, 0x33, 0x33, 0xff, 0x93, 0x30, 0x1, 0xff,
    0x70, 0xf, 0xfe, 0xdd, 0xdd, 0xff, 0x70, 0x0,
    0x1, 0xff, 0x70, 0xf, 0xff, 0xff, 0xff, 0xff,
    0x70, 0x0, 0x1, 0xff, 0x70, 0x6, 0x66, 0x66,
    0x66, 0x66, 0x30, 0x0, 0x2, 0xff, 0x74, 0xff,
    0xff, 0xff, 0xff, 0xff, 0xfb, 0x0, 0x2, 0xff,
    0x60, 0xdf, 0xff, 0xff, 0xff, 0xff, 0xf5, 0x0,
    0x4, 0xff, 0x50, 0x4f, 0xff, 0x52, 0x2c, 0xff,
    0xb0, 0x0, 0x5, 0xff, 0x40, 0x7, 0xff, 0xf8,
    0xdf, 0xfd, 0x10, 0x0, 0x7, 0xff, 0x20, 0x0,
    0x7f, 0xff, 0xff, 0xd1, 0x0, 0x0, 0xa, 0xff,
    0x25, 0x8c, 0xff, 0xff, 0xff, 0xfe, 0xa6, 0x30,
    0xe, 0xfd, 0x8f, 0xff, 0xff, 0xc6, 0x9f, 0xff,
    0xff, 0xf0, 0x2f, 0xfa, 0x8f, 0xea, 0x61, 0x0,
    0x0, 0x48, 0xcf, 0xf0, 0x0, 0x0, 0x11, 0x0,
    0x0, 0x0, 0x0, 0x0, 0x0, 0x20,

    /* U+5EA7 "座" */
    0x7, 0xff, 0xff, 0xff, 0xff, 0xff, 0xff, 0xff,
    0xff, 0xd0, 0x7f, 0xff, 0xff, 0xff, 0xff, 0xff,
    0xff, 0xff, 0xfd, 0x7, 0xff, 0x76, 0x66, 0x66,
    0x88, 0x86, 0x66, 0x66, 0x50, 0x7f, 0xf1, 0x6,
    0xfc, 0xb, 0xfb, 0x2, 0xfe, 0x0, 0x7, 0xff,
    0x10, 0xaf, 0xa0, 0xbf, 0xb0, 0x6f, 0xe0, 0x0,
    0x7f, 0xf1, 0xe, 0xfe, 0xb, 0xfb, 0xb, 0xff,
    0x10, 0x7, 0xff, 0x12, 0xff, 0xf2, 0xbf, 0xb0,
    0xef, 0xf6, 0x0, 0x7f, 0xf1, 0x7f, 0xff, 0x7b,
    0xfb, 0x3f, 0xff, 0xa0, 0x7, 0xff, 0x1c, 0xfb,
    0xfb, 0xbf, 0xb9, 0xfc, 0xff, 0x0, 0x8f, 0xf3,
    0xff, 0x3f, 0xfc, 0xfb, 0xef, 0x5c, 0xf4, 0x8,
    0xff, 0x8f, 0xd0, 0xbf, 0xff, 0xff, 0xf0, 0x7f,
    0x80, 0x9f, 0xf1, 0x43, 0x23, 0x4c, 0xfd, 0x44,
    0x23, 0x41, 0xa, 0xff, 0x1f, 0xff, 0xff, 0xff,
    0xff, 0xff, 0xff, 0x20, 0xbf, 0xd1, 0xff, 0xff,
    0xff, 0xff, 0xff, 0xff, 0xf2, 0xd, 0xfc, 0x3,
    0x33, 0x33, 0xcf, 0xc3, 0x33, 0x33, 0x0, 0xff,
    0xa8, 0xaa, 0xaa, 0xae, 0xfe, 0xaa, 0xaa, 0xa9,
    0x3f, 0xf7, 0xef, 0xff, 0xff, 0xff, 0xff, 0xff,
    0xff, 0xe7, 0xff, 0x4a, 0xcc, 0xcc, 0xcc, 0xcc,
    0xcc, 0xcc, 0xcb,

    /* U+5EF6 "延" */
    0x0, 0x0, 0x0, 0x0, 0x0, 0x0, 0x2, 0x34,
    0x67, 0x10, 0xf, 0xff, 0xfd, 0x2e, 0xef, 0xff,
    0xff, 0xff, 0xff, 0x30, 0xf, 0xff, 0xf9, 0x2f,
    0xff, 0xff, 0xff, 0xff, 0xff, 0x30, 0x9, 0xaf,
    0xf5, 0x1a, 0x99, 0x9c, 0xff, 0x64, 0x21, 0x0,
    0x0, 0x6f, 0xf2, 0x0, 0x0, 0x8, 0xff, 0x10,
    0x0, 0x0, 0x0, 0xaf, 0xe0, 0x2, 0x21, 0x8,
    0xff, 0x10, 0x0, 0x0, 0x0, 0xef, 0xa0, 0xf,
    0xf9, 0x8, 0xff, 0x76, 0x66, 0x40, 0x1, 0xff,
    0x70, 0xf, 0xf9, 0x8, 0xff, 0xff, 0xff, 0xb0,
    0xa, 0xff, 0xa6, 0xf, 0xf9, 0x8, 0xff, 0xff,
    0xff, 0xb0, 0xf, 0xff, 0xfb, 0xf, 0xf9, 0x8,
    0xff, 0x10, 0x0, 0x0, 0xf, 0xff, 0xfa, 0xf,
    0xf9, 0x8, 0xff, 0x10, 0x0, 0x0, 0x0, 0xf,
    0xf9, 0xf, 0xf9, 0x8, 0xff, 0x10, 0x0, 0x0,
    0x0, 0x1f, 0xf8, 0xf, 0xfd, 0x9c, 0xff, 0x99,
    0x99, 0x40, 0x0, 0x4f, 0xf5, 0xf, 0xff, 0xff,
    0xff, 0xff, 0xff, 0x80, 0x0, 0x7f, 0xf2, 0xe,
    0xff, 0xff, 0xff, 0xff, 0xff, 0x70, 0x0, 0xcf,
    0xf4, 0x0, 0x0, 0x0, 0x0, 0x0, 0x0, 0x0,
    0x1, 0xff, 0xff, 0xeb, 0xaa, 0xaa, 0xaa, 0xaa,
    0xaa, 0xa1, 0x8, 0xff, 0xff, 0xff, 0xff, 0xff,
    0xff, 0xff, 0xff, 0xf2, 0xe, 0xff, 0x15, 0x9b,
    0xcc, 0xcc, 0xcc, 0xcc, 0xcc, 0xc1,

    /* U+5F00 "开" */
    0x0, 0xdf, 0xff, 0xff, 0xff, 0xff, 0xff, 0xff,
    0xfd, 0x0, 0x0, 0xdf, 0xff, 0xff, 0xff, 0xff,
    0xff, 0xff, 0xfd, 0x0, 0x0, 0x89, 0x9f, 0xfe,
    0x99, 0x99, 0xcf, 0xfa, 0x98, 0x0, 0x0, 0x0,
    0xe, 0xfb, 0x0, 0x0, 0x6f, 0xf3, 0x0, 0x0,
    0x0, 0x0, 0xe, 0xfb, 0x0, 0x0, 0x6f, 0xf3,
    0x0, 0x0, 0x0, 0x0, 0xe, 0xfb, 0x0, 0x0,
    0x6f, 0xf3, 0x0, 0x0, 0x0, 0x0, 0xe, 0xfb,
    0x0, 0x0, 0x6f, 0xf3, 0x0, 0x0, 0x0, 0x0,
    0xe, 0xfb, 0x0, 0x0, 0x7f, 0xf3, 0x0, 0x0,
    0x1f, 0xff, 0xff, 0xff, 0xff, 0xff, 0xff, 0xff,
    0xff, 0xf1, 0x1f, 0xff, 0xff, 0xff, 0xff, 0xff,
    0xff, 0xff, 0xff, 0xf1, 0x8, 0x88, 0x8f, 0xfc,
    0x88, 0x88, 0xbf, 0xf9, 0x88, 0x80, 0x0, 0x0,
    0x2f, 0xf8, 0x0, 0x0, 0x6f, 0xf3, 0x0, 0x0,
    0x0, 0x0, 0x5f, 0xf6, 0x0, 0x0, 0x6f, 0xf3,
    0x0, 0x0, 0x0, 0x0, 0xaf, 0xf2, 0x0, 0x0,
    0x6f, 0xf3, 0x0, 0x0, 0x0, 0x0, 0xff, 0xe0,
    0x0, 0x0, 0x6f, 0xf3, 0x0, 0x0, 0x0, 0x7,
    0xff, 0x80, 0x0, 0x0, 0x6f, 0xf3, 0x0, 0x0,
    0x0, 0x1e, 0xff, 0x10, 0x0, 0x0, 0x6f, 0xf3,
    0x0, 0x0, 0x0, 0xbf, 0xf8, 0x0, 0x0, 0x0,
    0x6f, 0xf3, 0x0, 0x0,

    /* U+5F02 "异" */
    0xa, 0xff, 0xff, 0xff, 0xff, 0xff, 0xff, 0xff,
    0x20, 0xa, 0xff, 0xff, 0xff, 0xff, 0xff, 0xff,
    0xff, 0x20, 0xa, 0xff, 0x55, 0x55, 0x55, 0x55,
    0x5a, 0xff, 0x20, 0xa, 0xff, 0x11, 0x11, 0x11,
    0x11, 0x18, 0xff, 0x20, 0xa, 0xff, 0xff, 0xff,
    0xff, 0xff, 0xff, 0xff, 0x20, 0xa, 0xff, 0xff,
    0xff, 0xff, 0xff, 0xff, 0xff, 0x20, 0xa, 0xff,
    0x44, 0x44, 0x44, 0x44, 0x44, 0x44, 0x0, 0xa,
    0xff, 0x88, 0x88, 0x88, 0x88, 0x88, 0x88, 0x86,
    0xa, 0xff, 0xff, 0xff, 0xff, 0xff, 0xff, 0xff,
    0xfc, 0x9, 0xff, 0xff, 0xff, 0xff, 0xff, 0xff,
    0xff, 0xfc, 0x0, 0x7, 0xbb, 0x0, 0x0, 0x0,
    0x8b, 0x90, 0x0, 0x22, 0x2b, 0xff, 0x22, 0x22,
    0x22, 0xcf, 0xd2, 0x22, 0xff, 0xff, 0xff, 0xff,
    0xff, 0xff, 0xff, 0xff, 0xff, 0xff, 0xff, 0xff,
    0xff, 0xff, 0xff, 0xff, 0xff, 0xff, 0x55, 0x6f,
    0xfb, 0x55, 0x55, 0x55, 0xdf, 0xe5, 0x55, 0x0,
    0x7f, 0xf5, 0x0, 0x0, 0x0, 0xcf, 0xd0, 0x0,
    0x2, 0xff, 0xe0, 0x0, 0x0, 0x0, 0xcf, 0xd0,
    0x0, 0xc, 0xff, 0x50, 0x0, 0x0, 0x0, 0xcf,
    0xd0, 0x0,

    /* U+5F0F "式" */
    0x0, 0x0, 0x0, 0x0, 0x0, 0x0, 0xff, 0xa5,
    0xd5, 0x0, 0x0, 0x0, 0x0, 0x0, 0x0, 0xd,
    0xfc, 0x4f, 0x80, 0x99, 0x99, 0x99, 0x99, 0x99,
    0x99, 0xef, 0xfa, 0xec, 0x1f, 0xff, 0xff, 0xff,
    0xff, 0xff, 0xff, 0xff, 0xff, 0xf3, 0xff, 0xff,
    0xff, 0xff, 0xff, 0xff, 0xff, 0xff, 0xff, 0x30,
    0x0, 0x0, 0x0, 0x0, 0x0, 0x5, 0xff, 0x50,
    0x0, 0x0, 0x0, 0x0, 0x0, 0x0, 0x0, 0x3f,
    0xf7, 0x0, 0x0, 0xcf, 0xff, 0xff, 0xff, 0xff,
    0x31, 0xff, 0x90, 0x0, 0xc, 0xff, 0xff, 0xff,
    0xff, 0xf3, 0xf, 0xfa, 0x0, 0x0, 0x57, 0x77,
    0xff, 0xd7, 0x77, 0x10, 0xdf, 0xd0, 0x0, 0x0,
    0x0, 0xe, 0xfa, 0x0, 0x0, 0xa, 0xff, 0x0,
    0x0, 0x0, 0x0, 0xef, 0xa0, 0x0, 0x0, 0x8f,
    0xf2, 0x0, 0x0, 0x0, 0xe, 0xfa, 0x0, 0x0,
    0x4, 0xff, 0x60, 0x0, 0x0, 0x0, 0xef, 0xa0,
    0x0, 0x0, 0x1f, 0xfa, 0x0, 0x34, 0x56, 0x7f,
    0xfd, 0xaa, 0xbc, 0x70, 0xcf, 0xf0, 0xe, 0xff,
    0xff, 0xff, 0xff, 0xff, 0xf9, 0x7, 0xff, 0x40,
    0xef, 0xff, 0xff, 0xff, 0xee, 0xdc, 0x60, 0x2f,
    0xfb, 0x4, 0x43, 0x22, 0x10, 0x0, 0x0, 0x0,
    0x0, 0xbf, 0xf2,

    /* U+5F27 "弧" */
    0x0, 0x0, 0x0, 0x0, 0x0, 0x0, 0x1, 0x23,
    0x57, 0x12, 0xff, 0xff, 0xfe, 0x1e, 0xef, 0xff,
    0xff, 0xff, 0xf3, 0x2f, 0xff, 0xff, 0xe1, 0xff,
    0xff, 0xff, 0xff, 0xff, 0x30, 0x55, 0x5a, 0xfe,
    0x1f, 0xfd, 0xef, 0xfa, 0xff, 0x50, 0x0, 0x0,
    0x8f, 0xe1, 0xff, 0x36, 0xfd, 0x3f, 0xf2, 0x0,
    0x0, 0x8, 0xfe, 0x1f, 0xf3, 0x6f, 0xd3, 0xff,
    0x20, 0xc, 0xff, 0xff, 0xe1, 0xff, 0x36, 0xfd,
    0x3f, 0xf2, 0x0, 0xcf, 0xff, 0xfe, 0x1f, 0xf3,
    0x6f, 0xd3, 0xff, 0x20, 0xd, 0xfa, 0x44, 0x31,
    0xff, 0x36, 0xfd, 0x3f, 0xf2, 0x0, 0xef, 0x70,
    0x0, 0x1f, 0xf3, 0x6f, 0xd2, 0xff, 0x20, 0xf,
    0xfa, 0x66, 0x61, 0xff, 0x36, 0xfd, 0x2f, 0xf2,
    0x0, 0xff, 0xff, 0xff, 0x2f, 0xf2, 0x6f, 0xd1,
    0xff, 0x30, 0x1f, 0xff, 0xff, 0xf2, 0xff, 0x26,
    0xfd, 0xf, 0xf4, 0x0, 0x0, 0x8, 0xfe, 0x4f,
    0xf0, 0x6f, 0xd0, 0xef, 0x60, 0x0, 0x0, 0xaf,
    0xd6, 0xfe, 0x6, 0xfd, 0xc, 0xf9, 0x0, 0x0,
    0xb, 0xfc, 0xaf, 0xb0, 0x6f, 0xd0, 0x9f, 0xc0,
    0x3, 0x66, 0xef, 0xbd, 0xf7, 0x5b, 0xfe, 0xa8,
    0xff, 0x0, 0x8f, 0xff, 0xfd, 0xff, 0x2b, 0xff,
    0xff, 0x4f, 0xf5, 0x8, 0xff, 0xff, 0xff, 0xc0,
    0xbf, 0xff, 0xf3, 0xaf, 0xb0,

    /* U+5F2F "弯" */
    0xb, 0xff, 0xff, 0xff, 0xff, 0xff, 0xff, 0xff,
    0xff, 0xf3, 0xb, 0xff, 0xff, 0xff, 0xff, 0xff,
    0xff, 0xff, 0xff, 0xf3, 0xb, 0xff, 0xff, 0xff,
    0xff, 0xff, 0xff, 0xff, 0xff, 0xf3, 0x2, 0x33,
    0x68, 0x7f, 0xf6, 0x3d, 0xfd, 0x49, 0x43, 0x30,
    0x9, 0xcf, 0xfb, 0x5f, 0xf4, 0xd, 0xfc, 0x3f,
    0xfd, 0xa4, 0x1f, 0xff, 0xf9, 0x5f, 0xf4, 0xd,
    0xfc, 0x2f, 0xff, 0xf8, 0xa, 0xb9, 0x53, 0x5a,
    0xa5, 0x39, 0xa8, 0x34, 0x79, 0x96, 0x0, 0xef,
    0xff, 0xff, 0xff, 0xff, 0xff, 0xff, 0xf9, 0x0,
    0x0, 0xef, 0xff, 0xff, 0xff, 0xff, 0xff, 0xff,
    0xf9, 0x0, 0x0, 0x4, 0x55, 0x55, 0x55, 0x55,
    0x55, 0x6f, 0xf9, 0x0, 0x0, 0xf, 0xff, 0xff,
    0xff, 0xff, 0xff, 0xff, 0xf9, 0x0, 0x0, 0x2f,
    0xfe, 0xdd, 0xdd, 0xdd, 0xdd, 0xdd, 0xd7, 0x0,
    0x0, 0x4f, 0xfa, 0x66, 0x66, 0x66, 0x66, 0x66,
    0x66, 0x40, 0x0, 0x7f, 0xff, 0xff, 0xff, 0xff,
    0xff, 0xff, 0xff, 0xb0, 0x0, 0x8d, 0xdd, 0xdd,
    0xdd, 0xdd, 0xdd, 0xdd, 0xff, 0xa0, 0x0, 0x0,
    0x0, 0x0, 0x0, 0x3, 0x66, 0x68, 0xff, 0x90,
    0x0, 0x0, 0x0, 0x0, 0x0, 0x9, 0xff, 0xff,
    0xff, 0x80, 0x0, 0x0, 0x0, 0x0, 0x0, 0x9,
    0xff, 0xff, 0xff, 0x70,

    /* U+5F31 "弱" */
    0xef, 0xff, 0xff, 0xff, 0xe, 0xff, 0xff, 0xff,
    0xf1, 0xef, 0xff, 0xff, 0xff, 0xe, 0xff, 0xff,
    0xff, 0xf1, 0x45, 0x55, 0x5a, 0xff, 0x4, 0x55,
    0x55, 0x9f, 0xf1, 0x24, 0x44, 0x4a, 0xff, 0x2,
    0x44, 0x44, 0x9f, 0xf1, 0x8f, 0xff, 0xff, 0xff,
    0x8, 0xff, 0xff, 0xff, 0xf1, 0xaf, 0xff, 0xff,
    0xfe, 0x9, 0xff, 0xff, 0xff, 0xf1, 0xbf, 0xf1,
    0x11, 0x11, 0xa, 0xff, 0x21, 0x11, 0x10, 0xcf,
    0xff, 0xff, 0xff, 0x2c, 0xff, 0xff, 0xff, 0xf4,
    0xdf, 0xff, 0xff, 0xff, 0x1d, 0xff, 0xff, 0xff,
    0xf4, 0x7, 0x95, 0x5, 0xff, 0x10, 0x69, 0x70,
    0x5f, 0xf4, 0x8, 0xfc, 0x5, 0xff, 0x10, 0x7f,
    0xf0, 0x5f, 0xf3, 0x3, 0xff, 0x57, 0xff, 0x0,
    0x1f, 0xf6, 0x7f, 0xf3, 0x0, 0x6d, 0xf9, 0xff,
    0x0, 0x5, 0xcf, 0x9f, 0xf3, 0x8e, 0xff, 0xf9,
    0xff, 0x8, 0xef, 0xff, 0x9f, 0xf3, 0xef, 0xfa,
    0x36, 0xff, 0xe, 0xff, 0xa3, 0x6f, 0xf2, 0xd8,
    0x11, 0x7a, 0xff, 0xd, 0x81, 0x6, 0xaf, 0xf2,
    0x0, 0x2, 0xff, 0xff, 0x0, 0x0, 0xf, 0xff,
    0xf2, 0x0, 0x2, 0xff, 0xff, 0x0, 0x0, 0xf,
    0xff, 0xf1,

    /* U+5F39 "弹" */
    0xff, 0xff, 0xff, 0x0, 0xaf, 0xc0, 0x3, 0xff,
    0x20, 0xf, 0xff, 0xff, 0xf0, 0x7a, 0xff, 0x87,
    0xbf, 0xe7, 0x40, 0xef, 0xff, 0xff, 0x1f, 0xff,
    0xff, 0xff, 0xff, 0xfa, 0x0, 0x0, 0x8f, 0xf1,
    0xff, 0xed, 0xff, 0xed, 0xff, 0xa0, 0x0, 0x8,
    0xff, 0x1f, 0xf4, 0xe, 0xf6, 0xc, 0xfa, 0x9,
    0xff, 0xff, 0xf1, 0xff, 0x86, 0xef, 0x96, 0xdf,
    0xa0, 0xaf, 0xff, 0xff, 0x1f, 0xff, 0xff, 0xff,
    0xff, 0xfa, 0xb, 0xfe, 0x88, 0x71, 0xff, 0xee,
    0xff, 0xfe, 0xff, 0xa0, 0xcf, 0xb0, 0x0, 0x1f,
    0xf4, 0xe, 0xf6, 0xc, 0xfa, 0xd, 0xfc, 0x55,
    0x52, 0xff, 0xa7, 0xef, 0xa7, 0xef, 0xa0, 0xef,
    0xff, 0xff, 0x2f, 0xff, 0xff, 0xff, 0xff, 0xfa,
    0xf, 0xff, 0xff, 0xf1, 0xff, 0xff, 0xff, 0xff,
    0xff, 0x90, 0x1, 0x19, 0xfe, 0x0, 0x0, 0xf,
    0xf9, 0x0, 0x0, 0x0, 0x0, 0xaf, 0xd8, 0xff,
    0xff, 0xff, 0xff, 0xff, 0xf1, 0x0, 0xb, 0xfc,
    0x8f, 0xff, 0xff, 0xff, 0xff, 0xff, 0x13, 0x99,
    0xef, 0xb3, 0x66, 0x66, 0xff, 0xb6, 0x66, 0x60,
    0x6f, 0xff, 0xfa, 0x0, 0x0, 0xf, 0xf9, 0x0,
    0x0, 0x5, 0xee, 0xee, 0x80, 0x0, 0x0, 0xff,
    0x90, 0x0, 0x0,

    /* U+5F3A "强" */
    0x11, 0x11, 0x11, 0x0, 0x0, 0x0, 0x0, 0x0,
    0x0, 0xf, 0xff, 0xff, 0xf2, 0x7f, 0xff, 0xff,
    0xff, 0xff, 0x0, 0xff, 0xff, 0xff, 0x27, 0xff,
    0xff, 0xff, 0xff, 0xf0, 0x5, 0x66, 0x9f, 0xf2,
    0x7f, 0xf4, 0x33, 0x39, 0xff, 0x0, 0x0, 0x6,
    0xff, 0x27, 0xff, 0x53, 0x33, 0xaf, 0xf0, 0x1,
    0x11, 0x7f, 0xf2, 0x7f, 0xff, 0xff, 0xff, 0xff,
    0x0, 0x9f, 0xff, 0xff, 0x26, 0xff, 0xff, 0xff,
    0xff, 0xe0, 0xa, 0xff, 0xff, 0xf2, 0x0, 0x0,
    0xef, 0xa0, 0x0, 0x0, 0xbf, 0xd3, 0x33, 0xe,
    0xff, 0xff, 0xff, 0xff, 0xf7, 0xc, 0xfc, 0x0,
    0x0, 0xef, 0xff, 0xff, 0xff, 0xff, 0x70, 0xdf,
    0xd8, 0x88, 0x2e, 0xf9, 0x4d, 0xfa, 0x4f, 0xf7,
    0xe, 0xff, 0xff, 0xf4, 0xef, 0x70, 0xcf, 0x80,
    0xef, 0x70, 0xab, 0xbc, 0xff, 0x3e, 0xff, 0xff,
    0xff, 0xff, 0xf7, 0x0, 0x0, 0x6f, 0xf2, 0xef,
    0xff, 0xff, 0xff, 0xff, 0x70, 0x0, 0x7, 0xff,
    0x15, 0x55, 0x5f, 0xfc, 0x55, 0x52, 0x0, 0x0,
    0x8f, 0xf0, 0x0, 0x0, 0xef, 0xa0, 0xcd, 0x50,
    0x5, 0x5b, 0xff, 0x26, 0x66, 0x6f, 0xfc, 0x6e,
    0xfa, 0x1, 0xff, 0xff, 0xe6, 0xff, 0xff, 0xff,
    0xff, 0xff, 0xd0, 0x1f, 0xff, 0xfd, 0x6f, 0xff,
    0xff, 0xff, 0xff, 0xff, 0x10, 0x33, 0x33, 0x20,
    0x0, 0x0, 0x0, 0x0, 0x0, 0x0,

    /* U+5F53 "当" */
    0x9, 0xff, 0x20, 0x1, 0xff, 0x80, 0x0, 0xef,
    0xc0, 0x5, 0xff, 0x60, 0x1, 0xff, 0x80, 0x2,
    0xff, 0x80, 0x1, 0xff, 0x90, 0x1, 0xff, 0x80,
    0x5, 0xff, 0x40, 0x0, 0xef, 0xd0, 0x1, 0xff,
    0x80, 0x9, 0xff, 0x10, 0x0, 0x34, 0x40, 0x1,
    0xff, 0x80, 0x3, 0x44, 0x0, 0x5f, 0xff, 0xff,
    0xff, 0xff, 0xff, 0xff, 0xff, 0xf1, 0x5f, 0xff,
    0xff, 0xff, 0xff, 0xff, 0xff, 0xff, 0xf1, 0x39,
    0x99, 0x99, 0x99, 0x99, 0x99, 0x99, 0xdf, 0xf1,
    0x0, 0x0, 0x0, 0x0, 0x0, 0x0, 0x0, 0x9f,
    0xf1, 0x0, 0x0, 0x0, 0x0, 0x0, 0x0, 0x0,
    0x9f, 0xf1, 0x0, 0x79, 0x99, 0x99, 0x99, 0x99,
    0x99, 0xdf, 0xf1, 0x0, 0xdf, 0xff, 0xff, 0xff,
    0xff, 0xff, 0xff, 0xf1, 0x0, 0xcf, 0xff, 0xff,
    0xff, 0xff, 0xff, 0xff, 0xf1, 0x0, 0x0, 0x0,
    0x0, 0x0, 0x0, 0x0, 0x9f, 0xf1, 0x0, 0x0,
    0x0, 0x0, 0x0, 0x0, 0x0, 0x9f, 0xf1, 0x48,
    0x88, 0x88, 0x88, 0x88, 0x88, 0x88, 0xdf, 0xf1,
    0x9f, 0xff, 0xff, 0xff, 0xff, 0xff, 0xff, 0xff,
    0xf1, 0x9f, 0xff, 0xff, 0xff, 0xff, 0xff, 0xff,
    0xff, 0xf1,

    /* U+5F57 "彗" */
    0xbf, 0xff, 0xff, 0xff, 0x76, 0xff, 0xff, 0xff,
    0xfd, 0xa, 0xee, 0xff, 0xfe, 0xe6, 0x5e, 0xef,
    0xff, 0xee, 0xb0, 0x0, 0x9, 0xff, 0x10, 0x0,
    0x0, 0xef, 0xb0, 0x0, 0x5, 0xff, 0xff, 0xff,
    0xf3, 0x1f, 0xff, 0xff, 0xff, 0x60, 0x5f, 0xff,
    0xff, 0xff, 0x31, 0xff, 0xff, 0xff, 0xf6, 0x0,
    0x0, 0x9f, 0xf0, 0x0, 0x0, 0xe, 0xfb, 0x0,
    0x0, 0xff, 0xff, 0xff, 0xff, 0xba, 0xff, 0xff,
    0xff, 0xff, 0x1f, 0xff, 0xff, 0xff, 0xfc, 0xbf,
    0xff, 0xff, 0xff, 0xf1, 0x0, 0x9, 0xff, 0x0,
    0x0, 0x0, 0xef, 0xb0, 0x0, 0x0, 0xac, 0xef,
    0xfc, 0xcc, 0xcc, 0xcf, 0xff, 0xc5, 0x0, 0xd,
    0xff, 0xff, 0xff, 0xff, 0xff, 0xff, 0xff, 0x70,
    0x0, 0x45, 0x55, 0x55, 0x55, 0x55, 0x55, 0x7f,
    0xf7, 0x0, 0x0, 0x22, 0x22, 0x22, 0x22, 0x22,
    0x25, 0xff, 0x70, 0x0, 0xd, 0xff, 0xff, 0xff,
    0xff, 0xff, 0xff, 0xf7, 0x0, 0x0, 0xac, 0xcc,
    0xcc, 0xcc, 0xcc, 0xcd, 0xff, 0x70, 0x0, 0x22,
    0x22, 0x22, 0x22, 0x22, 0x22, 0x4f, 0xf7, 0x0,
    0xf, 0xff, 0xff, 0xff, 0xff, 0xff, 0xff, 0xff,
    0x70, 0x0, 0xff, 0xff, 0xff, 0xff, 0xff, 0xff,
    0xff, 0xf7, 0x0,

    /* U+5F62 "形" */
    0x0, 0x0, 0x0, 0x0, 0x0, 0x0, 0x0, 0x0,
    0x23, 0x30, 0xb, 0xff, 0xff, 0xff, 0xff, 0xf0,
    0x0, 0x2, 0xff, 0xb0, 0xb, 0xff, 0xff, 0xff,
    0xff, 0xf0, 0x0, 0x1d, 0xff, 0x30, 0x6, 0xbf,
    0xf9, 0x9d, 0xfe, 0x90, 0x2, 0xdf, 0xf8, 0x0,
    0x0, 0x6f, 0xf2, 0xa, 0xfd, 0x0, 0x9f, 0xff,
    0xa0, 0x0, 0x0, 0x6f, 0xf2, 0xa, 0xfd, 0x3,
    0xff, 0xf9, 0x0, 0x0, 0x0, 0x6f, 0xf2, 0xa,
    0xfd, 0x3, 0xfd, 0x50, 0x47, 0x71, 0x0, 0x6f,
    0xf2, 0xa, 0xfd, 0x1, 0x50, 0x3, 0xff, 0xc0,
    0x1f, 0xff, 0xff, 0xff, 0xff, 0xfa, 0x0, 0x2e,
    0xff, 0x30, 0x1f, 0xff, 0xff, 0xff, 0xff, 0xfb,
    0x5, 0xff, 0xf7, 0x0, 0x9, 0xcf, 0xfa, 0x9d,
    0xfe, 0x98, 0xdf, 0xff, 0x80, 0x0, 0x0, 0x7f,
    0xf1, 0xa, 0xfd, 0x3, 0xff, 0xf5, 0x6, 0x62,
    0x0, 0x7f, 0xf0, 0xa, 0xfd, 0x3, 0xf9, 0x10,
    0x8f, 0xf3, 0x0, 0x9f, 0xf0, 0xa, 0xfd, 0x0,
    0x0, 0x2, 0xff, 0xd0, 0x0, 0xbf, 0xd0, 0xa,
    0xfd, 0x0, 0x0, 0x1d, 0xff, 0x40, 0x0, 0xef,
    0xa0, 0xa, 0xfd, 0x0, 0x4, 0xef, 0xfa, 0x0,
    0x2, 0xff, 0x70, 0xa, 0xfd, 0x6, 0xdf, 0xff,
    0xb0, 0x0, 0x7, 0xff, 0x30, 0xa, 0xfd, 0xd,
    0xff, 0xf7, 0x0, 0x0, 0xd, 0xfe, 0x0, 0xa,
    0xfd, 0xd, 0xd8, 0x10, 0x0, 0x0, 0x0, 0x0,
    0x0, 0x0, 0x0, 0x1, 0x0, 0x0, 0x0, 0x0,

    /* U+5F84 "径" */
    0x0, 0x2, 0xff, 0x75, 0xff, 0xff, 0xff, 0xff,
    0xf8, 0x0, 0x0, 0x9, 0xff, 0x15, 0xff, 0xff,
    0xff, 0xff, 0xf2, 0x0, 0x0, 0x3f, 0xfb, 0x2,
    0x77, 0x77, 0x7d, 0xff, 0xb0, 0x0, 0x2, 0xef,
    0xf2, 0x0, 0x0, 0x0, 0x8f, 0xfe, 0x10, 0x0,
    0x2e, 0xff, 0x70, 0x0, 0x0, 0x4c, 0xff, 0xfb,
    0x10, 0x0, 0x5f, 0xf8, 0x8b, 0xa4, 0x9d, 0xff,
    0xff, 0xff, 0xfb, 0x40, 0x5f, 0x72, 0xff, 0xac,
    0xff, 0xff, 0xb6, 0xbf, 0xff, 0xd0, 0x33, 0xb,
    0xff, 0x3c, 0xfd, 0x82, 0x0, 0x1, 0x7d, 0xd0,
    0x0, 0x7f, 0xfa, 0x2, 0x0, 0x0, 0x0, 0x0,
    0x0, 0x20, 0x8, 0xff, 0xf2, 0x6, 0xff, 0xff,
    0xff, 0xff, 0xff, 0x60, 0x5f, 0xff, 0xf1, 0x7,
    0xff, 0xff, 0xff, 0xff, 0xff, 0x60, 0x5f, 0xff,
    0xf1, 0x3, 0x88, 0x8b, 0xff, 0x98, 0x88, 0x30,
    0x5c, 0x9f, 0xf1, 0x0, 0x0, 0x6, 0xff, 0x30,
    0x0, 0x0, 0x10, 0x7f, 0xf1, 0x0, 0x0, 0x6,
    0xff, 0x30, 0x0, 0x0, 0x0, 0x7f, 0xf1, 0x0,
    0x0, 0x6, 0xff, 0x30, 0x0, 0x0, 0x0, 0x7f,
    0xf1, 0x27, 0x77, 0x7b, 0xff, 0x97, 0x77, 0x70,
    0x0, 0x7f, 0xf1, 0x4f, 0xff, 0xff, 0xff, 0xff,
    0xff, 0xf0, 0x0, 0x7f, 0xf1, 0x4f, 0xff, 0xff,
    0xff, 0xff, 0xff, 0xf0,

    /* U+5F85 "待" */
    0x0, 0x0, 0x0, 0x0, 0x0, 0x0, 0x0, 0x0,
    0x0, 0x0, 0x0, 0x0, 0xdf, 0xa0, 0x0, 0x2,
    0xff, 0x60, 0x0, 0x0, 0x0, 0x5, 0xff, 0x52,
    0xff, 0xff, 0xff, 0xff, 0xff, 0x70, 0x0, 0x1e,
    0xfe, 0x2, 0xff, 0xff, 0xff, 0xff, 0xff, 0x70,
    0x1, 0xcf, 0xf5, 0x1, 0x88, 0x89, 0xff, 0xb8,
    0x88, 0x30, 0x1d, 0xff, 0xc0, 0x0, 0x0, 0x2,
    0xff, 0x60, 0x0, 0x0, 0x3f, 0xfc, 0xae, 0xd9,
    0xbb, 0xbb, 0xff, 0xb8, 0x88, 0x80, 0x3f, 0xb3,
    0xff, 0xad, 0xff, 0xff, 0xff, 0xff, 0xff, 0xf1,
    0x26, 0xa, 0xff, 0x4c, 0xff, 0xff, 0xff, 0xff,
    0xff, 0xf1, 0x0, 0x6f, 0xfd, 0x0, 0x0, 0x0,
    0x0, 0x6b, 0xb0, 0x0, 0x7, 0xff, 0xfa, 0x3,
    0x99, 0x99, 0x99, 0xdf, 0xf9, 0x60, 0x3f, 0xff,
    0xfa, 0x6, 0xff, 0xff, 0xff, 0xff, 0xff, 0xa0,
    0x3f, 0xff, 0xfa, 0x4, 0xcc, 0xcc, 0xcc, 0xef,
    0xfc, 0x80, 0x3a, 0x1f, 0xfa, 0x0, 0x77, 0x60,
    0x0, 0x9f, 0xf0, 0x0, 0x0, 0xf, 0xfa, 0x0,
    0xbf, 0xf2, 0x0, 0x9f, 0xf0, 0x0, 0x0, 0xf,
    0xfa, 0x0, 0x4f, 0xf9, 0x0, 0x9f, 0xf0, 0x0,
    0x0, 0xf, 0xfa, 0x0, 0xe, 0xff, 0x18, 0xcf,
    0xf0, 0x0, 0x0, 0xf, 0xfa, 0x0, 0x8, 0xff,
    0x6f, 0xff, 0xf0, 0x0, 0x0, 0xf, 0xfa, 0x0,
    0x0, 0x0, 0x1f, 0xff, 0xf0, 0x0,

    /* U+5F8B "律" */
    0x0, 0x2, 0xdd, 0x4f, 0xff, 0xff, 0xff, 0xff,
    0xff, 0x40, 0x0, 0x8, 0xff, 0x1f, 0xff, 0xff,
    0xff, 0xff, 0xff, 0x40, 0x0, 0x2f, 0xfb, 0x2,
    0x22, 0x2d, 0xfc, 0x25, 0xff, 0x40, 0x1, 0xdf,
    0xf2, 0x0, 0x0, 0xc, 0xfc, 0x3, 0xff, 0x50,
    0x1d, 0xff, 0x90, 0x3f, 0xff, 0xff, 0xff, 0xff,
    0xff, 0xf4, 0x5f, 0xfb, 0xbd, 0xdf, 0xff, 0xff,
    0xff, 0xff, 0xff, 0xf4, 0x5f, 0xc4, 0xff, 0x94,
    0x44, 0x4d, 0xfd, 0x46, 0xff, 0x92, 0x48, 0xc,
    0xff, 0x23, 0x33, 0x3d, 0xfd, 0x35, 0xff, 0x40,
    0x0, 0x7f, 0xfa, 0xf, 0xff, 0xff, 0xff, 0xff,
    0xff, 0x40, 0x7, 0xff, 0xf2, 0xd, 0xee, 0xef,
    0xff, 0xee, 0xee, 0x30, 0x4f, 0xff, 0xf1, 0x13,
    0x33, 0x3d, 0xfd, 0x33, 0x33, 0x10, 0x5f, 0xff,
    0xf1, 0x7f, 0xff, 0xff, 0xff, 0xff, 0xff, 0x90,
    0x5b, 0x9f, 0xf1, 0x7f, 0xff, 0xff, 0xff, 0xff,
    0xff, 0x90, 0x0, 0x8f, 0xf1, 0x0, 0x0, 0xc,
    0xfc, 0x0, 0x0, 0x0, 0x0, 0x8f, 0xf1, 0xff,
    0xff, 0xff, 0xff, 0xff, 0xff, 0xf1, 0x0, 0x8f,
    0xf1, 0xff, 0xff, 0xff, 0xff, 0xff, 0xff, 0xf1,
    0x0, 0x8f, 0xf1, 0x55, 0x55, 0x5d, 0xfd, 0x55,
    0x55, 0x50, 0x0, 0x8f, 0xf1, 0x0, 0x0, 0xc,
    0xfc, 0x0, 0x0, 0x0,

    /* U+5FAA "循" */
    0x0, 0x0, 0x24, 0x30, 0x0, 0x11, 0x12, 0x34,
    0x67, 0x30, 0x0, 0x0, 0xef, 0x99, 0xff, 0xff,
    0xff, 0xff, 0xff, 0x60, 0x0, 0x6, 0xff, 0x49,
    0xff, 0xff, 0xff, 0xff, 0xff, 0x60, 0x0, 0x1e,
    0xfd, 0x9, 0xff, 0x55, 0x4a, 0xfe, 0x0, 0x0,
    0x0, 0xcf, 0xf3, 0x9, 0xfe, 0x23, 0x3a, 0xff,
    0x33, 0x30, 0x1c, 0xff, 0x80, 0x9, 0xfe, 0xcf,
    0xff, 0xff, 0xff, 0xf2, 0x3f, 0xf9, 0x6d, 0xdb,
    0xfe, 0xbf, 0xff, 0xff, 0xff, 0xf2, 0x3f, 0x70,
    0xef, 0xd9, 0xfe, 0x0, 0x8, 0xfe, 0x0, 0x0,
    0x13, 0x9, 0xff, 0x69, 0xfe, 0x2f, 0xff, 0xff,
    0xff, 0x80, 0x0, 0x7f, 0xfc, 0x9, 0xfe, 0x2f,
    0xff, 0xff, 0xff, 0x90, 0xa, 0xff, 0xf8, 0x9,
    0xfe, 0x2f, 0xf4, 0x11, 0xdf, 0x90, 0x3f, 0xff,
    0xf8, 0x9, 0xfe, 0x2f, 0xff, 0xff, 0xff, 0x90,
    0x3f, 0xff, 0xf8, 0xa, 0xfd, 0x2f, 0xff, 0xff,
    0xff, 0x90, 0x3c, 0x2f, 0xf8, 0xb, 0xfc, 0x2f,
    0xf4, 0x11, 0xdf, 0x90, 0x0, 0xf, 0xf8, 0xd,
    0xfb, 0x2f, 0xff, 0xff, 0xff, 0x90, 0x0, 0xf,
    0xf8, 0xf, 0xf8, 0x2f, 0xff, 0xee, 0xff, 0x90,
    0x0, 0xf, 0xf8, 0x5f, 0xf5, 0x2f, 0xf4, 0x11,
    0xdf, 0x90, 0x0, 0xf, 0xf8, 0xaf, 0xf1, 0x2f,
    0xff, 0xff, 0xff, 0x90, 0x0, 0xf, 0xfa, 0xff,
    0xc0, 0x2f, 0xff, 0xff, 0xff, 0x90,

    /* U+5FAE "微" */
    0x0, 0xb, 0xda, 0xf9, 0xad, 0x4f, 0xb6, 0xfc,
    0x0, 0x0, 0x0, 0x3f, 0xf7, 0xf9, 0xcf, 0x5f,
    0xb8, 0xfd, 0x66, 0x61, 0x0, 0xbf, 0xf3, 0xf9,
    0xcf, 0x5f, 0xb9, 0xff, 0xff, 0xf3, 0x6, 0xff,
    0x73, 0xfb, 0xdf, 0x9f, 0xbb, 0xff, 0xff, 0xf3,
    0x4f, 0xfe, 0x3, 0xff, 0xff, 0xff, 0xbd, 0xfb,
    0xef, 0xb1, 0x6f, 0xf8, 0x8a, 0xff, 0xff, 0xff,
    0xbf, 0xf2, 0xcf, 0x40, 0x6f, 0x5d, 0xfd, 0x11,
    0x11, 0x11, 0x4f, 0xf4, 0xdf, 0x30, 0x53, 0x5f,
    0xfa, 0xff, 0xff, 0xff, 0xfd, 0xf8, 0xff, 0x10,
    0x1, 0xef, 0xe4, 0xff, 0xff, 0xff, 0xe4, 0xfd,
    0xff, 0x0, 0x1c, 0xff, 0x90, 0x22, 0x22, 0x22,
    0x20, 0xff, 0xfc, 0x0, 0x6f, 0xff, 0x90, 0x7f,
    0xff, 0xff, 0x60, 0xbf, 0xf9, 0x0, 0x6f, 0xff,
    0x90, 0x8f, 0xff, 0xff, 0x60, 0x7f, 0xf5, 0x0,
    0x6b, 0xff, 0x90, 0x9f, 0xe8, 0xef, 0x60, 0x4f,
    0xf7, 0x0, 0x10, 0xef, 0x90, 0xbf, 0xa0, 0xdf,
    0xc9, 0x9f, 0xfc, 0x0, 0x0, 0xef, 0x90, 0xef,
    0x70, 0xdf, 0xfd, 0xff, 0xff, 0x20, 0x0, 0xef,
    0x92, 0xff, 0x40, 0xdf, 0xef, 0xfb, 0xef, 0x80,
    0x0, 0xef, 0x97, 0xff, 0x0, 0x52, 0x3f, 0xf3,
    0x9f, 0xd0, 0x0, 0xef, 0x9e, 0xfb, 0x0, 0x0,
    0xcf, 0xb0, 0x5f, 0xf3,

    /* U+5FC3 "心" */
    0x0, 0x0, 0x0, 0x0, 0x6, 0xff, 0x20, 0x0,
    0x0, 0x0, 0x0, 0x0, 0x0, 0x11, 0x3, 0xff,
    0x50, 0x0, 0x0, 0x0, 0x0, 0x0, 0x1, 0xff,
    0x70, 0xff, 0x80, 0x0, 0x0, 0x0, 0x0, 0xbf,
    0xe1, 0xff, 0x70, 0xcf, 0xb0, 0x1f, 0xf9, 0x0,
    0x0, 0xcf, 0xc1, 0xff, 0x70, 0x9f, 0xe0, 0xe,
    0xfc, 0x0, 0x0, 0xef, 0xb1, 0xff, 0x70, 0x7f,
    0xf0, 0xa, 0xff, 0x0, 0x0, 0xff, 0x91, 0xff,
    0x70, 0x5f, 0xf2, 0x7, 0xff, 0x20, 0x1, 0xff,
    0x81, 0xff, 0x70, 0x3f, 0xf4, 0x4, 0xff, 0x50,
    0x2, 0xff, 0x61, 0xff, 0x70, 0x1f, 0xf6, 0x1,
    0xff, 0x80, 0x5, 0xff, 0x41, 0xff, 0x70, 0x0,
    0x0, 0x0, 0xef, 0xa0, 0x7, 0xff, 0x21, 0xff,
    0x70, 0x0, 0x0, 0x0, 0xcf, 0xc0, 0xa, 0xff,
    0x1, 0xff, 0x70, 0x0, 0x0, 0x0, 0xaf, 0xe0,
    0xd, 0xfd, 0x1, 0xff, 0x70, 0x0, 0x0, 0x0,
    0x8f, 0xf0, 0xf, 0xfb, 0x1, 0xff, 0x70, 0x0,
    0x0, 0x0, 0x6f, 0xf2, 0x3f, 0xf8, 0x1, 0xff,
    0x70, 0x0, 0x0, 0x0, 0x28, 0x82, 0x2, 0x21,
    0x1, 0xff, 0xc9, 0x99, 0x99, 0x99, 0x96, 0x0,
    0x0, 0x0, 0x1, 0xff, 0xff, 0xff, 0xff, 0xff,
    0xfa, 0x0, 0x0, 0x0, 0x1, 0xff, 0xff, 0xff,
    0xff, 0xff, 0xfa, 0x0,

    /* U+5FC6 "忆" */
    0x0, 0x7, 0xff, 0x20, 0xef, 0xff, 0xff, 0xff,
    0xfe, 0x0, 0x0, 0x7f, 0xf2, 0xe, 0xff, 0xff,
    0xff, 0xff, 0x70, 0x0, 0x7, 0xff, 0x20, 0x9a,
    0xaa, 0xab, 0xff, 0xf1, 0x0, 0xef, 0x7f, 0xf2,
    0x0, 0x0, 0x0, 0x7f, 0xf9, 0x0, 0xf, 0xf7,
    0xff, 0x60, 0x0, 0x0, 0xe, 0xff, 0x20, 0x0,
    0xfe, 0x7f, 0xff, 0xa0, 0x0, 0x5, 0xff, 0xb0,
    0x0, 0xf, 0xe7, 0xff, 0xff, 0x0, 0x0, 0xcf,
    0xf4, 0x0, 0x0, 0xfd, 0x7f, 0xfe, 0xf0, 0x0,
    0x3f, 0xfd, 0x0, 0x0, 0x2f, 0xc7, 0xff, 0x28,
    0x0, 0xa, 0xff, 0x60, 0x0, 0x3, 0xfb, 0x7f,
    0xf2, 0x0, 0x2, 0xff, 0xe0, 0x0, 0x0, 0x3b,
    0x77, 0xff, 0x20, 0x0, 0x8f, 0xf8, 0x0, 0x0,
    0x0, 0x0, 0x7f, 0xf2, 0x0, 0xf, 0xff, 0x10,
    0x4, 0x77, 0x0, 0x7, 0xff, 0x20, 0x6, 0xff,
    0xa0, 0x0, 0x9f, 0xf0, 0x0, 0x7f, 0xf2, 0x0,
    0xdf, 0xf3, 0x0, 0x9, 0xff, 0x0, 0x7, 0xff,
    0x20, 0x4f, 0xfc, 0x0, 0x0, 0x9f, 0xf0, 0x0,
    0x7f, 0xf2, 0xb, 0xff, 0xda, 0xaa, 0xad, 0xff,
    0x0, 0x7, 0xff, 0x22, 0xff, 0xff, 0xff, 0xff,
    0xff, 0xf0, 0x0, 0x7f, 0xf2, 0xaf, 0xff, 0xff,
    0xff, 0xff, 0xff,

    /* U+5FD7 "志" */
    0x0, 0x0, 0x0, 0x0, 0x5f, 0xf5, 0x0, 0x0,
    0x0, 0x0, 0x8, 0x88, 0x88, 0x88, 0xaf, 0xfa,
    0x88, 0x88, 0x88, 0x80, 0xf, 0xff, 0xff, 0xff,
    0xff, 0xff, 0xff, 0xff, 0xff, 0xf0, 0xf, 0xff,
    0xff, 0xff, 0xff, 0xff, 0xff, 0xff, 0xff, 0xf0,
    0x0, 0x0, 0x0, 0x0, 0x5f, 0xf5, 0x0, 0x0,
    0x0, 0x0, 0x0, 0x0, 0x0, 0x0, 0x5f, 0xf5,
    0x0, 0x0, 0x0, 0x0, 0x0, 0x99, 0x99, 0x99,
    0xbf, 0xfb, 0x99, 0x99, 0x99, 0x0, 0x0, 0xff,
    0xff, 0xff, 0xff, 0xff, 0xff, 0xff, 0xff, 0x0,
    0x0, 0xff, 0xff, 0xff, 0xff, 0xff, 0xff, 0xff,
    0xff, 0x0, 0x0, 0x0, 0x0, 0x0, 0x3, 0x31,
    0x0, 0x0, 0x0, 0x0, 0x0, 0x29, 0x85, 0x99,
    0xf, 0xf7, 0x0, 0x8, 0x92, 0x0, 0x0, 0x6f,
    0xd8, 0xff, 0xe, 0xfa, 0x0, 0xd, 0xf6, 0x0,
    0x0, 0xbf, 0xb8, 0xff, 0xb, 0xfc, 0x0, 0xb,
    0xfb, 0x0, 0x4, 0xff, 0x58, 0xff, 0x7, 0xfe,
    0x6e, 0xe6, 0xff, 0x40, 0x2f, 0xfe, 0x8, 0xff,
    0x0, 0x0, 0x6f, 0xf1, 0xef, 0xf2, 0x3f, 0xf3,
    0x8, 0xff, 0x66, 0x66, 0xaf, 0xf1, 0x3f, 0xf3,
    0x3e, 0x40, 0x8, 0xff, 0xff, 0xff, 0xff, 0xf1,
    0x4, 0xe3, 0x11, 0x0, 0x8, 0xff, 0xff, 0xff,
    0xff, 0xf1, 0x0, 0x11,

    /* U+5FEB "快" */
    0x0, 0x0, 0x0, 0x0, 0x0, 0x0, 0x0, 0x0,
    0x0, 0x0, 0x0, 0x6, 0xff, 0x20, 0x0, 0xe,
    0xfb, 0x0, 0x0, 0x0, 0x0, 0x6, 0xff, 0x20,
    0x68, 0x8f, 0xfd, 0x88, 0x88, 0x30, 0x2, 0x26,
    0xff, 0x20, 0xcf, 0xff, 0xff, 0xff, 0xff, 0x70,
    0xe, 0xf6, 0xff, 0x20, 0xcf, 0xff, 0xff, 0xff,
    0xff, 0x70, 0xf, 0xf6, 0xff, 0x30, 0x0, 0xe,
    0xfa, 0x0, 0xff, 0x70, 0xf, 0xe6, 0xff, 0xe4,
    0x0, 0xe, 0xfa, 0x0, 0xff, 0x70, 0xf, 0xe6,
    0xff, 0xff, 0x0, 0xe, 0xfa, 0x0, 0xff, 0x70,
    0xf, 0xd6, 0xff, 0xff, 0x0, 0xe, 0xfa, 0x0,
    0xff, 0x70, 0x2f, 0xc6, 0xff, 0x4b, 0x99, 0x9f,
    0xfd, 0x99, 0xff, 0xc4, 0x3f, 0xb6, 0xff, 0x21,
    0xff, 0xff, 0xff, 0xff, 0xff, 0xf7, 0x3c, 0x86,
    0xff, 0x21, 0xff, 0xff, 0xff, 0xff, 0xff, 0xf6,
    0x0, 0x6, 0xff, 0x20, 0x4, 0xff, 0x52, 0xff,
    0x70, 0x0, 0x0, 0x6, 0xff, 0x20, 0x9, 0xff,
    0x20, 0xef, 0xc0, 0x0, 0x0, 0x6, 0xff, 0x20,
    0xd, 0xfd, 0x0, 0xaf, 0xf1, 0x0, 0x0, 0x6,
    0xff, 0x20, 0x2f, 0xf9, 0x0, 0x5f, 0xf5, 0x0,
    0x0, 0x6, 0xff, 0x20, 0x8f, 0xf4, 0x0, 0x1f,
    0xfb, 0x0, 0x0, 0x6, 0xff, 0x20, 0xef, 0xe0,
    0x0, 0xb, 0xff, 0x20, 0x0, 0x6, 0xff, 0x24,
    0xff, 0x70, 0x0, 0x4, 0xff, 0x80, 0x0, 0x0,
    0x11, 0x0, 0x0, 0x0, 0x0, 0x0, 0x0, 0x0,

    /* U+6001 "态" */
    0x0, 0x0, 0x0, 0x0, 0x5f, 0xf5, 0x0, 0x0,
    0x0, 0x0, 0x8, 0xff, 0xff, 0xff, 0xff, 0xff,
    0xff, 0xff, 0xff, 0x80, 0x8, 0xff, 0xff, 0xff,
    0xff, 0xff, 0xff, 0xff, 0xff, 0x80, 0x4, 0x88,
    0x88, 0x88, 0xdf, 0xfd, 0x88, 0x88, 0x88, 0x40,
    0x0, 0x0, 0x0, 0x9, 0xff, 0xff, 0x80, 0x0,
    0x0, 0x0, 0x0, 0x0, 0x4, 0xdf, 0xff, 0xef,
    0xfd, 0x40, 0x0, 0x0, 0x0, 0x37, 0xdf, 0xff,
    0xe3, 0x2d, 0xff, 0xfd, 0x73, 0x0, 0xf, 0xff,
    0xff, 0xff, 0xb5, 0x1, 0x9f, 0xff, 0xff, 0xf0,
    0xf, 0xff, 0xe8, 0x1d, 0xfb, 0x0, 0x2, 0x8e,
    0xff, 0xf0, 0xa, 0x63, 0x0, 0x6, 0x99, 0x0,
    0x0, 0x0, 0x36, 0xa0, 0x0, 0x16, 0x55, 0x99,
    0xf, 0xf7, 0x0, 0x5, 0x61, 0x0, 0x0, 0x6f,
    0xe8, 0xff, 0xd, 0xfa, 0x0, 0xe, 0xf6, 0x0,
    0x0, 0xaf, 0xb8, 0xff, 0xb, 0xfc, 0x0, 0xc,
    0xfa, 0x0, 0x3, 0xff, 0x78, 0xff, 0x8, 0xff,
    0x6e, 0xe8, 0xff, 0x30, 0x1e, 0xff, 0x18, 0xff,
    0x0, 0x0, 0x6f, 0xf2, 0xff, 0xe1, 0x3f, 0xf5,
    0x8, 0xff, 0x66, 0x66, 0xaf, 0xf1, 0x6f, 0xf3,
    0x3f, 0x70, 0x8, 0xff, 0xff, 0xff, 0xff, 0xf1,
    0x7, 0xf3, 0x13, 0x0, 0x8, 0xff, 0xff, 0xff,
    0xff, 0xf1, 0x0, 0x31,

    /* U+6027 "性" */
    0x0, 0x0, 0x0, 0x0, 0x0, 0x0, 0x0, 0x0,
    0x0, 0x0, 0x0, 0x8, 0xff, 0x0, 0xef, 0x80,
    0xbf, 0xd0, 0x0, 0x0, 0x0, 0x8, 0xff, 0x0,
    0xff, 0x70, 0xbf, 0xd0, 0x0, 0x0, 0x0, 0x8,
    0xff, 0x0, 0xff, 0xca, 0xef, 0xfa, 0xaa, 0x90,
    0xe, 0xe8, 0xff, 0x2, 0xff, 0xff, 0xff, 0xff,
    0xff, 0xe0, 0xf, 0xf8, 0xff, 0x5, 0xff, 0xff,
    0xff, 0xff, 0xff, 0xd0, 0xf, 0xe8, 0xff, 0x98,
    0xff, 0x20, 0xbf, 0xd0, 0x0, 0x0, 0xf, 0xe8,
    0xff, 0xff, 0xff, 0x0, 0xbf, 0xd0, 0x0, 0x0,
    0xf, 0xd8, 0xff, 0xfa, 0x43, 0x0, 0xbf, 0xd0,
    0x0, 0x0, 0x2f, 0xc8, 0xff, 0x47, 0x79, 0x99,
    0xef, 0xe9, 0x99, 0x30, 0x3f, 0xb8, 0xff, 0x0,
    0xcf, 0xff, 0xff, 0xff, 0xff, 0x60, 0x3b, 0x78,
    0xff, 0x0, 0xcf, 0xff, 0xff, 0xff, 0xff, 0x60,
    0x0, 0x8, 0xff, 0x0, 0x0, 0x0, 0xbf, 0xd0,
    0x0, 0x0, 0x0, 0x8, 0xff, 0x0, 0x0, 0x0,
    0xbf, 0xd0, 0x0, 0x0, 0x0, 0x8, 0xff, 0x0,
    0x0, 0x0, 0xbf, 0xd0, 0x0, 0x0, 0x0, 0x8,
    0xff, 0x0, 0x0, 0x0, 0xbf, 0xd0, 0x0, 0x0,
    0x0, 0x8, 0xff, 0x8, 0x99, 0x99, 0xef, 0xf9,
    0x99, 0x90, 0x0, 0x8, 0xff, 0xd, 0xff, 0xff,
    0xff, 0xff, 0xff, 0xf1, 0x0, 0x8, 0xff, 0xd,
    0xff, 0xff, 0xff, 0xff, 0xff, 0xf1,

    /* U+603B "总" */
    0x0, 0x0, 0xbf, 0xf1, 0x0, 0x0, 0x1f, 0xfb,
    0x0, 0x0, 0x0, 0x6f, 0xff, 0xff, 0xff, 0xff,
    0xff, 0xff, 0xf7, 0x0, 0x0, 0x7f, 0xff, 0xff,
    0xff, 0xff, 0xff, 0xff, 0xf7, 0x0, 0x0, 0x7f,
    0xf9, 0x88, 0x88, 0x88, 0x88, 0x9f, 0xf7, 0x0,
    0x0, 0x7f, 0xf2, 0x0, 0x0, 0x0, 0x0, 0x2f,
    0xf7, 0x0, 0x0, 0x7f, 0xf2, 0x0, 0x0, 0x0,
    0x0, 0x2f, 0xf7, 0x0, 0x0, 0x7f, 0xf4, 0x22,
    0x22, 0x22, 0x22, 0x4f, 0xf7, 0x0, 0x0, 0x7f,
    0xff, 0xff, 0xff, 0xff, 0xff, 0xff, 0xf7, 0x0,
    0x0, 0x7f, 0xff, 0xff, 0xff, 0xff, 0xff, 0xff,
    0xf7, 0x0, 0x0, 0x26, 0x66, 0x66, 0x67, 0x76,
    0x66, 0x66, 0x62, 0x0, 0x0, 0x27, 0x68, 0xff,
    0xd, 0xfa, 0x0, 0x7, 0x72, 0x0, 0x0, 0x6f,
    0xd8, 0xff, 0xb, 0xfc, 0x0, 0xe, 0xf7, 0x0,
    0x0, 0xcf, 0xb8, 0xff, 0x9, 0xfe, 0x0, 0xb,
    0xfc, 0x0, 0x6, 0xff, 0x78, 0xff, 0x4, 0xa9,
    0x6e, 0xe7, 0xff, 0x50, 0x2f, 0xff, 0x18, 0xff,
    0x0, 0x0, 0x6f, 0xf2, 0xff, 0xf2, 0x3f, 0xf5,
    0x8, 0xff, 0x66, 0x66, 0xaf, 0xf1, 0x5f, 0xf3,
    0x3f, 0x60, 0x8, 0xff, 0xff, 0xff, 0xff, 0xf1,
    0x6, 0xf3, 0x12, 0x0, 0x8, 0xff, 0xff, 0xff,
    0xff, 0xf1, 0x0, 0x21,

    /* U+60C5 "情" */
    0x0, 0x0, 0x0, 0x0, 0x0, 0x0, 0x14, 0x40,
    0x0, 0x0, 0x0, 0x8, 0xff, 0x0, 0xcf, 0xff,
    0xff, 0xff, 0xff, 0xf3, 0x0, 0x8, 0xff, 0x0,
    0xcf, 0xff, 0xff, 0xff, 0xff, 0xf3, 0x0, 0x8,
    0xff, 0x0, 0x0, 0x0, 0x7f, 0xf2, 0x0, 0x0,
    0xe, 0xf8, 0xff, 0x0, 0x3e, 0xee, 0xef, 0xfe,
    0xee, 0x90, 0xf, 0xf8, 0xff, 0x0, 0x4f, 0xff,
    0xff, 0xff, 0xff, 0xb0, 0xf, 0xe8, 0xff, 0x90,
    0x24, 0x44, 0x9f, 0xf6, 0x44, 0x30, 0xf, 0xe8,
    0xff, 0xfa, 0xff, 0xff, 0xff, 0xff, 0xff, 0xf8,
    0xf, 0xd8, 0xff, 0xfa, 0xff, 0xff, 0xff, 0xff,
    0xff, 0xf8, 0x1f, 0xc8, 0xff, 0x78, 0x26, 0x66,
    0x66, 0x66, 0x66, 0x40, 0x3f, 0xb8, 0xff, 0x0,
    0x3f, 0xff, 0xff, 0xff, 0xff, 0xa0, 0x4e, 0x98,
    0xff, 0x0, 0x3f, 0xfd, 0xcc, 0xcc, 0xff, 0xa0,
    0x0, 0x8, 0xff, 0x0, 0x3f, 0xfa, 0x66, 0x66,
    0xff, 0xa0, 0x0, 0x8, 0xff, 0x0, 0x3f, 0xff,
    0xff, 0xff, 0xff, 0xa0, 0x0, 0x8, 0xff, 0x0,
    0x3f, 0xf9, 0x55, 0x55, 0xff, 0xa0, 0x0, 0x8,
    0xff, 0x0, 0x3f, 0xfe, 0xee, 0xee, 0xff, 0xa0,
    0x0, 0x8, 0xff, 0x0, 0x3f, 0xff, 0xff, 0xff,
    0xff, 0xa0, 0x0, 0x8, 0xff, 0x0, 0x3f, 0xf6,
    0x0, 0x0, 0xff, 0xa0, 0x0, 0x8, 0xff, 0x0,
    0x3f, 0xf6, 0x0, 0x0, 0xff, 0xa0, 0x0, 0x1,
    0x22, 0x0, 0x0, 0x0, 0x0, 0x0, 0x0, 0x0,

    /* U+60CA "惊" */
    0x0, 0x0, 0x0, 0x0, 0x0, 0x0, 0x22, 0x10,
    0x0, 0x0, 0x0, 0x7, 0xff, 0x4, 0x44, 0x45,
    0xff, 0xa4, 0x44, 0x40, 0x0, 0x7, 0xff, 0xe,
    0xff, 0xff, 0xff, 0xff, 0xff, 0xf3, 0x2, 0x27,
    0xff, 0xe, 0xff, 0xff, 0xff, 0xff, 0xff, 0xf3,
    0xe, 0xf7, 0xff, 0x0, 0x0, 0x0, 0x0, 0x0,
    0x0, 0x0, 0xf, 0xf7, 0xff, 0x20, 0xcf, 0xff,
    0xff, 0xff, 0xff, 0x20, 0xf, 0xe7, 0xff, 0xf4,
    0xcf, 0xff, 0xff, 0xff, 0xff, 0x30, 0xf, 0xe7,
    0xff, 0xf6, 0xcf, 0xc3, 0x33, 0x37, 0xff, 0x30,
    0x1f, 0xd7, 0xff, 0xc6, 0xcf, 0xc0, 0x0, 0x5,
    0xff, 0x30, 0x2f, 0xc7, 0xff, 0x1, 0xcf, 0xfe,
    0xee, 0xef, 0xff, 0x30, 0x3f, 0xb7, 0xff, 0x0,
    0xcf, 0xff, 0xff, 0xff, 0xff, 0x30, 0x29, 0x57,
    0xff, 0x0, 0x34, 0x45, 0xff, 0x94, 0x44, 0x0,
    0x0, 0x7, 0xff, 0x0, 0x45, 0x31, 0xff, 0x70,
    0x55, 0x10, 0x0, 0x7, 0xff, 0x0, 0xdf, 0x81,
    0xff, 0x70, 0xff, 0x50, 0x0, 0x7, 0xff, 0x0,
    0xff, 0x61, 0xff, 0x70, 0xef, 0x70, 0x0, 0x7,
    0xff, 0x1, 0xff, 0x51, 0xff, 0x70, 0xdf, 0x90,
    0x0, 0x7, 0xff, 0x5, 0xff, 0x21, 0xff, 0x70,
    0xaf, 0xc0, 0x0, 0x7, 0xff, 0x9, 0xfe, 0x1,
    0xff, 0x70, 0x6f, 0xf0, 0x0, 0x7, 0xff, 0xe,
    0xfb, 0x0, 0xdd, 0x60, 0x3f, 0xf4,

    /* U+611F "感" */
    0x0, 0xff, 0xff, 0xff, 0xff, 0xff, 0xff, 0xff,
    0xff, 0xf1, 0x0, 0xff, 0xff, 0xff, 0xff, 0xff,
    0xff, 0xff, 0xff, 0xf1, 0x0, 0xff, 0xa4, 0x44,
    0x44, 0x44, 0x4d, 0xff, 0x44, 0x40, 0x0, 0xff,
    0x9e, 0xff, 0xff, 0xff, 0xe9, 0xff, 0x10, 0x50,
    0x0, 0xff, 0x9f, 0xff, 0xff, 0xff, 0xf5, 0xff,
    0xae, 0xe0, 0x0, 0xff, 0x84, 0x55, 0x55, 0x55,
    0x41, 0xff, 0xff, 0xe0, 0x1, 0xff, 0x87, 0xdd,
    0xdd, 0xdd, 0x70, 0xdf, 0xfe, 0x70, 0x3, 0xff,
    0x69, 0xff, 0xff, 0xff, 0x90, 0x8f, 0xf4, 0x0,
    0x6, 0xff, 0x49, 0xfb, 0x0, 0xcf, 0x95, 0xdf,
    0xfa, 0x0, 0xa, 0xff, 0x19, 0xfe, 0xaa, 0xef,
    0x9f, 0xff, 0xff, 0x20, 0x1f, 0xfc, 0x9, 0xff,
    0xff, 0xff, 0x9d, 0x87, 0xff, 0xa0, 0x14, 0x42,
    0x0, 0x0, 0x0, 0x0, 0x0, 0x0, 0x44, 0x40,
    0x0, 0x2f, 0xf8, 0xff, 0xc, 0xf9, 0x0, 0x1f,
    0xf2, 0x0, 0x0, 0x8f, 0xf7, 0xff, 0x1a, 0xfd,
    0x0, 0xf, 0xf8, 0x0, 0x5, 0xff, 0xa7, 0xff,
    0x17, 0xff, 0x8c, 0xaa, 0xff, 0x50, 0xf, 0xff,
    0x27, 0xff, 0x22, 0x22, 0xaf, 0xd2, 0xff, 0xf0,
    0xf, 0xf4, 0x7, 0xff, 0xff, 0xff, 0xff, 0xd0,
    0x4f, 0xf0, 0xb, 0x20, 0x7, 0xff, 0xff, 0xff,
    0xff, 0xd0, 0x2, 0xb0,

    /* U+6162 "慢" */
    0x0, 0x8, 0xff, 0x0, 0x7f, 0xff, 0xff, 0xff,
    0xff, 0x10, 0x0, 0x8f, 0xf0, 0x7, 0xff, 0x88,
    0x88, 0xcf, 0xf1, 0x3, 0x38, 0xff, 0x0, 0x7f,
    0xfe, 0xee, 0xef, 0xff, 0x10, 0xef, 0x8f, 0xf0,
    0x7, 0xff, 0x77, 0x77, 0xbf, 0xf1, 0xf, 0xf8,
    0xff, 0x0, 0x7f, 0xfb, 0xbb, 0xbd, 0xff, 0x10,
    0xfe, 0x8f, 0xf9, 0x6, 0xee, 0xee, 0xee, 0xee,
    0xe0, 0xf, 0xe8, 0xff, 0xf6, 0x99, 0x99, 0x99,
    0x99, 0x99, 0x70, 0xfd, 0x8f, 0xff, 0x8f, 0xff,
    0xff, 0xff, 0xff, 0xfd, 0x2f, 0xc8, 0xff, 0x77,
    0xfe, 0xf, 0xb1, 0xf8, 0x4f, 0xd3, 0xfb, 0x8f,
    0xf0, 0x4f, 0xfc, 0xff, 0xcf, 0xed, 0xfd, 0x3b,
    0x78, 0xff, 0x2, 0xaa, 0xaa, 0xaa, 0xaa, 0xaa,
    0x90, 0x0, 0x8f, 0xf0, 0xc, 0xdd, 0xdd, 0xdd,
    0xdd, 0xd9, 0x0, 0x8, 0xff, 0x0, 0x8f, 0xff,
    0xff, 0xff, 0xff, 0x40, 0x0, 0x8f, 0xf0, 0x1,
    0xdf, 0xd2, 0x6, 0xff, 0xa0, 0x0, 0x8, 0xff,
    0x0, 0x2, 0xdf, 0xfc, 0xff, 0xa0, 0x0, 0x0,
    0x8f, 0xf0, 0x3, 0x7c, 0xff, 0xff, 0xf9, 0x62,
    0x0, 0x8, 0xff, 0x6, 0xff, 0xff, 0xda, 0xef,
    0xff, 0xf0, 0x0, 0x8f, 0xf0, 0x6d, 0xa7, 0x20,
    0x0, 0x48, 0xbf, 0x0, 0x0, 0x0, 0x0, 0x0,
    0x0, 0x0, 0x0, 0x0, 0x0,

    /* U+6210 "成" */
    0x0, 0x0, 0x0, 0x0, 0x0, 0x5, 0xff, 0x71,
    0xee, 0x0, 0x0, 0x78, 0x88, 0x88, 0x88, 0x89,
    0xff, 0xd8, 0xff, 0x90, 0x0, 0xef, 0xff, 0xff,
    0xff, 0xff, 0xff, 0xff, 0xff, 0xf0, 0x0, 0xef,
    0xff, 0xff, 0xff, 0xff, 0xff, 0xff, 0xff, 0xf0,
    0x0, 0xef, 0xa0, 0x0, 0x0, 0x0, 0x9f, 0xf4,
    0x0, 0x0, 0x0, 0xef, 0xa0, 0x0, 0x0, 0x0,
    0x6f, 0xf6, 0x0, 0x0, 0x0, 0xef, 0xa0, 0x0,
    0x0, 0x0, 0x3f, 0xf9, 0x0, 0x70, 0x0, 0xef,
    0xff, 0xff, 0xff, 0x90, 0xf, 0xfd, 0x4e, 0xd0,
    0x0, 0xef, 0xff, 0xff, 0xff, 0xa0, 0xd, 0xff,
    0xff, 0xd0, 0x0, 0xff, 0xd9, 0x99, 0xff, 0xa0,
    0x9, 0xff, 0xff, 0xb0, 0x0, 0xff, 0x90, 0x0,
    0xef, 0xa0, 0x5, 0xff, 0xf8, 0x0, 0x0, 0xff,
    0x90, 0x0, 0xef, 0xa0, 0x1, 0xff, 0xd0, 0x0,
    0x2, 0xff, 0x80, 0x0, 0xef, 0xa0, 0x1, 0xff,
    0xf2, 0x0, 0x4, 0xff, 0x60, 0x0, 0xef, 0xa0,
    0x3d, 0xff, 0xf7, 0x0, 0x7, 0xff, 0x40, 0x0,
    0xef, 0xa3, 0xff, 0xff, 0xfc, 0x0, 0xa, 0xff,
    0x20, 0x49, 0xff, 0xa5, 0xff, 0xef, 0xff, 0x20,
    0xe, 0xff, 0x0, 0x7f, 0xff, 0xa5, 0xf9, 0xa,
    0xff, 0x90, 0x2f, 0xfb, 0x0, 0x7f, 0xff, 0xa3,
    0x40, 0x3, 0xff, 0xe0,

    /* U+6211 "我" */
    0x0, 0x0, 0x1, 0x12, 0x20, 0x0, 0x0, 0x23,
    0x20, 0x5, 0xff, 0xff, 0xff, 0xff, 0x47, 0xff,
    0x1a, 0xfd, 0x0, 0x5f, 0xff, 0xff, 0xff, 0xd2,
    0x7f, 0xf1, 0x5f, 0xf1, 0x2, 0x77, 0x7f, 0xf8,
    0x0, 0x7, 0xff, 0x10, 0xff, 0x60, 0x0, 0x1,
    0xff, 0x70, 0x0, 0x7f, 0xf1, 0x3, 0x42, 0x0,
    0x0, 0x1f, 0xf7, 0x0, 0x7, 0xff, 0x10, 0x0,
    0x0, 0xff, 0xff, 0xff, 0xff, 0xff, 0xff, 0xff,
    0xff, 0xff, 0xf, 0xff, 0xff, 0xff, 0xff, 0xff,
    0xff, 0xff, 0xff, 0xf0, 0x88, 0x89, 0xff, 0xc8,
    0x88, 0xbf, 0xf9, 0x88, 0x88, 0x0, 0x0, 0x1f,
    0xf7, 0x0, 0x6, 0xff, 0x30, 0xbd, 0x70, 0x0,
    0x1, 0xff, 0x96, 0x97, 0x4f, 0xf4, 0x3f, 0xf3,
    0x3, 0x69, 0xdf, 0xff, 0xff, 0x91, 0xff, 0x8b,
    0xfe, 0x0, 0xff, 0xff, 0xff, 0xff, 0xf7, 0xd,
    0xfe, 0xff, 0x60, 0xf, 0xff, 0xcf, 0xfa, 0x30,
    0x0, 0x7f, 0xff, 0xc0, 0x0, 0x62, 0x1, 0xff,
    0x70, 0x0, 0x2c, 0xff, 0xf5, 0x0, 0x0, 0x0,
    0x1f, 0xf7, 0x3, 0xaf, 0xff, 0xff, 0xf5, 0x0,
    0x5, 0x77, 0xff, 0x70, 0xff, 0xff, 0xa8, 0xff,
    0xfc, 0x0, 0xbf, 0xff, 0xf7, 0xf, 0xfc, 0x30,
    0x6, 0xff, 0xf0, 0xb, 0xff, 0xff, 0x70, 0x82,
    0x0, 0x0, 0x1, 0x9f, 0x0, 0x0, 0x0, 0x0,
    0x0, 0x0, 0x0, 0x0, 0x0, 0x0,

    /* U+6237 "户" */
    0x0, 0x0, 0x0, 0x0, 0x1f, 0xf8, 0x0, 0x0,
    0x0, 0x0, 0x5, 0xaa, 0xaa, 0xaa, 0xff, 0xda,
    0xaa, 0xaa, 0xa0, 0x0, 0x9f, 0xff, 0xff, 0xff,
    0xff, 0xff, 0xff, 0xff, 0x10, 0x9, 0xff, 0xff,
    0xff, 0xff, 0xff, 0xff, 0xff, 0xf1, 0x0, 0x9f,
    0xf1, 0x0, 0x0, 0x0, 0x0, 0x9, 0xff, 0x10,
    0x9, 0xff, 0x10, 0x0, 0x0, 0x0, 0x0, 0x9f,
    0xf1, 0x0, 0x9f, 0xf1, 0x0, 0x0, 0x0, 0x0,
    0x9, 0xff, 0x10, 0x9, 0xff, 0xaa, 0xaa, 0xaa,
    0xaa, 0xaa, 0xdf, 0xf1, 0x0, 0x9f, 0xff, 0xff,
    0xff, 0xff, 0xff, 0xff, 0xff, 0x10, 0x9, 0xff,
    0xff, 0xff, 0xff, 0xff, 0xff, 0xff, 0xf1, 0x0,
    0xaf, 0xf0, 0x0, 0x0, 0x0, 0x0, 0x0, 0x0,
    0x0, 0xa, 0xff, 0x0, 0x0, 0x0, 0x0, 0x0,
    0x0, 0x0, 0x0, 0xcf, 0xd0, 0x0, 0x0, 0x0,
    0x0, 0x0, 0x0, 0x0, 0xe, 0xfb, 0x0, 0x0,
    0x0, 0x0, 0x0, 0x0, 0x0, 0x2, 0xff, 0x90,
    0x0, 0x0, 0x0, 0x0, 0x0, 0x0, 0x0, 0x6f,
    0xf5, 0x0, 0x0, 0x0, 0x0, 0x0, 0x0, 0x0,
    0xb, 0xff, 0x10, 0x0, 0x0, 0x0, 0x0, 0x0,
    0x0, 0x2, 0xff, 0xc0, 0x0, 0x0, 0x0, 0x0,
    0x0, 0x0, 0x0,

    /* U+623F "房" */
    0x0, 0x23, 0x33, 0x33, 0x3f, 0xfb, 0x33, 0x33,
    0x33, 0x0, 0x0, 0xef, 0xff, 0xff, 0xff, 0xff,
    0xff, 0xff, 0xff, 0x10, 0x0, 0xef, 0xff, 0xff,
    0xff, 0xff, 0xff, 0xff, 0xff, 0x10, 0x0, 0xef,
    0xb2, 0x22, 0x22, 0x22, 0x22, 0x29, 0xff, 0x10,
    0x0, 0xef, 0xc5, 0x55, 0x55, 0x55, 0x55, 0x5a,
    0xff, 0x10, 0x0, 0xef, 0xff, 0xff, 0xff, 0xff,
    0xff, 0xff, 0xff, 0x10, 0x0, 0xef, 0xff, 0xff,
    0xff, 0xff, 0xff, 0xff, 0xff, 0x10, 0x0, 0xef,
    0xa0, 0x0, 0x0, 0x99, 0x40, 0x0, 0x0, 0x0,
    0x0, 0xef, 0xc5, 0x55, 0x56, 0xff, 0xa5, 0x55,
    0x55, 0x50, 0x0, 0xef, 0xff, 0xff, 0xff, 0xff,
    0xff, 0xff, 0xff, 0xf1, 0x0, 0xff, 0xff, 0xff,
    0xff, 0xff, 0xff, 0xff, 0xff, 0xf1, 0x0, 0xff,
    0x90, 0x4, 0xff, 0x60, 0x0, 0x0, 0x0, 0x0,
    0x1, 0xff, 0x70, 0x6, 0xff, 0xff, 0xff, 0xff,
    0xff, 0x10, 0x3, 0xff, 0x50, 0xc, 0xff, 0xff,
    0xff, 0xff, 0xff, 0x0, 0x6, 0xff, 0x30, 0x3f,
    0xfc, 0x22, 0x22, 0x2a, 0xfe, 0x0, 0x9, 0xff,
    0x0, 0xcf, 0xf4, 0x0, 0x23, 0x3b, 0xfd, 0x0,
    0xe, 0xfc, 0x9, 0xff, 0xb0, 0x0, 0xaf, 0xff,
    0xfb, 0x0, 0x4f, 0xf8, 0x7f, 0xfe, 0x10, 0x0,
    0xaf, 0xff, 0xfa, 0x0,

    /* U+6240 "所" */
    0x0, 0x0, 0x11, 0x24, 0x57, 0x0, 0x0, 0x0,
    0x12, 0x40, 0x1, 0xff, 0xff, 0xff, 0xff, 0xd,
    0xde, 0xef, 0xff, 0xf0, 0x1, 0xff, 0xff, 0xff,
    0xff, 0x1f, 0xff, 0xff, 0xff, 0xf0, 0x1, 0xff,
    0xb7, 0x64, 0x31, 0x1f, 0xfd, 0xa9, 0x86, 0x40,
    0x1, 0xff, 0x70, 0x0, 0x0, 0x1f, 0xf7, 0x0,
    0x0, 0x0, 0x1, 0xff, 0xa4, 0x44, 0x42, 0x1f,
    0xf7, 0x0, 0x0, 0x0, 0x1, 0xff, 0xff, 0xff,
    0xf8, 0x1f, 0xf7, 0x0, 0x0, 0x0, 0x1, 0xff,
    0xff, 0xff, 0xf8, 0x1f, 0xff, 0xff, 0xff, 0xf6,
    0x1, 0xff, 0xa4, 0x4f, 0xf8, 0x1f, 0xff, 0xff,
    0xff, 0xf6, 0x1, 0xff, 0x70, 0xe, 0xf8, 0x1f,
    0xfb, 0x8f, 0xfc, 0x83, 0x1, 0xff, 0x70, 0xe,
    0xf8, 0x1f, 0xf7, 0xe, 0xf9, 0x0, 0x1, 0xff,
    0xff, 0xff, 0xf8, 0x1f, 0xf7, 0xe, 0xf9, 0x0,
    0x2, 0xff, 0xff, 0xff, 0xf8, 0x2f, 0xf6, 0xe,
    0xf9, 0x0, 0x3, 0xff, 0xa7, 0x77, 0x73, 0x2f,
    0xf5, 0xe, 0xf9, 0x0, 0x5, 0xff, 0x30, 0x0,
    0x0, 0x4f, 0xf4, 0xe, 0xf9, 0x0, 0x7, 0xff,
    0x10, 0x0, 0x0, 0x7f, 0xf2, 0xe, 0xf9, 0x0,
    0xa, 0xff, 0x0, 0x0, 0x0, 0xbf, 0xf0, 0xe,
    0xf9, 0x0, 0xe, 0xfc, 0x0, 0x0, 0x1, 0xff,
    0xc0, 0xe, 0xf9, 0x0, 0x3f, 0xf8, 0x0, 0x0,
    0x6, 0xff, 0x80, 0xe, 0xf9, 0x0,

    /* U+6241 "扁" */
    0x0, 0x0, 0x0, 0x0, 0x1f, 0xf9, 0x0, 0x0,
    0x0, 0x0, 0x1f, 0xff, 0xff, 0xff, 0xff, 0xff,
    0xff, 0xff, 0xf1, 0x1, 0xff, 0xff, 0xff, 0xff,
    0xff, 0xff, 0xff, 0xff, 0x10, 0x1f, 0xfc, 0x77,
    0x77, 0x77, 0x77, 0x77, 0xcf, 0xf1, 0x1, 0xff,
    0x92, 0x22, 0x22, 0x22, 0x22, 0x29, 0xff, 0x10,
    0x1f, 0xff, 0xff, 0xff, 0xff, 0xff, 0xff, 0xff,
    0xf1, 0x1, 0xff, 0xff, 0xff, 0xff, 0xff, 0xff,
    0xff, 0xff, 0x10, 0x1f, 0xf9, 0x22, 0x22, 0x22,
    0x22, 0x22, 0x22, 0x20, 0x1, 0xff, 0x9c, 0xff,
    0xff, 0xff, 0xff, 0xff, 0xff, 0x80, 0x1f, 0xf8,
    0xdf, 0xff, 0xff, 0xff, 0xff, 0xff, 0xf8, 0x1,
    0xff, 0x8d, 0xfd, 0x8f, 0xfa, 0xbf, 0xd8, 0xff,
    0x80, 0x2f, 0xf7, 0xdf, 0xb0, 0xef, 0x37, 0xf9,
    0xf, 0xf8, 0x2, 0xff, 0x6d, 0xfc, 0x4f, 0xf7,
    0x9f, 0xb4, 0xff, 0x80, 0x4f, 0xf5, 0xdf, 0xff,
    0xff, 0xff, 0xff, 0xff, 0xf8, 0x6, 0xff, 0x3d,
    0xff, 0xff, 0xff, 0xff, 0xff, 0xff, 0x80, 0x9f,
    0xf1, 0xdf, 0xb2, 0xef, 0x58, 0xfa, 0x2f, 0xf8,
    0xd, 0xfe, 0xd, 0xfb, 0xe, 0xf3, 0x7f, 0x90,
    0xff, 0x81, 0xff, 0xb0, 0xdf, 0xb0, 0xef, 0x37,
    0xf9, 0xf, 0xf8,

    /* U+624B "手" */
    0x0, 0x0, 0x1, 0x11, 0x12, 0x23, 0x45, 0x67,
    0x89, 0x10, 0x2, 0xff, 0xff, 0xff, 0xff, 0xff,
    0xff, 0xff, 0xff, 0x20, 0x2, 0xff, 0xff, 0xff,
    0xff, 0xff, 0xff, 0xff, 0xfe, 0x10, 0x1, 0x77,
    0x77, 0x76, 0x6f, 0xfd, 0x32, 0x10, 0x0, 0x0,
    0x0, 0x0, 0x0, 0x0, 0xf, 0xfc, 0x0, 0x0,
    0x0, 0x0, 0x0, 0x0, 0x0, 0x0, 0xf, 0xfc,
    0x0, 0x0, 0x0, 0x0, 0x0, 0x5f, 0xff, 0xff,
    0xff, 0xff, 0xff, 0xff, 0xf5, 0x0, 0x0, 0x5f,
    0xff, 0xff, 0xff, 0xff, 0xff, 0xff, 0xf5, 0x0,
    0x0, 0x26, 0x66, 0x66, 0x6f, 0xfd, 0x66, 0x66,
    0x62, 0x0, 0x0, 0x0, 0x0, 0x0, 0xf, 0xfc,
    0x0, 0x0, 0x0, 0x0, 0x17, 0x77, 0x77, 0x77,
    0x7f, 0xfd, 0x77, 0x77, 0x77, 0x71, 0x3f, 0xff,
    0xff, 0xff, 0xff, 0xff, 0xff, 0xff, 0xff, 0xf3,
    0x3f, 0xff, 0xff, 0xff, 0xff, 0xff, 0xff, 0xff,
    0xff, 0xf3, 0x0, 0x0, 0x0, 0x0, 0xf, 0xfc,
    0x0, 0x0, 0x0, 0x0, 0x0, 0x0, 0x0, 0x0,
    0xf, 0xfc, 0x0, 0x0, 0x0, 0x0, 0x0, 0x0,
    0x0, 0x0, 0xf, 0xfc, 0x0, 0x0, 0x0, 0x0,
    0x0, 0x0, 0x7, 0x99, 0x9f, 0xfc, 0x0, 0x0,
    0x0, 0x0, 0x0, 0x0, 0xd, 0xff, 0xff, 0xfc,
    0x0, 0x0, 0x0, 0x0, 0x0, 0x0, 0xd, 0xff,
    0xff, 0xfc, 0x0, 0x0, 0x0, 0x0,

    /* U+6258 "托" */
    0x0, 0x0, 0x0, 0x0, 0x0, 0x0, 0x0, 0x1,
    0x10, 0x0, 0x0, 0xe, 0xfb, 0x0, 0x7d, 0xde,
    0xff, 0xff, 0xff, 0xa0, 0x0, 0xe, 0xfb, 0x0,
    0x9f, 0xff, 0xff, 0xff, 0xff, 0xa0, 0x6, 0x7f,
    0xfd, 0x73, 0x6c, 0xbb, 0xff, 0xd9, 0x86, 0x30,
    0xe, 0xff, 0xff, 0xf6, 0x0, 0x1, 0xff, 0x80,
    0x0, 0x0, 0xe, 0xff, 0xff, 0xf6, 0x0, 0x1,
    0xff, 0x80, 0x0, 0x0, 0x0, 0xe, 0xfb, 0x0,
    0x0, 0x1, 0xff, 0x80, 0x0, 0x0, 0x0, 0xe,
    0xfb, 0x0, 0x0, 0x1, 0xff, 0x80, 0x0, 0x0,
    0x0, 0xe, 0xfb, 0x2, 0x35, 0x68, 0xff, 0xdc,
    0xef, 0xf3, 0x0, 0x1e, 0xff, 0xf9, 0xef, 0xff,
    0xff, 0xff, 0xff, 0xf3, 0xd, 0xff, 0xff, 0xf9,
    0xef, 0xff, 0xff, 0xfd, 0xca, 0x92, 0x1f, 0xff,
    0xff, 0xc5, 0x55, 0x33, 0xff, 0x80, 0x0, 0x0,
    0x1f, 0xbf, 0xfb, 0x0, 0x0, 0x1, 0xff, 0x80,
    0x0, 0x0, 0x0, 0xe, 0xfb, 0x0, 0x0, 0x1,
    0xff, 0x80, 0x0, 0x0, 0x0, 0xe, 0xfb, 0x0,
    0x0, 0x1, 0xff, 0x80, 0x0, 0x0, 0x0, 0xe,
    0xfb, 0x0, 0x0, 0x1, 0xff, 0x80, 0x0, 0x0,
    0x3, 0x6e, 0xfb, 0x0, 0x0, 0x1, 0xff, 0xda,
    0xaa, 0xa3, 0x8, 0xff, 0xfb, 0x0, 0x0, 0x1,
    0xff, 0xff, 0xff, 0xf5, 0x8, 0xff, 0xfb, 0x0,
    0x0, 0x1, 0xee, 0xee, 0xee, 0xe4,

    /* U+6267 "执" */
    0x0, 0xe, 0xe7, 0x0, 0x7, 0xff, 0x10, 0x0,
    0x0, 0x0, 0x0, 0xf, 0xf8, 0x0, 0x7, 0xff,
    0x10, 0x0, 0x0, 0x0, 0x6, 0x7f, 0xfb, 0x62,
    0x9c, 0xff, 0x99, 0x99, 0x98, 0x0, 0xe, 0xff,
    0xff, 0xf4, 0xff, 0xff, 0xff, 0xff, 0xff, 0x0,
    0xe, 0xff, 0xff, 0xf4, 0xff, 0xff, 0xff, 0xff,
    0xff, 0x0, 0x2, 0x2f, 0xf9, 0x20, 0x7, 0xff,
    0x10, 0x9, 0xff, 0x0, 0x0, 0xf, 0xf8, 0x0,
    0x7, 0xff, 0x10, 0x9, 0xff, 0x0, 0x0, 0xf,
    0xf9, 0x53, 0x68, 0xff, 0x10, 0x9, 0xff, 0x0,
    0x2, 0x6f, 0xff, 0xf5, 0xef, 0xff, 0x0, 0x9,
    0xff, 0x0, 0x1f, 0xff, 0xff, 0xf5, 0xef, 0xff,
    0xa2, 0x9, 0xff, 0x0, 0x2f, 0xff, 0xfc, 0x61,
    0x8f, 0xff, 0xff, 0x79, 0xff, 0x0, 0x1a, 0x6f,
    0xf8, 0x0, 0xf, 0xff, 0xff, 0x99, 0xff, 0x0,
    0x0, 0xf, 0xf8, 0x0, 0x2f, 0xf8, 0x7e, 0x99,
    0xff, 0x0, 0x0, 0xf, 0xf8, 0x0, 0x7f, 0xf3,
    0x0, 0x29, 0xff, 0x0, 0x0, 0xf, 0xf8, 0x0,
    0xcf, 0xf0, 0x0, 0x9, 0xff, 0x0, 0x5, 0x9f,
    0xf8, 0x2, 0xff, 0xa0, 0x0, 0x9, 0xff, 0x92,
    0x9, 0xff, 0xf8, 0x9, 0xff, 0x30, 0x0, 0x9,
    0xff, 0xf4, 0x9, 0xff, 0xf8, 0x2f, 0xfd, 0x0,
    0x0, 0x9, 0xff, 0xf4,

    /* U+6269 "扩" */
    0x0, 0x0, 0x0, 0x0, 0x0, 0x0, 0x1, 0x10,
    0x0, 0x0, 0x0, 0xf, 0xf9, 0x0, 0x0, 0x0,
    0x1f, 0xf8, 0x0, 0x0, 0x0, 0xf, 0xf9, 0x0,
    0x45, 0x55, 0x5f, 0xfa, 0x55, 0x51, 0x6, 0x7f,
    0xfc, 0x71, 0xdf, 0xff, 0xff, 0xff, 0xff, 0xf6,
    0xe, 0xff, 0xff, 0xf3, 0xdf, 0xff, 0xff, 0xff,
    0xff, 0xf6, 0xe, 0xff, 0xff, 0xf3, 0xdf, 0xf4,
    0x44, 0x44, 0x44, 0x41, 0x0, 0xf, 0xfa, 0x0,
    0xdf, 0xf0, 0x0, 0x0, 0x0, 0x0, 0x0, 0xf,
    0xf9, 0x0, 0xdf, 0xf0, 0x0, 0x0, 0x0, 0x0,
    0x0, 0xf, 0xf9, 0x11, 0xdf, 0xf0, 0x0, 0x0,
    0x0, 0x0, 0x0, 0x1f, 0xff, 0xf6, 0xdf, 0xf0,
    0x0, 0x0, 0x0, 0x0, 0xd, 0xff, 0xff, 0xf6,
    0xdf, 0xf0, 0x0, 0x0, 0x0, 0x0, 0x1f, 0xff,
    0xff, 0xb3, 0xdf, 0xe0, 0x0, 0x0, 0x0, 0x0,
    0x1f, 0xbf, 0xf9, 0x0, 0xef, 0xd0, 0x0, 0x0,
    0x0, 0x0, 0x0, 0xf, 0xf9, 0x0, 0xff, 0xc0,
    0x0, 0x0, 0x0, 0x0, 0x0, 0xf, 0xf9, 0x1,
    0xff, 0xb0, 0x0, 0x0, 0x0, 0x0, 0x0, 0xf,
    0xf9, 0x4, 0xff, 0x90, 0x0, 0x0, 0x0, 0x0,
    0x3, 0x6f, 0xf9, 0x7, 0xff, 0x70, 0x0, 0x0,
    0x0, 0x0, 0x8, 0xff, 0xf9, 0xb, 0xff, 0x40,
    0x0, 0x0, 0x0, 0x0, 0x8, 0xff, 0xf9, 0xe,
    0xff, 0x10, 0x0, 0x0, 0x0, 0x0,

    /* U+626B "扫" */
    0x0, 0xd, 0xfc, 0x0, 0xbf, 0xff, 0xff, 0xff,
    0xff, 0xa0, 0x0, 0xdf, 0xc0, 0xb, 0xff, 0xff,
    0xff, 0xff, 0xfa, 0x6, 0x7e, 0xfd, 0x74, 0x7b,
    0xbb, 0xbb, 0xbc, 0xff, 0xa0, 0xef, 0xff, 0xff,
    0x80, 0x0, 0x0, 0x0, 0x3f, 0xfa, 0xe, 0xff,
    0xff, 0xf8, 0x0, 0x0, 0x0, 0x3, 0xff, 0xa0,
    0x0, 0xdf, 0xc0, 0x0, 0x0, 0x0, 0x0, 0x3f,
    0xfa, 0x0, 0xd, 0xfc, 0x0, 0x0, 0x0, 0x0,
    0x3, 0xff, 0xa0, 0x0, 0xdf, 0xc1, 0x30, 0x99,
    0x99, 0x99, 0xaf, 0xfa, 0x0, 0x2e, 0xff, 0xfc,
    0x1f, 0xff, 0xff, 0xff, 0xff, 0xa1, 0xef, 0xff,
    0xff, 0xc1, 0xff, 0xff, 0xff, 0xff, 0xfa, 0x2f,
    0xff, 0xff, 0xc6, 0x0, 0x0, 0x0, 0x3, 0xff,
    0xa2, 0xfc, 0xff, 0xc0, 0x0, 0x0, 0x0, 0x0,
    0x3f, 0xfa, 0x1, 0xd, 0xfc, 0x0, 0x0, 0x0,
    0x0, 0x3, 0xff, 0xa0, 0x0, 0xdf, 0xc0, 0x0,
    0x0, 0x0, 0x0, 0x3f, 0xfa, 0x0, 0xd, 0xfc,
    0x0, 0x0, 0x0, 0x0, 0x3, 0xff, 0xa0, 0x36,
    0xef, 0xc0, 0x7, 0xbb, 0xbb, 0xbb, 0xcf, 0xfa,
    0x9, 0xff, 0xfc, 0x0, 0xbf, 0xff, 0xff, 0xff,
    0xff, 0xa0, 0x9f, 0xff, 0xc0, 0xb, 0xff, 0xff,
    0xff, 0xff, 0xfa,

    /* U+626C "扬" */
    0x0, 0x2f, 0xf6, 0x7, 0xcc, 0xcc, 0xcc, 0xcc,
    0xcb, 0x10, 0x2, 0xff, 0x60, 0x9f, 0xff, 0xff,
    0xff, 0xff, 0x60, 0x4, 0x6f, 0xf9, 0x47, 0xcc,
    0xcc, 0xcf, 0xff, 0xa0, 0x0, 0xff, 0xff, 0xff,
    0x0, 0x0, 0x5, 0xff, 0xd0, 0x0, 0xf, 0xff,
    0xff, 0xf0, 0x0, 0x1, 0xef, 0xf3, 0x0, 0x0,
    0x56, 0xff, 0x95, 0x0, 0x0, 0xcf, 0xf7, 0x0,
    0x0, 0x0, 0x2f, 0xf6, 0x2, 0xff, 0xff, 0xff,
    0xff, 0xff, 0xe0, 0x2, 0xff, 0x60, 0x2f, 0xff,
    0xff, 0xff, 0xff, 0xfe, 0x0, 0x3f, 0xfe, 0xf1,
    0x8f, 0xfa, 0x9f, 0xf9, 0xcf, 0xe1, 0xdf, 0xff,
    0xff, 0x3, 0xff, 0x45, 0xff, 0x29, 0xfe, 0x2f,
    0xff, 0xfe, 0xb0, 0x5f, 0xf3, 0x6f, 0xf1, 0x9f,
    0xe1, 0xdb, 0xff, 0x60, 0x8, 0xff, 0x8, 0xff,
    0x9, 0xfe, 0x0, 0x2f, 0xf6, 0x0, 0xdf, 0xd0,
    0xbf, 0xe0, 0x9f, 0xe0, 0x2, 0xff, 0x60, 0x2f,
    0xf9, 0xe, 0xfb, 0x9, 0xfe, 0x0, 0x2f, 0xf6,
    0x8, 0xff, 0x43, 0xff, 0x70, 0x9f, 0xe0, 0x28,
    0xff, 0x60, 0xef, 0xe0, 0x7f, 0xf3, 0x7c, 0xfe,
    0x6, 0xff, 0xf6, 0x7f, 0xf7, 0xd, 0xfe, 0xe,
    0xff, 0xe0, 0x6f, 0xff, 0x7f, 0xff, 0x13, 0xff,
    0x80, 0xef, 0xfe,

    /* U+62A5 "报" */
    0x0, 0xe, 0xfb, 0x0, 0x9f, 0xff, 0xff, 0xff,
    0xff, 0x80, 0x0, 0xe, 0xfb, 0x0, 0x9f, 0xff,
    0xff, 0xff, 0xff, 0x70, 0x7, 0x8f, 0xfd, 0x84,
    0x9f, 0xf7, 0x77, 0x79, 0xff, 0x50, 0xe, 0xff,
    0xff, 0xf9, 0x9f, 0xf0, 0x0, 0x4, 0xff, 0x40,
    0xe, 0xff, 0xff, 0xf9, 0x9f, 0xf0, 0x2e, 0xee,
    0xff, 0x20, 0x0, 0xe, 0xfb, 0x0, 0x9f, 0xf0,
    0x3f, 0xff, 0xff, 0x10, 0x0, 0xe, 0xfb, 0x0,
    0x9f, 0xf0, 0x2a, 0xaa, 0xa9, 0x0, 0x0, 0xe,
    0xfb, 0x2, 0x9f, 0xf6, 0x66, 0x66, 0x66, 0x60,
    0x0, 0xe, 0xff, 0xfa, 0x9f, 0xff, 0xff, 0xff,
    0xff, 0xd0, 0x1b, 0xff, 0xff, 0xfa, 0x9f, 0xff,
    0xff, 0xff, 0xff, 0x80, 0x2f, 0xff, 0xff, 0xb5,
    0x9f, 0xf9, 0xff, 0x22, 0xff, 0x30, 0x2f, 0xcf,
    0xfb, 0x0, 0x9f, 0xf1, 0xef, 0xba, 0xfc, 0x0,
    0x0, 0xe, 0xfb, 0x0, 0x9f, 0xf0, 0x5f, 0xff,
    0xf5, 0x0, 0x0, 0xe, 0xfb, 0x0, 0x9f, 0xf0,
    0xb, 0xff, 0xd0, 0x0, 0x0, 0xe, 0xfb, 0x0,
    0x9f, 0xf0, 0x8, 0xff, 0xf1, 0x0, 0x4, 0x9f,
    0xfb, 0x0, 0x9f, 0xf0, 0x4f, 0xff, 0xfb, 0x0,
    0x7, 0xff, 0xfb, 0x0, 0x9f, 0xf2, 0xff, 0xd6,
    0xff, 0x50, 0x7, 0xff, 0xfb, 0x0, 0x9f, 0xfd,
    0xff, 0x20, 0xaf, 0xe1,

    /* U+62AC "抬" */
    0x0, 0x0, 0x0, 0x0, 0x0, 0x2, 0x21, 0x0,
    0x0, 0x0, 0x0, 0xf, 0xf9, 0x0, 0x0, 0x5f,
    0xf6, 0x0, 0x0, 0x0, 0x0, 0xf, 0xf9, 0x0,
    0x0, 0xdf, 0xe0, 0x0, 0x0, 0x0, 0x4, 0x5f,
    0xfb, 0x50, 0x4, 0xff, 0x80, 0x0, 0x0, 0x0,
    0xe, 0xff, 0xff, 0xf2, 0xb, 0xff, 0x10, 0x9,
    0xb8, 0x0, 0xe, 0xff, 0xff, 0xf2, 0x2f, 0xf9,
    0x0, 0xa, 0xff, 0x0, 0x2, 0x3f, 0xfa, 0x35,
    0xbf, 0xf9, 0x77, 0x7b, 0xff, 0x50, 0x0, 0xf,
    0xf9, 0x9, 0xff, 0xff, 0xff, 0xff, 0xff, 0xa0,
    0x0, 0xf, 0xf9, 0xa, 0xff, 0xff, 0xff, 0xff,
    0xff, 0xf0, 0x0, 0xf, 0xfe, 0xf5, 0x0, 0x0,
    0x0, 0x0, 0x0, 0x0, 0x1a, 0xef, 0xff, 0xf5,
    0x77, 0x77, 0x77, 0x77, 0x77, 0x20, 0x2f, 0xff,
    0xff, 0xe4, 0xff, 0xff, 0xff, 0xff, 0xff, 0x60,
    0x2f, 0xef, 0xf9, 0x0, 0xff, 0xff, 0xff, 0xff,
    0xff, 0x60, 0x1, 0xf, 0xf9, 0x0, 0xff, 0x40,
    0x0, 0x0, 0xef, 0x60, 0x0, 0xf, 0xf9, 0x0,
    0xff, 0x40, 0x0, 0x0, 0xef, 0x60, 0x0, 0xf,
    0xf9, 0x0, 0xff, 0x40, 0x0, 0x0, 0xef, 0x60,
    0x2, 0x4f, 0xf9, 0x0, 0xff, 0x86, 0x66, 0x66,
    0xff, 0x60, 0x9, 0xff, 0xf9, 0x0, 0xff, 0xff,
    0xff, 0xff, 0xff, 0x60, 0x9, 0xff, 0xf9, 0x0,
    0xff, 0xff, 0xff, 0xff, 0xff, 0x60, 0x1, 0x22,
    0x21, 0x0, 0x0, 0x0, 0x0, 0x0, 0x0, 0x0,

    /* U+62B5 "抵" */
    0x0, 0x0, 0x0, 0x0, 0x0, 0x0, 0x0, 0x0,
    0x0, 0x0, 0x0, 0xf, 0xf9, 0x0, 0xee, 0xef,
    0xff, 0xff, 0xff, 0xc0, 0x0, 0xf, 0xf9, 0x0,
    0xff, 0xff, 0xff, 0xff, 0xff, 0xc0, 0x8, 0xaf,
    0xfd, 0x92, 0xff, 0xd9, 0x99, 0xff, 0x94, 0x20,
    0xe, 0xff, 0xff, 0xf3, 0xff, 0x90, 0x2, 0xff,
    0x70, 0x0, 0xe, 0xff, 0xff, 0xf3, 0xff, 0x90,
    0x2, 0xff, 0x70, 0x0, 0x1, 0x1f, 0xf9, 0x11,
    0xff, 0x90, 0x2, 0xff, 0x70, 0x0, 0x0, 0xf,
    0xf9, 0x1, 0xff, 0xff, 0xff, 0xff, 0xff, 0xf5,
    0x0, 0xf, 0xf9, 0x2, 0xff, 0xff, 0xff, 0xff,
    0xff, 0xf5, 0x0, 0x1f, 0xff, 0xf6, 0xff, 0xd9,
    0x9a, 0xff, 0xc9, 0x93, 0x1c, 0xff, 0xff, 0xf6,
    0xff, 0x90, 0x0, 0xff, 0x80, 0x0, 0x2f, 0xff,
    0xff, 0xc4, 0xff, 0x90, 0x0, 0xef, 0xa0, 0x0,
    0x2f, 0xcf, 0xf9, 0x1, 0xff, 0x90, 0x0, 0xdf,
    0xd0, 0x0, 0x0, 0xf, 0xf9, 0x1, 0xff, 0x91,
    0x33, 0x9f, 0xf1, 0x0, 0x0, 0xf, 0xf9, 0x1,
    0xff, 0x95, 0xff, 0x6f, 0xf5, 0x0, 0x0, 0xf,
    0xf9, 0x1, 0xff, 0x92, 0xff, 0x5f, 0xfa, 0x0,
    0x3, 0x7f, 0xf9, 0x1, 0xff, 0xc7, 0xef, 0x7d,
    0xff, 0x10, 0x9, 0xff, 0xf9, 0x1, 0xff, 0xfd,
    0xbf, 0xa7, 0xff, 0x80, 0x9, 0xff, 0xf9, 0x1,
    0xff, 0xfd, 0x7f, 0xe1, 0xff, 0xf1,

    /* U+62BD "抽" */
    0x0, 0xe, 0xe7, 0x0, 0x0, 0x1, 0xff, 0x80,
    0x0, 0x0, 0x0, 0xff, 0x80, 0x0, 0x0, 0x1f,
    0xf8, 0x0, 0x0, 0x6, 0x7f, 0xfc, 0x77, 0xff,
    0xff, 0xff, 0xff, 0xff, 0x90, 0xef, 0xff, 0xff,
    0x7f, 0xff, 0xff, 0xff, 0xff, 0xf9, 0xe, 0xff,
    0xff, 0xf7, 0xff, 0x87, 0xff, 0xb7, 0xff, 0x90,
    0x0, 0xff, 0x90, 0x7f, 0xf1, 0xf, 0xf7, 0xe,
    0xf9, 0x0, 0xf, 0xf8, 0x7, 0xff, 0x10, 0xff,
    0x70, 0xef, 0x90, 0x0, 0xff, 0x93, 0x7f, 0xf1,
    0xf, 0xf7, 0xe, 0xf9, 0x0, 0x3f, 0xff, 0xf7,
    0xff, 0x88, 0xff, 0xb8, 0xff, 0x90, 0xef, 0xff,
    0xff, 0x7f, 0xff, 0xff, 0xff, 0xff, 0xf9, 0x1f,
    0xff, 0xfd, 0x87, 0xff, 0xff, 0xff, 0xff, 0xff,
    0x91, 0xea, 0xff, 0x80, 0x7f, 0xf2, 0xf, 0xf7,
    0xe, 0xf9, 0x0, 0xf, 0xf8, 0x7, 0xff, 0x10,
    0xff, 0x70, 0xef, 0x90, 0x0, 0xff, 0x80, 0x7f,
    0xf1, 0xf, 0xf7, 0xe, 0xf9, 0x0, 0xf, 0xf8,
    0x7, 0xff, 0x10, 0xff, 0x70, 0xef, 0x90, 0x37,
    0xff, 0x80, 0x7f, 0xfa, 0x9f, 0xfc, 0x9f, 0xf9,
    0x8, 0xff, 0xf8, 0x7, 0xff, 0xff, 0xff, 0xff,
    0xff, 0x90, 0x8f, 0xff, 0x80, 0x7f, 0xff, 0xff,
    0xff, 0xff, 0xf9, 0x1, 0x22, 0x21, 0x0, 0x0,
    0x0, 0x0, 0x0, 0x0, 0x0,

    /* U+62C9 "拉" */
    0x0, 0x0, 0x0, 0x0, 0x0, 0x0, 0x0, 0x0,
    0x0, 0x0, 0x0, 0xf, 0xf9, 0x0, 0x0, 0x1,
    0xff, 0x80, 0x0, 0x0, 0x0, 0xf, 0xf9, 0x0,
    0x0, 0x1, 0xff, 0x80, 0x0, 0x0, 0x5, 0x6f,
    0xfc, 0x61, 0xff, 0xff, 0xff, 0xff, 0xff, 0xf0,
    0xe, 0xff, 0xff, 0xf3, 0xff, 0xff, 0xff, 0xff,
    0xff, 0xf0, 0xe, 0xff, 0xff, 0xf3, 0x99, 0x99,
    0x99, 0x99, 0x99, 0x90, 0x2, 0x2f, 0xfa, 0x20,
    0x0, 0x0, 0x0, 0x0, 0x0, 0x0, 0x0, 0xf,
    0xf9, 0x0, 0x4f, 0xf6, 0x0, 0x8, 0xff, 0x20,
    0x0, 0xf, 0xf9, 0x0, 0x1f, 0xf9, 0x0, 0xb,
    0xff, 0x0, 0x0, 0xf, 0xfe, 0xf6, 0xe, 0xfc,
    0x0, 0xe, 0xfc, 0x0, 0xb, 0xff, 0xff, 0xf6,
    0xb, 0xff, 0x0, 0x1f, 0xf9, 0x0, 0x1f, 0xff,
    0xff, 0xc4, 0x8, 0xff, 0x20, 0x4f, 0xf6, 0x0,
    0x1f, 0xcf, 0xf9, 0x0, 0x6, 0xff, 0x50, 0x6f,
    0xf3, 0x0, 0x0, 0xf, 0xf9, 0x0, 0x3, 0xff,
    0x70, 0x9f, 0xf1, 0x0, 0x0, 0xf, 0xf9, 0x0,
    0x0, 0xff, 0xa0, 0xcf, 0xe0, 0x0, 0x0, 0xf,
    0xf9, 0x0, 0x0, 0x78, 0x60, 0x78, 0x60, 0x0,
    0x3, 0x6f, 0xf9, 0x3, 0x99, 0x99, 0x99, 0x99,
    0x99, 0x93, 0x8, 0xff, 0xf9, 0x6, 0xff, 0xff,
    0xff, 0xff, 0xff, 0xf5, 0x8, 0xff, 0xf9, 0x6,
    0xff, 0xff, 0xff, 0xff, 0xff, 0xf5,

    /* U+62D6 "拖" */
    0x0, 0x0, 0x0, 0x0, 0x0, 0x0, 0x0, 0x0,
    0x0, 0x0, 0x0, 0x5f, 0xf3, 0x2, 0xff, 0x80,
    0x0, 0x0, 0x0, 0x0, 0x0, 0x5f, 0xf3, 0x6,
    0xff, 0xff, 0xff, 0xff, 0xff, 0xf0, 0x5, 0x8f,
    0xf7, 0x3a, 0xff, 0xff, 0xff, 0xff, 0xff, 0xf0,
    0xf, 0xff, 0xff, 0xb5, 0x66, 0x66, 0x77, 0x66,
    0x66, 0x60, 0xf, 0xff, 0xff, 0xb0, 0x11, 0x0,
    0xef, 0x90, 0x0, 0x0, 0x4, 0x8f, 0xf6, 0x31,
    0xff, 0x60, 0xef, 0x92, 0x7c, 0xe0, 0x0, 0x5f,
    0xf3, 0x1, 0xff, 0x60, 0xef, 0xff, 0xff, 0xe0,
    0x0, 0x5f, 0xfc, 0x91, 0xff, 0xce, 0xff, 0xff,
    0xff, 0xe0, 0x6, 0xcf, 0xff, 0xab, 0xff, 0xff,
    0xff, 0xd7, 0xbf, 0xe0, 0x3f, 0xff, 0xff, 0x8f,
    0xff, 0xfb, 0xff, 0x90, 0x9f, 0xe0, 0x3f, 0xff,
    0xf3, 0xf, 0xff, 0x60, 0xef, 0x90, 0x9f, 0xe0,
    0x15, 0x6f, 0xf3, 0x1, 0xff, 0x60, 0xef, 0x90,
    0x9f, 0xe0, 0x0, 0x5f, 0xf3, 0x1, 0xff, 0x60,
    0xef, 0x90, 0x9f, 0xe0, 0x0, 0x5f, 0xf3, 0x1,
    0xff, 0x60, 0xef, 0x90, 0x9f, 0xe0, 0x0, 0x5f,
    0xf3, 0x1, 0xff, 0x60, 0x1, 0x0, 0x1, 0x0,
    0x6, 0xaf, 0xf3, 0x1, 0xff, 0xb8, 0x88, 0x88,
    0x88, 0x81, 0xd, 0xff, 0xf3, 0x1, 0xff, 0xff,
    0xff, 0xff, 0xff, 0xf3, 0xd, 0xff, 0xf3, 0x1,
    0xff, 0xff, 0xff, 0xff, 0xff, 0xf3, 0x1, 0x11,
    0x10, 0x0, 0x0, 0x0, 0x0, 0x0, 0x0, 0x0,

    /* U+62DF "拟" */
    0x0, 0x11, 0x10, 0x0, 0x0, 0x0, 0x0, 0x0,
    0x0, 0x0, 0xe, 0xfb, 0x3, 0xff, 0x5f, 0xf2,
    0x4, 0xff, 0x40, 0x0, 0xef, 0xb0, 0x3f, 0xf3,
    0xff, 0x50, 0x5f, 0xf3, 0x6, 0xbf, 0xfe, 0xa3,
    0xff, 0x3c, 0xf8, 0x6, 0xff, 0x20, 0x9f, 0xff,
    0xfe, 0x3f, 0xf3, 0x9f, 0xb0, 0x7f, 0xf1, 0x7,
    0xdf, 0xff, 0xc3, 0xff, 0x36, 0xfe, 0x8, 0xff,
    0x0, 0x0, 0xef, 0xb0, 0x3f, 0xf3, 0x3f, 0xf1,
    0x8f, 0xf0, 0x0, 0xe, 0xfb, 0x3, 0xff, 0x31,
    0xff, 0x39, 0xff, 0x0, 0x0, 0xef, 0xb2, 0x4f,
    0xf3, 0x1, 0x10, 0xbf, 0xd0, 0x0, 0xe, 0xff,
    0xf5, 0xff, 0x30, 0x0, 0xd, 0xff, 0x20, 0x8e,
    0xff, 0xff, 0x5f, 0xf3, 0x0, 0x0, 0xff, 0xf5,
    0xc, 0xff, 0xff, 0xb4, 0xff, 0x30, 0x0, 0x3f,
    0xff, 0x70, 0xbd, 0xff, 0xb0, 0x3f, 0xf3, 0x0,
    0x7, 0xff, 0xf9, 0x0, 0xe, 0xfb, 0x3, 0xff,
    0x30, 0x0, 0xdf, 0xff, 0xb0, 0x0, 0xef, 0xb0,
    0x3f, 0xf3, 0x42, 0x5f, 0xfe, 0xfd, 0x0, 0xe,
    0xfb, 0x3, 0xff, 0xff, 0x4d, 0xff, 0x6f, 0xf0,
    0x26, 0xef, 0xb0, 0x3f, 0xff, 0xfc, 0xff, 0x73,
    0xff, 0x16, 0xff, 0xfb, 0x3, 0xff, 0xec, 0xff,
    0xc0, 0xf, 0xf3, 0x6f, 0xff, 0xb0, 0x3b, 0x52,
    0xef, 0xe1, 0x0, 0xff, 0x50,

    /* U+6301 "持" */
    0x0, 0x0, 0x0, 0x0, 0x0, 0x0, 0x11, 0x0,
    0x0, 0x0, 0x0, 0xf, 0xf9, 0x0, 0x0, 0x0,
    0xff, 0xa0, 0x0, 0x0, 0x0, 0xf, 0xf9, 0x0,
    0xef, 0xff, 0xff, 0xff, 0xff, 0xa0, 0x5, 0x6f,
    0xfc, 0x60, 0xef, 0xff, 0xff, 0xff, 0xff, 0xb0,
    0xe, 0xff, 0xff, 0xf2, 0x78, 0x88, 0xff, 0xd8,
    0x88, 0x60, 0xe, 0xff, 0xff, 0xf2, 0x0, 0x0,
    0xff, 0xa0, 0x0, 0x0, 0x3, 0x4f, 0xfb, 0x44,
    0x88, 0x88, 0xff, 0xd8, 0x88, 0x82, 0x0, 0xf,
    0xf9, 0x8, 0xff, 0xff, 0xff, 0xff, 0xff, 0xf5,
    0x0, 0xf, 0xf9, 0x8, 0xff, 0xff, 0xff, 0xff,
    0xff, 0xf5, 0x0, 0xf, 0xfe, 0xf5, 0x0, 0x0,
    0x0, 0x4b, 0xb2, 0x0, 0xc, 0xff, 0xff, 0xf6,
    0x99, 0x99, 0x99, 0xbf, 0xfa, 0x80, 0x1f, 0xff,
    0xff, 0xb4, 0xff, 0xff, 0xff, 0xff, 0xff, 0xe0,
    0x1e, 0xaf, 0xf9, 0x1, 0xcc, 0xcc, 0xcc, 0xdf,
    0xfd, 0xb0, 0x0, 0xf, 0xf9, 0x0, 0x57, 0x70,
    0x0, 0x5f, 0xf3, 0x0, 0x0, 0xf, 0xf9, 0x0,
    0x7f, 0xf6, 0x0, 0x5f, 0xf3, 0x0, 0x0, 0xf,
    0xf9, 0x0, 0x1f, 0xfc, 0x0, 0x5f, 0xf3, 0x0,
    0x3, 0x6f, 0xf9, 0x0, 0xa, 0xff, 0x36, 0xbf,
    0xf3, 0x0, 0x8, 0xff, 0xf9, 0x0, 0x4, 0xff,
    0x9d, 0xff, 0xf3, 0x0, 0x8, 0xff, 0xf9, 0x0,
    0x0, 0x0, 0xd, 0xff, 0xf3, 0x0,

    /* U+6307 "指" */
    0x0, 0xd, 0xfb, 0x0, 0xaf, 0xe0, 0x0, 0x0,
    0x37, 0x10, 0x0, 0xdf, 0xb0, 0xa, 0xfe, 0x14,
    0x7a, 0xef, 0xf2, 0x4, 0x5e, 0xfc, 0x52, 0xaf,
    0xff, 0xff, 0xff, 0xfe, 0x20, 0xef, 0xff, 0xff,
    0x8a, 0xff, 0xff, 0xeb, 0x72, 0x0, 0xe, 0xff,
    0xff, 0xf8, 0xaf, 0xf3, 0x0, 0x0, 0x0, 0x0,
    0x34, 0xef, 0xc4, 0x2a, 0xff, 0x77, 0x77, 0x77,
    0x77, 0x0, 0xd, 0xfb, 0x0, 0xaf, 0xff, 0xff,
    0xff, 0xff, 0xf0, 0x0, 0xdf, 0xb0, 0x1a, 0xff,
    0xff, 0xff, 0xff, 0xff, 0x0, 0xd, 0xfe, 0xea,
    0x0, 0x0, 0x0, 0x0, 0x0, 0x1, 0xae, 0xff,
    0xff, 0xa6, 0xff, 0xff, 0xff, 0xff, 0xf1, 0x2f,
    0xff, 0xff, 0xe7, 0x7f, 0xff, 0xff, 0xff, 0xff,
    0x12, 0xfc, 0xff, 0xb0, 0x7, 0xff, 0x32, 0x22,
    0x8f, 0xf1, 0x0, 0xd, 0xfb, 0x0, 0x7f, 0xfb,
    0xaa, 0xad, 0xff, 0x10, 0x0, 0xdf, 0xb0, 0x7,
    0xff, 0xff, 0xff, 0xff, 0xf1, 0x0, 0xd, 0xfb,
    0x0, 0x7f, 0xf3, 0x22, 0x28, 0xff, 0x10, 0x27,
    0xef, 0xb0, 0x7, 0xff, 0x31, 0x11, 0x8f, 0xf1,
    0x5, 0xff, 0xfb, 0x0, 0x7f, 0xff, 0xff, 0xff,
    0xff, 0x10, 0x5f, 0xff, 0xb0, 0x7, 0xff, 0xff,
    0xff, 0xff, 0xf1, 0x0, 0x22, 0x21, 0x0, 0x0,
    0x0, 0x0, 0x0, 0x0, 0x0,

    /* U+6362 "换" */
    0x0, 0xf, 0xf9, 0x0, 0x0, 0xef, 0xff, 0xff,
    0xfa, 0x0, 0x0, 0xf, 0xf9, 0x0, 0x8, 0xff,
    0xff, 0xff, 0xf4, 0x0, 0x7, 0x8f, 0xfc, 0x81,
    0x4f, 0xfc, 0x77, 0xff, 0xe0, 0x0, 0xe, 0xff,
    0xff, 0xf6, 0xff, 0xf2, 0x6, 0xff, 0x60, 0x0,
    0xe, 0xff, 0xff, 0xfa, 0xff, 0xc8, 0x8e, 0xff,
    0x88, 0x40, 0x2, 0x3f, 0xfa, 0x28, 0xff, 0xff,
    0xff, 0xff, 0xff, 0x80, 0x0, 0xf, 0xf9, 0x2,
    0xef, 0xff, 0xff, 0xff, 0xff, 0x80, 0x0, 0xf,
    0xf9, 0x1, 0xef, 0x80, 0xef, 0x70, 0xef, 0x80,
    0x0, 0x1f, 0xff, 0xf5, 0xef, 0x80, 0xef, 0x70,
    0xef, 0x80, 0x1d, 0xff, 0xff, 0xf5, 0xef, 0x80,
    0xef, 0x70, 0xef, 0x80, 0x2f, 0xff, 0xfe, 0xa8,
    0xff, 0xc8, 0xff, 0xb8, 0xff, 0xc2, 0x2e, 0xaf,
    0xf9, 0xa, 0xff, 0xff, 0xff, 0xff, 0xff, 0xf4,
    0x0, 0xf, 0xf9, 0xa, 0xff, 0xff, 0xff, 0xff,
    0xff, 0xf4, 0x0, 0xf, 0xf9, 0x0, 0x0, 0x1c,
    0xff, 0xf5, 0x0, 0x0, 0x0, 0xf, 0xf9, 0x0,
    0x6, 0xef, 0xff, 0xff, 0xa1, 0x0, 0x3, 0x7f,
    0xf9, 0x8, 0xef, 0xff, 0x92, 0xef, 0xff, 0xa1,
    0x9, 0xff, 0xf9, 0xd, 0xff, 0xf6, 0x0, 0x1c,
    0xff, 0xf2, 0x9, 0xff, 0xf9, 0xd, 0xe8, 0x10,
    0x0, 0x0, 0x5c, 0xf2, 0x0, 0x0, 0x0, 0x3,
    0x0, 0x0, 0x0, 0x0, 0x0, 0x21,

    /* U+6392 "排" */
    0x0, 0x1f, 0xf8, 0x0, 0x8, 0xff, 0x10, 0x8f,
    0xf0, 0x0, 0x0, 0x1f, 0xf8, 0x0, 0x8, 0xff,
    0x10, 0x9f, 0xf0, 0x0, 0x6, 0x8f, 0xfb, 0x58,
    0xbd, 0xff, 0x10, 0x9f, 0xfb, 0xb0, 0xe, 0xff,
    0xff, 0xcb, 0xff, 0xff, 0x10, 0x9f, 0xff, 0xf1,
    0xe, 0xff, 0xff, 0xca, 0xde, 0xff, 0x10, 0x9f,
    0xfd, 0xd1, 0x0, 0x2f, 0xf8, 0x0, 0x8, 0xff,
    0x10, 0x9f, 0xf0, 0x0, 0x0, 0x1f, 0xf8, 0x0,
    0x8, 0xff, 0x10, 0x9f, 0xf0, 0x0, 0x0, 0x1f,
    0xf8, 0x19, 0xff, 0xff, 0x10, 0x9f, 0xff, 0xe0,
    0x0, 0x1f, 0xff, 0xf9, 0xff, 0xff, 0x10, 0x9f,
    0xff, 0xf0, 0xc, 0xff, 0xff, 0xf5, 0x9d, 0xff,
    0x10, 0x9f, 0xfa, 0x90, 0x1f, 0xff, 0xfe, 0x90,
    0x8, 0xff, 0x10, 0x9f, 0xf0, 0x0, 0x1d, 0xaf,
    0xf8, 0x7, 0x8c, 0xff, 0x10, 0x9f, 0xf8, 0x82,
    0x0, 0x1f, 0xf8, 0xe, 0xff, 0xff, 0x10, 0x9f,
    0xff, 0xf4, 0x0, 0x1f, 0xf8, 0xe, 0xff, 0xff,
    0x10, 0x9f, 0xff, 0xf4, 0x0, 0x1f, 0xf8, 0x0,
    0x8, 0xff, 0x10, 0x9f, 0xf1, 0x0, 0x3, 0x7f,
    0xf8, 0x0, 0x8, 0xff, 0x10, 0x9f, 0xf0, 0x0,
    0x8, 0xff, 0xf8, 0x0, 0x8, 0xff, 0x10, 0x9f,
    0xf0, 0x0, 0x8, 0xff, 0xf8, 0x0, 0x8, 0xff,
    0x10, 0x9f, 0xf0, 0x0,

    /* U+63A5 "接" */
    0x0, 0xb, 0xc8, 0x0, 0x33, 0x33, 0xff, 0xb3,
    0x33, 0x20, 0x0, 0xf, 0xfa, 0x0, 0xff, 0xff,
    0xff, 0xff, 0xff, 0xc0, 0x4, 0x5f, 0xfc, 0x50,
    0xff, 0xff, 0xff, 0xff, 0xff, 0xc0, 0xe, 0xff,
    0xff, 0xf2, 0xa, 0xfd, 0x11, 0x1e, 0xf8, 0x0,
    0xe, 0xff, 0xff, 0xf2, 0x5, 0xff, 0x10, 0x4f,
    0xf2, 0x0, 0x2, 0x3f, 0xfb, 0x32, 0xff, 0xff,
    0xff, 0xff, 0xff, 0xe0, 0x0, 0xf, 0xfa, 0x2,
    0xff, 0xff, 0xff, 0xff, 0xff, 0xf0, 0x0, 0xf,
    0xfa, 0x11, 0x55, 0x7f, 0xfb, 0x55, 0x55, 0x50,
    0x0, 0x1f, 0xff, 0xf2, 0x0, 0x7f, 0xf2, 0x0,
    0x0, 0x0, 0x1d, 0xff, 0xff, 0xf7, 0xff, 0xff,
    0xff, 0xff, 0xff, 0xf2, 0x2f, 0xff, 0xff, 0xa6,
    0xff, 0xff, 0xff, 0xff, 0xff, 0xf2, 0x2f, 0xbf,
    0xfa, 0x1, 0x5e, 0xfd, 0x55, 0x5d, 0xfe, 0x50,
    0x0, 0xf, 0xfa, 0x0, 0x2f, 0xfa, 0x10, 0x3f,
    0xf7, 0x0, 0x0, 0xf, 0xfa, 0x0, 0x8f, 0xff,
    0xfa, 0xef, 0xe0, 0x0, 0x0, 0xf, 0xfa, 0x0,
    0x5, 0xbf, 0xff, 0xff, 0x90, 0x0, 0x3, 0x6f,
    0xfa, 0x0, 0x46, 0x9e, 0xff, 0xff, 0xff, 0x80,
    0x9, 0xff, 0xfa, 0x2, 0xff, 0xff, 0xfc, 0x7c,
    0xff, 0xe0, 0x9, 0xff, 0xfa, 0x2, 0xff, 0xc8,
    0x30, 0x0, 0x39, 0xd0, 0x0, 0x11, 0x10, 0x0,
    0x0, 0x0, 0x0, 0x0, 0x0, 0x0,

    /* U+63A7 "控" */
    0x0, 0x0, 0x0, 0x0, 0x0, 0x0, 0x33, 0x10,
    0x0, 0x0, 0x0, 0x2f, 0xf7, 0x0, 0x22, 0x22,
    0xff, 0x92, 0x22, 0x20, 0x0, 0x2f, 0xf7, 0x1,
    0xff, 0xff, 0xff, 0xff, 0xff, 0xe0, 0x6, 0x8f,
    0xfb, 0x51, 0xff, 0xff, 0xff, 0xff, 0xff, 0xe0,
    0xe, 0xff, 0xff, 0xb1, 0xff, 0x81, 0x11, 0x11,
    0xaf, 0xe0, 0xe, 0xff, 0xff, 0xb1, 0xff, 0x72,
    0x30, 0x40, 0xaf, 0xe0, 0x0, 0x3f, 0xf7, 0x0,
    0x25, 0xbf, 0x70, 0xdd, 0x72, 0x10, 0x0, 0x2f,
    0xf7, 0x3, 0xcf, 0xff, 0x70, 0xdf, 0xff, 0xb1,
    0x0, 0x2f, 0xf7, 0x36, 0xff, 0xf9, 0x10, 0x4c,
    0xff, 0xf2, 0x0, 0x4f, 0xff, 0xe6, 0xc7, 0x10,
    0x0, 0x0, 0x28, 0xd2, 0xe, 0xff, 0xff, 0xe0,
    0x67, 0x77, 0x77, 0x77, 0x77, 0x10, 0x1f, 0xff,
    0xfd, 0x70, 0xdf, 0xff, 0xff, 0xff, 0xff, 0x30,
    0x1d, 0xaf, 0xf7, 0x0, 0xdf, 0xff, 0xff, 0xff,
    0xff, 0x30, 0x0, 0x2f, 0xf7, 0x0, 0x0, 0x6,
    0xff, 0x30, 0x0, 0x0, 0x0, 0x2f, 0xf7, 0x0,
    0x0, 0x5, 0xff, 0x20, 0x0, 0x0, 0x0, 0x2f,
    0xf7, 0x0, 0x0, 0x5, 0xff, 0x20, 0x0, 0x0,
    0x3, 0x8f, 0xf7, 0x8, 0x88, 0x8b, 0xff, 0x98,
    0x88, 0x81, 0x8, 0xff, 0xf7, 0xe, 0xff, 0xff,
    0xff, 0xff, 0xff, 0xf3, 0x8, 0xff, 0xf7, 0xe,
    0xff, 0xff, 0xff, 0xff, 0xff, 0xf3,

    /* U+63D0 "提" */
    0x0, 0xf, 0xf9, 0x0, 0x6d, 0xdd, 0xdd, 0xdd,
    0xdd, 0x0, 0x0, 0xf, 0xf9, 0x0, 0x7f, 0xff,
    0xff, 0xff, 0xff, 0x0, 0x6, 0x7f, 0xfc, 0x70,
    0x7f, 0xf4, 0x44, 0x4a, 0xff, 0x0, 0xe, 0xff,
    0xff, 0xf1, 0x7f, 0xff, 0xff, 0xff, 0xff, 0x0,
    0xe, 0xff, 0xff, 0xf1, 0x7f, 0xf7, 0x77, 0x7c,
    0xff, 0x0, 0x0, 0xf, 0xfa, 0x0, 0x7f, 0xf9,
    0x88, 0x8c, 0xff, 0x0, 0x0, 0xf, 0xf9, 0x0,
    0x7f, 0xff, 0xff, 0xff, 0xff, 0x0, 0x0, 0xf,
    0xfa, 0x30, 0x24, 0x44, 0x44, 0x44, 0x44, 0x0,
    0x0, 0x3f, 0xff, 0xf8, 0xff, 0xff, 0xff, 0xff,
    0xff, 0xf1, 0x1e, 0xff, 0xff, 0xf9, 0xff, 0xff,
    0xff, 0xff, 0xff, 0xf1, 0x1f, 0xff, 0xff, 0xa3,
    0x55, 0x55, 0xaf, 0xf6, 0x55, 0x50, 0x1f, 0xdf,
    0xf9, 0x0, 0x7f, 0xe0, 0x7f, 0xf3, 0x22, 0x10,
    0x1, 0xf, 0xf9, 0x0, 0x9f, 0xe0, 0x7f, 0xff,
    0xff, 0xa0, 0x0, 0xf, 0xf9, 0x0, 0xcf, 0xb0,
    0x7f, 0xff, 0xff, 0x90, 0x0, 0xf, 0xf9, 0x0,
    0xff, 0xb0, 0x7f, 0xf1, 0x0, 0x0, 0x3, 0x6f,
    0xf9, 0x6, 0xff, 0xff, 0xef, 0xfb, 0xbb, 0xb2,
    0x8, 0xff, 0xf9, 0xc, 0xff, 0xff, 0xff, 0xff,
    0xff, 0xf3, 0x8, 0xff, 0xf9, 0x5f, 0xf6, 0x38,
    0xbc, 0xcc, 0xcc, 0xc2,

    /* U+63D2 "插" */
    0x0, 0x0, 0x0, 0x0, 0x0, 0x0, 0x0, 0x1,
    0x12, 0x20, 0x0, 0x9f, 0xf0, 0x3e, 0xee, 0xef,
    0xff, 0xff, 0xff, 0xe0, 0x0, 0x9f, 0xf0, 0x3f,
    0xff, 0xff, 0xff, 0xff, 0xff, 0xe0, 0x9, 0xdf,
    0xf9, 0x48, 0x88, 0x8b, 0xff, 0x64, 0x31, 0x0,
    0xf, 0xff, 0xff, 0x30, 0x0, 0x7, 0xff, 0x10,
    0x0, 0x0, 0xf, 0xff, 0xff, 0xbf, 0xff, 0xff,
    0xff, 0xff, 0xff, 0xf4, 0x3, 0xaf, 0xf3, 0x8f,
    0xff, 0xff, 0xff, 0xff, 0xff, 0xf4, 0x0, 0x9f,
    0xf0, 0x36, 0x66, 0x6a, 0xff, 0x66, 0x66, 0x61,
    0x0, 0x9f, 0xf0, 0x15, 0x68, 0xa8, 0xff, 0x26,
    0x66, 0x50, 0x0, 0xaf, 0xff, 0x9f, 0xff, 0xf8,
    0xff, 0x7f, 0xff, 0xe0, 0x2f, 0xff, 0xff, 0x9f,
    0xfd, 0xb8, 0xff, 0x6f, 0xff, 0xe0, 0x3f, 0xff,
    0xfd, 0x7f, 0xf3, 0x6, 0xff, 0x0, 0x8f, 0xe0,
    0x3e, 0xef, 0xf0, 0x3f, 0xf7, 0x36, 0xff, 0x4,
    0xaf, 0xe0, 0x0, 0x9f, 0xf0, 0x3f, 0xff, 0xd6,
    0xff, 0x2f, 0xff, 0xe0, 0x0, 0x9f, 0xf0, 0x3f,
    0xfe, 0xc6, 0xff, 0x2e, 0xff, 0xe0, 0x0, 0x9f,
    0xf0, 0x3f, 0xf3, 0x6, 0xff, 0x0, 0x8f, 0xe0,
    0x3, 0xaf, 0xf0, 0x3f, 0xf8, 0x6a, 0xff, 0x66,
    0xbf, 0xe0, 0xc, 0xff, 0xf0, 0x3f, 0xff, 0xff,
    0xff, 0xff, 0xff, 0xe0, 0xc, 0xff, 0xf0, 0x3f,
    0xff, 0xff, 0xff, 0xff, 0xff, 0xe0, 0x1, 0x22,
    0x20, 0x0, 0x0, 0x0, 0x0, 0x0, 0x0, 0x0,

    /* U+641C "搜" */
    0x0, 0x0, 0x0, 0x0, 0x0, 0x0, 0x33, 0x12,
    0x22, 0x20, 0x0, 0xff, 0x70, 0x1f, 0xff, 0xee,
    0xf5, 0xff, 0xfe, 0x0, 0xf, 0xf7, 0x1, 0xff,
    0xfe, 0xef, 0x5f, 0xff, 0xe0, 0x56, 0xff, 0xb6,
    0x1f, 0xf3, 0xe, 0xf5, 0x4, 0xfe, 0xe, 0xff,
    0xff, 0xf2, 0xff, 0x31, 0xef, 0x52, 0x6f, 0xe0,
    0xef, 0xff, 0xff, 0x2f, 0xff, 0x9e, 0xf5, 0xef,
    0xfe, 0x5, 0x6f, 0xfb, 0x61, 0xff, 0xc6, 0xef,
    0x59, 0xbf, 0xe0, 0x0, 0xff, 0x70, 0x1f, 0xf5,
    0x4f, 0xf8, 0x47, 0xfe, 0x0, 0xf, 0xf7, 0x1,
    0xff, 0xff, 0xff, 0xff, 0xff, 0xe0, 0x0, 0xff,
    0xdd, 0x5f, 0xff, 0xff, 0xff, 0xff, 0xfe, 0xb,
    0xef, 0xff, 0xf4, 0x11, 0x11, 0xef, 0x61, 0x11,
    0x1, 0xff, 0xff, 0xfc, 0x2e, 0xff, 0xff, 0xff,
    0xff, 0xf8, 0x1f, 0xcf, 0xf7, 0x0, 0x9f, 0xff,
    0xff, 0xff, 0xff, 0x20, 0x0, 0xff, 0x70, 0x1,
    0xff, 0xc2, 0x27, 0xff, 0xa0, 0x0, 0xf, 0xf7,
    0x0, 0x6, 0xff, 0x97, 0xff, 0xe1, 0x0, 0x0,
    0xff, 0x70, 0x0, 0xa, 0xff, 0xff, 0xf3, 0x0,
    0x3, 0x6f, 0xf7, 0x2, 0x9e, 0xff, 0xff, 0xff,
    0xfb, 0x70, 0x8f, 0xff, 0x70, 0x5f, 0xff, 0xf9,
    0x8e, 0xff, 0xff, 0x8, 0xff, 0xf7, 0x5, 0xfb,
    0x61, 0x0, 0x4, 0x9d, 0xf0, 0x0, 0x0, 0x0,
    0x0, 0x0, 0x0, 0x0, 0x0, 0x1,

    /* U+6444 "摄" */
    0x0, 0x1f, 0xf8, 0x3, 0xff, 0xff, 0xff, 0xff,
    0xff, 0xf0, 0x0, 0x1f, 0xf8, 0x2, 0xff, 0xff,
    0xff, 0xff, 0xff, 0xe0, 0x6, 0x8f, 0xfb, 0x70,
    0x5f, 0xf6, 0x44, 0x49, 0xff, 0x10, 0xe, 0xff,
    0xff, 0xf0, 0x5f, 0xff, 0xff, 0xff, 0xff, 0x10,
    0xe, 0xff, 0xff, 0xf0, 0x5f, 0xf6, 0x44, 0x49,
    0xff, 0x10, 0x0, 0x2f, 0xf8, 0x0, 0x5f, 0xff,
    0xff, 0xff, 0xff, 0x10, 0x0, 0x1f, 0xf8, 0x0,
    0x5f, 0xf8, 0x77, 0x7a, 0xff, 0x10, 0x0, 0x1f,
    0xf8, 0x4, 0xbf, 0xfc, 0xcd, 0xef, 0xff, 0xf2,
    0x0, 0x1f, 0xfe, 0xf9, 0xff, 0xff, 0xff, 0xee,
    0xff, 0xd1, 0xd, 0xff, 0xff, 0xf4, 0x32, 0x21,
    0x10, 0x12, 0x55, 0x10, 0x1f, 0xff, 0xff, 0xfb,
    0xff, 0xff, 0xfa, 0xff, 0xff, 0xf0, 0x1f, 0xff,
    0xf9, 0x8, 0xee, 0xff, 0xe9, 0xee, 0xff, 0xd0,
    0x3, 0x1f, 0xf8, 0x4, 0xb7, 0x7f, 0xa5, 0xb6,
    0x8f, 0x90, 0x0, 0x1f, 0xf8, 0x0, 0xef, 0xef,
    0x51, 0xff, 0xef, 0x40, 0x0, 0x1f, 0xf8, 0x0,
    0x6f, 0xfd, 0x0, 0x7f, 0xfc, 0x0, 0x3, 0x7f,
    0xf8, 0x3, 0xef, 0xfc, 0x4, 0xef, 0xfb, 0x0,
    0x8, 0xff, 0xf8, 0x7, 0xfe, 0xff, 0x59, 0xfe,
    0xff, 0x40, 0x8, 0xff, 0xf8, 0x7, 0xa1, 0x7f,
    0xd9, 0xa1, 0x8f, 0xd0, 0x0, 0x0, 0x0, 0x0,
    0x0, 0x0, 0x0, 0x0, 0x0, 0x0,

    /* U+64AD "播" */
    0x0, 0x0, 0x0, 0x0, 0x0, 0x0, 0x0, 0x0,
    0x0, 0x0, 0x0, 0xf, 0xf9, 0x0, 0xff, 0xff,
    0xff, 0xff, 0xff, 0x60, 0x0, 0xf, 0xf9, 0x0,
    0xff, 0xff, 0xff, 0xfd, 0xca, 0x30, 0x9, 0xaf,
    0xfd, 0xa1, 0x89, 0x40, 0xff, 0x80, 0xab, 0x30,
    0xe, 0xff, 0xff, 0xf2, 0x9f, 0x90, 0xff, 0x83,
    0xff, 0x0, 0xe, 0xff, 0xff, 0xf5, 0x8f, 0xe4,
    0xff, 0xa9, 0xfd, 0x40, 0x6, 0x7f, 0xfb, 0x6b,
    0xff, 0xff, 0xff, 0xff, 0xff, 0xf0, 0x0, 0xf,
    0xf9, 0x8, 0xef, 0xfc, 0xff, 0xed, 0xff, 0xc0,
    0x0, 0xf, 0xf9, 0x11, 0xcf, 0xa0, 0xff, 0x81,
    0xff, 0x40, 0x0, 0x4f, 0xff, 0xf9, 0xff, 0x50,
    0xbc, 0x60, 0xdf, 0xa0, 0xb, 0xff, 0xff, 0xfb,
    0xaa, 0x10, 0x0, 0x0, 0x5b, 0xa0, 0x2f, 0xff,
    0xff, 0xf4, 0xff, 0xff, 0xff, 0xff, 0xff, 0x80,
    0x2f, 0xff, 0xfa, 0x0, 0xff, 0xed, 0xff, 0xed,
    0xff, 0x80, 0x2, 0xf, 0xf9, 0x0, 0xff, 0x70,
    0xdf, 0x60, 0xff, 0x80, 0x0, 0xf, 0xf9, 0x0,
    0xff, 0xff, 0xff, 0xff, 0xff, 0x80, 0x0, 0xf,
    0xf9, 0x0, 0xff, 0xdb, 0xff, 0xdb, 0xff, 0x80,
    0x3, 0x6f, 0xf9, 0x0, 0xff, 0x70, 0xdf, 0x60,
    0xff, 0x80, 0x9, 0xff, 0xf9, 0x0, 0xff, 0xfe,
    0xff, 0xfe, 0xff, 0x80, 0x9, 0xff, 0xf9, 0x0,
    0xff, 0xff, 0xff, 0xff, 0xff, 0x80, 0x0, 0x11,
    0x10, 0x0, 0x0, 0x0, 0x0, 0x0, 0x0, 0x0,

    /* U+64CD "操" */
    0x0, 0x1f, 0xf8, 0x0, 0xd, 0xdd, 0xdd, 0xdd,
    0xd9, 0x0, 0x0, 0x1f, 0xf8, 0x0, 0xf, 0xff,
    0xff, 0xff, 0xfb, 0x0, 0x3, 0x4f, 0xfa, 0x40,
    0xf, 0xf6, 0x33, 0x37, 0xfb, 0x0, 0xe, 0xff,
    0xff, 0xf1, 0xf, 0xff, 0xff, 0xff, 0xfb, 0x0,
    0xe, 0xff, 0xff, 0xf1, 0x8, 0x88, 0x88, 0x88,
    0x86, 0x0, 0x2, 0x4f, 0xfa, 0x32, 0xcc, 0xcc,
    0xc4, 0xcc, 0xcc, 0xa0, 0x0, 0x1f, 0xf8, 0x2,
    0xff, 0xff, 0xf5, 0xff, 0xff, 0xe0, 0x0, 0x1f,
    0xf8, 0x3, 0xfb, 0xd, 0xf5, 0xfc, 0xf, 0xe0,
    0x0, 0x1f, 0xfe, 0xf7, 0xff, 0xff, 0xf5, 0xff,
    0xff, 0xe0, 0xb, 0xff, 0xff, 0xf6, 0xcc, 0xcc,
    0xc4, 0xcc, 0xcc, 0xb0, 0x1f, 0xff, 0xff, 0xc3,
    0x11, 0x11, 0xbe, 0xa1, 0x11, 0x10, 0x1f, 0xdf,
    0xf8, 0x6, 0xff, 0xff, 0xff, 0xff, 0xff, 0xf1,
    0x0, 0x1f, 0xf8, 0x6, 0xff, 0xff, 0xff, 0xff,
    0xff, 0xf1, 0x0, 0x1f, 0xf8, 0x1, 0x5f, 0xf6,
    0xcf, 0xc8, 0xfc, 0x40, 0x0, 0x1f, 0xf8, 0x0,
    0x4f, 0xf0, 0xbf, 0xa2, 0xff, 0x0, 0x3, 0x7f,
    0xf8, 0x0, 0x9f, 0xb0, 0xbf, 0xa0, 0xef, 0x40,
    0x8, 0xff, 0xf8, 0x0, 0xff, 0x60, 0xbf, 0xa0,
    0x9f, 0xa0, 0x8, 0xff, 0xf8, 0x6, 0xff, 0x0,
    0xbf, 0xa0, 0x4f, 0xf1,

    /* U+6536 "收" */
    0x0, 0x0, 0x0, 0x0, 0x0, 0x22, 0x20, 0x0,
    0x0, 0x0, 0x11, 0x0, 0xef, 0xa0, 0xf, 0xfd,
    0x0, 0x0, 0x0, 0x1f, 0xf7, 0xe, 0xfa, 0x3,
    0xff, 0xa0, 0x0, 0x0, 0x1, 0xff, 0x70, 0xef,
    0xa0, 0x7f, 0xff, 0xff, 0xff, 0xf3, 0x1f, 0xf7,
    0xe, 0xfa, 0xb, 0xff, 0xff, 0xff, 0xff, 0x31,
    0xff, 0x70, 0xef, 0xa0, 0xff, 0xe9, 0x9a, 0xff,
    0xc2, 0x1f, 0xf7, 0xe, 0xfa, 0x6f, 0xfd, 0x0,
    0x5f, 0xf4, 0x1, 0xff, 0x70, 0xef, 0xac, 0xff,
    0xf4, 0x9, 0xff, 0x10, 0x1f, 0xf7, 0xe, 0xfc,
    0xff, 0xff, 0xa0, 0xdf, 0xd0, 0x1, 0xff, 0x70,
    0xef, 0xc7, 0x7c, 0xff, 0x4f, 0xf9, 0x0, 0x1f,
    0xf7, 0xe, 0xfa, 0x0, 0x4f, 0xfe, 0xff, 0x30,
    0x1, 0xff, 0x70, 0xef, 0xa0, 0x0, 0xdf, 0xff,
    0xe0, 0x0, 0x1f, 0xf8, 0x3f, 0xfa, 0x0, 0x5,
    0xff, 0xf8, 0x0, 0x5, 0xff, 0xff, 0xff, 0xa0,
    0x0, 0x3f, 0xff, 0x80, 0x0, 0xff, 0xff, 0xff,
    0xfa, 0x0, 0xc, 0xff, 0xff, 0x10, 0xf, 0xfd,
    0xa6, 0xff, 0xa0, 0x7, 0xff, 0xef, 0xf9, 0x0,
    0x51, 0x0, 0xe, 0xfa, 0x2, 0xff, 0xf2, 0xef,
    0xf1, 0x0, 0x0, 0x0, 0xef, 0xa0, 0xdf, 0xf6,
    0x6, 0xff, 0x90, 0x0, 0x0, 0xe, 0xfa, 0xaf,
    0xfb, 0x0, 0xe, 0xff, 0x20,

    /* U+653E "放" */
    0x0, 0x0, 0x8f, 0xf0, 0x0, 0x3, 0xff, 0x70,
    0x0, 0x0, 0x5, 0x55, 0xbf, 0xf5, 0x55, 0x25,
    0xff, 0x60, 0x0, 0x0, 0xe, 0xff, 0xff, 0xff,
    0xff, 0x67, 0xff, 0xff, 0xff, 0xf0, 0xe, 0xff,
    0xff, 0xff, 0xff, 0x69, 0xff, 0xff, 0xff, 0xf0,
    0x3, 0x6f, 0xf7, 0x33, 0x33, 0x1b, 0xff, 0x99,
    0xff, 0xa0, 0x0, 0x4f, 0xf5, 0x0, 0x0, 0xe,
    0xff, 0x3, 0xff, 0x20, 0x0, 0x4f, 0xf9, 0x77,
    0x77, 0x2f, 0xff, 0x45, 0xff, 0x0, 0x0, 0x4f,
    0xff, 0xff, 0xff, 0x6f, 0xff, 0x98, 0xfe, 0x0,
    0x0, 0x4f, 0xff, 0xff, 0xff, 0xaf, 0xff, 0xeb,
    0xfc, 0x0, 0x0, 0x4f, 0xf4, 0x18, 0xff, 0x0,
    0x5f, 0xff, 0xf8, 0x0, 0x0, 0x4f, 0xf2, 0x8,
    0xff, 0x0, 0xf, 0xff, 0xf4, 0x0, 0x0, 0x5f,
    0xf2, 0x8, 0xff, 0x0, 0xa, 0xff, 0xf0, 0x0,
    0x0, 0x6f, 0xf0, 0x8, 0xff, 0x0, 0x6, 0xff,
    0xf0, 0x0, 0x0, 0x8f, 0xf0, 0x8, 0xff, 0x0,
    0xd, 0xff, 0xf6, 0x0, 0x0, 0xcf, 0xc0, 0x8,
    0xff, 0x0, 0x6f, 0xff, 0xfd, 0x0, 0x1, 0xff,
    0x80, 0x7c, 0xff, 0x1, 0xef, 0xf8, 0xff, 0x30,
    0x8, 0xff, 0x40, 0xef, 0xff, 0x9, 0xff, 0x71,
    0xff, 0xa0, 0x2f, 0xfd, 0x0, 0xef, 0xff, 0x4f,
    0xfd, 0x0, 0xaf, 0xf1,

    /* U+6548 "效" */
    0x0, 0x0, 0x4, 0x41, 0x0, 0x0, 0x0, 0x0,
    0x0, 0x0, 0x0, 0x0, 0x2f, 0xf7, 0x0, 0x1,
    0xff, 0x70, 0x0, 0x0, 0xb, 0xcc, 0xcf, 0xfd,
    0xcc, 0xa3, 0xff, 0x60, 0x0, 0x0, 0xf, 0xff,
    0xff, 0xff, 0xff, 0xe6, 0xff, 0xff, 0xff, 0xf6,
    0xa, 0xbb, 0xbb, 0xbb, 0xbb, 0xa9, 0xff, 0xff,
    0xff, 0xf6, 0x0, 0x5, 0xa1, 0x29, 0x30, 0xd,
    0xfe, 0x99, 0xff, 0xc3, 0x9, 0xff, 0xf2, 0x2f,
    0xfd, 0x5f, 0xff, 0x0, 0xff, 0x60, 0xe, 0xff,
    0xd1, 0x1d, 0xff, 0xdf, 0xff, 0x42, 0xff, 0x30,
    0xc, 0x82, 0x0, 0x0, 0x39, 0xff, 0xff, 0x86,
    0xff, 0x0, 0x0, 0xce, 0x70, 0x8, 0xec, 0x56,
    0xbf, 0xda, 0xfd, 0x0, 0x0, 0xbf, 0xd0, 0xd,
    0xfb, 0x0, 0x4f, 0xff, 0xf9, 0x0, 0x0, 0x6f,
    0xf4, 0x3f, 0xf6, 0x0, 0xe, 0xff, 0xf4, 0x0,
    0x0, 0x1f, 0xfd, 0xcf, 0xf1, 0x0, 0x9, 0xff,
    0xf0, 0x0, 0x0, 0x7, 0xff, 0xff, 0x90, 0x0,
    0x7, 0xff, 0xf1, 0x0, 0x0, 0x2, 0xff, 0xff,
    0x40, 0x0, 0xd, 0xff, 0xf7, 0x0, 0x0, 0x6e,
    0xff, 0xff, 0xf7, 0x0, 0x5f, 0xff, 0xfd, 0x0,
    0x1d, 0xff, 0xf9, 0x7f, 0xff, 0xe3, 0xdf, 0xf7,
    0xff, 0x40, 0x2f, 0xfe, 0x40, 0x3, 0xdf, 0xfb,
    0xff, 0xa0, 0xef, 0xa0, 0x2e, 0x70, 0x0, 0x0,
    0x6, 0xdf, 0xff, 0x20, 0x8f, 0xf1, 0x0, 0x0,
    0x0, 0x0, 0x0, 0x0, 0x0, 0x0, 0x0, 0x0,

    /* U+6563 "散" */
    0x0, 0x8d, 0xc0, 0x3d, 0xd2, 0x0, 0xff, 0xa0,
    0x0, 0x0, 0x9, 0xef, 0xfd, 0xef, 0xfe, 0x41,
    0xff, 0x90, 0x0, 0x0, 0xa, 0xff, 0xff, 0xff,
    0xff, 0x43, 0xff, 0xff, 0xff, 0xf1, 0x4, 0xbf,
    0xf6, 0x8f, 0xf8, 0x15, 0xff, 0xff, 0xff, 0xf1,
    0x3, 0xaf, 0xe3, 0x7f, 0xf6, 0x27, 0xff, 0x99,
    0xff, 0xb0, 0x1f, 0xff, 0xff, 0xff, 0xff, 0xbb,
    0xff, 0x40, 0xff, 0x50, 0x1f, 0xff, 0xff, 0xff,
    0xff, 0xbe, 0xff, 0x82, 0xff, 0x30, 0x2, 0x44,
    0x44, 0x44, 0x44, 0x3f, 0xff, 0xd5, 0xff, 0x10,
    0x6, 0xff, 0xff, 0xff, 0xff, 0x6f, 0xff, 0xfa,
    0xfe, 0x0, 0x6, 0xff, 0xff, 0xff, 0xff, 0x0,
    0x1f, 0xff, 0xfb, 0x0, 0x6, 0xff, 0x43, 0x39,
    0xff, 0x0, 0xc, 0xff, 0xf7, 0x0, 0x6, 0xff,
    0xdd, 0xde, 0xff, 0x0, 0x6, 0xff, 0xf3, 0x0,
    0x6, 0xff, 0xff, 0xff, 0xff, 0x0, 0x3, 0xff,
    0xf2, 0x0, 0x6, 0xff, 0x21, 0x18, 0xff, 0x0,
    0xb, 0xff, 0xf9, 0x0, 0x6, 0xff, 0xee, 0xef,
    0xff, 0x0, 0x3f, 0xff, 0xfe, 0x0, 0x6, 0xff,
    0xff, 0xff, 0xff, 0x0, 0xcf, 0xf7, 0xff, 0x50,
    0x6, 0xff, 0x32, 0x28, 0xff, 0x6, 0xff, 0x90,
    0xef, 0xb0, 0x6, 0xff, 0x10, 0x7, 0xff, 0x2f,
    0xff, 0x10, 0x9f, 0xf2,

    /* U+6570 "数" */
    0x0, 0x0, 0x0, 0x0, 0x0, 0x0, 0x22, 0x10,
    0x0, 0x0, 0x6, 0xc8, 0x3f, 0xf2, 0xac, 0x50,
    0xdf, 0xa0, 0x0, 0x0, 0x3, 0xff, 0x3f, 0xf2,
    0xff, 0x20, 0xff, 0xa3, 0x33, 0x30, 0x0, 0xde,
    0x6f, 0xf6, 0xec, 0x2, 0xff, 0xff, 0xff, 0xf3,
    0xa, 0xaa, 0xbf, 0xfa, 0xaa, 0xa4, 0xff, 0xff,
    0xff, 0xf3, 0x1f, 0xff, 0xff, 0xff, 0xff, 0xf7,
    0xff, 0x66, 0xef, 0xa1, 0xa, 0xff, 0xcf, 0xfc,
    0xfe, 0xab, 0xfe, 0x0, 0xff, 0x50, 0x1, 0xff,
    0x4f, 0xf3, 0xff, 0x1f, 0xff, 0x1, 0xff, 0x30,
    0x6, 0xfb, 0x3f, 0xf2, 0xcf, 0xaf, 0xff, 0x54,
    0xff, 0x10, 0xb, 0xd5, 0x4d, 0xc1, 0x5d, 0xc7,
    0xcf, 0xa7, 0xfe, 0x0, 0x0, 0x4, 0xff, 0x30,
    0x0, 0x0, 0x6f, 0xeb, 0xfb, 0x0, 0x1f, 0xff,
    0xff, 0xff, 0xff, 0xf3, 0xf, 0xff, 0xf7, 0x0,
    0x1f, 0xff, 0xff, 0xff, 0xff, 0xf3, 0xa, 0xff,
    0xf2, 0x0, 0x3, 0xbf, 0xe3, 0x3d, 0xfb, 0x30,
    0x5, 0xff, 0xf1, 0x0, 0x0, 0xef, 0xfd, 0x9f,
    0xf3, 0x0, 0xa, 0xff, 0xf7, 0x0, 0x0, 0x2a,
    0xff, 0xff, 0xa0, 0x0, 0x2f, 0xff, 0xfe, 0x0,
    0x1, 0x37, 0xef, 0xff, 0xf9, 0x10, 0xbf, 0xf8,
    0xff, 0x40, 0x1f, 0xff, 0xff, 0xac, 0xff, 0xd5,
    0xff, 0xb0, 0xdf, 0xb0, 0x1f, 0xfe, 0xa3, 0x0,
    0x4c, 0xee, 0xff, 0x20, 0x7f, 0xf1, 0x2, 0x10,
    0x0, 0x0, 0x0, 0x30, 0x0, 0x0, 0x0, 0x0,

    /* U+6574 "整" */
    0x0, 0x0, 0x0, 0x0, 0x0, 0x0, 0x22, 0x22,
    0x22, 0x10, 0xff, 0xff, 0xff, 0xff, 0xf6, 0x4f,
    0xff, 0xff, 0xfa, 0xf, 0xff, 0xff, 0xff, 0xff,
    0x9e, 0xff, 0xff, 0xff, 0xa0, 0x58, 0x8b, 0xff,
    0x88, 0x88, 0xff, 0xc3, 0x7f, 0xe2, 0x9, 0xff,
    0xff, 0xff, 0xff, 0x8f, 0xff, 0x1a, 0xfb, 0x0,
    0x9f, 0xa7, 0xfe, 0x3f, 0xf2, 0x1e, 0xf9, 0xff,
    0x50, 0x9, 0xff, 0xff, 0xff, 0xff, 0x0, 0x8f,
    0xff, 0xe0, 0x0, 0x3b, 0xb8, 0xff, 0x7b, 0x90,
    0x3, 0xff, 0xf9, 0x0, 0x5, 0xfe, 0x5f, 0xf3,
    0xfe, 0x5c, 0xff, 0xff, 0xfe, 0x90, 0xbf, 0xa5,
    0xff, 0xf, 0xfb, 0xff, 0xb3, 0x7f, 0xff, 0x19,
    0xb4, 0x5b, 0xb2, 0x89, 0xba, 0x52, 0x22, 0x38,
    0xc0, 0x5f, 0xff, 0xff, 0xff, 0xff, 0xff, 0xff,
    0xff, 0xf5, 0x4, 0xff, 0xff, 0xff, 0xff, 0xff,
    0xff, 0xff, 0xff, 0x40, 0x0, 0x23, 0x10, 0xa,
    0xff, 0x0, 0x0, 0x0, 0x0, 0x0, 0xf, 0xfa,
    0x0, 0xaf, 0xff, 0xff, 0xff, 0xf1, 0x0, 0x0,
    0xff, 0xa0, 0xa, 0xff, 0xdd, 0xdd, 0xdd, 0x10,
    0x3, 0x3f, 0xfb, 0x33, 0xbf, 0xf3, 0x33, 0x33,
    0x33, 0x30, 0xff, 0xff, 0xff, 0xff, 0xff, 0xff,
    0xff, 0xff, 0xff, 0xf, 0xff, 0xff, 0xff, 0xff,
    0xff, 0xff, 0xff, 0xff, 0xf0,

    /* U+6587 "文" */
    0x0, 0x0, 0x0, 0x4, 0xff, 0x40, 0x0, 0x0,
    0x0, 0x88, 0x88, 0x88, 0x8a, 0xff, 0xa8, 0x88,
    0x88, 0x88, 0xff, 0xff, 0xff, 0xff, 0xff, 0xff,
    0xff, 0xff, 0xff, 0xff, 0xff, 0xff, 0xff, 0xff,
    0xff, 0xff, 0xff, 0xff, 0x0, 0xbf, 0xf1, 0x0,
    0x0, 0x0, 0x1f, 0xfb, 0x0, 0x0, 0x7f, 0xf5,
    0x0, 0x0, 0x0, 0x5f, 0xf7, 0x0, 0x0, 0x3f,
    0xfa, 0x0, 0x0, 0x0, 0xaf, 0xf3, 0x0, 0x0,
    0xd, 0xff, 0x20, 0x0, 0x2, 0xff, 0xd0, 0x0,
    0x0, 0x6, 0xff, 0xb0, 0x0, 0xb, 0xff, 0x60,
    0x0, 0x0, 0x0, 0xdf, 0xf6, 0x0, 0x6f, 0xfd,
    0x0, 0x0, 0x0, 0x0, 0x3f, 0xff, 0x55, 0xff,
    0xf3, 0x0, 0x0, 0x0, 0x0, 0x6, 0xff, 0xff,
    0xff, 0x60, 0x0, 0x0, 0x0, 0x0, 0x0, 0xaf,
    0xff, 0xfa, 0x0, 0x0, 0x0, 0x0, 0x0, 0x4b,
    0xff, 0xff, 0xff, 0xb4, 0x0, 0x0, 0x3, 0x8e,
    0xff, 0xff, 0xcc, 0xff, 0xff, 0xe8, 0x30, 0xef,
    0xff, 0xff, 0xd5, 0x0, 0x5d, 0xff, 0xff, 0xfe,
    0xff, 0xff, 0xb4, 0x0, 0x0, 0x0, 0x4a, 0xff,
    0xff, 0xd9, 0x50, 0x0, 0x0, 0x0, 0x0, 0x0,
    0x5, 0x9d,

    /* U+6599 "料" */
    0xb, 0xf3, 0xff, 0x89, 0xf3, 0x54, 0x0, 0x6f,
    0xf5, 0x0, 0x9, 0xf4, 0xff, 0x8b, 0xf1, 0xaf,
    0xd7, 0x6f, 0xf5, 0x0, 0x8, 0xf6, 0xff, 0x8c,
    0xf0, 0xaf, 0xff, 0x6f, 0xf5, 0x0, 0x6, 0xf7,
    0xff, 0x8e, 0xe0, 0x5, 0xcf, 0x6f, 0xf5, 0x0,
    0x3, 0xa5, 0xff, 0x89, 0x80, 0x0, 0x2, 0x6f,
    0xf5, 0x0, 0xb, 0xbb, 0xff, 0xdb, 0xb3, 0xe7,
    0x10, 0x6f, 0xf5, 0x0, 0xf, 0xff, 0xff, 0xff,
    0xf5, 0xff, 0xf7, 0x6f, 0xf5, 0x0, 0xf, 0xff,
    0xff, 0xff, 0xf5, 0xff, 0xfa, 0x6f, 0xf5, 0x0,
    0x2, 0x42, 0xef, 0xb1, 0x10, 0x6, 0xda, 0x6f,
    0xf5, 0x0, 0x6, 0xf7, 0xef, 0xd3, 0x0, 0x0,
    0x1, 0x6f, 0xf5, 0x21, 0x7, 0xf7, 0xef, 0xff,
    0xb0, 0x0, 0x3, 0x9f, 0xff, 0xf5, 0x8, 0xf6,
    0xef, 0xff, 0xf4, 0xad, 0xff, 0xff, 0xff, 0xf5,
    0x8, 0xf5, 0xef, 0xcb, 0xf7, 0xff, 0xff, 0xff,
    0xfc, 0x82, 0xa, 0xf4, 0xef, 0xb0, 0x36, 0xfd,
    0xa7, 0x9f, 0xf5, 0x0, 0xd, 0xf2, 0xef, 0xb0,
    0x0, 0x0, 0x0, 0x6f, 0xf5, 0x0, 0xf, 0xf0,
    0xef, 0xb0, 0x0, 0x0, 0x0, 0x6f, 0xf5, 0x0,
    0x2f, 0xd0, 0xef, 0xb0, 0x0, 0x0, 0x0, 0x6f,
    0xf5, 0x0, 0x3, 0x20, 0xef, 0xb0, 0x0, 0x0,
    0x0, 0x6f, 0xf5, 0x0,

    /* U+659C "斜" */
    0x0, 0xb, 0xff, 0xe0, 0x0, 0x0, 0x0, 0x6f,
    0xf1, 0x0, 0x4, 0xff, 0xff, 0x70, 0x3, 0xd6,
    0x6, 0xff, 0x10, 0x1, 0xdf, 0xec, 0xff, 0x30,
    0x3f, 0xfe, 0x7f, 0xf1, 0x1, 0xcf, 0xf5, 0x2f,
    0xfe, 0x31, 0xdf, 0xf7, 0xff, 0x10, 0xef, 0xfd,
    0x55, 0xaf, 0xff, 0x10, 0x5d, 0x7f, 0xf1, 0xf,
    0xfd, 0xff, 0xff, 0xcf, 0xf7, 0x10, 0x6, 0xff,
    0x10, 0xe7, 0x5f, 0xff, 0xf6, 0x4e, 0xef, 0x81,
    0x6f, 0xf1, 0x1, 0x0, 0xf, 0xf7, 0x0, 0x1d,
    0xff, 0x56, 0xff, 0x10, 0x46, 0x66, 0xff, 0xa6,
    0x50, 0x5e, 0xf5, 0x6f, 0xf1, 0xa, 0xff, 0xff,
    0xff, 0xfe, 0x0, 0x6, 0x36, 0xff, 0x10, 0x9e,
    0xee, 0xff, 0xfe, 0xd0, 0x0, 0x0, 0x6f, 0xf8,
    0x40, 0x12, 0x1f, 0xf7, 0x21, 0x0, 0x36, 0xae,
    0xff, 0xf6, 0xe, 0xf7, 0xff, 0xbf, 0xf0, 0xef,
    0xff, 0xff, 0xff, 0x60, 0xff, 0x6f, 0xfa, 0xff,
    0xf, 0xff, 0xee, 0xff, 0x51, 0x1f, 0xf5, 0xff,
    0x9f, 0xf2, 0x64, 0x10, 0x6f, 0xf1, 0x4, 0xff,
    0x9f, 0xf7, 0xff, 0x50, 0x0, 0x6, 0xff, 0x10,
    0x8f, 0xfd, 0xff, 0x7c, 0xf8, 0x0, 0x0, 0x6f,
    0xf1, 0xd, 0xfc, 0xcf, 0xf7, 0x9f, 0xd0, 0x0,
    0x6, 0xff, 0x10,

    /* U+65B0 "新" */
    0x0, 0x0, 0x0, 0x0, 0x0, 0x0, 0x0, 0x0,
    0x11, 0x10, 0x3, 0x55, 0xcf, 0xe5, 0x55, 0xd,
    0xff, 0xff, 0xff, 0xd0, 0xb, 0xff, 0xff, 0xff,
    0xff, 0x2d, 0xff, 0xff, 0xff, 0xd0, 0xb, 0xff,
    0xff, 0xff, 0xff, 0x2d, 0xff, 0xcb, 0xa8, 0x50,
    0x2, 0xcf, 0xb3, 0x5f, 0xf5, 0xd, 0xfb, 0x0,
    0x0, 0x0, 0x0, 0x8f, 0xc0, 0x5f, 0xf0, 0xd,
    0xfb, 0x0, 0x0, 0x0, 0x4, 0x8f, 0xe5, 0xaf,
    0xe4, 0x2d, 0xfe, 0xaa, 0xaa, 0xa2, 0x1f, 0xff,
    0xff, 0xff, 0xff, 0x7d, 0xff, 0xff, 0xff, 0xf3,
    0x1f, 0xff, 0xff, 0xff, 0xff, 0x7d, 0xff, 0xff,
    0xff, 0xf3, 0x0, 0x0, 0x9f, 0xf0, 0x0, 0xd,
    0xfb, 0x9, 0xfe, 0x0, 0x9, 0xbb, 0xef, 0xfb,
    0xbb, 0x2d, 0xfb, 0x9, 0xfe, 0x0, 0xd, 0xff,
    0xff, 0xff, 0xff, 0x4d, 0xfb, 0x9, 0xfe, 0x0,
    0x5, 0x66, 0xbf, 0xf6, 0x66, 0x1e, 0xfa, 0x9,
    0xfe, 0x0, 0x4, 0xda, 0x8f, 0xe8, 0xf8, 0xf,
    0xfa, 0x9, 0xfe, 0x0, 0x6, 0xfb, 0x8f, 0xe4,
    0xfd, 0xf, 0xf8, 0x9, 0xfe, 0x0, 0x8, 0xf9,
    0x8f, 0xe0, 0xff, 0x3f, 0xf6, 0x9, 0xfe, 0x0,
    0xb, 0xf7, 0x8f, 0xe0, 0xef, 0x8f, 0xf3, 0x9,
    0xfe, 0x0, 0xf, 0xf3, 0x8f, 0xe0, 0xcf, 0xef,
    0xf0, 0x9, 0xfe, 0x0, 0x2c, 0xb0, 0x8f, 0xe0,
    0x0, 0xff, 0xc0, 0x9, 0xfe, 0x0,

    /* U+65B9 "方" */
    0x0, 0x0, 0x0, 0x0, 0x5f, 0xf5, 0x0, 0x0,
    0x0, 0x0, 0x88, 0x88, 0x88, 0x8a, 0xff, 0xa8,
    0x88, 0x88, 0x88, 0xf, 0xff, 0xff, 0xff, 0xff,
    0xff, 0xff, 0xff, 0xff, 0xf0, 0xff, 0xff, 0xff,
    0xff, 0xff, 0xff, 0xff, 0xff, 0xff, 0x0, 0x0,
    0x4f, 0xf6, 0x0, 0x0, 0x0, 0x0, 0x0, 0x0,
    0x0, 0x3, 0xff, 0x60, 0x0, 0x0, 0x0, 0x0,
    0x0, 0x0, 0x0, 0x3f, 0xf6, 0x0, 0x0, 0x0,
    0x0, 0x0, 0x0, 0x0, 0x3, 0xff, 0xff, 0xff,
    0xff, 0xff, 0xff, 0xa0, 0x0, 0x0, 0x4f, 0xff,
    0xff, 0xff, 0xff, 0xff, 0xfa, 0x0, 0x0, 0x5,
    0xff, 0xa8, 0x88, 0x88, 0x88, 0xff, 0xa0, 0x0,
    0x0, 0x8f, 0xf3, 0x0, 0x0, 0x0, 0xf, 0xfa,
    0x0, 0x0, 0xd, 0xff, 0x0, 0x0, 0x0, 0x0,
    0xff, 0xa0, 0x0, 0x4, 0xff, 0xb0, 0x0, 0x0,
    0x0, 0xf, 0xfa, 0x0, 0x1, 0xdf, 0xf5, 0x0,
    0x0, 0x0, 0x0, 0xff, 0xa0, 0x3, 0xdf, 0xfc,
    0x0, 0x0, 0x0, 0x0, 0xf, 0xfa, 0x3, 0xff,
    0xfe, 0x10, 0x0, 0x0, 0x7, 0x99, 0xff, 0xa0,
    0x3f, 0xfc, 0x10, 0x0, 0x0, 0x0, 0xdf, 0xff,
    0xfa, 0x3, 0xc6, 0x0, 0x0, 0x0, 0x0, 0xd,
    0xff, 0xff, 0xa0, 0x0, 0x0, 0x0, 0x0, 0x0,
    0x0, 0x0, 0x0, 0x0, 0x0,

    /* U+65CB "旋" */
    0x0, 0x9, 0xff, 0x0, 0x9, 0xff, 0x10, 0x0,
    0x0, 0x0, 0x0, 0x9, 0xff, 0x0, 0xd, 0xff,
    0xdd, 0xdd, 0xdd, 0xd0, 0xf, 0xff, 0xff, 0xff,
    0x7f, 0xff, 0xff, 0xff, 0xff, 0xf0, 0xf, 0xff,
    0xff, 0xff, 0x8a, 0xaa, 0xaa, 0xaa, 0xaa, 0xa0,
    0x8, 0xef, 0xd8, 0x88, 0x30, 0x0, 0x0, 0x0,
    0x0, 0x0, 0x0, 0xdf, 0xb0, 0x0, 0xb, 0xee,
    0xee, 0xee, 0xee, 0xc0, 0x0, 0xdf, 0xd9, 0x99,
    0x3d, 0xff, 0xff, 0xff, 0xff, 0xe0, 0x0, 0xdf,
    0xff, 0xff, 0x56, 0x88, 0x8f, 0xfc, 0x9f, 0xe0,
    0x0, 0xdf, 0xff, 0xff, 0x50, 0x0, 0xe, 0xf9,
    0x1b, 0xa0, 0x0, 0xdf, 0xb2, 0xff, 0x53, 0xee,
    0x2e, 0xf9, 0x0, 0x0, 0x0, 0xef, 0xa2, 0xff,
    0x54, 0xff, 0x2e, 0xfd, 0xaa, 0x80, 0x0, 0xef,
    0xa2, 0xff, 0x54, 0xff, 0x1e, 0xff, 0xff, 0xc0,
    0x0, 0xff, 0x82, 0xff, 0x56, 0xff, 0xe, 0xfe,
    0xdd, 0xa0, 0x2, 0xff, 0x62, 0xff, 0x58, 0xfe,
    0xe, 0xf9, 0x0, 0x0, 0x4, 0xff, 0x42, 0xff,
    0x5b, 0xff, 0x8e, 0xf9, 0x0, 0x0, 0x8, 0xff,
    0x29, 0xff, 0x5e, 0xff, 0xff, 0xfe, 0xcc, 0xc1,
    0xd, 0xfd, 0x1f, 0xff, 0x8f, 0xfe, 0xff, 0xff,
    0xff, 0xf1, 0x3f, 0xf9, 0x1f, 0xff, 0xdf, 0xf3,
    0x5a, 0xcc, 0xcc, 0xc1,

    /* U+65E0 "无" */
    0x2f, 0xff, 0xff, 0xff, 0xff, 0xff, 0xff, 0xff,
    0xf2, 0x2, 0xff, 0xff, 0xff, 0xff, 0xff, 0xff,
    0xff, 0xff, 0x20, 0x19, 0x99, 0x99, 0x9b, 0xff,
    0xb9, 0x99, 0x99, 0x91, 0x0, 0x0, 0x0, 0x0,
    0x6f, 0xf3, 0x0, 0x0, 0x0, 0x0, 0x0, 0x0,
    0x0, 0x7, 0xff, 0x20, 0x0, 0x0, 0x0, 0x0,
    0x0, 0x0, 0x0, 0x9f, 0xf0, 0x0, 0x0, 0x0,
    0x0, 0x0, 0x0, 0x0, 0xc, 0xfe, 0x0, 0x0,
    0x0, 0x0, 0xf, 0xff, 0xff, 0xff, 0xff, 0xff,
    0xff, 0xff, 0xff, 0xf0, 0xff, 0xff, 0xff, 0xff,
    0xff, 0xff, 0xff, 0xff, 0xff, 0x8, 0x88, 0x88,
    0x8e, 0xff, 0xaf, 0xfb, 0x88, 0x88, 0x80, 0x0,
    0x0, 0x4, 0xff, 0xb3, 0xff, 0x60, 0x0, 0x0,
    0x0, 0x0, 0x0, 0xdf, 0xf3, 0x3f, 0xf6, 0x0,
    0x0, 0x0, 0x0, 0x0, 0xbf, 0xf9, 0x3, 0xff,
    0x60, 0x0, 0x0, 0x0, 0x1, 0xbf, 0xfd, 0x0,
    0x3f, 0xf6, 0x0, 0x0, 0x0, 0x5, 0xef, 0xfe,
    0x10, 0x3, 0xff, 0x60, 0x0, 0x0, 0xd, 0xff,
    0xfd, 0x10, 0x0, 0x3f, 0xfb, 0x99, 0x99, 0x91,
    0xff, 0xf9, 0x0, 0x0, 0x3, 0xff, 0xff, 0xff,
    0xff, 0x3f, 0xc3, 0x0, 0x0, 0x0, 0x3f, 0xff,
    0xff, 0xff, 0xf3, 0x40, 0x0, 0x0, 0x0, 0x0,
    0x0, 0x0, 0x0, 0x0, 0x0,

    /* U+65E5 "日" */
    0x9f, 0xff, 0xff, 0xff, 0xff, 0xff, 0xff, 0xf1,
    0x9f, 0xff, 0xff, 0xff, 0xff, 0xff, 0xff, 0xf1,
    0x9f, 0xfa, 0x99, 0x99, 0x99, 0x99, 0xdf, 0xf1,
    0x9f, 0xf1, 0x0, 0x0, 0x0, 0x0, 0x9f, 0xf1,
    0x9f, 0xf1, 0x0, 0x0, 0x0, 0x0, 0x9f, 0xf1,
    0x9f, 0xf1, 0x0, 0x0, 0x0, 0x0, 0x9f, 0xf1,
    0x9f, 0xf1, 0x0, 0x0, 0x0, 0x0, 0x9f, 0xf1,
    0x9f, 0xf9, 0x99, 0x99, 0x99, 0x99, 0xdf, 0xf1,
    0x9f, 0xff, 0xff, 0xff, 0xff, 0xff, 0xff, 0xf1,
    0x9f, 0xff, 0xff, 0xff, 0xff, 0xff, 0xff, 0xf1,
    0x9f, 0xf1, 0x0, 0x0, 0x0, 0x0, 0x9f, 0xf1,
    0x9f, 0xf1, 0x0, 0x0, 0x0, 0x0, 0x9f, 0xf1,
    0x9f, 0xf1, 0x0, 0x0, 0x0, 0x0, 0x9f, 0xf1,
    0x9f, 0xf1, 0x0, 0x0, 0x0, 0x0, 0x9f, 0xf1,
    0x9f, 0xf1, 0x0, 0x0, 0x0, 0x0, 0x9f, 0xf1,
    0x9f, 0xfa, 0x99, 0x99, 0x99, 0x99, 0xdf, 0xf1,
    0x9f, 0xff, 0xff, 0xff, 0xff, 0xff, 0xff, 0xf1,
    0x9f, 0xff, 0xff, 0xff, 0xff, 0xff, 0xff, 0xf1,

    /* U+65E9 "早" */
    0x4, 0xff, 0xff, 0xff, 0xff, 0xff, 0xff, 0xff,
    0x40, 0x4, 0xff, 0xff, 0xff, 0xff, 0xff, 0xff,
    0xff, 0x40, 0x4, 0xff, 0xa7, 0x77, 0x77, 0x77,
    0x7a, 0xff, 0x40, 0x4, 0xff, 0x40, 0x0, 0x0,
    0x0, 0x4, 0xff, 0x40, 0x4, 0xff, 0xff, 0xff,
    0xff, 0xff, 0xff, 0xff, 0x40, 0x4, 0xff, 0xff,
    0xff, 0xff, 0xff, 0xff, 0xff, 0x40, 0x4, 0xff,
    0x96, 0x66, 0x66, 0x66, 0x69, 0xff, 0x40, 0x4,
    0xff, 0x51, 0x11, 0x11, 0x11, 0x15, 0xff, 0x40,
    0x4, 0xff, 0xff, 0xff, 0xff, 0xff, 0xff, 0xff,
    0x40, 0x4, 0xff, 0xff, 0xff, 0xff, 0xff, 0xff,
    0xff, 0x40, 0x1, 0x66, 0x66, 0x69, 0xff, 0x96,
    0x66, 0x66, 0x10, 0x0, 0x0, 0x0, 0x5, 0xff,
    0x50, 0x0, 0x0, 0x0, 0x88, 0x88, 0x88, 0x8a,
    0xff, 0xa8, 0x88, 0x88, 0x88, 0xff, 0xff, 0xff,
    0xff, 0xff, 0xff, 0xff, 0xff, 0xff, 0xff, 0xff,
    0xff, 0xff, 0xff, 0xff, 0xff, 0xff, 0xff, 0x0,
    0x0, 0x0, 0x5, 0xff, 0x50, 0x0, 0x0, 0x0,
    0x0, 0x0, 0x0, 0x5, 0xff, 0x50, 0x0, 0x0,
    0x0, 0x0, 0x0, 0x0, 0x5, 0xff, 0x50, 0x0,
    0x0, 0x0,

    /* U+65F6 "时" */
    0x8f, 0xff, 0xff, 0xf6, 0x0, 0x0, 0x0, 0xef,
    0xa0, 0x8, 0xff, 0xff, 0xff, 0x60, 0x0, 0x0,
    0xe, 0xfa, 0x0, 0x8f, 0xf7, 0x7f, 0xf6, 0xaa,
    0xaa, 0xaa, 0xff, 0xea, 0x18, 0xfe, 0x0, 0xff,
    0x6f, 0xff, 0xff, 0xff, 0xff, 0xf2, 0x8f, 0xe0,
    0xf, 0xf6, 0xff, 0xff, 0xff, 0xff, 0xff, 0x28,
    0xfe, 0x0, 0xff, 0x60, 0x0, 0x0, 0xe, 0xfa,
    0x0, 0x8f, 0xe0, 0xf, 0xf6, 0x23, 0x20, 0x0,
    0xef, 0xa0, 0x8, 0xff, 0x77, 0xff, 0x6a, 0xff,
    0x0, 0xe, 0xfa, 0x0, 0x8f, 0xff, 0xff, 0xf6,
    0x5f, 0xf5, 0x0, 0xef, 0xa0, 0x8, 0xff, 0xee,
    0xff, 0x60, 0xff, 0x90, 0xe, 0xfa, 0x0, 0x8f,
    0xe0, 0xf, 0xf6, 0xb, 0xfe, 0x0, 0xef, 0xa0,
    0x8, 0xfe, 0x0, 0xff, 0x60, 0x6f, 0xf3, 0xe,
    0xfa, 0x0, 0x8f, 0xe0, 0xf, 0xf6, 0x1, 0xcc,
    0x60, 0xef, 0xa0, 0x8, 0xfe, 0x0, 0xff, 0x60,
    0x0, 0x0, 0xe, 0xfa, 0x0, 0x8f, 0xf8, 0x8f,
    0xf6, 0x0, 0x0, 0x0, 0xef, 0xa0, 0x8, 0xff,
    0xff, 0xff, 0x60, 0x0, 0x7, 0x9f, 0xfa, 0x0,
    0x7f, 0xff, 0xff, 0xf6, 0x0, 0x0, 0xdf, 0xff,
    0xa0, 0x0, 0x0, 0x0, 0x0, 0x0, 0x0, 0xd,
    0xff, 0xfa, 0x0,

    /* U+660E "明" */
    0x0, 0x0, 0x0, 0x0, 0x2, 0x33, 0x33, 0x33,
    0x31, 0x9f, 0xff, 0xff, 0xf8, 0xe, 0xff, 0xff,
    0xff, 0xf9, 0x9f, 0xff, 0xff, 0xf8, 0xe, 0xff,
    0xff, 0xff, 0xf9, 0x9f, 0xf7, 0x7f, 0xf8, 0xe,
    0xfc, 0x66, 0x6f, 0xf9, 0x9f, 0xe0, 0xf, 0xf8,
    0xe, 0xfa, 0x0, 0xf, 0xf9, 0x9f, 0xe0, 0xf,
    0xf8, 0xe, 0xfa, 0x0, 0xf, 0xf9, 0x9f, 0xe0,
    0xf, 0xf8, 0xe, 0xfe, 0xcc, 0xcf, 0xf9, 0x9f,
    0xe0, 0xf, 0xf8, 0xe, 0xff, 0xff, 0xff, 0xf9,
    0x9f, 0xff, 0xff, 0xf8, 0xe, 0xff, 0xee, 0xef,
    0xf9, 0x9f, 0xff, 0xff, 0xf8, 0xe, 0xfa, 0x0,
    0xf, 0xf9, 0x9f, 0xf6, 0x6f, 0xf8, 0xe, 0xfa,
    0x0, 0xf, 0xf9, 0x9f, 0xe0, 0xf, 0xf8, 0xf,
    0xfd, 0x88, 0x8f, 0xf9, 0x9f, 0xe0, 0xf, 0xf8,
    0xf, 0xff, 0xff, 0xff, 0xf9, 0x9f, 0xe0, 0xf,
    0xf8, 0x1f, 0xff, 0xff, 0xff, 0xf9, 0x9f, 0xf3,
    0x3f, 0xf8, 0x2f, 0xf6, 0x0, 0xf, 0xf9, 0x9f,
    0xff, 0xff, 0xf8, 0x5f, 0xf4, 0x0, 0xf, 0xf9,
    0x9f, 0xff, 0xff, 0xf8, 0x8f, 0xf2, 0x0, 0xf,
    0xf9, 0x24, 0x44, 0x44, 0x42, 0xcf, 0xe0, 0x0,
    0xf, 0xf9, 0x0, 0x0, 0x0, 0x1, 0xff, 0xa0,
    0x0, 0xf, 0xf9,

    /* U+661F "星" */
    0x0, 0x3f, 0xff, 0xff, 0xff, 0xff, 0xff, 0xff,
    0xf3, 0x0, 0x3, 0xff, 0xff, 0xff, 0xff, 0xff,
    0xff, 0xff, 0x30, 0x0, 0x3f, 0xf6, 0x11, 0x11,
    0x11, 0x11, 0x6f, 0xf3, 0x0, 0x3, 0xff, 0xfe,
    0xee, 0xee, 0xee, 0xef, 0xff, 0x30, 0x0, 0x3f,
    0xff, 0xee, 0xee, 0xee, 0xee, 0xff, 0xf3, 0x0,
    0x3, 0xff, 0x72, 0x22, 0x22, 0x22, 0x27, 0xff,
    0x30, 0x0, 0x3f, 0xff, 0xff, 0xff, 0xff, 0xff,
    0xff, 0xf3, 0x0, 0x3, 0xff, 0xff, 0xff, 0xff,
    0xff, 0xff, 0xff, 0x30, 0x0, 0x3a, 0xa3, 0x0,
    0x9, 0xa7, 0x0, 0x0, 0x0, 0x0, 0xb, 0xff,
    0xfe, 0xee, 0xff, 0xfe, 0xee, 0xee, 0xe8, 0x3,
    0xff, 0xff, 0xff, 0xff, 0xff, 0xff, 0xff, 0xff,
    0x80, 0xdf, 0xe4, 0x33, 0x33, 0xff, 0xc3, 0x33,
    0x33, 0x31, 0x0, 0x8d, 0xdd, 0xdd, 0xdf, 0xff,
    0xdd, 0xdd, 0xd8, 0x0, 0xa, 0xff, 0xff, 0xff,
    0xff, 0xff, 0xff, 0xff, 0xa0, 0x0, 0x23, 0x33,
    0x33, 0x3f, 0xfc, 0x33, 0x33, 0x32, 0x0, 0x33,
    0x33, 0x33, 0x33, 0xff, 0xc3, 0x33, 0x33, 0x33,
    0xf, 0xff, 0xff, 0xff, 0xff, 0xff, 0xff, 0xff,
    0xff, 0xf0, 0xff, 0xff, 0xff, 0xff, 0xff, 0xff,
    0xff, 0xff, 0xff,

    /* U+662F "是" */
    0x1, 0xff, 0xff, 0xff, 0xff, 0xff, 0xff, 0xff,
    0x60, 0x0, 0x1f, 0xff, 0xff, 0xff, 0xff, 0xff,
    0xff, 0xf6, 0x0, 0x1, 0xff, 0x81, 0x11, 0x11,
    0x11, 0x14, 0xff, 0x60, 0x0, 0x1f, 0xfe, 0xcc,
    0xcc, 0xcc, 0xcc, 0xdf, 0xf6, 0x0, 0x1, 0xff,
    0xff, 0xff, 0xff, 0xff, 0xff, 0xff, 0x60, 0x0,
    0x1f, 0xf9, 0x22, 0x22, 0x22, 0x22, 0x5f, 0xf6,
    0x0, 0x1, 0xff, 0xff, 0xff, 0xff, 0xff, 0xff,
    0xff, 0x60, 0x0, 0xf, 0xff, 0xff, 0xff, 0xff,
    0xff, 0xff, 0xf5, 0x0, 0x14, 0x44, 0x44, 0x44,
    0x44, 0x44, 0x44, 0x44, 0x43, 0x6, 0xff, 0xff,
    0xff, 0xff, 0xff, 0xff, 0xff, 0xff, 0xe0, 0x6f,
    0xff, 0xff, 0xff, 0xff, 0xff, 0xff, 0xff, 0xfe,
    0x0, 0x7, 0xba, 0x0, 0x1f, 0xf9, 0x22, 0x22,
    0x21, 0x0, 0x0, 0xcf, 0xd0, 0x1, 0xff, 0xff,
    0xff, 0xff, 0x80, 0x0, 0xe, 0xfb, 0x0, 0x1f,
    0xff, 0xff, 0xff, 0xf8, 0x0, 0x2, 0xff, 0xe3,
    0x1, 0xff, 0x92, 0x22, 0x22, 0x10, 0x0, 0x7f,
    0xff, 0xfc, 0x8f, 0xfb, 0x55, 0x55, 0x55, 0x50,
    0xe, 0xfe, 0xef, 0xff, 0xff, 0xff, 0xff, 0xff,
    0xff, 0x29, 0xff, 0x71, 0x7c, 0xef, 0xff, 0xff,
    0xff, 0xff, 0xf2, 0x22, 0x20, 0x0, 0x0, 0x0,
    0x0, 0x0, 0x0, 0x0, 0x0,

    /* U+663E "显" */
    0x0, 0x6f, 0xff, 0xff, 0xff, 0xff, 0xff, 0xff,
    0xf6, 0x0, 0x0, 0x6f, 0xff, 0xff, 0xff, 0xff,
    0xff, 0xff, 0xf6, 0x0, 0x0, 0x6f, 0xf5, 0x33,
    0x33, 0x33, 0x33, 0x5f, 0xf6, 0x0, 0x0, 0x6f,
    0xfc, 0xbb, 0xbb, 0xbb, 0xbb, 0xcf, 0xf6, 0x0,
    0x0, 0x6f, 0xff, 0xff, 0xff, 0xff, 0xff, 0xff,
    0xf6, 0x0, 0x0, 0x6f, 0xf4, 0x11, 0x11, 0x11,
    0x11, 0x4f, 0xf6, 0x0, 0x0, 0x6f, 0xfe, 0xdd,
    0xdd, 0xdd, 0xdd, 0xef, 0xf6, 0x0, 0x0, 0x6f,
    0xff, 0xff, 0xff, 0xff, 0xff, 0xff, 0xf6, 0x0,
    0x0, 0x3a, 0xaa, 0xaa, 0xaa, 0xaa, 0xaa, 0xaa,
    0xa3, 0x0, 0x8, 0xdc, 0x0, 0x8e, 0xd0, 0xd,
    0xe8, 0x0, 0xcd, 0x80, 0x4, 0xff, 0x30, 0x9f,
    0xf0, 0xf, 0xf9, 0x3, 0xff, 0x40, 0x0, 0xef,
    0x80, 0x9f, 0xf0, 0xf, 0xf9, 0x8, 0xfe, 0x0,
    0x0, 0x9f, 0xe0, 0x9f, 0xf0, 0xf, 0xf9, 0xe,
    0xf9, 0x0, 0x0, 0x4f, 0xf3, 0x9f, 0xf0, 0xf,
    0xf9, 0x3f, 0xf4, 0x0, 0x0, 0x5, 0x52, 0x9f,
    0xf0, 0xf, 0xf9, 0x25, 0x50, 0x0, 0x5, 0x55,
    0x55, 0xbf, 0xf5, 0x5f, 0xfb, 0x55, 0x55, 0x50,
    0x1f, 0xff, 0xff, 0xff, 0xff, 0xff, 0xff, 0xff,
    0xff, 0xf1, 0x1f, 0xff, 0xff, 0xff, 0xff, 0xff,
    0xff, 0xff, 0xff, 0xf1,

    /* U+6643 "晃" */
    0x3, 0xff, 0xff, 0xff, 0xff, 0xff, 0xff, 0xff,
    0x30, 0x0, 0x3f, 0xff, 0xff, 0xff, 0xff, 0xff,
    0xff, 0xf3, 0x0, 0x3, 0xff, 0x60, 0x0, 0x0,
    0x0, 0x6, 0xff, 0x30, 0x0, 0x3f, 0xff, 0xff,
    0xff, 0xff, 0xff, 0xff, 0xf3, 0x0, 0x3, 0xff,
    0xdb, 0xbb, 0xbb, 0xbb, 0xbd, 0xff, 0x30, 0x0,
    0x3f, 0xf7, 0x33, 0x33, 0x33, 0x33, 0x7f, 0xf3,
    0x0, 0x3, 0xff, 0xff, 0xff, 0xff, 0xff, 0xff,
    0xff, 0x30, 0x0, 0x2d, 0xdd, 0xdd, 0xdd, 0xdd,
    0xdd, 0xdd, 0xd2, 0x0, 0x8, 0xee, 0x20, 0x4,
    0xff, 0x40, 0x2, 0xee, 0x80, 0x0, 0x2f, 0xf9,
    0x0, 0x4f, 0xf4, 0x0, 0x9f, 0xf2, 0x0, 0x55,
    0xdf, 0xf5, 0x58, 0xff, 0x85, 0x5f, 0xfd, 0x55,
    0xf, 0xff, 0xff, 0xff, 0xff, 0xff, 0xff, 0xff,
    0xff, 0xf0, 0xff, 0xff, 0xff, 0xff, 0xff, 0xff,
    0xff, 0xff, 0xff, 0x1, 0x11, 0x19, 0xff, 0x81,
    0x15, 0xff, 0x51, 0x11, 0x10, 0x0, 0x8, 0xff,
    0xf1, 0x0, 0x4f, 0xf4, 0x0, 0x0, 0x6, 0x9e,
    0xff, 0xf5, 0x0, 0x4, 0xff, 0x97, 0x77, 0x71,
    0xff, 0xff, 0xd4, 0x0, 0x0, 0x4f, 0xff, 0xff,
    0xff, 0x3f, 0xfb, 0x50, 0x0, 0x0, 0x4, 0xff,
    0xff, 0xff, 0xf3, 0x20, 0x0, 0x0, 0x0, 0x0,
    0x0, 0x0, 0x0, 0x0, 0x0,

    /* U+6655 "晕" */
    0x0, 0x8f, 0xff, 0xff, 0xff, 0xff, 0xff, 0xff,
    0xf8, 0x0, 0x0, 0x8f, 0xf9, 0x99, 0x99, 0x99,
    0x99, 0x9f, 0xf8, 0x0, 0x0, 0x8f, 0xfd, 0xdd,
    0xdd, 0xdd, 0xdd, 0xdf, 0xf8, 0x0, 0x0, 0x8f,
    0xf8, 0x77, 0x77, 0x77, 0x77, 0x7f, 0xf8, 0x0,
    0x0, 0x8f, 0xff, 0xff, 0xff, 0xff, 0xff, 0xff,
    0xf8, 0x0, 0x0, 0x49, 0x99, 0x99, 0x99, 0x99,
    0x99, 0x99, 0x95, 0x0, 0x1e, 0xee, 0xee, 0xee,
    0xee, 0xee, 0xee, 0xee, 0xee, 0xe1, 0x1f, 0xff,
    0xff, 0xff, 0xff, 0xff, 0xff, 0xff, 0xff, 0xf1,
    0x1f, 0xf9, 0x23, 0xef, 0xf3, 0x22, 0x22, 0x22,
    0x9f, 0xf1, 0xc, 0xdf, 0xff, 0xff, 0xff, 0xff,
    0xff, 0xff, 0xfd, 0xc1, 0x0, 0x5f, 0xff, 0xff,
    0xff, 0xff, 0xff, 0xff, 0xf6, 0x0, 0x0, 0x2,
    0xef, 0xe1, 0x1a, 0xa6, 0x11, 0x11, 0x10, 0x0,
    0x0, 0xa, 0xff, 0xec, 0xdf, 0xfe, 0xcc, 0xcc,
    0xc1, 0x0, 0x0, 0x5f, 0xff, 0xff, 0xff, 0xff,
    0xff, 0xff, 0xf1, 0x0, 0x0, 0x34, 0x44, 0x44,
    0x5f, 0xfa, 0x44, 0x44, 0x40, 0x0, 0xe, 0xee,
    0xee, 0xee, 0xef, 0xff, 0xee, 0xee, 0xee, 0xe0,
    0xf, 0xff, 0xff, 0xff, 0xff, 0xff, 0xff, 0xff,
    0xff, 0xf0, 0x2, 0x22, 0x22, 0x22, 0x3f, 0xfa,
    0x22, 0x22, 0x22, 0x20,

    /* U+666F "景" */
    0x6, 0xff, 0xff, 0xff, 0xff, 0xff, 0xff, 0xff,
    0x60, 0x6, 0xff, 0xcb, 0xbb, 0xbb, 0xbb, 0xbc,
    0xff, 0x60, 0x6, 0xff, 0x98, 0x88, 0x88, 0x88,
    0x89, 0xff, 0x60, 0x6, 0xff, 0xff, 0xff, 0xff,
    0xff, 0xff, 0xff, 0x60, 0x6, 0xff, 0x63, 0x33,
    0x33, 0x33, 0x36, 0xff, 0x60, 0x6, 0xff, 0xff,
    0xff, 0xff, 0xff, 0xff, 0xff, 0x60, 0x4, 0xaa,
    0xaa, 0xac, 0xff, 0xca, 0xaa, 0xaa, 0x40, 0xbb,
    0xbb, 0xbb, 0xbd, 0xff, 0xdb, 0xbb, 0xbb, 0xbb,
    0xff, 0xff, 0xff, 0xff, 0xff, 0xff, 0xff, 0xff,
    0xff, 0x55, 0x66, 0x66, 0x66, 0x66, 0x66, 0x66,
    0x66, 0x55, 0x9, 0xff, 0xff, 0xff, 0xff, 0xff,
    0xff, 0xff, 0x90, 0x9, 0xff, 0xbb, 0xbb, 0xbb,
    0xbb, 0xbb, 0xff, 0x90, 0x9, 0xff, 0x11, 0x11,
    0x11, 0x11, 0x11, 0xff, 0x90, 0x9, 0xff, 0xff,
    0xff, 0xff, 0xff, 0xff, 0xff, 0x90, 0x6, 0xde,
    0xda, 0xac, 0xff, 0xca, 0xad, 0xed, 0x60, 0x0,
    0xef, 0x90, 0x4, 0xff, 0x40, 0x9, 0xfe, 0x0,
    0x8, 0xff, 0x20, 0x4, 0xff, 0x40, 0x2, 0xff,
    0x80, 0x2f, 0xf8, 0x0, 0x4, 0xff, 0x40, 0x0,
    0x8f, 0xf2,

    /* U+6674 "晴" */
    0xef, 0xff, 0xff, 0xd8, 0xff, 0xff, 0xff, 0xff,
    0xfd, 0xe, 0xff, 0xff, 0xfd, 0x7f, 0xff, 0xff,
    0xff, 0xff, 0xc0, 0xef, 0x96, 0x9f, 0xd0, 0x0,
    0xa, 0xfd, 0x0, 0x0, 0xe, 0xf5, 0x6, 0xfd,
    0x1d, 0xdd, 0xff, 0xfd, 0xdd, 0x40, 0xef, 0x50,
    0x6f, 0xd2, 0xff, 0xff, 0xff, 0xff, 0xf5, 0xe,
    0xf5, 0x6, 0xfd, 0x24, 0x44, 0xbf, 0xe4, 0x44,
    0x30, 0xef, 0x50, 0x6f, 0xdc, 0xff, 0xff, 0xff,
    0xff, 0xff, 0x2e, 0xff, 0xff, 0xfd, 0x8a, 0xaa,
    0xaa, 0xaa, 0xaa, 0xa1, 0xef, 0xff, 0xff, 0xd0,
    0xcc, 0xcc, 0xcc, 0xcc, 0xc2, 0xe, 0xf8, 0x48,
    0xfd, 0xf, 0xff, 0xff, 0xff, 0xff, 0x30, 0xef,
    0x50, 0x6f, 0xd0, 0xff, 0xa4, 0x44, 0x8f, 0xf3,
    0xe, 0xf5, 0x6, 0xfd, 0xf, 0xfd, 0xaa, 0xac,
    0xff, 0x30, 0xef, 0x50, 0x6f, 0xd0, 0xff, 0xff,
    0xff, 0xff, 0xf3, 0xe, 0xf5, 0x6, 0xfd, 0xf,
    0xfa, 0x44, 0x48, 0xff, 0x30, 0xef, 0xff, 0xff,
    0xd0, 0xff, 0xda, 0xaa, 0xcf, 0xf3, 0xe, 0xff,
    0xff, 0xfd, 0xf, 0xff, 0xff, 0xff, 0xff, 0x30,
    0x56, 0x66, 0x66, 0x50, 0xff, 0x93, 0x33, 0x7f,
    0xf3, 0x0, 0x0, 0x0, 0x0, 0xf, 0xf8, 0x0,
    0x5, 0xff, 0x30,

    /* U+6682 "暂" */
    0x0, 0x0, 0x0, 0x0, 0x0, 0x11, 0x10, 0x0,
    0x0, 0xcf, 0xff, 0xff, 0xff, 0xf5, 0xff, 0xff,
    0xff, 0xf4, 0xbf, 0xff, 0xff, 0xff, 0xf5, 0xff,
    0xff, 0xff, 0xe3, 0xa, 0xfd, 0x33, 0x10, 0x5,
    0xff, 0x51, 0x0, 0x0, 0x1f, 0xf8, 0xff, 0x40,
    0x5, 0xff, 0x64, 0x44, 0x44, 0x7f, 0xfe, 0xff,
    0xee, 0xe6, 0xff, 0xff, 0xff, 0xff, 0xce, 0xef,
    0xff, 0xfe, 0xe7, 0xff, 0xff, 0xff, 0xff, 0x11,
    0x26, 0xff, 0x75, 0x58, 0xff, 0x17, 0xff, 0x21,
    0xff, 0xff, 0xff, 0xff, 0xfb, 0xfd, 0x6, 0xff,
    0x10, 0xff, 0xee, 0xff, 0xdc, 0xbe, 0xfa, 0x6,
    0xff, 0x10, 0x2, 0x35, 0xbb, 0x53, 0x3b, 0xb7,
    0x36, 0xbb, 0x20, 0xa, 0xff, 0xff, 0xff, 0xff,
    0xff, 0xff, 0xff, 0x90, 0xa, 0xff, 0xff, 0xff,
    0xff, 0xff, 0xff, 0xff, 0x90, 0xa, 0xff, 0x0,
    0x0, 0x0, 0x0, 0x0, 0xff, 0x90, 0xa, 0xff,
    0xff, 0xff, 0xff, 0xff, 0xff, 0xff, 0x90, 0xa,
    0xff, 0xdd, 0xdd, 0xdd, 0xdd, 0xdd, 0xff, 0x90,
    0xa, 0xff, 0x22, 0x22, 0x22, 0x22, 0x22, 0xff,
    0x90, 0xa, 0xff, 0xff, 0xff, 0xff, 0xff, 0xff,
    0xff, 0x90, 0xa, 0xff, 0xff, 0xff, 0xff, 0xff,
    0xff, 0xff, 0x90,

    /* U+6697 "暗" */
    0xef, 0xff, 0xff, 0xe0, 0x0, 0x9, 0xfe, 0x0,
    0x0, 0xe, 0xff, 0xff, 0xfe, 0x5f, 0xff, 0xff,
    0xff, 0xff, 0xa0, 0xef, 0xa7, 0xaf, 0xe5, 0xff,
    0xff, 0xff, 0xff, 0xfa, 0xe, 0xf5, 0x6, 0xfe,
    0x16, 0xff, 0x33, 0x3b, 0xfa, 0x20, 0xef, 0x50,
    0x6f, 0xe0, 0x1f, 0xf2, 0x0, 0xdf, 0x60, 0xe,
    0xf5, 0x6, 0xfe, 0x45, 0xef, 0x85, 0x6f, 0xf7,
    0x50, 0xef, 0x50, 0x6f, 0xeb, 0xff, 0xff, 0xff,
    0xff, 0xff, 0xe, 0xff, 0xef, 0xfe, 0xae, 0xee,
    0xee, 0xee, 0xee, 0xe0, 0xef, 0xff, 0xff, 0xe0,
    0x33, 0x33, 0x33, 0x33, 0x31, 0xe, 0xfa, 0x8b,
    0xfe, 0x2f, 0xff, 0xff, 0xff, 0xff, 0x80, 0xef,
    0x50, 0x6f, 0xe2, 0xff, 0xff, 0xff, 0xff, 0xf8,
    0xe, 0xf5, 0x6, 0xfe, 0x2f, 0xf2, 0x0, 0x0,
    0xef, 0x80, 0xef, 0x50, 0x6f, 0xe2, 0xff, 0xbb,
    0xbb, 0xbf, 0xf8, 0xe, 0xf5, 0x6, 0xfe, 0x2f,
    0xff, 0xff, 0xff, 0xff, 0x80, 0xef, 0xff, 0xff,
    0xe2, 0xff, 0x75, 0x55, 0x5f, 0xf8, 0xe, 0xff,
    0xff, 0xfe, 0x2f, 0xf4, 0x22, 0x22, 0xef, 0x80,
    0x67, 0x77, 0x77, 0x62, 0xff, 0xff, 0xff, 0xff,
    0xf8, 0x0, 0x0, 0x0, 0x0, 0x2f, 0xff, 0xff,
    0xff, 0xff, 0x80,

    /* U+66F2 "曲" */
    0x0, 0x0, 0x9, 0xfe, 0x0, 0xef, 0x90, 0x0,
    0x0, 0x49, 0x99, 0x9c, 0xff, 0x99, 0xff, 0xc9,
    0x99, 0x94, 0x8f, 0xff, 0xff, 0xff, 0xff, 0xff,
    0xff, 0xff, 0xf8, 0x8f, 0xff, 0xff, 0xff, 0xff,
    0xff, 0xff, 0xff, 0xf8, 0x8f, 0xf0, 0x9, 0xfe,
    0x0, 0xef, 0x90, 0xf, 0xf8, 0x8f, 0xf0, 0x9,
    0xfe, 0x0, 0xef, 0x90, 0xf, 0xf8, 0x8f, 0xf0,
    0x9, 0xfe, 0x0, 0xef, 0x90, 0xf, 0xf8, 0x8f,
    0xf0, 0x9, 0xfe, 0x0, 0xef, 0x90, 0xf, 0xf8,
    0x8f, 0xf9, 0x9c, 0xff, 0x99, 0xff, 0xc9, 0x9f,
    0xf8, 0x8f, 0xff, 0xff, 0xff, 0xff, 0xff, 0xff,
    0xff, 0xf8, 0x8f, 0xff, 0xff, 0xff, 0xff, 0xff,
    0xff, 0xff, 0xf8, 0x8f, 0xf0, 0x9, 0xfe, 0x0,
    0xef, 0x90, 0xf, 0xf8, 0x8f, 0xf0, 0x9, 0xfe,
    0x0, 0xef, 0x90, 0xf, 0xf8, 0x8f, 0xf0, 0x9,
    0xfe, 0x0, 0xef, 0x90, 0xf, 0xf8, 0x8f, 0xf0,
    0x9, 0xfe, 0x0, 0xef, 0x90, 0xf, 0xf8, 0x8f,
    0xf9, 0x9c, 0xff, 0x99, 0xff, 0xc9, 0x9f, 0xf8,
    0x8f, 0xff, 0xff, 0xff, 0xff, 0xff, 0xff, 0xff,
    0xf8, 0x8f, 0xff, 0xff, 0xff, 0xff, 0xff, 0xff,
    0xff, 0xf8,

    /* U+66F4 "更" */
    0xff, 0xff, 0xff, 0xff, 0xff, 0xff, 0xff, 0xff,
    0xff, 0xff, 0xff, 0xff, 0xff, 0xff, 0xff, 0xff,
    0xff, 0xff, 0x77, 0x77, 0x77, 0x79, 0xff, 0x97,
    0x77, 0x77, 0x77, 0x4, 0x44, 0x44, 0x47, 0xff,
    0x74, 0x44, 0x44, 0x40, 0xf, 0xff, 0xff, 0xff,
    0xff, 0xff, 0xff, 0xff, 0xf0, 0xf, 0xfe, 0xbb,
    0xbc, 0xff, 0xcb, 0xbb, 0xef, 0xf0, 0xf, 0xf9,
    0x22, 0x26, 0xff, 0x62, 0x22, 0x9f, 0xf0, 0xf,
    0xff, 0xff, 0xff, 0xff, 0xff, 0xff, 0xff, 0xf0,
    0xf, 0xfd, 0xbb, 0xbc, 0xff, 0xcb, 0xbb, 0xdf,
    0xf0, 0xf, 0xfa, 0x33, 0x36, 0xff, 0x63, 0x33,
    0xaf, 0xf0, 0xf, 0xff, 0xff, 0xff, 0xff, 0xff,
    0xff, 0xff, 0xf0, 0xe, 0xdd, 0xdd, 0xdf, 0xff,
    0xdd, 0xdd, 0xdd, 0xd0, 0x6, 0xf9, 0x40, 0x1f,
    0xfd, 0x0, 0x0, 0x0, 0x0, 0x6, 0xff, 0xff,
    0xef, 0xf6, 0x0, 0x0, 0x0, 0x0, 0x1, 0x7d,
    0xff, 0xff, 0xfd, 0xa6, 0x30, 0x0, 0x0, 0x57,
    0xbf, 0xff, 0xff, 0xff, 0xff, 0xff, 0xca, 0x74,
    0xff, 0xff, 0xfe, 0x51, 0x5a, 0xdf, 0xff, 0xff,
    0xff, 0xff, 0xea, 0x50, 0x0, 0x0, 0x1, 0x47,
    0xad, 0xff, 0x31, 0x0, 0x0, 0x0, 0x0, 0x0,
    0x0, 0x0, 0x2,

    /* U+6700 "最" */
    0x4, 0xff, 0xff, 0xff, 0xff, 0xff, 0xff, 0xff,
    0x40, 0x4, 0xff, 0xca, 0xaa, 0xaa, 0xaa, 0xac,
    0xff, 0x40, 0x4, 0xff, 0xa8, 0x88, 0x88, 0x88,
    0x8a, 0xff, 0x40, 0x4, 0xff, 0xff, 0xff, 0xff,
    0xff, 0xff, 0xff, 0x40, 0x4, 0xff, 0x96, 0x66,
    0x66, 0x66, 0x69, 0xff, 0x40, 0x4, 0xff, 0xff,
    0xff, 0xff, 0xff, 0xff, 0xff, 0x40, 0x12, 0x66,
    0x66, 0x66, 0x66, 0x66, 0x66, 0x66, 0x21, 0xff,
    0xff, 0xff, 0xff, 0xff, 0xff, 0xff, 0xff, 0xff,
    0xff, 0xff, 0xff, 0xff, 0xff, 0xff, 0xff, 0xff,
    0xff, 0x3e, 0xfb, 0x55, 0xbf, 0xe3, 0x77, 0x77,
    0x77, 0x75, 0xe, 0xff, 0xff, 0xff, 0xe0, 0xff,
    0xff, 0xff, 0xf6, 0xe, 0xfd, 0x99, 0xcf, 0xe0,
    0xbf, 0xea, 0xbf, 0xf2, 0xe, 0xfe, 0xbb, 0xdf,
    0xe0, 0x4f, 0xf3, 0xcf, 0xb0, 0xe, 0xff, 0xff,
    0xff, 0xe0, 0xb, 0xff, 0xff, 0x30, 0xe, 0xf9,
    0x23, 0xaf, 0xe0, 0x4, 0xff, 0xfb, 0x0, 0xbf,
    0xff, 0xff, 0xff, 0xe3, 0xbf, 0xff, 0xff, 0xd7,
    0xef, 0xff, 0xff, 0xff, 0xe9, 0xff, 0xd5, 0x9f,
    0xff, 0xa9, 0x87, 0x64, 0xaf, 0xe8, 0xb6, 0x0,
    0x3, 0x9e, 0x0, 0x0, 0x0, 0x0, 0x0, 0x0,
    0x0, 0x0, 0x0,

    /* U+6708 "月" */
    0x0, 0x9, 0xff, 0xff, 0xff, 0xff, 0xff, 0xff,
    0xf1, 0x0, 0x9, 0xff, 0xff, 0xff, 0xff, 0xff,
    0xff, 0xf1, 0x0, 0x9, 0xff, 0x99, 0x99, 0x99,
    0x99, 0xcf, 0xf1, 0x0, 0x9, 0xff, 0x0, 0x0,
    0x0, 0x0, 0x8f, 0xf1, 0x0, 0x9, 0xff, 0x0,
    0x0, 0x0, 0x0, 0x8f, 0xf1, 0x0, 0x9, 0xff,
    0x10, 0x0, 0x0, 0x0, 0x8f, 0xf1, 0x0, 0x9,
    0xff, 0xff, 0xff, 0xff, 0xff, 0xff, 0xf1, 0x0,
    0x9, 0xff, 0xff, 0xff, 0xff, 0xff, 0xff, 0xf1,
    0x0, 0x9, 0xff, 0x88, 0x88, 0x88, 0x88, 0xcf,
    0xf1, 0x0, 0xa, 0xff, 0x0, 0x0, 0x0, 0x0,
    0x8f, 0xf1, 0x0, 0xb, 0xff, 0x0, 0x0, 0x0,
    0x0, 0x8f, 0xf1, 0x0, 0xd, 0xff, 0xff, 0xff,
    0xff, 0xff, 0xff, 0xf1, 0x0, 0xf, 0xff, 0xff,
    0xff, 0xff, 0xff, 0xff, 0xf1, 0x0, 0x3f, 0xfc,
    0x99, 0x99, 0x99, 0x99, 0xcf, 0xf1, 0x0, 0x9f,
    0xf4, 0x0, 0x0, 0x0, 0x0, 0x8f, 0xf1, 0x0,
    0xef, 0xf0, 0x0, 0x0, 0x0, 0x0, 0x8f, 0xf1,
    0x8, 0xff, 0xa0, 0x0, 0x0, 0x0, 0x0, 0x8f,
    0xf1, 0x1f, 0xff, 0x30, 0x0, 0x0, 0x0, 0x0,
    0x8f, 0xf1,

    /* U+6709 "有" */
    0x0, 0x0, 0x0, 0xef, 0x90, 0x0, 0x0, 0x0,
    0x0, 0x0, 0xff, 0xff, 0xff, 0xff, 0xff, 0xff,
    0xff, 0xff, 0xff, 0xf, 0xff, 0xff, 0xff, 0xff,
    0xff, 0xff, 0xff, 0xff, 0xf0, 0x99, 0x9a, 0xff,
    0xd9, 0x99, 0x99, 0x99, 0x99, 0x99, 0x0, 0x0,
    0x8f, 0xf5, 0x0, 0x0, 0x0, 0x0, 0x0, 0x0,
    0x0, 0x2f, 0xff, 0xff, 0xff, 0xff, 0xff, 0xff,
    0xa0, 0x0, 0xc, 0xff, 0xff, 0xff, 0xff, 0xff,
    0xff, 0xfb, 0x0, 0xb, 0xff, 0xf9, 0x88, 0x88,
    0x88, 0x88, 0xff, 0xb0, 0x1c, 0xff, 0xff, 0x30,
    0x0, 0x0, 0x0, 0xe, 0xfb, 0x5, 0xff, 0xff,
    0xff, 0xff, 0xff, 0xff, 0xff, 0xff, 0xb0, 0x5f,
    0xd8, 0xff, 0xff, 0xff, 0xff, 0xff, 0xff, 0xfb,
    0x5, 0x90, 0x6f, 0xf9, 0x77, 0x77, 0x77, 0x77,
    0xef, 0xb0, 0x0, 0x6, 0xff, 0x30, 0x0, 0x0,
    0x0, 0xe, 0xfb, 0x0, 0x0, 0x6f, 0xff, 0xff,
    0xff, 0xff, 0xff, 0xff, 0xb0, 0x0, 0x6, 0xff,
    0xff, 0xff, 0xff, 0xff, 0xff, 0xfb, 0x0, 0x0,
    0x6f, 0xf9, 0x77, 0x77, 0x77, 0x77, 0xef, 0xb0,
    0x0, 0x6, 0xff, 0x30, 0x0, 0x0, 0x0, 0xe,
    0xfb, 0x0, 0x0, 0x6f, 0xf3, 0x0, 0x0, 0x0,
    0x0, 0xef, 0xb0,

    /* U+6717 "朗" */
    0x12, 0x2b, 0xff, 0x22, 0x20, 0xef, 0xff, 0xff,
    0xf9, 0x9f, 0xff, 0xff, 0xff, 0xe0, 0xef, 0xff,
    0xff, 0xf9, 0x9f, 0xff, 0xff, 0xff, 0xe0, 0xef,
    0xd9, 0x9f, 0xf9, 0x9f, 0xf3, 0x33, 0xaf, 0xe0,
    0xef, 0x90, 0xe, 0xf9, 0x9f, 0xf5, 0x55, 0xbf,
    0xe0, 0xef, 0x90, 0xe, 0xf9, 0x9f, 0xff, 0xff,
    0xff, 0xe0, 0xef, 0xc8, 0x8f, 0xf9, 0x9f, 0xfe,
    0xee, 0xff, 0xe0, 0xef, 0xff, 0xff, 0xf9, 0x9f,
    0xf0, 0x0, 0x9f, 0xe0, 0xef, 0xff, 0xff, 0xf9,
    0x9f, 0xf9, 0x99, 0xdf, 0xe0, 0xef, 0x90, 0xe,
    0xf9, 0x9f, 0xff, 0xff, 0xff, 0xe0, 0xef, 0x90,
    0xe, 0xf9, 0x9f, 0xfa, 0xaa, 0xaa, 0x90, 0xff,
    0xc8, 0x8f, 0xf9, 0x9f, 0xf0, 0x7, 0x97, 0x0,
    0xff, 0xff, 0xff, 0xf9, 0x9f, 0xf0, 0x9, 0xff,
    0x11, 0xff, 0xfe, 0xef, 0xf9, 0x9f, 0xf0, 0x7,
    0xff, 0x52, 0xff, 0x40, 0xe, 0xf9, 0x9f, 0xfa,
    0xef, 0xff, 0xa5, 0xff, 0x20, 0xe, 0xf9, 0x9f,
    0xff, 0xff, 0xff, 0xe8, 0xff, 0x0, 0xe, 0xf9,
    0x9f, 0xff, 0xb7, 0x7f, 0xff, 0xfb, 0x0, 0xe,
    0xf9, 0x7a, 0x51, 0x0, 0x0, 0x2f, 0xf6, 0x0,
    0xe, 0xf9,

    /* U+671D "朝" */
    0x1, 0x11, 0x9f, 0xf1, 0x11, 0xb, 0xcc, 0xcc,
    0xcc, 0xb0, 0xaf, 0xff, 0xff, 0xff, 0xf0, 0xef,
    0xff, 0xff, 0xfe, 0xa, 0xff, 0xff, 0xff, 0xff,
    0xe, 0xfe, 0xcc, 0xef, 0xe0, 0x12, 0x29, 0xff,
    0x22, 0x20, 0xef, 0xa0, 0x9, 0xfe, 0x3, 0xdd,
    0xef, 0xfd, 0xd8, 0xe, 0xfa, 0x0, 0x9f, 0xe0,
    0x4f, 0xff, 0xff, 0xff, 0xa0, 0xef, 0xd8, 0x8c,
    0xfe, 0x4, 0xff, 0x64, 0x4d, 0xfa, 0xe, 0xff,
    0xff, 0xff, 0xe0, 0x4f, 0xfc, 0xbb, 0xef, 0xa0,
    0xef, 0xff, 0xff, 0xfe, 0x4, 0xff, 0xff, 0xff,
    0xfa, 0xe, 0xfa, 0x0, 0x9f, 0xe0, 0x4f, 0xf4,
    0x11, 0xcf, 0xa0, 0xef, 0xa0, 0x9, 0xfe, 0x4,
    0xff, 0xff, 0xff, 0xfa, 0xf, 0xfd, 0x99, 0xdf,
    0xe0, 0x4f, 0xff, 0xff, 0xff, 0xa0, 0xff, 0xff,
    0xff, 0xfe, 0x0, 0x11, 0x9f, 0xf1, 0x11, 0xf,
    0xff, 0xff, 0xff, 0xe0, 0x77, 0x7c, 0xff, 0x77,
    0x74, 0xff, 0x80, 0xa, 0xfe, 0x1f, 0xff, 0xff,
    0xff, 0xff, 0xaf, 0xf6, 0x0, 0x9f, 0xe1, 0xff,
    0xff, 0xff, 0xff, 0xfc, 0xff, 0x40, 0x9, 0xfe,
    0x0, 0x0, 0x8f, 0xf0, 0x0, 0x8f, 0xf2, 0x0,
    0x9f, 0xe0, 0x0, 0x8, 0xff, 0x0, 0xb, 0xff,
    0x0, 0x9, 0xfe,

    /* U+671F "期" */
    0x2, 0xff, 0x92, 0x2d, 0xfb, 0x1e, 0xff, 0xff,
    0xff, 0xe0, 0xff, 0xff, 0xff, 0xff, 0xfa, 0xef,
    0xff, 0xff, 0xfe, 0xf, 0xff, 0xff, 0xff, 0xff,
    0xae, 0xfd, 0x99, 0xdf, 0xe0, 0x2f, 0xf9, 0x22,
    0xdf, 0xa1, 0xef, 0xa0, 0x9, 0xfe, 0x0, 0xff,
    0x92, 0x2d, 0xfa, 0xe, 0xfa, 0x0, 0x9f, 0xe0,
    0xf, 0xff, 0xff, 0xff, 0xa0, 0xef, 0xc5, 0x5b,
    0xfe, 0x0, 0xff, 0xfe, 0xef, 0xfa, 0xe, 0xff,
    0xff, 0xff, 0xe0, 0xf, 0xf8, 0x0, 0xdf, 0xa0,
    0xef, 0xfd, 0xde, 0xfe, 0x0, 0xff, 0xff, 0xff,
    0xfa, 0xe, 0xfa, 0x0, 0x9f, 0xe0, 0xf, 0xff,
    0xff, 0xff, 0xa0, 0xef, 0xa0, 0x9, 0xfe, 0x0,
    0xff, 0x81, 0x1d, 0xfa, 0xe, 0xfd, 0x99, 0xdf,
    0xe0, 0x4f, 0xfa, 0x44, 0xef, 0xb3, 0xef, 0xff,
    0xff, 0xfe, 0x3f, 0xff, 0xff, 0xff, 0xff, 0xcf,
    0xff, 0xff, 0xff, 0xe3, 0xff, 0xff, 0xff, 0xff,
    0xfd, 0xff, 0x70, 0x9, 0xfe, 0x0, 0x66, 0x40,
    0x16, 0x63, 0x2f, 0xf6, 0x0, 0x9f, 0xe0, 0x3f,
    0xf8, 0x0, 0xff, 0xb4, 0xff, 0x40, 0x9, 0xfe,
    0x8, 0xff, 0x30, 0xb, 0xff, 0x8f, 0xf2, 0x0,
    0x9f, 0xe0, 0xcf, 0xe0, 0x0, 0x6f, 0xfe, 0xff,
    0x0, 0x9, 0xfe,

    /* U+672C "本" */
    0x0, 0x0, 0x0, 0x0, 0x4f, 0xf4, 0x0, 0x0,
    0x0, 0x0, 0x0, 0x0, 0x0, 0x0, 0x5f, 0xf5,
    0x0, 0x0, 0x0, 0x0, 0xc, 0xff, 0xff, 0xff,
    0xff, 0xff, 0xff, 0xff, 0xff, 0x50, 0xc, 0xff,
    0xff, 0xff, 0xff, 0xff, 0xff, 0xff, 0xff, 0x50,
    0x6, 0x88, 0xbf, 0xfa, 0xaf, 0xfa, 0xaf, 0xfa,
    0x88, 0x20, 0x0, 0x0, 0x8f, 0xf1, 0x4f, 0xf4,
    0x1f, 0xf7, 0x0, 0x0, 0x0, 0x0, 0xcf, 0xd0,
    0x4f, 0xf4, 0xd, 0xfa, 0x0, 0x0, 0x0, 0x0,
    0xff, 0x90, 0x4f, 0xf4, 0x9, 0xfe, 0x0, 0x0,
    0x0, 0x5, 0xff, 0x50, 0x4f, 0xf4, 0x5, 0xff,
    0x30, 0x0, 0x0, 0xa, 0xff, 0x10, 0x4f, 0xf4,
    0x1, 0xff, 0x70, 0x0, 0x0, 0xf, 0xfc, 0x0,
    0x4f, 0xf4, 0x0, 0xcf, 0xc0, 0x0, 0x0, 0x5f,
    0xf7, 0x0, 0x4f, 0xf4, 0x0, 0x7f, 0xf1, 0x0,
    0x0, 0xbf, 0xff, 0xff, 0xff, 0xff, 0xff, 0xff,
    0xf6, 0x0, 0x1, 0xff, 0xce, 0xff, 0xff, 0xff,
    0xff, 0xec, 0xfb, 0x0, 0x7, 0xff, 0x58, 0x99,
    0xbf, 0xfb, 0x99, 0x87, 0xff, 0x10, 0xd, 0xff,
    0x0, 0x0, 0x4f, 0xf4, 0x0, 0x1, 0xff, 0x70,
    0x4f, 0xf9, 0x0, 0x0, 0x4f, 0xf4, 0x0, 0x0,
    0xcf, 0xd0, 0x0, 0x0, 0x0, 0x0, 0x4f, 0xf4,
    0x0, 0x0, 0x0, 0x0,

    /* U+673A "机" */
    0x0, 0x0, 0x7f, 0xf1, 0x9, 0xff, 0xff, 0xff,
    0xf8, 0x0, 0x5, 0x77, 0xbf, 0xf7, 0x79, 0xff,
    0xff, 0xff, 0xf8, 0x0, 0xd, 0xff, 0xff, 0xff,
    0xf9, 0xff, 0xbb, 0xbf, 0xf8, 0x0, 0xd, 0xff,
    0xff, 0xff, 0xf9, 0xff, 0x0, 0x1f, 0xf8, 0x0,
    0x4, 0x55, 0xaf, 0xf6, 0x59, 0xff, 0x0, 0x1f,
    0xf8, 0x0, 0x2, 0xa8, 0x7f, 0xf1, 0x9, 0xff,
    0x0, 0x1f, 0xf8, 0x0, 0x4, 0xfd, 0x7f, 0xf1,
    0x9, 0xff, 0x0, 0x1f, 0xf8, 0x0, 0x5, 0xfd,
    0x7f, 0xfc, 0x29, 0xff, 0x0, 0x1f, 0xf8, 0x0,
    0x5, 0xfc, 0x7f, 0xff, 0xa9, 0xff, 0x0, 0x1f,
    0xf8, 0x0, 0x6, 0xfb, 0x7f, 0xff, 0xa9, 0xff,
    0x0, 0x1f, 0xf8, 0x0, 0x7, 0xfa, 0x7f, 0xf5,
    0x8a, 0xfe, 0x0, 0x1f, 0xf8, 0x0, 0x8, 0xf9,
    0x7f, 0xf1, 0xb, 0xfd, 0x0, 0x1f, 0xf8, 0x0,
    0xa, 0xf8, 0x7f, 0xf1, 0xe, 0xfb, 0x0, 0x1f,
    0xf8, 0x0, 0xc, 0xf6, 0x7f, 0xf1, 0x1f, 0xf9,
    0x0, 0x1f, 0xf8, 0x0, 0xe, 0xf4, 0x7f, 0xf1,
    0x5f, 0xf5, 0x0, 0x1f, 0xf8, 0x0, 0x1f, 0xf2,
    0x7f, 0xf1, 0xaf, 0xf1, 0x0, 0x1f, 0xfd, 0xa2,
    0x4f, 0xe0, 0x7f, 0xf2, 0xff, 0xb0, 0x0, 0x1f,
    0xff, 0xf4, 0x0, 0x0, 0x7f, 0xf8, 0xff, 0x50,
    0x0, 0x1f, 0xff, 0xf4, 0x0, 0x0, 0x0, 0x2,
    0x33, 0x0, 0x0, 0x0, 0x0, 0x0,

    /* U+674F "杏" */
    0x0, 0x0, 0x0, 0x0, 0x8f, 0xf1, 0x0, 0x0,
    0x0, 0x0, 0x22, 0x22, 0x22, 0x29, 0xff, 0x32,
    0x22, 0x22, 0x21, 0xe, 0xff, 0xff, 0xff, 0xff,
    0xff, 0xff, 0xff, 0xff, 0x70, 0xef, 0xff, 0xff,
    0xff, 0xff, 0xff, 0xff, 0xff, 0xf7, 0x5, 0x55,
    0x9f, 0xf8, 0xaf, 0xf6, 0xdf, 0xf5, 0x55, 0x20,
    0x0, 0xd, 0xfe, 0x8, 0xff, 0x16, 0xff, 0x60,
    0x0, 0x0, 0x1c, 0xff, 0x60, 0x8f, 0xf1, 0xd,
    0xff, 0x70, 0x1, 0xaf, 0xff, 0x80, 0x8, 0xff,
    0x10, 0x1d, 0xff, 0xd6, 0x3f, 0xfc, 0x40, 0x0,
    0x8f, 0xf1, 0x0, 0x8, 0xff, 0xc2, 0x87, 0x88,
    0x88, 0x88, 0x99, 0x88, 0x88, 0x88, 0x67, 0x0,
    0x9f, 0xff, 0xff, 0xff, 0xff, 0xff, 0xff, 0xf2,
    0x0, 0x9, 0xff, 0xff, 0xff, 0xff, 0xff, 0xff,
    0xff, 0x20, 0x0, 0x9f, 0xf1, 0x0, 0x0, 0x0,
    0x0, 0x8f, 0xf2, 0x0, 0x9, 0xff, 0x0, 0x0,
    0x0, 0x0, 0x7, 0xff, 0x20, 0x0, 0x9f, 0xf0,
    0x0, 0x0, 0x0, 0x0, 0x7f, 0xf2, 0x0, 0x9,
    0xff, 0x98, 0x88, 0x88, 0x88, 0x8c, 0xff, 0x20,
    0x0, 0x9f, 0xff, 0xff, 0xff, 0xff, 0xff, 0xff,
    0xf2, 0x0, 0x9, 0xff, 0xff, 0xff, 0xff, 0xff,
    0xff, 0xff, 0x20,

    /* U+675F "束" */
    0x3, 0x33, 0x33, 0x33, 0x6f, 0xf6, 0x33, 0x33,
    0x33, 0x30, 0xf, 0xff, 0xff, 0xff, 0xff, 0xff,
    0xff, 0xff, 0xff, 0xf0, 0xf, 0xff, 0xff, 0xff,
    0xff, 0xff, 0xff, 0xff, 0xff, 0xf0, 0x4, 0x44,
    0x44, 0x44, 0x7f, 0xf7, 0x44, 0x44, 0x44, 0x40,
    0x1, 0x77, 0x77, 0x77, 0x9f, 0xf9, 0x77, 0x77,
    0x77, 0x10, 0x2, 0xff, 0xff, 0xff, 0xff, 0xff,
    0xff, 0xff, 0xff, 0x20, 0x2, 0xff, 0xff, 0xff,
    0xff, 0xff, 0xff, 0xff, 0xff, 0x20, 0x2, 0xff,
    0x70, 0x0, 0x4f, 0xf4, 0x0, 0x7, 0xff, 0x20,
    0x2, 0xff, 0x82, 0x22, 0x5f, 0xf6, 0x22, 0x28,
    0xff, 0x20, 0x2, 0xff, 0xff, 0xff, 0xff, 0xff,
    0xff, 0xff, 0xff, 0x20, 0x2, 0xff, 0xff, 0xff,
    0xff, 0xff, 0xff, 0xff, 0xff, 0x20, 0x0, 0x44,
    0x9f, 0xf8, 0x7f, 0xf7, 0x8f, 0xf9, 0x44, 0x0,
    0x0, 0x1, 0xef, 0xf1, 0x4f, 0xf4, 0x1f, 0xfe,
    0x0, 0x0, 0x0, 0xb, 0xff, 0x80, 0x4f, 0xf4,
    0x8, 0xff, 0xb0, 0x0, 0x3, 0xdf, 0xfd, 0x0,
    0x4f, 0xf4, 0x0, 0xdf, 0xfd, 0x30, 0x2f, 0xff,
    0xd1, 0x0, 0x4f, 0xf4, 0x0, 0x2d, 0xff, 0xf2,
    0x3f, 0xfb, 0x10, 0x0, 0x4f, 0xf4, 0x0, 0x1,
    0xbf, 0xf3, 0x3c, 0x40, 0x0, 0x0, 0x4f, 0xf4,
    0x0, 0x0, 0x4, 0xc3, 0x0, 0x0, 0x0, 0x0,
    0x0, 0x0, 0x0, 0x0, 0x0, 0x0,

    /* U+6761 "条" */
    0x0, 0x8, 0xff, 0xff, 0xff, 0xff, 0xff, 0xfe,
    0x0, 0x0, 0x9f, 0xff, 0xff, 0xff, 0xff, 0xff,
    0xf6, 0x0, 0x3e, 0xff, 0xff, 0xf7, 0x66, 0x7f,
    0xff, 0xb0, 0x0, 0x6f, 0xfe, 0xef, 0xfd, 0x22,
    0xdf, 0xfd, 0x10, 0x0, 0x6d, 0x80, 0x1d, 0xff,
    0xff, 0xff, 0xd2, 0x0, 0x0, 0x0, 0x0, 0x5,
    0xff, 0xff, 0xff, 0x50, 0x0, 0x0, 0x3, 0x7a,
    0xef, 0xff, 0xff, 0xff, 0xff, 0xa7, 0x30, 0xff,
    0xff, 0xff, 0xfd, 0x66, 0xdf, 0xff, 0xff, 0xff,
    0xff, 0xff, 0xc8, 0x23, 0xcc, 0x32, 0x7c, 0xff,
    0xff, 0x98, 0x52, 0x11, 0x15, 0xff, 0x51, 0x11,
    0x25, 0x89, 0xf, 0xff, 0xff, 0xff, 0xff, 0xff,
    0xff, 0xff, 0xf0, 0xf, 0xff, 0xff, 0xff, 0xff,
    0xff, 0xff, 0xff, 0xf0, 0x4, 0x44, 0x44, 0x48,
    0xff, 0x84, 0x44, 0x44, 0x40, 0x0, 0x27, 0x72,
    0x4, 0xff, 0x40, 0x27, 0x72, 0x0, 0x0, 0x9f,
    0xf2, 0x4, 0xff, 0x40, 0x2f, 0xf9, 0x0, 0x1,
    0xff, 0xb0, 0x4, 0xff, 0x40, 0xb, 0xff, 0x10,
    0xa, 0xff, 0x30, 0x4, 0xff, 0x40, 0x3, 0xff,
    0xa0, 0x5f, 0xfa, 0x0, 0x4, 0xff, 0x40, 0x0,
    0xaf, 0xf5,

    /* U+6765 "来" */
    0x0, 0x0, 0x0, 0x0, 0x5f, 0xf5, 0x0, 0x0,
    0x0, 0x0, 0x7, 0xff, 0xff, 0xff, 0xff, 0xff,
    0xff, 0xff, 0xff, 0x70, 0x7, 0xff, 0xff, 0xff,
    0xff, 0xff, 0xff, 0xff, 0xff, 0x70, 0x3, 0x77,
    0x77, 0x77, 0x9f, 0xf9, 0x77, 0x77, 0x77, 0x30,
    0x0, 0x2f, 0xf6, 0x0, 0x4f, 0xf4, 0x0, 0x6f,
    0xf2, 0x0, 0x0, 0xc, 0xfc, 0x0, 0x4f, 0xf4,
    0x0, 0xcf, 0xc0, 0x0, 0x0, 0x7, 0xff, 0x10,
    0x4f, 0xf4, 0x1, 0xff, 0x70, 0x0, 0x17, 0x77,
    0x77, 0x77, 0x9f, 0xf9, 0x77, 0x77, 0x77, 0x71,
    0x2f, 0xff, 0xff, 0xff, 0xff, 0xff, 0xff, 0xff,
    0xff, 0xf2, 0x2f, 0xff, 0xff, 0xff, 0xff, 0xff,
    0xff, 0xff, 0xff, 0xf2, 0x0, 0x0, 0x1f, 0xf8,
    0x5f, 0xf5, 0x8f, 0xf1, 0x0, 0x0, 0x0, 0x0,
    0x4f, 0xf4, 0x4f, 0xf4, 0x4f, 0xf4, 0x0, 0x0,
    0x0, 0x0, 0xcf, 0xe0, 0x4f, 0xf4, 0xf, 0xfc,
    0x0, 0x0, 0x0, 0x7, 0xff, 0x80, 0x4f, 0xf4,
    0x8, 0xff, 0x70, 0x0, 0x0, 0x8f, 0xfd, 0x0,
    0x4f, 0xf4, 0x0, 0xef, 0xf8, 0x0, 0xe, 0xff,
    0xe2, 0x0, 0x4f, 0xf4, 0x0, 0x3e, 0xff, 0xe0,
    0xf, 0xfd, 0x20, 0x0, 0x4f, 0xf4, 0x0, 0x2,
    0xdf, 0xf0, 0xd, 0x60, 0x0, 0x0, 0x4f, 0xf4,
    0x0, 0x0, 0x6, 0xd0, 0x0, 0x0, 0x0, 0x0,
    0x0, 0x0, 0x0, 0x0, 0x0, 0x0,

    /* U+677F "板" */
    0x0, 0x0, 0x0, 0x0, 0x0, 0x0, 0x0, 0x1,
    0x12, 0x20, 0x0, 0x0, 0x9f, 0xe0, 0x7, 0xee,
    0xff, 0xff, 0xff, 0xe0, 0x0, 0x0, 0x9f, 0xe0,
    0x8, 0xff, 0xff, 0xff, 0xff, 0xe0, 0xe, 0xff,
    0xff, 0xff, 0xf8, 0xff, 0xa9, 0x87, 0x65, 0x30,
    0xe, 0xff, 0xff, 0xff, 0xf8, 0xff, 0x0, 0x0,
    0x0, 0x0, 0x7, 0x88, 0xcf, 0xf8, 0x78, 0xff,
    0x0, 0x0, 0x0, 0x0, 0x2, 0xa8, 0x9f, 0xe0,
    0x8, 0xff, 0x55, 0x55, 0x55, 0x51, 0x4, 0xfd,
    0x9f, 0xe0, 0x8, 0xff, 0xff, 0xff, 0xff, 0xf1,
    0x4, 0xfd, 0x9f, 0xfc, 0x38, 0xff, 0xff, 0xff,
    0xff, 0xc0, 0x5, 0xfd, 0x9f, 0xff, 0xb8, 0xff,
    0xfe, 0x12, 0xff, 0x70, 0x6, 0xfc, 0x9f, 0xff,
    0xb9, 0xff, 0xff, 0x66, 0xff, 0x20, 0x7, 0xfb,
    0x9f, 0xe3, 0x89, 0xfe, 0xcf, 0xed, 0xfc, 0x0,
    0x8, 0xfa, 0x9f, 0xe0, 0xa, 0xfd, 0x4f, 0xff,
    0xf5, 0x0, 0xa, 0xf9, 0x9f, 0xe0, 0xd, 0xfc,
    0xc, 0xff, 0xe0, 0x0, 0xc, 0xf7, 0x9f, 0xe0,
    0xf, 0xfa, 0x7, 0xff, 0xe0, 0x0, 0xe, 0xf5,
    0x9f, 0xe0, 0x3f, 0xf7, 0xe, 0xff, 0xf8, 0x0,
    0x1f, 0xf2, 0x9f, 0xe0, 0x8f, 0xf3, 0x8f, 0xfe,
    0xff, 0x10, 0x3f, 0xf0, 0x9f, 0xe0, 0xdf, 0xf3,
    0xff, 0xc3, 0xff, 0xa0, 0x0, 0x0, 0x9f, 0xe3,
    0xff, 0xbd, 0xff, 0x20, 0xaf, 0xf3,

    /* U+6781 "极" */
    0x0, 0x0, 0xbf, 0xd0, 0x8f, 0xff, 0xff, 0xff,
    0xf8, 0x0, 0x2, 0x22, 0xcf, 0xd2, 0x9f, 0xff,
    0xff, 0xff, 0xf4, 0x0, 0xf, 0xff, 0xff, 0xff,
    0xd7, 0xff, 0xa6, 0xaf, 0xf1, 0x0, 0xf, 0xff,
    0xff, 0xff, 0xb1, 0xff, 0x50, 0x8f, 0xe0, 0x0,
    0x7, 0x77, 0xcf, 0xf7, 0x51, 0xff, 0x50, 0xcf,
    0xb1, 0x10, 0x2, 0xa9, 0x8f, 0xf0, 0x1, 0xff,
    0x50, 0xff, 0xff, 0xf0, 0x4, 0xfe, 0x8f, 0xf0,
    0x1, 0xff, 0x53, 0xff, 0xff, 0xd0, 0x4, 0xfd,
    0x8f, 0xfe, 0x42, 0xff, 0x50, 0x22, 0xcf, 0xa0,
    0x4, 0xfd, 0x8f, 0xff, 0xb2, 0xff, 0x90, 0x0,
    0xef, 0x70, 0x5, 0xfd, 0x8f, 0xff, 0xb3, 0xff,
    0xfa, 0x2, 0xff, 0x40, 0x6, 0xfc, 0x8f, 0xf1,
    0x65, 0xff, 0xff, 0xd8, 0xff, 0x0, 0x7, 0xfb,
    0x8f, 0xf0, 0x8, 0xff, 0xbf, 0xff, 0xfc, 0x0,
    0x9, 0xfa, 0x8f, 0xf0, 0xa, 0xfd, 0x9, 0xff,
    0xf8, 0x0, 0xb, 0xf9, 0x8f, 0xf0, 0xe, 0xf9,
    0x0, 0xbf, 0xf9, 0x0, 0xd, 0xf7, 0x8f, 0xf0,
    0x3f, 0xf6, 0x1, 0xff, 0xff, 0xb0, 0xf, 0xf5,
    0x8f, 0xf0, 0x8f, 0xf2, 0x7, 0xff, 0xdf, 0xf6,
    0x3f, 0xf2, 0x8f, 0xf0, 0xef, 0xc0, 0xe, 0xfc,
    0xa, 0xf6, 0x0, 0x0, 0x8f, 0xf6, 0xff, 0x70,
    0x8f, 0xf5, 0x0, 0x76, 0x0, 0x0, 0x0, 0x0,
    0x0, 0x0, 0x0, 0x0, 0x0, 0x0,

    /* U+6784 "构" */
    0x0, 0x0, 0xde, 0x80, 0x6, 0xff, 0x60, 0x0,
    0x0, 0x0, 0x0, 0x0, 0xef, 0x90, 0x8, 0xff,
    0x40, 0x0, 0x0, 0x0, 0x2d, 0xdd, 0xff, 0xed,
    0x5b, 0xff, 0xdd, 0xdd, 0xdd, 0xd6, 0x3f, 0xff,
    0xff, 0xff, 0x7f, 0xff, 0xff, 0xff, 0xff, 0xf8,
    0x19, 0x99, 0xff, 0xd9, 0x9f, 0xfd, 0xaa, 0xaa,
    0xbf, 0xf8, 0x6, 0xa3, 0xef, 0x90, 0xbf, 0xf3,
    0x0, 0x0, 0x1f, 0xf8, 0xa, 0xf5, 0xef, 0x91,
    0xaa, 0x80, 0x0, 0x0, 0x1f, 0xf8, 0xb, 0xf5,
    0xef, 0xf6, 0x0, 0x6f, 0xf4, 0x0, 0x1f, 0xf8,
    0xb, 0xf5, 0xef, 0xff, 0x80, 0xdf, 0xd0, 0x0,
    0x1f, 0xf8, 0xc, 0xf4, 0xef, 0xff, 0xa3, 0xff,
    0x64, 0x87, 0x1f, 0xf8, 0xd, 0xf4, 0xef, 0xa9,
    0xaa, 0xff, 0x6, 0xff, 0x1f, 0xf8, 0xe, 0xf3,
    0xef, 0x90, 0x3f, 0xfa, 0x36, 0xff, 0x3f, 0xf8,
    0xf, 0xf2, 0xef, 0x90, 0x7f, 0xff, 0xff, 0xff,
    0x5f, 0xf8, 0x1f, 0xf1, 0xef, 0x90, 0xef, 0xff,
    0xff, 0xff, 0x8f, 0xf8, 0x3f, 0xf0, 0xef, 0x90,
    0x55, 0x55, 0x55, 0x55, 0x4f, 0xf8, 0x6f, 0xd0,
    0xef, 0x90, 0x0, 0x0, 0x0, 0x9, 0xaf, 0xf8,
    0x8f, 0xa0, 0xef, 0x90, 0x0, 0x0, 0x0, 0xf,
    0xff, 0xf8, 0x0, 0x0, 0xef, 0x90, 0x0, 0x0,
    0x0, 0xf, 0xff, 0xf8,

    /* U+6790 "析" */
    0x0, 0x0, 0x0, 0x0, 0x0, 0x0, 0x0, 0x0,
    0x10, 0x0, 0x0, 0x0, 0xef, 0xb0, 0x7, 0xde,
    0xef, 0xff, 0xff, 0xa0, 0x3, 0x33, 0xff, 0xc3,
    0x18, 0xff, 0xff, 0xff, 0xff, 0xa0, 0xf, 0xff,
    0xff, 0xff, 0x88, 0xff, 0x98, 0x87, 0x64, 0x10,
    0xf, 0xff, 0xff, 0xff, 0x88, 0xfe, 0x0, 0x0,
    0x0, 0x0, 0x7, 0x77, 0xdf, 0xe7, 0x38, 0xfe,
    0x0, 0x0, 0x0, 0x0, 0x3, 0xa8, 0xbf, 0xd0,
    0x8, 0xff, 0xbb, 0xbb, 0xbb, 0xb2, 0x5, 0xfc,
    0xbf, 0xd0, 0x8, 0xff, 0xff, 0xff, 0xff, 0xf3,
    0x5, 0xfc, 0xbf, 0xf8, 0x8, 0xff, 0xdd, 0xdf,
    0xfe, 0xd2, 0x6, 0xfc, 0xbf, 0xff, 0x48, 0xfe,
    0x0, 0xe, 0xf9, 0x0, 0x7, 0xfb, 0xbf, 0xff,
    0x48, 0xfe, 0x0, 0xe, 0xf9, 0x0, 0x8, 0xfa,
    0xbf, 0xd7, 0x38, 0xfe, 0x0, 0xe, 0xf9, 0x0,
    0x9, 0xf9, 0xbf, 0xd0, 0x9, 0xfe, 0x0, 0xe,
    0xf9, 0x0, 0xb, 0xf7, 0xbf, 0xd0, 0xa, 0xfd,
    0x0, 0xe, 0xf9, 0x0, 0xd, 0xf5, 0xbf, 0xd0,
    0xc, 0xfb, 0x0, 0xe, 0xf9, 0x0, 0xf, 0xf4,
    0xbf, 0xd0, 0xe, 0xf9, 0x0, 0xe, 0xf9, 0x0,
    0x2f, 0xf1, 0xbf, 0xd0, 0x2f, 0xf6, 0x0, 0xe,
    0xf9, 0x0, 0x4f, 0xe0, 0xbf, 0xd0, 0x6f, 0xf3,
    0x0, 0xe, 0xf9, 0x0, 0x0, 0x0, 0xbf, 0xd0,
    0xcf, 0xf0, 0x0, 0xe, 0xf9, 0x0,

    /* U+679C "果" */
    0xb, 0xff, 0xff, 0xff, 0xff, 0xff, 0xff, 0xff,
    0xb0, 0xb, 0xff, 0xff, 0xff, 0xff, 0xff, 0xff,
    0xff, 0xb0, 0xb, 0xfd, 0x33, 0x36, 0xff, 0x63,
    0x33, 0xdf, 0xb0, 0xb, 0xfd, 0x22, 0x25, 0xff,
    0x52, 0x22, 0xdf, 0xb0, 0xb, 0xff, 0xff, 0xff,
    0xff, 0xff, 0xff, 0xff, 0xb0, 0xb, 0xff, 0xdd,
    0xdd, 0xff, 0xdd, 0xdd, 0xff, 0xb0, 0xb, 0xfd,
    0x22, 0x25, 0xff, 0x52, 0x22, 0xdf, 0xb0, 0xb,
    0xff, 0xff, 0xff, 0xff, 0xff, 0xff, 0xff, 0xb0,
    0xb, 0xff, 0xff, 0xff, 0xff, 0xff, 0xff, 0xff,
    0xb0, 0x0, 0x11, 0x11, 0x15, 0xff, 0x51, 0x11,
    0x11, 0x0, 0x88, 0x88, 0x88, 0x8a, 0xff, 0xa8,
    0x88, 0x88, 0x88, 0xff, 0xff, 0xff, 0xff, 0xff,
    0xff, 0xff, 0xff, 0xff, 0xff, 0xff, 0xff, 0xff,
    0xff, 0xff, 0xff, 0xff, 0xff, 0x0, 0x9, 0xff,
    0x34, 0xff, 0x43, 0xff, 0x80, 0x0, 0x0, 0x9f,
    0xfb, 0x4, 0xff, 0x40, 0xbf, 0xf9, 0x0, 0x9e,
    0xff, 0xd1, 0x4, 0xff, 0x40, 0x1d, 0xff, 0xe9,
    0xff, 0xfa, 0x10, 0x4, 0xff, 0x40, 0x1, 0xaf,
    0xff, 0xe9, 0x30, 0x0, 0x4, 0xff, 0x40, 0x0,
    0x3, 0x9e, 0x0, 0x0, 0x0, 0x0, 0x0, 0x0,
    0x0, 0x0, 0x0,

    /* U+67D3 "染" */
    0xcf, 0xff, 0xf0, 0xdf, 0xff, 0xff, 0xff, 0xff,
    0xc0, 0x9, 0xdf, 0xff, 0xd, 0xff, 0xff, 0xff,
    0xff, 0xfc, 0x0, 0x42, 0x1, 0x30, 0x68, 0xdf,
    0xf8, 0x88, 0xef, 0xc0, 0xf, 0xff, 0xec, 0x0,
    0x1f, 0xfb, 0x0, 0xc, 0xfc, 0x0, 0xff, 0xff,
    0xf0, 0x7, 0xff, 0x50, 0x0, 0xcf, 0xc0, 0x6,
    0x8a, 0xbd, 0x0, 0xef, 0xe0, 0x0, 0xc, 0xfe,
    0x81, 0x24, 0x68, 0xa0, 0x8f, 0xf7, 0x0, 0x0,
    0xcf, 0xff, 0x3f, 0xff, 0xff, 0x4f, 0xfe, 0x0,
    0x0, 0xc, 0xff, 0xf3, 0xff, 0xfe, 0xc0, 0x1,
    0x43, 0x10, 0x0, 0x0, 0x0, 0x5, 0x31, 0x11,
    0x11, 0x5f, 0xf5, 0x11, 0x11, 0x11, 0x10, 0xff,
    0xff, 0xff, 0xff, 0xff, 0xff, 0xff, 0xff, 0xff,
    0xf, 0xff, 0xff, 0xff, 0xff, 0xff, 0xff, 0xff,
    0xff, 0xf0, 0x77, 0x79, 0xff, 0xb9, 0xff, 0xaa,
    0xff, 0x97, 0x77, 0x0, 0x0, 0xcf, 0xf2, 0x4f,
    0xf4, 0x2f, 0xfc, 0x0, 0x0, 0x2, 0xcf, 0xf9,
    0x4, 0xff, 0x40, 0x9f, 0xfc, 0x20, 0xc, 0xff,
    0xfb, 0x0, 0x4f, 0xf4, 0x0, 0xbf, 0xff, 0xc0,
    0xff, 0xf8, 0x0, 0x4, 0xff, 0x40, 0x0, 0x8f,
    0xff, 0xc, 0x71, 0x0, 0x0, 0x4f, 0xf4, 0x0,
    0x0, 0x17, 0xc0,

    /* U+67D4 "柔" */
    0x1, 0xff, 0xff, 0xff, 0xff, 0xff, 0xff, 0xff,
    0x70, 0x1, 0xff, 0xff, 0xff, 0xff, 0xff, 0xff,
    0xfb, 0x0, 0x0, 0x44, 0x59, 0x98, 0x44, 0x46,
    0xff, 0xd1, 0x0, 0x35, 0x55, 0x5d, 0xff, 0x75,
    0x5d, 0xff, 0x65, 0x55, 0xbf, 0xff, 0xff, 0xff,
    0xff, 0xff, 0xff, 0xff, 0xff, 0xbf, 0xff, 0xff,
    0xff, 0xff, 0xff, 0xff, 0xff, 0xff, 0x0, 0x4,
    0xff, 0x90, 0x11, 0xcf, 0xd0, 0x9, 0xff, 0x0,
    0x3f, 0xfd, 0x0, 0xff, 0xff, 0xd0, 0x5, 0xaa,
    0x4, 0xff, 0xe2, 0x0, 0xff, 0xff, 0xd0, 0x0,
    0x0, 0x3b, 0xbb, 0x30, 0x1, 0x99, 0x64, 0x30,
    0x0, 0x0, 0x44, 0x44, 0x44, 0x47, 0xff, 0x74,
    0x44, 0x44, 0x44, 0xff, 0xff, 0xff, 0xff, 0xff,
    0xff, 0xff, 0xff, 0xff, 0xff, 0xff, 0xff, 0xff,
    0xff, 0xff, 0xff, 0xff, 0xff, 0x22, 0x2c, 0xff,
    0x46, 0xff, 0x63, 0xff, 0xc2, 0x22, 0x1, 0xaf,
    0xfa, 0x4, 0xff, 0x40, 0xaf, 0xfa, 0x10, 0xaf,
    0xff, 0xc0, 0x4, 0xff, 0x40, 0xc, 0xff, 0xfa,
    0xff, 0xf9, 0x10, 0x4, 0xff, 0x40, 0x1, 0x9f,
    0xff, 0xe9, 0x30, 0x0, 0x4, 0xff, 0x40, 0x0,
    0x3, 0x9e, 0x0, 0x0, 0x0, 0x0, 0x0, 0x0,
    0x0, 0x0, 0x0,

    /* U+6807 "标" */
    0x0, 0x0, 0x7f, 0xf0, 0xc, 0xff, 0xff, 0xff,
    0xff, 0x30, 0x0, 0x0, 0x7f, 0xf0, 0xc, 0xff,
    0xff, 0xff, 0xff, 0x30, 0xf, 0xff, 0xff, 0xff,
    0x75, 0x77, 0x77, 0x77, 0x77, 0x10, 0xf, 0xff,
    0xff, 0xff, 0x70, 0x0, 0x0, 0x0, 0x0, 0x0,
    0x8, 0x88, 0xbf, 0xf8, 0x40, 0x0, 0x0, 0x0,
    0x0, 0x0, 0x2, 0xa9, 0x7f, 0xf0, 0xbe, 0xee,
    0xee, 0xee, 0xee, 0xe2, 0x4, 0xfd, 0x7f, 0xf0,
    0xcf, 0xff, 0xff, 0xff, 0xff, 0xf3, 0x4, 0xfd,
    0x7f, 0xf9, 0x68, 0x88, 0xbf, 0xf8, 0x88, 0x81,
    0x5, 0xfd, 0x7f, 0xff, 0x17, 0x71, 0x7f, 0xf1,
    0x55, 0x10, 0x6, 0xfc, 0x7f, 0xff, 0x3f, 0xf2,
    0x7f, 0xf1, 0xff, 0x50, 0x7, 0xfc, 0x7f, 0xf7,
    0x3f, 0xf1, 0x7f, 0xf0, 0xbf, 0x90, 0x8, 0xfb,
    0x7f, 0xf0, 0x4f, 0xf0, 0x7f, 0xf0, 0x8f, 0xc0,
    0xa, 0xf9, 0x7f, 0xf0, 0x6f, 0xe0, 0x7f, 0xf0,
    0x4f, 0xf0, 0xc, 0xf8, 0x7f, 0xf0, 0x9f, 0xc0,
    0x7f, 0xf0, 0x2f, 0xf1, 0xf, 0xf6, 0x7f, 0xf0,
    0xdf, 0x90, 0x7f, 0xf0, 0xf, 0xf3, 0x2f, 0xf4,
    0x7f, 0xf1, 0xff, 0x57, 0xbf, 0xf0, 0xf, 0xf4,
    0x4d, 0xd1, 0x7f, 0xf6, 0xff, 0x1f, 0xff, 0xf0,
    0xe, 0xf5, 0x0, 0x0, 0x7f, 0xf0, 0x0, 0xf,
    0xff, 0xf0, 0x2, 0x20,

    /* U+6821 "校" */
    0x0, 0x5, 0xff, 0x60, 0x0, 0x0, 0xcf, 0xf0,
    0x0, 0x0, 0x1, 0x16, 0xff, 0x61, 0xaf, 0xff,
    0xff, 0xff, 0xff, 0xc0, 0x2f, 0xff, 0xff, 0xff,
    0xdf, 0xff, 0xff, 0xff, 0xff, 0xd0, 0x2f, 0xff,
    0xff, 0xff, 0x89, 0x99, 0x99, 0x99, 0x99, 0x70,
    0x7, 0x79, 0xff, 0xa7, 0x10, 0x5a, 0x60, 0x4b,
    0x50, 0x0, 0x8, 0xa6, 0xff, 0x60, 0x9f, 0xff,
    0x70, 0x5f, 0xff, 0xa0, 0xc, 0xf8, 0xff, 0x60,
    0xef, 0xfe, 0x40, 0x3d, 0xff, 0xf0, 0xc, 0xf8,
    0xff, 0xf5, 0xc8, 0x30, 0x0, 0x0, 0x28, 0xd0,
    0xc, 0xf8, 0xff, 0xfe, 0x9, 0xeb, 0x0, 0x9,
    0xeb, 0x0, 0xd, 0xf8, 0xff, 0xfe, 0x7, 0xff,
    0x30, 0xf, 0xf9, 0x0, 0xd, 0xf8, 0xff, 0x79,
    0x2, 0xff, 0xa0, 0x7f, 0xf5, 0x0, 0xe, 0xf8,
    0xff, 0x60, 0x0, 0xbf, 0xf7, 0xff, 0xe0, 0x0,
    0xe, 0xf7, 0xff, 0x60, 0x0, 0x3f, 0xff, 0xff,
    0x60, 0x0, 0xf, 0xf6, 0xff, 0x60, 0x0, 0xb,
    0xff, 0xfe, 0x10, 0x0, 0x1f, 0xf4, 0xff, 0x60,
    0x3, 0xcf, 0xff, 0xff, 0xe5, 0x0, 0x4f, 0xf3,
    0xff, 0x60, 0xbf, 0xff, 0xe6, 0xdf, 0xff, 0xe2,
    0x6f, 0xc3, 0xff, 0x60, 0xef, 0xfa, 0x10, 0x7,
    0xff, 0xf3, 0x0, 0x3, 0xff, 0x60, 0xea, 0x30,
    0x0, 0x0, 0x18, 0xe3, 0x0, 0x0, 0x0, 0x0,
    0x0, 0x0, 0x0, 0x0, 0x0, 0x0,

    /* U+6837 "样" */
    0x0, 0x0, 0xaf, 0xc0, 0x0, 0x6e, 0xe0, 0x5,
    0xee, 0x10, 0x0, 0x0, 0xaf, 0xc0, 0x0, 0x4f,
    0xf4, 0x9, 0xfe, 0x0, 0xe, 0xff, 0xff, 0xff,
    0x5a, 0xdf, 0xfe, 0xdf, 0xff, 0xd3, 0xf, 0xff,
    0xff, 0xff, 0x6c, 0xff, 0xff, 0xff, 0xff, 0xf4,
    0x8, 0x88, 0xcf, 0xe8, 0x37, 0x99, 0xaf, 0xfd,
    0x99, 0x92, 0x2, 0xa9, 0x8f, 0xd0, 0x0, 0x0,
    0x2f, 0xfa, 0x0, 0x0, 0x4, 0xfd, 0x8f, 0xd0,
    0x0, 0x0, 0x2f, 0xfa, 0x0, 0x0, 0x4, 0xfd,
    0x8f, 0xfb, 0x22, 0xee, 0xef, 0xff, 0xee, 0x90,
    0x4, 0xfd, 0x8f, 0xff, 0x92, 0xff, 0xff, 0xff,
    0xff, 0xa0, 0x5, 0xfc, 0x8f, 0xff, 0x91, 0x88,
    0x9f, 0xfd, 0x88, 0x50, 0x7, 0xfc, 0x8f, 0xd4,
    0x70, 0x0, 0x2f, 0xfa, 0x0, 0x0, 0x8, 0xfb,
    0x8f, 0xd0, 0x0, 0x0, 0x2f, 0xfa, 0x0, 0x0,
    0xa, 0xfa, 0x8f, 0xd0, 0x1b, 0xbb, 0xcf, 0xfe,
    0xbb, 0xb7, 0xc, 0xf8, 0x8f, 0xd0, 0x2f, 0xff,
    0xff, 0xff, 0xff, 0xfa, 0xe, 0xf6, 0x8f, 0xd0,
    0x1b, 0xbb, 0xcf, 0xfe, 0xbb, 0xb7, 0x1f, 0xf4,
    0x8f, 0xd0, 0x0, 0x0, 0x2f, 0xfa, 0x0, 0x0,
    0x3f, 0xf1, 0x8f, 0xd0, 0x0, 0x0, 0x2f, 0xfa,
    0x0, 0x0, 0x0, 0x0, 0x8f, 0xd0, 0x0, 0x0,
    0x2f, 0xfa, 0x0, 0x0, 0x0, 0x0, 0x0, 0x0,
    0x0, 0x0, 0x1, 0x10, 0x0, 0x0,

    /* U+6848 "案" */
    0xb, 0xff, 0xff, 0xff, 0xff, 0xff, 0xff, 0xff,
    0xff, 0xb0, 0xb, 0xff, 0xff, 0xff, 0xff, 0xff,
    0xff, 0xff, 0xff, 0xb0, 0xb, 0xfe, 0x44, 0x56,
    0x66, 0x44, 0x44, 0x44, 0xef, 0xb0, 0x1, 0x21,
    0x0, 0xaf, 0xf6, 0x0, 0x0, 0x0, 0x12, 0x10,
    0x1f, 0xff, 0xff, 0xff, 0xff, 0xff, 0xff, 0xff,
    0xff, 0xf1, 0x2f, 0xff, 0xff, 0xff, 0xff, 0xff,
    0xff, 0xff, 0xff, 0xf2, 0x4, 0x44, 0xef, 0xf9,
    0x43, 0x33, 0xaf, 0xfe, 0x54, 0x40, 0x0, 0x7,
    0xff, 0xff, 0xfc, 0x8c, 0xff, 0xe3, 0x0, 0x0,
    0x0, 0x0, 0x17, 0xdf, 0xff, 0xff, 0xff, 0xb5,
    0x10, 0x0, 0x5, 0xee, 0xff, 0xff, 0xff, 0xfd,
    0xff, 0xff, 0xfc, 0x20, 0x6, 0xff, 0xff, 0xfd,
    0x96, 0x10, 0x15, 0x9d, 0xff, 0x40, 0x2, 0x54,
    0x42, 0x0, 0x3c, 0xc3, 0x0, 0x0, 0x15, 0x20,
    0xd, 0xdd, 0xdd, 0xdd, 0xef, 0xfe, 0xdd, 0xdd,
    0xdd, 0xd0, 0xf, 0xff, 0xff, 0xff, 0xff, 0xff,
    0xff, 0xff, 0xff, 0xf0, 0x8, 0x8b, 0xff, 0xb8,
    0xaf, 0xfa, 0x8b, 0xff, 0xb8, 0x80, 0x0, 0x1e,
    0xfe, 0x10, 0x4f, 0xf4, 0x1, 0xef, 0xe1, 0x0,
    0x0, 0xcf, 0xf4, 0x0, 0x4f, 0xf4, 0x0, 0x4f,
    0xfc, 0x0, 0xb, 0xff, 0x70, 0x0, 0x4f, 0xf4,
    0x0, 0x7, 0xff, 0xb0,

    /* U+690D "植" */
    0x0, 0x0, 0x0, 0x0, 0x0, 0x0, 0x11, 0x0,
    0x0, 0x0, 0x0, 0x7, 0xff, 0x40, 0x22, 0x22,
    0xff, 0xa2, 0x22, 0x10, 0x0, 0x7, 0xff, 0x40,
    0xff, 0xff, 0xff, 0xff, 0xff, 0xc0, 0x1f, 0xff,
    0xff, 0xfe, 0xff, 0xff, 0xff, 0xff, 0xff, 0xc0,
    0x2f, 0xff, 0xff, 0xfe, 0x22, 0x22, 0xff, 0xa2,
    0x22, 0x10, 0x18, 0x8b, 0xff, 0xb8, 0x3c, 0xcc,
    0xff, 0xec, 0xca, 0x0, 0x8, 0xa8, 0xff, 0x50,
    0x4f, 0xff, 0xff, 0xff, 0xfd, 0x0, 0xc, 0xfa,
    0xff, 0x50, 0x4f, 0xf6, 0x22, 0x2c, 0xfd, 0x0,
    0xc, 0xfa, 0xff, 0xe3, 0x4f, 0xfe, 0xdd, 0xdf,
    0xfd, 0x0, 0xc, 0xfa, 0xff, 0xfb, 0x4f, 0xff,
    0xff, 0xff, 0xfd, 0x0, 0xd, 0xfa, 0xff, 0xfb,
    0x4f, 0xf5, 0x11, 0x1b, 0xfd, 0x0, 0xd, 0xfa,
    0xff, 0x67, 0x4f, 0xff, 0xff, 0xff, 0xfd, 0x0,
    0xe, 0xfa, 0xff, 0x50, 0x4f, 0xfd, 0xcc, 0xcf,
    0xfd, 0x0, 0xe, 0xf9, 0xff, 0x50, 0x4f, 0xf7,
    0x44, 0x4c, 0xfd, 0x0, 0xf, 0xf8, 0xff, 0x50,
    0x4f, 0xff, 0xff, 0xff, 0xfd, 0x0, 0x1f, 0xf6,
    0xff, 0x50, 0x4f, 0xfb, 0x99, 0x9e, 0xfd, 0x0,
    0x4f, 0xf5, 0xff, 0x54, 0xcf, 0xf9, 0x77, 0x7d,
    0xff, 0xb2, 0x6f, 0xc5, 0xff, 0x56, 0xff, 0xff,
    0xff, 0xff, 0xff, 0xf4, 0x0, 0x5, 0xff, 0x55,
    0xdd, 0xdd, 0xdd, 0xdd, 0xdd, 0xd3,

    /* U+6A21 "模" */
    0x0, 0x6, 0xff, 0x30, 0x27, 0xff, 0x33, 0x3b,
    0xfb, 0x30, 0x0, 0x6, 0xff, 0x30, 0xbf, 0xff,
    0xff, 0xff, 0xff, 0xf1, 0xd, 0xde, 0xff, 0xed,
    0xbf, 0xff, 0xff, 0xff, 0xff, 0xf1, 0x1f, 0xff,
    0xff, 0xff, 0x5, 0xee, 0x0, 0xa, 0xe9, 0x0,
    0x9, 0x9b, 0xff, 0xa9, 0x3c, 0xcc, 0xcc, 0xcc,
    0xcc, 0x70, 0x7, 0xa6, 0xff, 0x40, 0x4f, 0xff,
    0xff, 0xff, 0xff, 0x90, 0xb, 0xf7, 0xff, 0x40,
    0x4f, 0xe2, 0x22, 0x22, 0xaf, 0x90, 0xb, 0xf7,
    0xff, 0xe3, 0x4f, 0xff, 0xff, 0xff, 0xff, 0x90,
    0xb, 0xf7, 0xff, 0xfb, 0x4f, 0xf8, 0x88, 0x88,
    0xcf, 0x90, 0xc, 0xf7, 0xff, 0xfb, 0x4f, 0xf9,
    0x99, 0x99, 0xdf, 0x90, 0xc, 0xf7, 0xff, 0x57,
    0x4f, 0xff, 0xff, 0xff, 0xff, 0x90, 0xd, 0xf7,
    0xff, 0x40, 0x14, 0x44, 0xbf, 0xf4, 0x44, 0x20,
    0xd, 0xf6, 0xff, 0x40, 0xff, 0xff, 0xff, 0xff,
    0xff, 0xf2, 0xf, 0xf5, 0xff, 0x40, 0xff, 0xff,
    0xff, 0xff, 0xff, 0xf2, 0xf, 0xf4, 0xff, 0x40,
    0x11, 0x4c, 0xff, 0xfd, 0x51, 0x10, 0x3f, 0xd4,
    0xff, 0x40, 0x5b, 0xff, 0xfb, 0xff, 0xfb, 0x60,
    0x5f, 0xa4, 0xff, 0x42, 0xff, 0xfd, 0x40, 0x3c,
    0xff, 0xf5, 0x0, 0x4, 0xff, 0x42, 0xfa, 0x40,
    0x0, 0x0, 0x39, 0xe5, 0x0, 0x0, 0x0, 0x0,
    0x0, 0x0, 0x0, 0x0, 0x0, 0x0,

    /* U+6B21 "次" */
    0x1, 0x11, 0x0, 0x0, 0x7f, 0xf6, 0x0, 0x0,
    0x0, 0x0, 0xc, 0xff, 0x10, 0x0, 0x9f, 0xfe,
    0xdd, 0xdd, 0xdd, 0xc0, 0x4, 0xff, 0x80, 0x0,
    0xcf, 0xff, 0xff, 0xff, 0xff, 0xc0, 0x0, 0xcf,
    0xf1, 0x0, 0xff, 0xff, 0xff, 0xff, 0xff, 0xa0,
    0x0, 0x4f, 0xf8, 0x4, 0xff, 0xb1, 0x22, 0x5,
    0xff, 0x70, 0x0, 0xc, 0xff, 0x19, 0xff, 0x6c,
    0xff, 0x1a, 0xff, 0x20, 0x0, 0x0, 0x11, 0xf,
    0xff, 0x1c, 0xff, 0x1f, 0xfe, 0x0, 0x0, 0x4,
    0xaa, 0x30, 0x0, 0xc, 0xff, 0x10, 0x0, 0x0,
    0x0, 0x9, 0xff, 0x20, 0x0, 0xc, 0xff, 0x10,
    0x0, 0x0, 0x0, 0xd, 0xfe, 0x0, 0x0, 0xd,
    0xff, 0x0, 0x0, 0x0, 0x0, 0x1f, 0xfb, 0x0,
    0x0, 0xf, 0xff, 0xb0, 0x0, 0x0, 0x0, 0x6f,
    0xf7, 0x0, 0x0, 0x4f, 0xff, 0xfc, 0x0, 0x0,
    0x0, 0xbf, 0xf2, 0x0, 0x0, 0xcf, 0xff, 0xff,
    0xa0, 0x0, 0x0, 0xff, 0xd0, 0x0, 0x1b, 0xff,
    0xd2, 0xef, 0xf7, 0x0, 0x5, 0xff, 0x80, 0x28,
    0xff, 0xff, 0x40, 0x3f, 0xff, 0x10, 0xb, 0xff,
    0x30, 0xef, 0xff, 0xf5, 0x0, 0x9, 0xff, 0x70,
    0x1f, 0xfe, 0x0, 0xef, 0xfc, 0x30, 0x0, 0x1,
    0xff, 0xc0, 0x0, 0x0, 0x0, 0xec, 0x50, 0x0,
    0x0, 0x0, 0xdf, 0xf0, 0x0, 0x0, 0x0, 0x10,
    0x0, 0x0, 0x0, 0x0, 0x0, 0x0,

    /* U+6B22 "欢" */
    0x0, 0x0, 0x0, 0x0, 0x0, 0xdf, 0xc0, 0x0,
    0x0, 0x0, 0xa, 0xff, 0xff, 0xff, 0x70, 0xff,
    0xff, 0xff, 0xff, 0xf1, 0xb, 0xff, 0xff, 0xff,
    0x72, 0xff, 0xff, 0xff, 0xff, 0xe0, 0x7, 0xfe,
    0x66, 0xff, 0x55, 0xff, 0xa9, 0x99, 0xff, 0xc0,
    0x5, 0xfe, 0x1, 0xff, 0x4a, 0xff, 0x23, 0x31,
    0xff, 0x80, 0x4, 0xff, 0x2, 0xff, 0x3f, 0xfc,
    0x9f, 0xf7, 0xff, 0x40, 0x3, 0xff, 0x5, 0xff,
    0x39, 0x94, 0x9f, 0xf7, 0x99, 0x0, 0x1, 0xff,
    0x19, 0xfd, 0x0, 0x0, 0x9f, 0xf1, 0x0, 0x0,
    0x0, 0xff, 0x3d, 0xf9, 0x0, 0x0, 0x9f, 0xf0,
    0x0, 0x0, 0x0, 0xcf, 0xbf, 0xf4, 0x0, 0x0,
    0xbf, 0xf0, 0x0, 0x0, 0x0, 0x7f, 0xff, 0xe0,
    0x0, 0x0, 0xdf, 0xf8, 0x0, 0x0, 0x0, 0x1f,
    0xff, 0x70, 0x0, 0x2, 0xff, 0xff, 0x70, 0x0,
    0x0, 0x1e, 0xff, 0x20, 0x0, 0x8, 0xff, 0xff,
    0xf3, 0x0, 0x1, 0xcf, 0xff, 0xc1, 0x0, 0x3f,
    0xfe, 0x5f, 0xfc, 0x0, 0xd, 0xff, 0xdf, 0xfd,
    0x7, 0xff, 0xf6, 0x9, 0xff, 0x30, 0xf, 0xfb,
    0x9, 0xff, 0x9f, 0xff, 0x80, 0x1, 0xff, 0x90,
    0xf, 0xb0, 0x0, 0x9f, 0xaf, 0xf7, 0x0, 0x0,
    0xcf, 0xd0, 0x9, 0x0, 0x0, 0x5, 0x9a, 0x20,
    0x0, 0x0, 0x9f, 0xf0, 0x0, 0x0, 0x0, 0x0,
    0x0, 0x0, 0x0, 0x0, 0x0, 0x0,

    /* U+6B3E "款" */
    0x0, 0x0, 0x0, 0x0, 0x0, 0x1, 0x33, 0x0,
    0x0, 0x0, 0x1, 0x11, 0x9f, 0xf1, 0x11, 0x6,
    0xff, 0x53, 0x33, 0x30, 0xf, 0xff, 0xff, 0xff,
    0xff, 0x48, 0xff, 0xff, 0xff, 0xf2, 0xf, 0xff,
    0xff, 0xff, 0xff, 0x4b, 0xff, 0xff, 0xff, 0xf0,
    0x4, 0x44, 0xaf, 0xf4, 0x44, 0x1f, 0xfc, 0x66,
    0xcf, 0xd0, 0x4, 0x66, 0xbf, 0xf6, 0x65, 0x4f,
    0xf6, 0x0, 0xef, 0x90, 0xa, 0xff, 0xff, 0xff,
    0xfe, 0xaf, 0xf1, 0x3, 0xff, 0x40, 0x9, 0xff,
    0xff, 0xff, 0xfd, 0x56, 0x5a, 0xa7, 0x66, 0x0,
    0x1, 0x55, 0x55, 0x55, 0x54, 0x0, 0x1f, 0xf7,
    0x0, 0x0, 0x5, 0xff, 0xff, 0xff, 0xfc, 0x0,
    0x1f, 0xf7, 0x0, 0x0, 0x4, 0xee, 0xee, 0xee,
    0xeb, 0x0, 0x1f, 0xf7, 0x0, 0x0, 0x5, 0x55,
    0x55, 0x55, 0x55, 0x20, 0x1f, 0xf7, 0x0, 0x0,
    0xf, 0xff, 0xff, 0xff, 0xff, 0x80, 0x3f, 0xff,
    0x40, 0x0, 0xe, 0xee, 0xff, 0xfe, 0xee, 0x70,
    0x5f, 0xff, 0xf4, 0x0, 0x5, 0xb6, 0x5f, 0xf1,
    0x43, 0x0, 0x9f, 0xdd, 0xfe, 0x10, 0x8, 0xf8,
    0x5f, 0xf1, 0xff, 0x0, 0xef, 0x72, 0xff, 0x70,
    0x9, 0xf7, 0x5f, 0xf0, 0xdf, 0x26, 0xff, 0x20,
    0x9f, 0xd0, 0xc, 0xf5, 0x5f, 0xf0, 0xbf, 0x5e,
    0xf9, 0x0, 0x3f, 0xf2, 0xc, 0xd2, 0x5f, 0xf0,
    0xaf, 0xef, 0xe1, 0x0, 0xf, 0xf5,

    /* U+6B4C "歌" */
    0xf, 0xff, 0xff, 0xff, 0xff, 0x84, 0xff, 0x86,
    0x66, 0x61, 0xf, 0xff, 0xff, 0xff, 0xff, 0x87,
    0xff, 0xff, 0xff, 0xf2, 0x1, 0x22, 0x22, 0x19,
    0xfd, 0xa, 0xff, 0xff, 0xff, 0xf0, 0x8, 0xff,
    0xff, 0xc9, 0xfd, 0xe, 0xfd, 0x88, 0xcf, 0xd0,
    0x8, 0xfd, 0xbf, 0xc9, 0xfd, 0x3f, 0xf7, 0x0,
    0xdf, 0x90, 0x8, 0xf7, 0x3f, 0xc9, 0xfd, 0x9f,
    0xf2, 0x2, 0xff, 0x50, 0x8, 0xff, 0xff, 0xc9,
    0xfd, 0x56, 0x5a, 0xa7, 0x66, 0x10, 0x5, 0xaa,
    0xaa, 0x89, 0xfd, 0x0, 0xf, 0xf8, 0x0, 0x0,
    0x1c, 0xcc, 0xcc, 0xce, 0xff, 0xb0, 0xf, 0xf8,
    0x0, 0x0, 0x2f, 0xff, 0xff, 0xff, 0xff, 0xe0,
    0xf, 0xf8, 0x0, 0x0, 0x6, 0x77, 0x77, 0x6b,
    0xfe, 0x40, 0x1f, 0xf8, 0x0, 0x0, 0x8, 0xff,
    0xff, 0xc9, 0xfd, 0x0, 0x2f, 0xff, 0x50, 0x0,
    0x8, 0xfc, 0xaf, 0xc9, 0xfd, 0x0, 0x5f, 0xff,
    0xf4, 0x0, 0x8, 0xf7, 0x3f, 0xc9, 0xfd, 0x0,
    0xaf, 0xee, 0xfe, 0x10, 0x8, 0xff, 0xff, 0xc9,
    0xfd, 0x1, 0xff, 0x93, 0xff, 0x80, 0x5, 0xaa,
    0xab, 0x99, 0xfd, 0x9, 0xff, 0x30, 0x9f, 0xe0,
    0x0, 0x0, 0xa, 0xff, 0xfd, 0x4f, 0xfa, 0x0,
    0x3f, 0xf3, 0x0, 0x0, 0xa, 0xff, 0xfe, 0xef,
    0xf1, 0x0, 0xe, 0xf6,

    /* U+6B63 "正" */
    0x6f, 0xff, 0xff, 0xff, 0xff, 0xff, 0xff, 0xff,
    0xf6, 0x6f, 0xff, 0xff, 0xff, 0xff, 0xff, 0xff,
    0xff, 0xf6, 0x39, 0x99, 0x99, 0x99, 0xef, 0xf9,
    0x99, 0x99, 0x93, 0x0, 0x0, 0x0, 0x0, 0xbf,
    0xd0, 0x0, 0x0, 0x0, 0x0, 0x0, 0x0, 0x0,
    0xbf, 0xd0, 0x0, 0x0, 0x0, 0x0, 0x9a, 0x60,
    0x0, 0xbf, 0xd0, 0x0, 0x0, 0x0, 0x0, 0xef,
    0xa0, 0x0, 0xbf, 0xd0, 0x0, 0x0, 0x0, 0x0,
    0xef, 0xa0, 0x0, 0xbf, 0xff, 0xff, 0xff, 0x90,
    0x0, 0xef, 0xa0, 0x0, 0xbf, 0xff, 0xff, 0xff,
    0xa0, 0x0, 0xef, 0xa0, 0x0, 0xbf, 0xfa, 0xaa,
    0xaa, 0x60, 0x0, 0xef, 0xa0, 0x0, 0xbf, 0xd0,
    0x0, 0x0, 0x0, 0x0, 0xef, 0xa0, 0x0, 0xbf,
    0xd0, 0x0, 0x0, 0x0, 0x0, 0xef, 0xa0, 0x0,
    0xbf, 0xd0, 0x0, 0x0, 0x0, 0x0, 0xef, 0xa0,
    0x0, 0xbf, 0xd0, 0x0, 0x0, 0x0, 0x0, 0xef,
    0xa0, 0x0, 0xbf, 0xd0, 0x0, 0x0, 0x0, 0x99,
    0xff, 0xd9, 0x99, 0xef, 0xf9, 0x99, 0x99, 0x99,
    0xff, 0xff, 0xff, 0xff, 0xff, 0xff, 0xff, 0xff,
    0xff, 0xff, 0xff, 0xff, 0xff, 0xff, 0xff, 0xff,
    0xff, 0xff,

    /* U+6BB5 "段" */
    0x0, 0x0, 0x1, 0x23, 0x30, 0x0, 0x0, 0x0,
    0x0, 0x0, 0x7f, 0xff, 0xff, 0xfe, 0x7, 0xff,
    0xff, 0xff, 0xb0, 0x7, 0xff, 0xff, 0xff, 0xe0,
    0x7f, 0xff, 0xff, 0xfb, 0x0, 0x7f, 0xf8, 0x76,
    0x54, 0x8, 0xff, 0x99, 0xef, 0xb0, 0x7, 0xff,
    0x10, 0x0, 0x0, 0x9f, 0xe0, 0xd, 0xfb, 0x0,
    0x7f, 0xfa, 0xaa, 0xa1, 0xd, 0xfc, 0x0, 0xdf,
    0xc4, 0x7, 0xff, 0xff, 0xff, 0x22, 0xff, 0x70,
    0xd, 0xff, 0xe0, 0x7f, 0xfd, 0xdd, 0xd2, 0xbf,
    0xf2, 0x0, 0xdf, 0xfe, 0x7, 0xff, 0x10, 0x0,
    0x2, 0x77, 0x66, 0x68, 0x88, 0x40, 0x7f, 0xf7,
    0x66, 0x61, 0xf, 0xff, 0xff, 0xff, 0xf5, 0x7,
    0xff, 0xff, 0xff, 0x20, 0xdf, 0xff, 0xff, 0xff,
    0x10, 0x7f, 0xff, 0xff, 0xf2, 0x8, 0xff, 0x20,
    0xdf, 0xc0, 0x7, 0xff, 0x10, 0x0, 0x0, 0x2f,
    0xf9, 0x5f, 0xf6, 0x0, 0x7f, 0xf1, 0x0, 0x0,
    0x0, 0xbf, 0xff, 0xfe, 0x0, 0x19, 0xff, 0x9a,
    0xbd, 0xa0, 0x2, 0xff, 0xff, 0x50, 0x7, 0xff,
    0xff, 0xff, 0xfb, 0x0, 0x6f, 0xff, 0xf9, 0x10,
    0x7f, 0xff, 0xfe, 0xcb, 0x65, 0xef, 0xff, 0xff,
    0xff, 0x92, 0xaf, 0xf1, 0x0, 0x0, 0xaf, 0xfe,
    0x52, 0xcf, 0xfe, 0x7, 0xff, 0x10, 0x0, 0xa,
    0xd7, 0x0, 0x0, 0x5b, 0xe0, 0x0, 0x0, 0x0,
    0x0, 0x10, 0x0, 0x0, 0x0, 0x1,

    /* U+6BCF "每" */
    0x0, 0x7, 0xff, 0xff, 0xff, 0xff, 0xff, 0xff,
    0xff, 0x40, 0x0, 0x1e, 0xff, 0xff, 0xff, 0xff,
    0xff, 0xff, 0xff, 0x40, 0x0, 0xbf, 0xf9, 0x88,
    0x88, 0x88, 0x88, 0x88, 0x88, 0x20, 0xb, 0xff,
    0xa0, 0x0, 0x0, 0x0, 0x0, 0x0, 0x0, 0x0,
    0xf, 0xfd, 0xff, 0xff, 0xff, 0xff, 0xff, 0xff,
    0xf6, 0x0, 0xf, 0xb3, 0xff, 0xff, 0xff, 0xff,
    0xff, 0xff, 0xf7, 0x0, 0x4, 0x4, 0xff, 0x97,
    0x77, 0x77, 0x77, 0x7f, 0xf8, 0x0, 0x0, 0x6,
    0xff, 0x30, 0xe, 0xe7, 0x0, 0xf, 0xf8, 0x0,
    0x0, 0x8, 0xff, 0x10, 0xd, 0xfb, 0x0, 0xf,
    0xf9, 0x0, 0x17, 0x7c, 0xff, 0x77, 0x7d, 0xfe,
    0x77, 0x7f, 0xfc, 0x74, 0x3f, 0xff, 0xff, 0xff,
    0xff, 0xff, 0xff, 0xff, 0xff, 0xfa, 0x3f, 0xff,
    0xff, 0xff, 0xff, 0xff, 0xff, 0xff, 0xff, 0xfa,
    0x0, 0x1f, 0xfa, 0x0, 0x0, 0x0, 0x0, 0xd,
    0xfb, 0x0, 0x0, 0x2f, 0xf8, 0x0, 0xf, 0xf8,
    0x0, 0xc, 0xfc, 0x0, 0x0, 0x4f, 0xf7, 0x0,
    0xc, 0xfb, 0x0, 0xc, 0xfc, 0x0, 0x0, 0x6f,
    0xfa, 0x66, 0x6c, 0xfe, 0x66, 0x6d, 0xfd, 0x0,
    0x0, 0x8f, 0xff, 0xff, 0xff, 0xff, 0xff, 0xff,
    0xfe, 0x0, 0x0, 0xaf, 0xff, 0xff, 0xff, 0xff,
    0xff, 0xff, 0xfe, 0x0,

    /* U+6BD4 "比" */
    0x0, 0xbf, 0xe0, 0x0, 0x0, 0x9, 0xff, 0x10,
    0x0, 0x0, 0x0, 0xbf, 0xe0, 0x0, 0x0, 0x9,
    0xff, 0x10, 0x0, 0x0, 0x0, 0xbf, 0xe0, 0x0,
    0x0, 0x9, 0xff, 0x10, 0x0, 0x0, 0x0, 0xbf,
    0xe0, 0x0, 0x0, 0x9, 0xff, 0x10, 0x0, 0x30,
    0x0, 0xbf, 0xe0, 0x0, 0x0, 0x9, 0xff, 0x25,
    0x9e, 0xf0, 0x0, 0xbf, 0xfa, 0xaa, 0xa9, 0x9,
    0xff, 0xff, 0xff, 0xf0, 0x0, 0xbf, 0xff, 0xff,
    0xfd, 0x9, 0xff, 0xff, 0xfd, 0x80, 0x0, 0xbf,
    0xff, 0xff, 0xfd, 0x9, 0xff, 0x95, 0x20, 0x0,
    0x0, 0xbf, 0xe0, 0x0, 0x0, 0x9, 0xff, 0x10,
    0x0, 0x0, 0x0, 0xbf, 0xe0, 0x0, 0x0, 0x9,
    0xff, 0x10, 0x0, 0x0, 0x0, 0xbf, 0xe0, 0x0,
    0x0, 0x9, 0xff, 0x10, 0x0, 0x0, 0x0, 0xbf,
    0xe0, 0x0, 0x0, 0x9, 0xff, 0x10, 0x0, 0x0,
    0x0, 0xbf, 0xe0, 0x0, 0x0, 0x9, 0xff, 0x10,
    0x0, 0x0, 0x0, 0xbf, 0xe0, 0x0, 0x0, 0x9,
    0xff, 0x10, 0x0, 0x0, 0x0, 0xbf, 0xe3, 0x69,
    0xcf, 0x29, 0xff, 0x10, 0x0, 0x0, 0x18, 0xef,
    0xff, 0xff, 0xff, 0x29, 0xff, 0xaa, 0xaa, 0xa2,
    0x3f, 0xff, 0xff, 0xff, 0xeb, 0x19, 0xff, 0xff,
    0xff, 0xf3, 0x3f, 0xfc, 0x96, 0x41, 0x0, 0x9,
    0xff, 0xff, 0xff, 0xf3, 0x2, 0x0, 0x0, 0x0,
    0x0, 0x0, 0x0, 0x0, 0x0, 0x0,

    /* U+6C14 "气" */
    0x0, 0xb, 0xff, 0xff, 0xff, 0xff, 0xff, 0xff,
    0xf7, 0x0, 0x4, 0xff, 0xff, 0xff, 0xff, 0xff,
    0xff, 0xff, 0x70, 0x2, 0xef, 0xf7, 0x77, 0x77,
    0x77, 0x77, 0x77, 0x73, 0x5, 0xef, 0xfa, 0x0,
    0x0, 0x0, 0x0, 0x0, 0x0, 0x0, 0xef, 0xff,
    0xff, 0xff, 0xff, 0xff, 0xff, 0xff, 0xe0, 0xe,
    0xf9, 0xcf, 0xff, 0xff, 0xff, 0xff, 0xff, 0xfe,
    0x0, 0x93, 0x4, 0x66, 0x66, 0x66, 0x66, 0x66,
    0x66, 0x50, 0x0, 0x0, 0x0, 0x0, 0x0, 0x0,
    0x0, 0x0, 0x0, 0x0, 0x4, 0xff, 0xff, 0xff,
    0xff, 0xff, 0xff, 0xff, 0x70, 0x0, 0x4f, 0xff,
    0xff, 0xff, 0xff, 0xff, 0xff, 0xf7, 0x0, 0x1,
    0x77, 0x77, 0x77, 0x77, 0x77, 0x79, 0xff, 0x70,
    0x0, 0x0, 0x0, 0x0, 0x0, 0x0, 0x0, 0x3f,
    0xf8, 0x0, 0x0, 0x0, 0x0, 0x0, 0x0, 0x0,
    0x3, 0xff, 0x90, 0x0, 0x0, 0x0, 0x0, 0x0,
    0x0, 0x0, 0x1f, 0xfb, 0x0, 0x0, 0x0, 0x0,
    0x0, 0x0, 0x0, 0x0, 0xff, 0xe0, 0x0, 0x0,
    0x0, 0x0, 0x0, 0x0, 0x0, 0xb, 0xff, 0x40,
    0x0, 0x0, 0x0, 0x0, 0x0, 0x0, 0x0, 0x6f,
    0xfa, 0x0, 0x0, 0x0, 0x0, 0x0, 0x0, 0x0,
    0x0, 0xef, 0xf3,

    /* U+6C34 "水" */
    0x0, 0x0, 0x0, 0x0, 0xf, 0xfa, 0x0, 0x0,
    0x0, 0x0, 0x0, 0x0, 0x0, 0x0, 0xf, 0xfa,
    0x0, 0x0, 0xbd, 0x80, 0x0, 0x0, 0x0, 0x0,
    0xf, 0xfa, 0x0, 0x6, 0xff, 0x40, 0xe, 0xee,
    0xee, 0xee, 0x3f, 0xfa, 0x0, 0x4f, 0xfd, 0x0,
    0xf, 0xff, 0xff, 0xff, 0x1f, 0xfa, 0x1a, 0xff,
    0xf2, 0x0, 0xb, 0xbb, 0xbe, 0xfe, 0xf, 0xfa,
    0x5f, 0xfe, 0x30, 0x0, 0x0, 0x0, 0xd, 0xfb,
    0xf, 0xfc, 0x7e, 0x81, 0x0, 0x0, 0x0, 0x0,
    0x1f, 0xf7, 0xf, 0xff, 0xf6, 0x0, 0x0, 0x0,
    0x0, 0x0, 0x6f, 0xf2, 0xf, 0xff, 0xff, 0x80,
    0x0, 0x0, 0x0, 0x0, 0xcf, 0xe0, 0xf, 0xfe,
    0xff, 0xf9, 0x0, 0x0, 0x0, 0x1, 0xff, 0x90,
    0xf, 0xfa, 0x4e, 0xff, 0x60, 0x0, 0x0, 0x7,
    0xff, 0x30, 0xf, 0xfa, 0x3, 0xff, 0xf2, 0x0,
    0x0, 0xe, 0xfd, 0x0, 0xf, 0xfa, 0x0, 0x5f,
    0xfa, 0x0, 0x0, 0x6f, 0xf7, 0x0, 0xf, 0xfa,
    0x0, 0xc, 0xff, 0x10, 0x0, 0xdf, 0xf1, 0x0,
    0xf, 0xfa, 0x0, 0x5, 0xff, 0x70, 0x7, 0xff,
    0x80, 0x59, 0x9f, 0xfa, 0x0, 0x0, 0xff, 0xc0,
    0x1e, 0xff, 0x10, 0xaf, 0xff, 0xfa, 0x0, 0x0,
    0xbf, 0xf0, 0x1, 0x10, 0x0, 0xaf, 0xff, 0xfa,
    0x0, 0x0, 0x1, 0x10,

    /* U+6C42 "求" */
    0x0, 0x0, 0x0, 0x0, 0x3f, 0xf5, 0x7, 0xcc,
    0x0, 0x0, 0x0, 0x0, 0x0, 0x3, 0xff, 0x50,
    0x4f, 0xf4, 0x0, 0xc, 0xff, 0xff, 0xff, 0xff,
    0xff, 0xff, 0xff, 0xff, 0x50, 0xdf, 0xff, 0xff,
    0xff, 0xff, 0xff, 0xff, 0xff, 0xf6, 0x7, 0x99,
    0x99, 0x99, 0xaf, 0xfb, 0x99, 0x99, 0x99, 0x30,
    0x12, 0x0, 0x0, 0x3, 0xff, 0x50, 0x0, 0x0,
    0x10, 0x3, 0xfc, 0x61, 0x0, 0x3f, 0xf5, 0x0,
    0x16, 0xcc, 0x0, 0x3f, 0xff, 0xe0, 0x3, 0xff,
    0x50, 0x4f, 0xff, 0xc0, 0x1, 0x8e, 0xff, 0x0,
    0x3f, 0xf5, 0x6, 0xff, 0xf8, 0x0, 0x0, 0x5,
    0xdd, 0xc4, 0xff, 0xd3, 0x5b, 0x50, 0x0, 0x0,
    0x0, 0x1f, 0xfa, 0x3f, 0xff, 0xf9, 0x0, 0x0,
    0x0, 0x0, 0x9, 0xff, 0x33, 0xff, 0xff, 0xfa,
    0x0, 0x0, 0x0, 0x5, 0xff, 0x90, 0x3f, 0xf7,
    0xbf, 0xfb, 0x0, 0x0, 0x4, 0xff, 0xe0, 0x3,
    0xff, 0x50, 0xaf, 0xf8, 0x0, 0x7, 0xff, 0xf3,
    0x0, 0x3f, 0xf5, 0x0, 0xbf, 0xf3, 0x3, 0xff,
    0xf4, 0x6, 0x89, 0xff, 0x50, 0x1, 0xff, 0xd0,
    0x3f, 0xe4, 0x0, 0xdf, 0xff, 0xf5, 0x0, 0x7,
    0xff, 0x43, 0xb1, 0x0, 0xd, 0xff, 0xff, 0x50,
    0x0, 0x1f, 0xfc, 0x0, 0x0, 0x0, 0x0, 0x0,
    0x0, 0x0, 0x0, 0x0, 0x0,

    /* U+6C60 "池" */
    0x7, 0x84, 0x0, 0x0, 0x11, 0x5, 0xff, 0x20,
    0x0, 0x0, 0x9, 0xff, 0xf9, 0x4, 0xff, 0x35,
    0xff, 0x20, 0x0, 0x0, 0x8, 0xff, 0xfb, 0x4,
    0xff, 0x35, 0xff, 0x23, 0x8e, 0x0, 0x0, 0x26,
    0xaa, 0x4, 0xff, 0x35, 0xff, 0xef, 0xff, 0x0,
    0x0, 0x0, 0x0, 0x4, 0xff, 0x9d, 0xff, 0xff,
    0xff, 0x0, 0xf, 0xc8, 0x41, 0x18, 0xff, 0xff,
    0xff, 0xdc, 0xff, 0x0, 0xf, 0xff, 0xfc, 0xaf,
    0xff, 0xff, 0xff, 0x26, 0xff, 0x0, 0xa, 0xef,
    0xfc, 0xaf, 0xff, 0x55, 0xff, 0x26, 0xff, 0x0,
    0x0, 0x2, 0x67, 0x58, 0xff, 0x35, 0xff, 0x26,
    0xff, 0x0, 0x0, 0x5, 0x64, 0x4, 0xff, 0x35,
    0xff, 0x26, 0xff, 0x0, 0x0, 0xf, 0xfa, 0x4,
    0xff, 0x35, 0xff, 0x26, 0xff, 0x0, 0x0, 0x3f,
    0xf7, 0x4, 0xff, 0x35, 0xff, 0x26, 0xff, 0x0,
    0x0, 0x6f, 0xf5, 0x4, 0xff, 0x35, 0xff, 0x26,
    0xff, 0x0, 0x0, 0xaf, 0xf1, 0x4, 0xff, 0x34,
    0xdd, 0x15, 0xdd, 0x0, 0x0, 0xef, 0xe0, 0x4,
    0xff, 0x30, 0x0, 0x0, 0x0, 0x0, 0x3, 0xff,
    0x90, 0x4, 0xff, 0x87, 0x77, 0x77, 0x77, 0x72,
    0x9, 0xff, 0x40, 0x4, 0xff, 0xff, 0xff, 0xff,
    0xff, 0xf5, 0xe, 0xfe, 0x0, 0x4, 0xff, 0xff,
    0xff, 0xff, 0xff, 0xf5, 0x2, 0x21, 0x0, 0x0,
    0x0, 0x0, 0x0, 0x0, 0x0, 0x0,

    /* U+6CE8 "注" */
    0x6, 0x84, 0x0, 0x0, 0x0, 0x5f, 0xf7, 0x0,
    0x0, 0x0, 0x9, 0xff, 0xfc, 0x0, 0x0, 0x2f,
    0xfa, 0x0, 0x0, 0x0, 0x9, 0xff, 0xff, 0x39,
    0x99, 0x9f, 0xfe, 0x99, 0x99, 0x60, 0x0, 0x26,
    0xae, 0x6f, 0xff, 0xff, 0xff, 0xff, 0xff, 0xa0,
    0x0, 0x0, 0x0, 0x5f, 0xff, 0xff, 0xff, 0xff,
    0xff, 0xa0, 0xf, 0xc8, 0x51, 0x0, 0x0, 0xe,
    0xff, 0x0, 0x0, 0x0, 0xf, 0xff, 0xff, 0x0,
    0x0, 0xe, 0xff, 0x0, 0x0, 0x0, 0xa, 0xdf,
    0xff, 0x0, 0x0, 0xe, 0xff, 0x0, 0x0, 0x0,
    0x0, 0x1, 0x59, 0x8, 0x88, 0x8f, 0xff, 0x88,
    0x88, 0x10, 0x0, 0x0, 0x0, 0xe, 0xff, 0xff,
    0xff, 0xff, 0xff, 0x30, 0x0, 0xc, 0xff, 0xe,
    0xff, 0xff, 0xff, 0xff, 0xff, 0x30, 0x0, 0xf,
    0xfe, 0x0, 0x0, 0xe, 0xff, 0x0, 0x0, 0x0,
    0x0, 0x3f, 0xfa, 0x0, 0x0, 0xe, 0xff, 0x0,
    0x0, 0x0, 0x0, 0x8f, 0xf6, 0x0, 0x0, 0xe,
    0xff, 0x0, 0x0, 0x0, 0x0, 0xdf, 0xf2, 0x0,
    0x0, 0xe, 0xff, 0x0, 0x0, 0x0, 0x3, 0xff,
    0xd0, 0x78, 0x88, 0x8f, 0xff, 0x88, 0x88, 0x81,
    0x9, 0xff, 0x70, 0xef, 0xff, 0xff, 0xff, 0xff,
    0xff, 0xf3, 0xf, 0xff, 0x10, 0xef, 0xff, 0xff,
    0xff, 0xff, 0xff, 0xf3,

    /* U+6CEA "泪" */
    0x2, 0x10, 0x0, 0x0, 0x0, 0x0, 0x0, 0x0,
    0x0, 0x0, 0x9f, 0xd9, 0x60, 0xff, 0xff, 0xff,
    0xff, 0xff, 0xfb, 0x9, 0xff, 0xff, 0x2f, 0xff,
    0xff, 0xff, 0xff, 0xff, 0xb0, 0x4a, 0xff, 0xf2,
    0xff, 0xd6, 0x66, 0x66, 0x7f, 0xfb, 0x0, 0x0,
    0x48, 0x1f, 0xfc, 0x0, 0x0, 0x1, 0xff, 0xb0,
    0x10, 0x0, 0x0, 0xef, 0xc0, 0x0, 0x0, 0x1f,
    0xfb, 0xf, 0xd9, 0x51, 0xe, 0xfd, 0x55, 0x55,
    0x56, 0xff, 0xb0, 0xff, 0xff, 0xf2, 0xef, 0xff,
    0xff, 0xff, 0xff, 0xfc, 0xc, 0xff, 0xff, 0x3e,
    0xff, 0xff, 0xff, 0xff, 0xff, 0xc0, 0x0, 0x26,
    0x92, 0xef, 0xc0, 0x0, 0x0, 0x1f, 0xfc, 0x0,
    0x2, 0x55, 0xe, 0xfc, 0x0, 0x0, 0x1, 0xff,
    0xc0, 0x0, 0xaf, 0xf0, 0xdf, 0xd5, 0x55, 0x55,
    0x6f, 0xfc, 0x0, 0xd, 0xfe, 0xd, 0xff, 0xff,
    0xff, 0xff, 0xff, 0xc0, 0x1, 0xff, 0xa0, 0xdf,
    0xff, 0xff, 0xff, 0xff, 0xfd, 0x0, 0x5f, 0xf6,
    0xd, 0xfc, 0x0, 0x0, 0x1, 0xff, 0xd0, 0xa,
    0xff, 0x20, 0xdf, 0xc0, 0x0, 0x0, 0x1f, 0xfd,
    0x1, 0xff, 0xd0, 0xc, 0xfd, 0x66, 0x66, 0x67,
    0xff, 0xd0, 0x7f, 0xf7, 0x0, 0xcf, 0xff, 0xff,
    0xff, 0xff, 0xfd, 0xd, 0xff, 0x10, 0xc, 0xff,
    0xff, 0xff, 0xff, 0xff, 0xd0, 0x33, 0x20, 0x0,
    0x0, 0x0, 0x0, 0x0, 0x0, 0x0,

    /* U+6D4B "测" */
    0x9, 0xb7, 0x30, 0xef, 0xff, 0xff, 0xf2, 0x0,
    0x4f, 0xd0, 0xaf, 0xff, 0xae, 0xff, 0xff, 0xff,
    0x2f, 0xf5, 0xfd, 0x5, 0xbf, 0xfa, 0xef, 0x98,
    0x8f, 0xf2, 0xff, 0x5f, 0xd0, 0x0, 0x3, 0x4e,
    0xf4, 0x52, 0xef, 0x2f, 0xf5, 0xfd, 0x7, 0x30,
    0x0, 0xef, 0x7f, 0x8e, 0xf2, 0xff, 0x5f, 0xd0,
    0xff, 0xfb, 0x5e, 0xf7, 0xf8, 0xef, 0x2f, 0xf5,
    0xfd, 0xf, 0xff, 0xfb, 0xef, 0x7f, 0x8e, 0xf2,
    0xff, 0x5f, 0xd0, 0x37, 0xbf, 0xbe, 0xf7, 0xf8,
    0xef, 0x2f, 0xf5, 0xfd, 0x0, 0x0, 0x1, 0xef,
    0x7f, 0x8e, 0xf2, 0xff, 0x5f, 0xd0, 0x0, 0xdd,
    0x8e, 0xf7, 0xf8, 0xef, 0x2f, 0xf5, 0xfd, 0x0,
    0x2f, 0xf8, 0xef, 0x7f, 0x8e, 0xf2, 0xff, 0x5f,
    0xd0, 0x5, 0xff, 0x5e, 0xf7, 0xfc, 0xff, 0x2f,
    0xf5, 0xfd, 0x0, 0x8f, 0xf2, 0x77, 0xaf, 0xfe,
    0x40, 0xff, 0x5f, 0xd0, 0xc, 0xff, 0x0, 0x1f,
    0xff, 0xf8, 0xe, 0xf5, 0xfd, 0x1, 0xff, 0xc0,
    0xb, 0xfc, 0x9f, 0xf2, 0x0, 0x4f, 0xd0, 0x5f,
    0xf7, 0x4d, 0xff, 0x41, 0xff, 0x80, 0x8a, 0xfd,
    0xb, 0xff, 0x38, 0xff, 0x60, 0xa, 0xfd, 0xf,
    0xff, 0xd1, 0xff, 0xd0, 0x8c, 0x30, 0x0, 0x6f,
    0xf1, 0xff, 0xfd, 0x0, 0x0, 0x0, 0x0, 0x0,
    0x0, 0x0, 0x0, 0x0, 0x0,

    /* U+6D88 "消" */
    0x7, 0xa6, 0x20, 0xb, 0xd6, 0x8, 0xff, 0x0,
    0x6d, 0xa0, 0x9f, 0xff, 0xe1, 0xaf, 0xb0, 0x8f,
    0xf0, 0xc, 0xf9, 0x8, 0xff, 0xff, 0x26, 0xff,
    0x7, 0xff, 0x0, 0xff, 0x50, 0x1, 0x48, 0xc2,
    0x2f, 0xf3, 0x7f, 0xf0, 0x4f, 0xf1, 0x2, 0x0,
    0x0, 0x6, 0x77, 0x7b, 0xff, 0x77, 0x77, 0x60,
    0xfe, 0xb7, 0x40, 0xff, 0xff, 0xff, 0xff, 0xff,
    0xfe, 0xf, 0xff, 0xff, 0x3f, 0xff, 0xff, 0xff,
    0xff, 0xff, 0xe0, 0x8c, 0xff, 0xf3, 0xff, 0xb0,
    0x0, 0x0, 0xb, 0xfe, 0x0, 0x0, 0x36, 0x1f,
    0xfc, 0x55, 0x55, 0x55, 0xcf, 0xe0, 0x0, 0x48,
    0x81, 0xff, 0xff, 0xff, 0xff, 0xff, 0xfe, 0x0,
    0xa, 0xff, 0x1f, 0xff, 0xff, 0xff, 0xff, 0xff,
    0xe0, 0x0, 0xdf, 0xf0, 0xff, 0xb0, 0x0, 0x0,
    0xb, 0xfe, 0x0, 0x1f, 0xfb, 0xf, 0xfc, 0x55,
    0x55, 0x55, 0xcf, 0xe0, 0x5, 0xff, 0x70, 0xff,
    0xff, 0xff, 0xff, 0xff, 0xfe, 0x0, 0xbf, 0xf3,
    0xf, 0xff, 0xff, 0xff, 0xff, 0xff, 0xe0, 0x1f,
    0xfe, 0x0, 0xff, 0xb0, 0x0, 0x0, 0xb, 0xfe,
    0x8, 0xff, 0x80, 0xf, 0xfb, 0x0, 0x0, 0x0,
    0xbf, 0xe0, 0xef, 0xf1, 0x0, 0xff, 0xb0, 0x0,
    0x0, 0xb, 0xfe,

    /* U+6D9F "涟" */
    0x0, 0x0, 0x0, 0x0, 0x0, 0x0, 0x0, 0x0,
    0x0, 0x0, 0x9, 0xc8, 0x30, 0xbe, 0x90, 0x0,
    0xbf, 0xd0, 0x0, 0x0, 0x9, 0xff, 0xf5, 0x9f,
    0xd0, 0xdf, 0xff, 0xff, 0xff, 0xc0, 0x5, 0xdf,
    0xf5, 0x6f, 0xf0, 0xef, 0xff, 0xff, 0xff, 0xc0,
    0x0, 0x2, 0x63, 0x4f, 0xf3, 0x6d, 0xfd, 0x77,
    0x77, 0x50, 0x4, 0x0, 0x0, 0x7, 0x72, 0xe,
    0xf7, 0xac, 0x40, 0x0, 0xf, 0xfc, 0x81, 0x44,
    0x41, 0x3f, 0xf2, 0xdf, 0x60, 0x0, 0xf, 0xff,
    0xf3, 0xff, 0xf6, 0x8f, 0xff, 0xff, 0xff, 0x90,
    0x5, 0x9d, 0xf3, 0xff, 0xf6, 0xdf, 0xff, 0xff,
    0xff, 0x90, 0x0, 0x0, 0x21, 0x5f, 0xf6, 0x56,
    0x68, 0xff, 0x86, 0x30, 0x0, 0x39, 0x93, 0x1f,
    0xf6, 0x0, 0x3, 0xff, 0x40, 0x0, 0x0, 0x6f,
    0xf4, 0x2f, 0xf5, 0x67, 0x78, 0xff, 0x97, 0x70,
    0x0, 0x8f, 0xf2, 0x3f, 0xf4, 0xef, 0xff, 0xff,
    0xff, 0xf0, 0x0, 0xaf, 0xf0, 0x4f, 0xf2, 0xdf,
    0xff, 0xff, 0xff, 0xf0, 0x0, 0xdf, 0xe0, 0x6f,
    0xf1, 0x0, 0x3, 0xff, 0x40, 0x0, 0x1, 0xff,
    0xb0, 0x9f, 0xfb, 0x10, 0x2, 0xdd, 0x40, 0x0,
    0x5, 0xff, 0x80, 0xcf, 0xff, 0xfb, 0x88, 0x88,
    0x88, 0x81, 0xa, 0xff, 0x30, 0xff, 0xdf, 0xff,
    0xff, 0xff, 0xff, 0xf3, 0xf, 0xfe, 0x5, 0xff,
    0x53, 0xae, 0xff, 0xff, 0xff, 0xf3, 0x0, 0x0,
    0x1, 0x33, 0x0, 0x0, 0x0, 0x0, 0x0, 0x0,

    /* U+6DE1 "淡" */
    0x9, 0xda, 0x75, 0x9, 0xfa, 0x0, 0xff, 0x80,
    0x8f, 0xc0, 0x9f, 0xff, 0xf2, 0x5f, 0xe0, 0x1f,
    0xf7, 0xc, 0xf8, 0x4, 0xad, 0xff, 0x22, 0xff,
    0x16, 0xff, 0x30, 0xff, 0x40, 0x0, 0x1, 0x51,
    0x7, 0x72, 0xdf, 0xfb, 0x49, 0x90, 0x7, 0x30,
    0x0, 0x0, 0x0, 0xaf, 0xff, 0xff, 0x91, 0x0,
    0xff, 0xfc, 0x81, 0x17, 0xef, 0xfd, 0xdf, 0xff,
    0xe6, 0xf, 0xff, 0xff, 0x38, 0xff, 0xfd, 0x10,
    0x6e, 0xff, 0xe0, 0x59, 0xdf, 0xf3, 0x8f, 0xf8,
    0x0, 0x0, 0x18, 0xfe, 0x0, 0x0, 0x14, 0x15,
    0x61, 0x0, 0x88, 0x40, 0x2, 0x90, 0x0, 0x79,
    0x80, 0x58, 0x50, 0x2f, 0xf7, 0x4, 0x87, 0x0,
    0xe, 0xfd, 0x7, 0xfc, 0x5, 0xff, 0x50, 0xaf,
    0xa0, 0x1, 0xff, 0xb0, 0x4f, 0xf0, 0xaf, 0xf2,
    0xe, 0xf6, 0x0, 0x5f, 0xf7, 0x1, 0xcc, 0x6f,
    0xff, 0x42, 0xff, 0x20, 0x9, 0xff, 0x40, 0x0,
    0x3e, 0xff, 0xff, 0xb3, 0x0, 0x0, 0xef, 0xf0,
    0x2, 0x8f, 0xff, 0xef, 0xff, 0xfa, 0x20, 0x5f,
    0xfb, 0x2, 0xff, 0xff, 0xb0, 0x3c, 0xff, 0xfe,
    0xc, 0xff, 0x50, 0x2f, 0xff, 0x80, 0x0, 0x5,
    0xdf, 0xe3, 0xff, 0xe0, 0x2, 0xe8, 0x10, 0x0,
    0x0, 0x0, 0x6d, 0x0, 0x0, 0x0, 0x0, 0x0,
    0x0, 0x0, 0x0, 0x0, 0x0,

    /* U+6E05 "清" */
    0x9, 0xdb, 0x95, 0x7f, 0xff, 0xff, 0xff, 0xff,
    0xff, 0xe0, 0x9, 0xff, 0xfb, 0x7f, 0xff, 0xff,
    0xff, 0xff, 0xff, 0xe0, 0x3, 0x9e, 0xfb, 0x0,
    0x0, 0x9, 0xff, 0x0, 0x0, 0x0, 0x0, 0x0,
    0x46, 0xc, 0xdd, 0xde, 0xff, 0xdd, 0xdd, 0x50,
    0x3, 0x0, 0x0, 0xf, 0xff, 0xff, 0xff, 0xff,
    0xff, 0x60, 0xf, 0xfb, 0x62, 0x13, 0x33, 0x3a,
    0xff, 0x33, 0x33, 0x20, 0xf, 0xff, 0xfc, 0xcf,
    0xff, 0xff, 0xff, 0xff, 0xff, 0xf3, 0xa, 0xef,
    0xfc, 0xcf, 0xff, 0xff, 0xff, 0xff, 0xff, 0xf3,
    0x0, 0x2, 0x78, 0x15, 0x66, 0x66, 0x66, 0x66,
    0x66, 0x20, 0x0, 0x7, 0x85, 0xc, 0xff, 0xff,
    0xff, 0xff, 0xff, 0x30, 0x0, 0x1f, 0xf9, 0xc,
    0xff, 0xdd, 0xdd, 0xde, 0xff, 0x30, 0x0, 0x3f,
    0xf6, 0xc, 0xfd, 0x55, 0x55, 0x58, 0xff, 0x30,
    0x0, 0x7f, 0xf3, 0xc, 0xff, 0xff, 0xff, 0xff,
    0xff, 0x30, 0x0, 0xbf, 0xf0, 0xc, 0xfd, 0x55,
    0x55, 0x58, 0xff, 0x30, 0x0, 0xff, 0xc0, 0xc,
    0xff, 0xdd, 0xdd, 0xde, 0xff, 0x30, 0x4, 0xff,
    0x80, 0xc, 0xff, 0xff, 0xff, 0xff, 0xff, 0x30,
    0xa, 0xff, 0x30, 0xc, 0xfc, 0x11, 0x11, 0x16,
    0xff, 0x30, 0xf, 0xfd, 0x0, 0xc, 0xfc, 0x0,
    0x0, 0x5, 0xff, 0x30,

    /* U+6E10 "渐" */
    0x0, 0x0, 0x0, 0x0, 0x0, 0x0, 0x0, 0x0,
    0x11, 0x10, 0xa, 0xb8, 0x30, 0xf, 0xf7, 0x0,
    0x6f, 0xff, 0xff, 0xb0, 0xb, 0xff, 0x98, 0xaf,
    0xfb, 0x88, 0x7f, 0xff, 0xff, 0xb0, 0x5, 0xbf,
    0x9f, 0xff, 0xff, 0xff, 0x8f, 0xf7, 0x54, 0x20,
    0x0, 0x1, 0x3f, 0xff, 0xff, 0xff, 0x8f, 0xf1,
    0x0, 0x0, 0x2, 0x0, 0x0, 0xdf, 0x60, 0x0,
    0x6f, 0xf1, 0x0, 0x0, 0x1f, 0xeb, 0x51, 0xff,
    0xcf, 0x30, 0x6f, 0xfc, 0xbb, 0xb2, 0x1f, 0xff,
    0xa4, 0xff, 0xaf, 0x40, 0x6f, 0xff, 0xff, 0xf3,
    0x6, 0x9d, 0xa7, 0xfc, 0xaf, 0x40, 0x6f, 0xfb,
    0xff, 0xd2, 0x0, 0x0, 0xb, 0xff, 0xff, 0xff,
    0x9f, 0xf0, 0xef, 0x70, 0x0, 0x68, 0x5e, 0xff,
    0xff, 0xff, 0x9f, 0xf0, 0xef, 0x70, 0x0, 0xef,
    0x98, 0x89, 0xff, 0xa8, 0x8f, 0xf0, 0xef, 0x70,
    0x0, 0xff, 0x70, 0x3, 0xff, 0x40, 0x7f, 0xe0,
    0xef, 0x70, 0x2, 0xff, 0x50, 0x16, 0xff, 0xdf,
    0xaf, 0xd0, 0xef, 0x70, 0x4, 0xff, 0x5f, 0xff,
    0xff, 0xff, 0xbf, 0xd0, 0xef, 0x70, 0x8, 0xff,
    0x3f, 0xff, 0xff, 0xda, 0xcf, 0xc0, 0xef, 0x70,
    0xb, 0xfe, 0x1a, 0x87, 0xff, 0x40, 0xcf, 0xa0,
    0xef, 0x70, 0xe, 0xfb, 0x0, 0x3, 0xff, 0x40,
    0xff, 0x80, 0xef, 0x70, 0x2f, 0xf7, 0x0, 0x3,
    0xff, 0x42, 0xff, 0x60, 0xef, 0x70,

    /* U+6E21 "渡" */
    0xa, 0xdb, 0x93, 0xef, 0xff, 0xff, 0xff, 0xff,
    0xff, 0xf0, 0xaf, 0xff, 0x7e, 0xff, 0xff, 0xff,
    0xff, 0xff, 0xff, 0x2, 0x9f, 0xf7, 0xef, 0x83,
    0x33, 0x33, 0x33, 0x33, 0x30, 0x0, 0x17, 0x5e,
    0xf6, 0x1d, 0xd4, 0x1, 0xdd, 0x40, 0x2, 0x0,
    0x0, 0xef, 0xff, 0xff, 0xff, 0xff, 0xff, 0xe0,
    0xfe, 0xa6, 0x1e, 0xff, 0xff, 0xff, 0xff, 0xff,
    0xff, 0xf, 0xff, 0xf8, 0xef, 0x85, 0xff, 0x50,
    0x1f, 0xf7, 0x30, 0x8c, 0xff, 0x8e, 0xf6, 0x2f,
    0xfd, 0xcc, 0xff, 0x50, 0x0, 0x0, 0x43, 0xef,
    0x62, 0xff, 0xff, 0xff, 0xf5, 0x0, 0x1, 0x88,
    0x4e, 0xf6, 0x26, 0x66, 0x66, 0x66, 0x30, 0x0,
    0x5f, 0xf5, 0xff, 0x6a, 0xff, 0xff, 0xff, 0xfa,
    0x0, 0x7, 0xff, 0x3f, 0xf5, 0x6f, 0xff, 0xff,
    0xff, 0x50, 0x0, 0xaf, 0xf0, 0xff, 0x40, 0xef,
    0x80, 0x9f, 0xe0, 0x0, 0xd, 0xfe, 0x2f, 0xf3,
    0x5, 0xff, 0xaf, 0xf6, 0x0, 0x1, 0xff, 0xb5,
    0xff, 0x10, 0xa, 0xff, 0xfd, 0x0, 0x0, 0x6f,
    0xf7, 0x8f, 0xf3, 0x8d, 0xff, 0xff, 0xff, 0xa5,
    0xb, 0xff, 0x3c, 0xfc, 0xcf, 0xff, 0xe6, 0x9f,
    0xff, 0xf1, 0xff, 0xd0, 0xff, 0x8c, 0xfb, 0x50,
    0x0, 0x17, 0xce, 0x0, 0x0, 0x0, 0x0, 0x10,
    0x0, 0x0, 0x0, 0x0, 0x10,

    /* U+6E29 "温" */
    0x2, 0x0, 0x0, 0x0, 0x0, 0x0, 0x0, 0x0,
    0x0, 0x0, 0xb, 0xfb, 0x83, 0x2f, 0xff, 0xff,
    0xff, 0xff, 0xff, 0x0, 0xb, 0xff, 0xfd, 0x2f,
    0xff, 0xff, 0xff, 0xff, 0xff, 0x0, 0x7, 0xef,
    0xfd, 0x2f, 0xf6, 0x0, 0x0, 0x9, 0xff, 0x0,
    0x0, 0x2, 0x79, 0x2f, 0xfe, 0xcc, 0xcc, 0xce,
    0xff, 0x0, 0x2, 0x0, 0x0, 0x2f, 0xff, 0xff,
    0xff, 0xff, 0xff, 0x0, 0x2f, 0xea, 0x73, 0x2f,
    0xf6, 0x0, 0x0, 0x9, 0xff, 0x0, 0x2f, 0xff,
    0xfe, 0x2f, 0xff, 0xff, 0xff, 0xff, 0xff, 0x0,
    0x18, 0xcf, 0xfe, 0x1f, 0xff, 0xff, 0xff, 0xff,
    0xfe, 0x0, 0x0, 0x0, 0x36, 0x12, 0x22, 0x22,
    0x22, 0x22, 0x22, 0x0, 0x0, 0x8, 0x87, 0x8f,
    0xff, 0xff, 0xff, 0xff, 0xff, 0x60, 0x0, 0x1f,
    0xfb, 0x8f, 0xff, 0xff, 0xff, 0xff, 0xff, 0x60,
    0x0, 0x4f, 0xf9, 0x8f, 0xc5, 0xfd, 0x5e, 0xe5,
    0xef, 0x60, 0x0, 0x8f, 0xf5, 0x8f, 0xb0, 0xfc,
    0xe, 0xd0, 0xdf, 0x60, 0x0, 0xcf, 0xf1, 0x8f,
    0xb0, 0xfc, 0xe, 0xd0, 0xdf, 0x60, 0x1, 0xff,
    0xd0, 0x8f, 0xb0, 0xfc, 0xe, 0xd0, 0xdf, 0x60,
    0x5, 0xff, 0x84, 0xcf, 0xd8, 0xfe, 0x8f, 0xe8,
    0xef, 0xb0, 0xb, 0xff, 0x39, 0xff, 0xff, 0xff,
    0xff, 0xff, 0xff, 0xf1, 0x1f, 0xfd, 0x9, 0xff,
    0xff, 0xff, 0xff, 0xff, 0xff, 0xf1, 0x3, 0x31,
    0x0, 0x0, 0x0, 0x0, 0x0, 0x0, 0x0, 0x0,

    /* U+6E32 "渲" */
    0x9, 0xec, 0xa8, 0x8f, 0xff, 0xff, 0xff, 0xff,
    0xff, 0xf0, 0x9, 0xff, 0xff, 0x8f, 0xff, 0xff,
    0xff, 0xff, 0xff, 0xf0, 0x1, 0x7d, 0xff, 0x8f,
    0xf5, 0x55, 0x55, 0x55, 0x9f, 0xf0, 0x0, 0x0,
    0x38, 0x6e, 0xe1, 0x11, 0x11, 0x11, 0x7f, 0xc0,
    0xb, 0x61, 0x0, 0x8, 0xff, 0xff, 0xff, 0xff,
    0xff, 0x0, 0xf, 0xff, 0xb6, 0x8, 0xff, 0xff,
    0xff, 0xff, 0xff, 0x0, 0xf, 0xff, 0xff, 0x1,
    0x33, 0x33, 0x33, 0x33, 0x33, 0x0, 0x8, 0xcf,
    0xff, 0xc, 0xdd, 0xdd, 0xdd, 0xdd, 0xdd, 0x50,
    0x0, 0x0, 0x37, 0xe, 0xff, 0xff, 0xff, 0xff,
    0xff, 0x70, 0x0, 0x6, 0x87, 0xe, 0xf9, 0x0,
    0x0, 0x1, 0xff, 0x70, 0x0, 0xe, 0xfd, 0xe,
    0xff, 0xff, 0xff, 0xff, 0xff, 0x70, 0x0, 0x1f,
    0xfa, 0xe, 0xfd, 0xaa, 0xaa, 0xaa, 0xff, 0x70,
    0x0, 0x5f, 0xf6, 0xe, 0xfa, 0x33, 0x33, 0x34,
    0xff, 0x70, 0x0, 0x9f, 0xf3, 0xe, 0xff, 0xff,
    0xff, 0xff, 0xff, 0x70, 0x0, 0xef, 0xe0, 0x9,
    0xaa, 0xaa, 0xaa, 0xaa, 0xaa, 0x40, 0x3, 0xff,
    0x90, 0x69, 0x99, 0x99, 0x99, 0x99, 0x99, 0x92,
    0x9, 0xff, 0x40, 0xbf, 0xff, 0xff, 0xff, 0xff,
    0xff, 0xf4, 0xf, 0xfe, 0x0, 0x8c, 0xcc, 0xcc,
    0xcc, 0xcc, 0xcc, 0xc3,

    /* U+6E7F "湿" */
    0x0, 0x0, 0x0, 0x0, 0x0, 0x0, 0x0, 0x0,
    0x0, 0x0, 0xa, 0xd9, 0x40, 0x7f, 0xff, 0xff,
    0xff, 0xff, 0xff, 0x0, 0xa, 0xff, 0xf3, 0x7f,
    0xff, 0xff, 0xff, 0xff, 0xff, 0x0, 0x6, 0xdf,
    0xf3, 0x7f, 0xf4, 0x33, 0x33, 0x3a, 0xff, 0x0,
    0x0, 0x2, 0x62, 0x7f, 0xfb, 0xbb, 0xbb, 0xbd,
    0xff, 0x0, 0x4, 0x0, 0x0, 0x7f, 0xff, 0xff,
    0xff, 0xff, 0xff, 0x0, 0xf, 0xfa, 0x50, 0x7f,
    0xf4, 0x33, 0x33, 0x39, 0xff, 0x0, 0xf, 0xff,
    0xf4, 0x7f, 0xf5, 0x44, 0x44, 0x4a, 0xff, 0x0,
    0xd, 0xff, 0xf4, 0x7f, 0xff, 0xff, 0xff, 0xff,
    0xff, 0x0, 0x0, 0x15, 0xa3, 0x7f, 0xff, 0xff,
    0xff, 0xff, 0xff, 0x0, 0x0, 0x38, 0x81, 0x0,
    0x8, 0xb8, 0x1b, 0xb4, 0x0, 0x0, 0x0, 0x8f,
    0xf5, 0xff, 0xb, 0xfb, 0x1f, 0xf5, 0x5f, 0xe0,
    0x0, 0xaf, 0xf1, 0xff, 0x1b, 0xfb, 0x1f, 0xf5,
    0x8f, 0xb0, 0x0, 0xdf, 0xd0, 0xef, 0x4b, 0xfb,
    0x1f, 0xf5, 0xaf, 0x80, 0x0, 0xff, 0xa0, 0xcf,
    0x7b, 0xfb, 0x1f, 0xf5, 0xdf, 0x60, 0x4, 0xff,
    0x70, 0x8d, 0x7b, 0xfb, 0x1f, 0xf5, 0xcd, 0x30,
    0x9, 0xff, 0x37, 0xbb, 0xbe, 0xfe, 0xcf, 0xfd,
    0xbb, 0xb3, 0xd, 0xfe, 0xa, 0xff, 0xff, 0xff,
    0xff, 0xff, 0xff, 0xf4, 0x2f, 0xfa, 0x9, 0xee,
    0xee, 0xee, 0xee, 0xee, 0xee, 0xe3,

    /* U+6E90 "源" */
    0x1, 0x0, 0x0, 0x0, 0x0, 0x0, 0x0, 0x0,
    0x0, 0x0, 0x9, 0xfb, 0x72, 0x7f, 0xff, 0xff,
    0xff, 0xff, 0xff, 0xf0, 0x9, 0xff, 0xfb, 0x7f,
    0xff, 0xff, 0xff, 0xff, 0xff, 0xf0, 0x5, 0xdf,
    0xfb, 0x7f, 0xf5, 0x55, 0x7f, 0xf8, 0x55, 0x50,
    0x0, 0x3, 0x9a, 0x7f, 0xf0, 0x33, 0x5f, 0xf6,
    0x33, 0x10, 0x0, 0x0, 0x0, 0x7f, 0xf3, 0xff,
    0xff, 0xff, 0xff, 0x60, 0xf, 0xb7, 0x30, 0x7f,
    0xf3, 0xff, 0xcc, 0xcc, 0xff, 0x60, 0xf, 0xff,
    0xfc, 0x7f, 0xf3, 0xff, 0x32, 0x22, 0xef, 0x60,
    0xc, 0xff, 0xfc, 0x7f, 0xf3, 0xff, 0xff, 0xff,
    0xff, 0x60, 0x0, 0x3, 0x78, 0x7f, 0xf3, 0xff,
    0xaa, 0xaa, 0xff, 0x60, 0x0, 0x4, 0x43, 0x7f,
    0xf3, 0xff, 0x43, 0x33, 0xef, 0x60, 0x0, 0xf,
    0xfa, 0x7f, 0xf3, 0xff, 0xff, 0xff, 0xff, 0x60,
    0x0, 0x3f, 0xf7, 0x8f, 0xf2, 0xbb, 0xbf, 0xfc,
    0xbb, 0x40, 0x0, 0x6f, 0xf5, 0x9f, 0xe0, 0xab,
    0x2f, 0xf5, 0x9b, 0x20, 0x0, 0xaf, 0xf1, 0xaf,
    0xd0, 0xff, 0x2f, 0xf5, 0xcf, 0x40, 0x0, 0xef,
    0xd0, 0xcf, 0xb0, 0xff, 0x1f, 0xf5, 0xbf, 0x60,
    0x4, 0xff, 0x90, 0xff, 0x93, 0xff, 0xf, 0xf5,
    0x9f, 0x90, 0x9, 0xff, 0x43, 0xff, 0x66, 0xfc,
    0xf, 0xf5, 0x6f, 0xe0, 0xf, 0xfe, 0x7, 0xff,
    0x38, 0xd7, 0xf, 0xf5, 0x3d, 0xd2,

    /* U+6EDE "滞" */
    0x9, 0xa6, 0x10, 0x8, 0xfd, 0xe, 0xf8, 0x3f,
    0xf3, 0x0, 0xa, 0xff, 0xf5, 0x4a, 0xfe, 0x4e,
    0xfa, 0x7f, 0xf6, 0x40, 0x8, 0xff, 0xfa, 0xff,
    0xff, 0xff, 0xff, 0xff, 0xff, 0xf2, 0x0, 0x15,
    0xa9, 0xff, 0xff, 0xff, 0xff, 0xff, 0xff, 0xf2,
    0x1, 0x0, 0x0, 0x29, 0xfd, 0x2e, 0xf9, 0x5f,
    0xf4, 0x20, 0xf, 0xd9, 0x40, 0x7, 0xdb, 0xc,
    0xd6, 0x2d, 0xd2, 0x0, 0xf, 0xff, 0xf7, 0xff,
    0xff, 0xff, 0xff, 0xff, 0xff, 0xc0, 0x7, 0xbf,
    0xf7, 0xff, 0xff, 0xff, 0xff, 0xff, 0xff, 0xc0,
    0x0, 0x0, 0x44, 0xff, 0x96, 0x66, 0x66, 0x66,
    0xdf, 0xc0, 0x0, 0x38, 0x84, 0xff, 0x50, 0xe,
    0xe8, 0x0, 0xbf, 0xc0, 0x0, 0x7f, 0xf2, 0x33,
    0x11, 0x1f, 0xf9, 0x11, 0x23, 0x20, 0x0, 0x9f,
    0xf0, 0x8f, 0xff, 0xff, 0xff, 0xff, 0xff, 0x20,
    0x0, 0xcf, 0xd0, 0x8f, 0xff, 0xff, 0xff, 0xff,
    0xff, 0x20, 0x0, 0xff, 0xa0, 0x8f, 0xf5, 0x5f,
    0xfb, 0x58, 0xff, 0x20, 0x3, 0xff, 0x70, 0x8f,
    0xe0, 0xf, 0xf9, 0x4, 0xff, 0x20, 0x8, 0xff,
    0x30, 0x8f, 0xe0, 0xf, 0xf9, 0x4, 0xff, 0x20,
    0xc, 0xfe, 0x0, 0x8f, 0xe0, 0xf, 0xf9, 0x4,
    0xff, 0x20, 0x1f, 0xfa, 0x0, 0x12, 0x20, 0xf,
    0xf9, 0x0, 0x22, 0x0,

    /* U+6EE1 "满" */
    0x9, 0x94, 0x0, 0x11, 0x7f, 0xf3, 0x11, 0xdf,
    0xb1, 0x10, 0xb, 0xff, 0xf5, 0xdf, 0xff, 0xff,
    0xff, 0xff, 0xff, 0xf1, 0xa, 0xff, 0xf6, 0xdf,
    0xff, 0xff, 0xff, 0xff, 0xff, 0xf1, 0x0, 0x26,
    0xb5, 0x34, 0x9f, 0xf5, 0x44, 0xdf, 0xc4, 0x40,
    0x1, 0x0, 0x0, 0x44, 0x57, 0x75, 0x44, 0x77,
    0x64, 0x42, 0x1f, 0xd8, 0x43, 0xff, 0xff, 0xff,
    0xff, 0xff, 0xff, 0xf7, 0x1f, 0xff, 0xf9, 0xff,
    0xff, 0xff, 0xff, 0xff, 0xff, 0xf7, 0x9, 0xdf,
    0xf7, 0x0, 0xa, 0xfa, 0x5, 0xfe, 0x0, 0x0,
    0x0, 0x1, 0x53, 0xbf, 0xff, 0xff, 0xff, 0xff,
    0xff, 0xf0, 0x0, 0x18, 0x82, 0xbf, 0xff, 0xff,
    0xff, 0xff, 0xff, 0xf0, 0x0, 0x5f, 0xf3, 0xbf,
    0xda, 0xff, 0xbd, 0xfe, 0xaf, 0xf0, 0x0, 0x7f,
    0xf1, 0xbf, 0xb9, 0xff, 0x9d, 0xfe, 0x6f, 0xf0,
    0x0, 0xaf, 0xe0, 0xbf, 0xbb, 0xff, 0xcf, 0xff,
    0x7f, 0xf0, 0x0, 0xdf, 0xc0, 0xbf, 0xbe, 0xdc,
    0xff, 0xdf, 0xaf, 0xf0, 0x1, 0xff, 0x80, 0xbf,
    0xcf, 0xaa, 0xff, 0x8f, 0xcf, 0xf0, 0x6, 0xff,
    0x50, 0xbf, 0xff, 0x70, 0xaf, 0x3f, 0xef, 0xf0,
    0xa, 0xff, 0x10, 0xbf, 0xd8, 0x20, 0x68, 0x7,
    0xbf, 0xf0, 0xf, 0xfb, 0x0, 0xbf, 0xb0, 0x0,
    0x0, 0x0, 0x6f, 0xf0,

    /* U+6F02 "漂" */
    0x0, 0x0, 0x0, 0x0, 0x0, 0x0, 0x0, 0x0,
    0x0, 0x0, 0x9d, 0x95, 0x1a, 0xff, 0xff, 0xff,
    0xff, 0xff, 0xfd, 0x9, 0xff, 0xfa, 0xaf, 0xff,
    0xff, 0xff, 0xff, 0xff, 0xd0, 0x6e, 0xff, 0xa3,
    0x55, 0x9f, 0xf5, 0xdf, 0xb5, 0x54, 0x0, 0x2,
    0x66, 0x5f, 0xff, 0xff, 0xff, 0xff, 0xff, 0x80,
    0x30, 0x0, 0x6, 0xff, 0xff, 0xff, 0xff, 0xff,
    0xf9, 0xf, 0xfb, 0x62, 0x6f, 0xe0, 0xef, 0xc,
    0xf1, 0xbf, 0x90, 0xff, 0xff, 0xb6, 0xff, 0xff,
    0xff, 0xff, 0xff, 0xf9, 0x8, 0xcf, 0xfb, 0x6f,
    0xff, 0xff, 0xff, 0xff, 0xff, 0x90, 0x0, 0x3,
    0x50, 0x67, 0x77, 0x77, 0x77, 0x77, 0x70, 0x0,
    0x8, 0x96, 0xe, 0xff, 0xff, 0xff, 0xff, 0xff,
    0x10, 0x0, 0xff, 0x80, 0x78, 0x88, 0x88, 0x88,
    0x88, 0x80, 0x0, 0x2f, 0xf6, 0xbf, 0xff, 0xff,
    0xff, 0xff, 0xff, 0xf0, 0x6, 0xff, 0x3c, 0xff,
    0xff, 0xff, 0xff, 0xff, 0xff, 0x0, 0xaf, 0xf0,
    0x24, 0x44, 0x3d, 0xfd, 0x34, 0x44, 0x30, 0xe,
    0xfd, 0x0, 0xdf, 0x90, 0xcf, 0xc0, 0x9f, 0xd0,
    0x3, 0xff, 0x80, 0xf, 0xf7, 0xc, 0xfc, 0x6,
    0xff, 0x10, 0x9f, 0xf4, 0x5, 0xff, 0x30, 0xcf,
    0xc0, 0x2f, 0xf6, 0xf, 0xfe, 0x0, 0xbf, 0xf0,
    0xc, 0xfc, 0x0, 0xef, 0xc0, 0x11, 0x0, 0x0,
    0x0, 0x0, 0x1, 0x0, 0x0, 0x0,

    /* U+6F2A "漪" */
    0x0, 0x0, 0x0, 0x0, 0x0, 0x0, 0x0, 0x11,
    0x0, 0x0, 0xa, 0xb6, 0x27, 0xff, 0x12, 0x20,
    0x5, 0xff, 0x20, 0x0, 0xb, 0xff, 0x92, 0xff,
    0xaf, 0xad, 0xde, 0xff, 0xed, 0xd2, 0x8, 0xff,
    0x90, 0xdf, 0xff, 0xbf, 0xff, 0xff, 0xff, 0xf2,
    0x0, 0x3, 0x41, 0xdf, 0xfe, 0x59, 0xff, 0xab,
    0xff, 0x71, 0x3, 0x0, 0xd, 0xff, 0xf4, 0xa,
    0xfe, 0x2, 0xff, 0x70, 0x1f, 0xfb, 0x5e, 0xff,
    0xf6, 0x4f, 0xf7, 0x0, 0xaf, 0xf1, 0x1f, 0xff,
    0xae, 0x5d, 0xf9, 0x47, 0x76, 0x66, 0x67, 0x73,
    0x7, 0xbe, 0xa2, 0xa, 0xfc, 0xaf, 0xff, 0xff,
    0xff, 0xf8, 0x0, 0x0, 0x10, 0x9, 0xfd, 0x9f,
    0xff, 0xff, 0xff, 0xf7, 0x0, 0x68, 0x50, 0x9f,
    0xff, 0x6, 0x66, 0x64, 0x8f, 0xc0, 0x0, 0xef,
    0x8c, 0xff, 0xff, 0x1f, 0xff, 0xfb, 0x8f, 0xc0,
    0x0, 0xff, 0x7e, 0xfd, 0xff, 0x2f, 0xfb, 0xfb,
    0x8f, 0xc0, 0x2, 0xff, 0x5e, 0x82, 0xff, 0x3f,
    0xc1, 0xfb, 0x8f, 0xc0, 0x4, 0xff, 0x33, 0x2,
    0xff, 0x4f, 0xc1, 0xfb, 0x8f, 0xc0, 0x8, 0xff,
    0x0, 0x1, 0xff, 0x4f, 0xfe, 0xfb, 0x8f, 0xc0,
    0xb, 0xfe, 0x0, 0x99, 0xff, 0x5f, 0xff, 0xfd,
    0xcf, 0xc0, 0xe, 0xfb, 0x1, 0xff, 0xff, 0x43,
    0x33, 0x3b, 0xff, 0xc0, 0x2f, 0xf7, 0x1, 0xff,
    0xff, 0x40, 0x0, 0xa, 0xff, 0xc0,

    /* U+706B "火" */
    0x0, 0x0, 0x0, 0x0, 0x5f, 0xf5, 0x0, 0x0,
    0x0, 0x0, 0x5, 0x76, 0x0, 0x0, 0x4f, 0xf5,
    0x0, 0x0, 0x67, 0x50, 0x9, 0xff, 0x10, 0x0,
    0x4f, 0xf5, 0x0, 0x1, 0xff, 0x90, 0x5, 0xff,
    0x50, 0x0, 0x4f, 0xf5, 0x0, 0x5, 0xff, 0x50,
    0x1, 0xff, 0xa0, 0x0, 0x4f, 0xf5, 0x0, 0xa,
    0xff, 0x10, 0x0, 0xcf, 0xe0, 0x0, 0x6f, 0xf6,
    0x0, 0xe, 0xfc, 0x0, 0x0, 0x8f, 0xf2, 0x0,
    0x7f, 0xf7, 0x0, 0x2f, 0xf8, 0x0, 0x0, 0x4f,
    0xf7, 0x0, 0xbf, 0xfb, 0x0, 0x7f, 0xf4, 0x0,
    0x0, 0xf, 0xfb, 0x0, 0xff, 0xff, 0x0, 0xbf,
    0xf0, 0x0, 0x0, 0x0, 0x0, 0x6, 0xff, 0xff,
    0x60, 0x0, 0x0, 0x0, 0x0, 0x0, 0x0, 0x1e,
    0xfe, 0xef, 0xe1, 0x0, 0x0, 0x0, 0x0, 0x0,
    0x0, 0xaf, 0xf7, 0x7f, 0xfa, 0x0, 0x0, 0x0,
    0x0, 0x0, 0x9, 0xff, 0xd0, 0xd, 0xff, 0x90,
    0x0, 0x0, 0x0, 0x1, 0xbf, 0xff, 0x20, 0x2,
    0xff, 0xfb, 0x10, 0x0, 0x0, 0x6e, 0xff, 0xf3,
    0x0, 0x0, 0x3f, 0xff, 0xe6, 0x0, 0x2e, 0xff,
    0xfd, 0x20, 0x0, 0x0, 0x2, 0xdf, 0xff, 0xe2,
    0x3f, 0xff, 0x80, 0x0, 0x0, 0x0, 0x0, 0x8,
    0xff, 0xf3, 0x3e, 0x92, 0x0, 0x0, 0x0, 0x0,
    0x0, 0x0, 0x29, 0xe3, 0x0, 0x0, 0x0, 0x0,
    0x0, 0x0, 0x0, 0x0, 0x0, 0x0,

    /* U+706F "灯" */
    0x0, 0x9, 0xff, 0x10, 0x5, 0xff, 0xff, 0xff,
    0xff, 0xf6, 0x1a, 0x99, 0xff, 0x19, 0xa6, 0xff,
    0xff, 0xff, 0xff, 0xf6, 0x2f, 0xe9, 0xff, 0x1f,
    0xf4, 0xaa, 0xab, 0xff, 0xea, 0xa4, 0x1f, 0xf9,
    0xff, 0x1f, 0xf0, 0x0, 0x3, 0xff, 0xb0, 0x0,
    0xf, 0xf9, 0xff, 0x2f, 0xe0, 0x0, 0x3, 0xff,
    0xb0, 0x0, 0xf, 0xf9, 0xff, 0x4f, 0xc0, 0x0,
    0x3, 0xff, 0xb0, 0x0, 0xf, 0xfa, 0xff, 0x6f,
    0xa0, 0x0, 0x3, 0xff, 0xb0, 0x0, 0xe, 0xfb,
    0xff, 0x8f, 0x80, 0x0, 0x3, 0xff, 0xb0, 0x0,
    0xd, 0xfc, 0xff, 0x34, 0x10, 0x0, 0x3, 0xff,
    0xb0, 0x0, 0x0, 0xa, 0xff, 0x0, 0x0, 0x0,
    0x3, 0xff, 0xb0, 0x0, 0x0, 0xa, 0xff, 0xf8,
    0x0, 0x0, 0x3, 0xff, 0xb0, 0x0, 0x0, 0xc,
    0xff, 0xfd, 0x0, 0x0, 0x3, 0xff, 0xb0, 0x0,
    0x0, 0xf, 0xfd, 0xff, 0x20, 0x0, 0x3, 0xff,
    0xb0, 0x0, 0x0, 0x2f, 0xf9, 0xdf, 0x70, 0x0,
    0x3, 0xff, 0xb0, 0x0, 0x0, 0x7f, 0xf5, 0x9f,
    0xb0, 0x0, 0x3, 0xff, 0xb0, 0x0, 0x0, 0xcf,
    0xf1, 0x6f, 0xe0, 0x6, 0xde, 0xff, 0xb0, 0x0,
    0x2, 0xff, 0xb0, 0x3f, 0xf1, 0x8, 0xff, 0xff,
    0xb0, 0x0, 0x9, 0xff, 0x60, 0x1f, 0xf4, 0x8,
    0xff, 0xff, 0xb0, 0x0,

    /* U+70B9 "点" */
    0x0, 0x0, 0x0, 0xa, 0xff, 0x33, 0x33, 0x33,
    0x33, 0x0, 0x0, 0x0, 0x0, 0xa, 0xff, 0xff,
    0xff, 0xff, 0xff, 0x20, 0x0, 0x0, 0x0, 0xa,
    0xff, 0xff, 0xff, 0xff, 0xff, 0x20, 0x0, 0x0,
    0x0, 0xa, 0xff, 0x33, 0x33, 0x33, 0x33, 0x0,
    0x0, 0x49, 0x99, 0x9d, 0xff, 0x99, 0x99, 0x99,
    0x94, 0x0, 0x0, 0x8f, 0xff, 0xff, 0xff, 0xff,
    0xff, 0xff, 0xf8, 0x0, 0x0, 0x8f, 0xff, 0xff,
    0xff, 0xff, 0xff, 0xff, 0xf8, 0x0, 0x0, 0x8f,
    0xf1, 0x0, 0x0, 0x0, 0x0, 0x1f, 0xf8, 0x0,
    0x0, 0x8f, 0xf1, 0x0, 0x0, 0x0, 0x0, 0x1f,
    0xf8, 0x0, 0x0, 0x8f, 0xf1, 0x0, 0x0, 0x0,
    0x0, 0x1f, 0xf8, 0x0, 0x0, 0x8f, 0xff, 0xff,
    0xff, 0xff, 0xff, 0xff, 0xf8, 0x0, 0x0, 0x8f,
    0xff, 0xff, 0xff, 0xff, 0xff, 0xff, 0xf8, 0x0,
    0x0, 0x37, 0x77, 0x77, 0x77, 0x77, 0x77, 0x77,
    0x73, 0x0, 0x0, 0x79, 0x80, 0x39, 0x92, 0x39,
    0x92, 0x8, 0x97, 0x0, 0x2, 0xff, 0xb0, 0x7f,
    0xf3, 0x4f, 0xf6, 0xc, 0xff, 0x10, 0x7, 0xff,
    0x60, 0xaf, 0xf0, 0x2f, 0xf9, 0x6, 0xff, 0x60,
    0xd, 0xff, 0x10, 0xcf, 0xe0, 0xf, 0xfc, 0x1,
    0xff, 0xb0, 0x2f, 0xfb, 0x0, 0xef, 0xb0, 0xd,
    0xfe, 0x0, 0xbf, 0xf1,

    /* U+7136 "然" */
    0x0, 0x0, 0x0, 0x0, 0x0, 0x0, 0x12, 0x11,
    0x21, 0x0, 0x0, 0xa, 0xff, 0xff, 0xff, 0x50,
    0xbf, 0xd6, 0xfc, 0x0, 0x0, 0xf, 0xff, 0xff,
    0xff, 0x30, 0xbf, 0xd1, 0xff, 0x10, 0x0, 0x8f,
    0xf5, 0x59, 0xff, 0x10, 0xbf, 0xd0, 0xad, 0x50,
    0x6, 0xff, 0xfd, 0x8b, 0xff, 0x88, 0xdf, 0xe8,
    0x88, 0x40, 0xe, 0xff, 0xff, 0xff, 0xff, 0xff,
    0xff, 0xff, 0xff, 0x80, 0xe, 0xf3, 0x49, 0xef,
    0xfe, 0xff, 0xff, 0xff, 0xff, 0x80, 0x9, 0xdd,
    0x83, 0xdf, 0xf1, 0x11, 0xff, 0xf1, 0x11, 0x0,
    0x0, 0xcf, 0xff, 0xff, 0x80, 0x4, 0xff, 0xf5,
    0x0, 0x0, 0x0, 0x5b, 0xff, 0xfe, 0x10, 0xd,
    0xff, 0xfe, 0x0, 0x0, 0x0, 0x2b, 0xff, 0xf4,
    0x2, 0xcf, 0xf9, 0xff, 0xd2, 0x0, 0xb, 0xff,
    0xff, 0x60, 0x9f, 0xff, 0x90, 0x8f, 0xff, 0xa0,
    0xe, 0xff, 0xe4, 0x0, 0xdf, 0xf9, 0x0, 0x9,
    0xff, 0xe0, 0xe, 0xe7, 0x0, 0x0, 0xde, 0x50,
    0x0, 0x0, 0x4e, 0xe0, 0x4, 0x11, 0x10, 0x1,
    0x50, 0x1, 0x10, 0x1, 0x11, 0x40, 0x0, 0xef,
    0xe0, 0x5f, 0xf4, 0x5f, 0xf5, 0xe, 0xfe, 0x0,
    0x4, 0xff, 0x90, 0x8f, 0xf2, 0x2f, 0xf8, 0x9,
    0xff, 0x40, 0xb, 0xff, 0x20, 0xbf, 0xf0, 0xf,
    0xfa, 0x2, 0xff, 0xa0, 0x1f, 0xfc, 0x0, 0xdf,
    0xc0, 0xc, 0xfd, 0x0, 0xcf, 0xf1,

    /* U+7231 "爱" */
    0x0, 0x0, 0x0, 0x0, 0x0, 0x1, 0x23, 0x45,
    0x67, 0x0, 0xe, 0xee, 0xee, 0xef, 0xff, 0xff,
    0xff, 0xff, 0xf1, 0x1, 0xff, 0xff, 0xff, 0xff,
    0xff, 0xff, 0xfe, 0xdc, 0x0, 0x6, 0x99, 0x85,
    0x57, 0x87, 0x31, 0x3, 0x77, 0x10, 0x0, 0xf,
    0xfc, 0x0, 0x6f, 0xf5, 0x0, 0xbf, 0xf0, 0x0,
    0x11, 0xcf, 0xf1, 0x13, 0xff, 0x91, 0x1e, 0xfc,
    0x11, 0xf, 0xff, 0xff, 0xff, 0xff, 0xff, 0xff,
    0xff, 0xff, 0xf0, 0xff, 0xff, 0xff, 0xff, 0xff,
    0xff, 0xff, 0xff, 0xff, 0xf, 0xfa, 0x39, 0xff,
    0x53, 0x33, 0x33, 0x33, 0xaf, 0xf0, 0xff, 0xfe,
    0xff, 0xfe, 0xee, 0xee, 0xee, 0xef, 0xff, 0x8,
    0xaf, 0xff, 0xff, 0xff, 0xff, 0xff, 0xff, 0xfa,
    0x80, 0x0, 0x3a, 0xff, 0x64, 0x44, 0x44, 0x44,
    0x44, 0x10, 0x0, 0x0, 0xef, 0xff, 0xff, 0xff,
    0xff, 0xff, 0xfb, 0x0, 0x0, 0x6f, 0xf9, 0xff,
    0xff, 0xff, 0xff, 0xff, 0x20, 0x0, 0xd, 0xfe,
    0x7, 0xff, 0xc2, 0x2c, 0xff, 0x50, 0x0, 0x5,
    0xff, 0x80, 0x6, 0xff, 0xff, 0xff, 0x40, 0x0,
    0x0, 0xdf, 0xf5, 0x58, 0xcf, 0xff, 0xff, 0xfb,
    0x85, 0x30, 0x6f, 0xfa, 0xff, 0xff, 0xff, 0xab,
    0xff, 0xff, 0xff, 0xe, 0xff, 0x2f, 0xeb, 0x84,
    0x0, 0x0, 0x48, 0xbe, 0xf0, 0x0, 0x0, 0x0,
    0x0, 0x0, 0x0, 0x0, 0x0, 0x0,

    /* U+7259 "牙" */
    0x3f, 0xff, 0xff, 0xff, 0xff, 0xff, 0xff, 0xff,
    0xfa, 0x3, 0xff, 0xff, 0xff, 0xff, 0xff, 0xff,
    0xff, 0xff, 0xa0, 0x18, 0x88, 0x88, 0x88, 0x88,
    0x8a, 0xff, 0xa8, 0x85, 0x0, 0x6, 0x64, 0x0,
    0x0, 0x0, 0x5f, 0xf5, 0x0, 0x0, 0x1, 0xff,
    0x70, 0x0, 0x0, 0x5, 0xff, 0x50, 0x0, 0x0,
    0x4f, 0xf4, 0x0, 0x0, 0x0, 0x5f, 0xf5, 0x0,
    0x0, 0x8, 0xff, 0x99, 0x99, 0x99, 0x9b, 0xff,
    0xb9, 0x99, 0x30, 0xbf, 0xff, 0xff, 0xff, 0xff,
    0xff, 0xff, 0xff, 0xf6, 0xe, 0xff, 0xff, 0xff,
    0xff, 0xff, 0xff, 0xff, 0xff, 0x60, 0x0, 0x0,
    0x2f, 0xfa, 0x0, 0x5f, 0xf5, 0x0, 0x0, 0x0,
    0x0, 0x9, 0xff, 0x20, 0x5, 0xff, 0x50, 0x0,
    0x0, 0x0, 0x2, 0xff, 0xb0, 0x0, 0x5f, 0xf5,
    0x0, 0x0, 0x0, 0x0, 0xaf, 0xf3, 0x0, 0x5,
    0xff, 0x50, 0x0, 0x0, 0x0, 0x4f, 0xfb, 0x0,
    0x0, 0x5f, 0xf5, 0x0, 0x0, 0x0, 0xd, 0xff,
    0x30, 0x0, 0x5, 0xff, 0x50, 0x0, 0x0, 0x9,
    0xff, 0x90, 0x0, 0x69, 0xbf, 0xf5, 0x0, 0x0,
    0x4, 0xff, 0xd0, 0x0, 0xb, 0xff, 0xff, 0x50,
    0x0, 0x1, 0xef, 0xf3, 0x0, 0x0, 0xbf, 0xff,
    0xf5, 0x0, 0x0,

    /* U+7279 "特" */
    0x0, 0x0, 0x0, 0x0, 0x0, 0x2, 0x32, 0x0,
    0x0, 0x3, 0xfe, 0x7f, 0xa0, 0x0, 0x0, 0xef,
    0xb0, 0x0, 0x0, 0x4f, 0xd7, 0xfa, 0x0, 0xff,
    0xff, 0xff, 0xff, 0xf6, 0x5, 0xfd, 0x9f, 0xb2,
    0xf, 0xff, 0xff, 0xff, 0xff, 0x70, 0x6f, 0xff,
    0xff, 0xc0, 0x88, 0x8f, 0xfe, 0x88, 0x83, 0x7,
    0xff, 0xff, 0xfc, 0x0, 0x0, 0xef, 0xb0, 0x0,
    0x0, 0x9f, 0xdd, 0xfd, 0x76, 0x88, 0x8f, 0xfd,
    0x88, 0x88, 0xa, 0xf9, 0xaf, 0xa0, 0xdf, 0xff,
    0xff, 0xff, 0xff, 0xf1, 0xcf, 0x7a, 0xfa, 0xc,
    0xff, 0xff, 0xff, 0xff, 0xff, 0x18, 0x93, 0xaf,
    0xa0, 0x0, 0x0, 0x0, 0x5b, 0xb1, 0x0, 0x0,
    0xa, 0xfd, 0x77, 0x99, 0x99, 0x9c, 0xff, 0xa6,
    0x6, 0x9d, 0xff, 0xfc, 0xcf, 0xff, 0xff, 0xff,
    0xff, 0xa0, 0xff, 0xff, 0xff, 0xca, 0xcc, 0xcc,
    0xce, 0xff, 0xd8, 0xf, 0xfc, 0xef, 0xa0, 0x37,
    0x73, 0x0, 0x7f, 0xf2, 0x0, 0x30, 0xb, 0xfa,
    0x2, 0xff, 0xb0, 0x7, 0xff, 0x20, 0x0, 0x0,
    0xbf, 0xa0, 0xb, 0xff, 0x10, 0x7f, 0xf2, 0x0,
    0x0, 0xb, 0xfa, 0x0, 0x5f, 0xf7, 0x2b, 0xff,
    0x20, 0x0, 0x0, 0xbf, 0xa0, 0x0, 0xef, 0xd5,
    0xff, 0xf2, 0x0, 0x0, 0xb, 0xfa, 0x0, 0x0,
    0x0, 0x5f, 0xff, 0x20, 0x0,

    /* U+72B6 "状" */
    0x33, 0x12, 0xff, 0x50, 0x0, 0x5f, 0xf3, 0xaf,
    0xc0, 0xe, 0xf7, 0x2f, 0xf5, 0x0, 0x5, 0xff,
    0x36, 0xff, 0x0, 0xcf, 0x92, 0xff, 0x50, 0x0,
    0x5f, 0xf3, 0x2b, 0xb2, 0xa, 0xfa, 0x2f, 0xf4,
    0x88, 0x8b, 0xff, 0xa8, 0x88, 0x81, 0x9f, 0xc2,
    0xff, 0x3f, 0xff, 0xff, 0xff, 0xff, 0xff, 0x27,
    0xfe, 0x2f, 0xf3, 0xff, 0xff, 0xff, 0xff, 0xff,
    0xf2, 0x5f, 0xf3, 0xff, 0x50, 0x0, 0x6f, 0xf4,
    0x10, 0x0, 0x3, 0xff, 0x5f, 0xf5, 0x0, 0x7,
    0xff, 0xff, 0x0, 0x0, 0x1, 0x13, 0xff, 0x50,
    0x0, 0x8f, 0xff, 0xf4, 0x0, 0x3, 0xff, 0x5f,
    0xf5, 0x0, 0x9, 0xff, 0xff, 0xa0, 0x0, 0x5f,
    0xf3, 0xff, 0x50, 0x0, 0xdf, 0xea, 0xfe, 0x0,
    0x6, 0xff, 0x2f, 0xf5, 0x0, 0xf, 0xfb, 0x5f,
    0xf4, 0x0, 0x8f, 0xd2, 0xff, 0x50, 0x4, 0xff,
    0x80, 0xff, 0x90, 0xa, 0xfb, 0x2f, 0xf5, 0x0,
    0xaf, 0xf4, 0xa, 0xfe, 0x0, 0xbf, 0x92, 0xff,
    0x50, 0x1f, 0xfe, 0x0, 0x5f, 0xf4, 0xd, 0xf8,
    0x2f, 0xf5, 0x8, 0xff, 0x90, 0x0, 0xff, 0x90,
    0xdd, 0x52, 0xff, 0x51, 0xff, 0xf2, 0x0, 0xa,
    0xfe, 0x0, 0x0, 0x2f, 0xf5, 0x9f, 0xfb, 0x0,
    0x0, 0x5f, 0xf3, 0x0, 0x0, 0x0, 0x0, 0x0,
    0x0, 0x0, 0x0, 0x0, 0x0,

    /* U+732B "猫" */
    0x0, 0x0, 0x0, 0x0, 0x1, 0x10, 0x0, 0x11,
    0x0, 0x5f, 0xf7, 0x6, 0x30, 0xaf, 0xd0, 0x7,
    0xff, 0x20, 0xf, 0xfd, 0xbf, 0x9c, 0xef, 0xfc,
    0xcd, 0xff, 0xcb, 0x9, 0xff, 0xff, 0xbf, 0xff,
    0xff, 0xff, 0xff, 0xfe, 0x8, 0xff, 0xfb, 0x5b,
    0xef, 0xfb, 0xbd, 0xff, 0xca, 0xcf, 0xff, 0xc0,
    0x0, 0xaf, 0xd0, 0x7, 0xff, 0x20, 0xff, 0xff,
    0xf0, 0x0, 0x46, 0x50, 0x2, 0x66, 0x10, 0xf7,
    0x7f, 0xf2, 0xe, 0xff, 0xff, 0xff, 0xff, 0xf7,
    0x20, 0x3f, 0xf5, 0xf, 0xff, 0xff, 0xff, 0xff,
    0xf7, 0x0, 0x5f, 0xf7, 0xf, 0xfa, 0x6f, 0xf9,
    0x6f, 0xf7, 0x8, 0xff, 0xfa, 0xf, 0xf7, 0xe,
    0xf4, 0xe, 0xf7, 0xdf, 0xff, 0xfb, 0xf, 0xf7,
    0xe, 0xf4, 0xe, 0xf7, 0xff, 0xed, 0xfd, 0xf,
    0xff, 0xff, 0xff, 0xff, 0xf7, 0xf9, 0xa, 0xfd,
    0xf, 0xff, 0xff, 0xff, 0xff, 0xf7, 0x40, 0x9,
    0xfe, 0xf, 0xf9, 0x3f, 0xf7, 0x3f, 0xf7, 0x0,
    0x9, 0xff, 0xf, 0xf7, 0xe, 0xf4, 0xe, 0xf7,
    0x7, 0x8c, 0xff, 0xf, 0xfa, 0x5f, 0xf8, 0x5f,
    0xf7, 0xd, 0xff, 0xff, 0xf, 0xff, 0xff, 0xff,
    0xff, 0xf7, 0xd, 0xff, 0xff, 0xf, 0xff, 0xff,
    0xff, 0xff, 0xf7,

    /* U+7387 "率" */
    0x0, 0x11, 0x11, 0x11, 0x6f, 0xf6, 0x11, 0x11,
    0x11, 0x0, 0x7, 0xff, 0xff, 0xff, 0xff, 0xff,
    0xff, 0xff, 0xff, 0x70, 0x7, 0xff, 0xff, 0xff,
    0xff, 0xff, 0xff, 0xff, 0xff, 0x70, 0x3, 0x66,
    0x32, 0x28, 0xff, 0xa3, 0x66, 0x52, 0x56, 0x40,
    0x5, 0xff, 0x62, 0x5f, 0xfc, 0xa, 0xff, 0x41,
    0xff, 0xa0, 0x0, 0xef, 0xd5, 0xff, 0xf4, 0x7f,
    0xf6, 0x8, 0xff, 0x30, 0x0, 0x7f, 0xf9, 0xff,
    0xff, 0xff, 0xa0, 0xe, 0xfc, 0x0, 0x0, 0x16,
    0x63, 0x27, 0xef, 0xfd, 0xdd, 0x36, 0x63, 0x0,
    0x0, 0x6f, 0xf4, 0x2, 0xef, 0xe1, 0xcf, 0x7e,
    0xfb, 0x0, 0x0, 0xcf, 0xe8, 0xff, 0xff, 0xff,
    0xff, 0xa9, 0xff, 0x10, 0x2, 0xff, 0x88, 0xff,
    0xff, 0xff, 0xff, 0xe3, 0xff, 0x70, 0x7, 0xdd,
    0x22, 0x55, 0x58, 0x85, 0x55, 0x50, 0xbd, 0xb0,
    0x2, 0x22, 0x22, 0x22, 0x6f, 0xf6, 0x22, 0x22,
    0x22, 0x20, 0x3f, 0xff, 0xff, 0xff, 0xff, 0xff,
    0xff, 0xff, 0xff, 0xf3, 0x3f, 0xff, 0xff, 0xff,
    0xff, 0xff, 0xff, 0xff, 0xff, 0xf3, 0x3, 0x33,
    0x33, 0x33, 0x7f, 0xf7, 0x33, 0x33, 0x33, 0x30,
    0x0, 0x0, 0x0, 0x0, 0x5f, 0xf5, 0x0, 0x0,
    0x0, 0x0, 0x0, 0x0, 0x0, 0x0, 0x5f, 0xf5,
    0x0, 0x0, 0x0, 0x0,

    /* U+73AF "环" */
    0xf, 0xff, 0xff, 0xfd, 0xbf, 0xff, 0xff, 0xff,
    0xff, 0xe0, 0xf, 0xff, 0xff, 0xfd, 0xbf, 0xff,
    0xff, 0xff, 0xff, 0xe0, 0x9, 0x9e, 0xfe, 0x97,
    0x69, 0x9c, 0xff, 0x99, 0x99, 0x80, 0x0, 0xd,
    0xfc, 0x0, 0x0, 0xb, 0xfd, 0x0, 0x0, 0x0,
    0x0, 0xd, 0xfc, 0x0, 0x0, 0xe, 0xfa, 0x0,
    0x0, 0x0, 0x0, 0xd, 0xfc, 0x0, 0x0, 0x5f,
    0xf5, 0x1f, 0xf6, 0x0, 0x0, 0xd, 0xfc, 0x0,
    0x0, 0xbf, 0xf6, 0x3d, 0xfa, 0x0, 0xb, 0xff,
    0xff, 0xfa, 0x5, 0xff, 0xff, 0xb9, 0xfe, 0x0,
    0xb, 0xff, 0xff, 0xfa, 0x1e, 0xff, 0xff, 0xb5,
    0xff, 0x20, 0x6, 0x8e, 0xfe, 0x86, 0xcf, 0xf8,
    0xef, 0xb1, 0xff, 0x60, 0x0, 0xd, 0xfc, 0x4,
    0xff, 0xb0, 0xef, 0xb0, 0xdf, 0xa0, 0x0, 0xd,
    0xfc, 0x4, 0xfc, 0x0, 0xef, 0xb0, 0x8f, 0xe0,
    0x0, 0xd, 0xfc, 0x4, 0x90, 0x0, 0xef, 0xb0,
    0x4f, 0xf3, 0x0, 0xd, 0xfc, 0x35, 0x0, 0x0,
    0xef, 0xb0, 0x0, 0x0, 0x7, 0x9f, 0xff, 0xff,
    0x0, 0x0, 0xef, 0xb0, 0x0, 0x0, 0x1f, 0xff,
    0xff, 0xff, 0x0, 0x0, 0xef, 0xb0, 0x0, 0x0,
    0x1f, 0xec, 0x97, 0x42, 0x0, 0x0, 0xef, 0xb0,
    0x0, 0x0, 0x0, 0x0, 0x0, 0x0, 0x0, 0x0,
    0xef, 0xb0, 0x0, 0x0,

    /* U+73B0 "现" */
    0xce, 0xee, 0xee, 0xd7, 0xff, 0xff, 0xff, 0xff,
    0xf7, 0xe, 0xff, 0xff, 0xff, 0x7f, 0xff, 0xff,
    0xff, 0xff, 0x70, 0xef, 0xff, 0xff, 0xf7, 0xff,
    0x99, 0x99, 0x9f, 0xf7, 0x0, 0xa, 0xfd, 0x0,
    0x7f, 0xe0, 0x13, 0x20, 0xef, 0x70, 0x0, 0xaf,
    0xd0, 0x7, 0xfe, 0x7, 0xfe, 0xe, 0xf7, 0x0,
    0xa, 0xfd, 0x0, 0x7f, 0xe0, 0x7f, 0xe0, 0xef,
    0x70, 0x12, 0xbf, 0xd2, 0x17, 0xfe, 0x7, 0xfe,
    0xe, 0xf7, 0x9, 0xff, 0xff, 0xfc, 0x7f, 0xe0,
    0x7f, 0xe0, 0xef, 0x70, 0x9f, 0xff, 0xff, 0xc7,
    0xfe, 0x7, 0xfd, 0xe, 0xf7, 0x2, 0x3b, 0xfd,
    0x32, 0x7f, 0xe0, 0x8f, 0xc0, 0xef, 0x70, 0x0,
    0xaf, 0xd0, 0x7, 0xfe, 0xb, 0xfb, 0xe, 0xf7,
    0x0, 0xa, 0xfd, 0x0, 0x4a, 0x90, 0xef, 0x80,
    0x9a, 0x40, 0x0, 0xaf, 0xd0, 0x0, 0x0, 0x3f,
    0xfb, 0x70, 0x0, 0x0, 0xa, 0xfd, 0x47, 0x0,
    0xa, 0xfe, 0xef, 0x10, 0x0, 0x8a, 0xef, 0xff,
    0xf1, 0x3, 0xff, 0x8d, 0xf1, 0x0, 0xf, 0xff,
    0xff, 0xff, 0x10, 0xdf, 0xf1, 0xdf, 0x76, 0x61,
    0xfd, 0xb8, 0x64, 0x10, 0xaf, 0xf6, 0xd, 0xff,
    0xff, 0x30, 0x0, 0x0, 0x0, 0x9f, 0xfb, 0x0,
    0xdf, 0xff, 0xf3,

    /* U+7403 "球" */
    0xf, 0xff, 0xff, 0xf8, 0x0, 0x1, 0xff, 0x75,
    0xeb, 0x0, 0xf, 0xff, 0xff, 0xf8, 0x0, 0x1,
    0xff, 0x72, 0xff, 0x0, 0x9, 0x9f, 0xfd, 0x95,
    0xcc, 0xcc, 0xff, 0xec, 0xdd, 0xc0, 0x0, 0xf,
    0xf9, 0x1, 0xff, 0xff, 0xff, 0xff, 0xff, 0xf0,
    0x0, 0xf, 0xf9, 0x0, 0x66, 0x66, 0xff, 0xa6,
    0x66, 0x60, 0x0, 0xf, 0xf9, 0x4, 0xbb, 0x0,
    0xff, 0x70, 0x5b, 0xa0, 0x4, 0x5f, 0xfb, 0x53,
    0xff, 0x40, 0xff, 0x70, 0xcf, 0xa0, 0xb, 0xff,
    0xff, 0xf3, 0xcf, 0xa0, 0xff, 0x71, 0xff, 0x50,
    0xb, 0xff, 0xff, 0xf3, 0x6e, 0xd0, 0xff, 0x75,
    0xff, 0x10, 0x2, 0x3f, 0xfa, 0x30, 0x0, 0x0,
    0xff, 0xf6, 0x43, 0x0, 0x0, 0xf, 0xf9, 0x0,
    0x5f, 0xf0, 0xff, 0xff, 0x40, 0x0, 0x0, 0xf,
    0xf9, 0x0, 0x8f, 0xe0, 0xff, 0xff, 0xe1, 0x0,
    0x0, 0xf, 0xf9, 0x0, 0xbf, 0xb0, 0xff, 0xaf,
    0xfa, 0x0, 0x0, 0xf, 0xfa, 0x43, 0xff, 0x80,
    0xff, 0x77, 0xff, 0x20, 0x8, 0xbf, 0xff, 0xfb,
    0xff, 0x40, 0xff, 0x70, 0xef, 0x80, 0x1f, 0xff,
    0xff, 0xff, 0xff, 0x48, 0xff, 0x70, 0x8f, 0xd0,
    0x1f, 0xeb, 0x97, 0x4e, 0xfa, 0x6f, 0xff, 0x70,
    0x4f, 0xf0, 0x0, 0x0, 0x0, 0x4f, 0xf5, 0x6f,
    0xff, 0x70, 0x1f, 0xf3, 0x0, 0x0, 0x0, 0x0,
    0x0, 0x0, 0x0, 0x0, 0x0, 0x0,

    /* U+7406 "理" */
    0xf, 0xff, 0xff, 0xf3, 0x9f, 0xff, 0xff, 0xff,
    0xff, 0x40, 0xf, 0xff, 0xff, 0xf3, 0x9f, 0xff,
    0xff, 0xff, 0xff, 0x40, 0x9, 0x9f, 0xfc, 0x91,
    0x9f, 0xf5, 0xef, 0xa7, 0xff, 0x40, 0x0, 0xf,
    0xf8, 0x0, 0x9f, 0xe0, 0xdf, 0x73, 0xff, 0x40,
    0x0, 0xf, 0xf8, 0x0, 0x9f, 0xff, 0xff, 0xff,
    0xff, 0x40, 0x0, 0xf, 0xf8, 0x0, 0x9f, 0xff,
    0xff, 0xff, 0xff, 0x40, 0x2, 0x3f, 0xfa, 0x30,
    0x9f, 0xf4, 0xdf, 0x96, 0xff, 0x40, 0xb, 0xff,
    0xff, 0xf1, 0x9f, 0xe1, 0xdf, 0x74, 0xff, 0x40,
    0xb, 0xff, 0xff, 0xf1, 0x9f, 0xff, 0xff, 0xff,
    0xff, 0x40, 0x4, 0x6f, 0xfb, 0x60, 0x9f, 0xff,
    0xff, 0xff, 0xff, 0x40, 0x0, 0xf, 0xf8, 0x0,
    0x24, 0x44, 0xff, 0xb4, 0x44, 0x10, 0x0, 0xf,
    0xf8, 0x0, 0x56, 0x66, 0xff, 0xc6, 0x66, 0x30,
    0x0, 0xf, 0xf8, 0x0, 0xef, 0xff, 0xff, 0xff,
    0xff, 0x90, 0x0, 0xf, 0xfa, 0x64, 0xdf, 0xff,
    0xff, 0xff, 0xff, 0x80, 0x7, 0xaf, 0xff, 0xf8,
    0x0, 0x0, 0xff, 0xa0, 0x0, 0x0, 0x1f, 0xff,
    0xff, 0xfb, 0x66, 0x66, 0xff, 0xc6, 0x66, 0x60,
    0x1f, 0xfe, 0xb8, 0x69, 0xff, 0xff, 0xff, 0xff,
    0xff, 0xf2, 0x3, 0x10, 0x0, 0x7, 0xff, 0xff,
    0xff, 0xff, 0xff, 0xf2,

    /* U+751F "生" */
    0x0, 0x3f, 0xf7, 0x0, 0x3f, 0xf7, 0x0, 0x0,
    0x0, 0x0, 0x6, 0xff, 0x50, 0x3, 0xff, 0x70,
    0x0, 0x0, 0x0, 0x0, 0x9f, 0xfa, 0x99, 0xaf,
    0xfc, 0x99, 0x99, 0x99, 0x40, 0xd, 0xff, 0xff,
    0xff, 0xff, 0xff, 0xff, 0xff, 0xf8, 0x2, 0xff,
    0xff, 0xff, 0xff, 0xff, 0xff, 0xff, 0xff, 0x80,
    0x7f, 0xf7, 0x0, 0x3, 0xff, 0x70, 0x0, 0x0,
    0x0, 0xe, 0xff, 0x10, 0x0, 0x3f, 0xf7, 0x0,
    0x0, 0x0, 0x1, 0x77, 0x50, 0x0, 0x3, 0xff,
    0x70, 0x0, 0x0, 0x0, 0x0, 0x58, 0x88, 0x88,
    0x9f, 0xfb, 0x88, 0x88, 0x85, 0x0, 0xa, 0xff,
    0xff, 0xff, 0xff, 0xff, 0xff, 0xff, 0xa0, 0x0,
    0xaf, 0xff, 0xff, 0xff, 0xff, 0xff, 0xff, 0xfa,
    0x0, 0x0, 0x0, 0x0, 0x3, 0xff, 0x70, 0x0,
    0x0, 0x0, 0x0, 0x0, 0x0, 0x0, 0x3f, 0xf7,
    0x0, 0x0, 0x0, 0x0, 0x0, 0x0, 0x0, 0x3,
    0xff, 0x70, 0x0, 0x0, 0x0, 0x0, 0x0, 0x0,
    0x0, 0x3f, 0xf7, 0x0, 0x0, 0x0, 0x0, 0xaa,
    0xaa, 0xaa, 0xab, 0xff, 0xca, 0xaa, 0xaa, 0xaa,
    0xf, 0xff, 0xff, 0xff, 0xff, 0xff, 0xff, 0xff,
    0xff, 0xf0, 0xff, 0xff, 0xff, 0xff, 0xff, 0xff,
    0xff, 0xff, 0xff,

    /* U+7528 "用" */
    0x0, 0xef, 0xff, 0xff, 0xff, 0xff, 0xff, 0xff,
    0xff, 0x0, 0xe, 0xff, 0xff, 0xff, 0xff, 0xff,
    0xff, 0xff, 0xf0, 0x0, 0xef, 0xd8, 0x88, 0x8f,
    0xfc, 0x88, 0x8c, 0xff, 0x0, 0xe, 0xfb, 0x0,
    0x1, 0xff, 0x70, 0x0, 0x9f, 0xf0, 0x0, 0xef,
    0xb0, 0x0, 0x1f, 0xf7, 0x0, 0x9, 0xff, 0x0,
    0xe, 0xff, 0xff, 0xff, 0xff, 0xff, 0xff, 0xff,
    0xf0, 0x0, 0xef, 0xff, 0xff, 0xff, 0xff, 0xff,
    0xff, 0xff, 0x0, 0xe, 0xfd, 0x88, 0x88, 0xff,
    0xc8, 0x88, 0xcf, 0xf0, 0x0, 0xef, 0xb0, 0x0,
    0x1f, 0xf7, 0x0, 0x9, 0xff, 0x0, 0xe, 0xfb,
    0x0, 0x1, 0xff, 0x70, 0x0, 0x9f, 0xf0, 0x0,
    0xef, 0xff, 0xff, 0xff, 0xff, 0xff, 0xff, 0xff,
    0x0, 0xf, 0xff, 0xff, 0xff, 0xff, 0xff, 0xff,
    0xff, 0xf0, 0x1, 0xff, 0xc8, 0x88, 0x9f, 0xfc,
    0x88, 0x8c, 0xff, 0x0, 0x3f, 0xf6, 0x0, 0x1,
    0xff, 0x70, 0x0, 0x9f, 0xf0, 0x6, 0xff, 0x40,
    0x0, 0x1f, 0xf7, 0x0, 0x9, 0xff, 0x0, 0xaf,
    0xf1, 0x0, 0x1, 0xff, 0x70, 0x5a, 0xdf, 0xf0,
    0xe, 0xfd, 0x0, 0x0, 0x1f, 0xf7, 0x9, 0xff,
    0xff, 0x4, 0xff, 0x90, 0x0, 0x1, 0xff, 0x70,
    0x9f, 0xff, 0xf0, 0x0, 0x0, 0x0, 0x0, 0x0,
    0x0, 0x0, 0x0, 0x0, 0x0,

    /* U+7531 "由" */
    0x0, 0x0, 0x0, 0x1, 0xff, 0x80, 0x0, 0x0,
    0x0, 0x0, 0x0, 0x0, 0x1, 0xff, 0x80, 0x0,
    0x0, 0x0, 0x1f, 0xff, 0xff, 0xff, 0xff, 0xff,
    0xff, 0xff, 0xf8, 0x1f, 0xff, 0xff, 0xff, 0xff,
    0xff, 0xff, 0xff, 0xf8, 0x1f, 0xfc, 0x99, 0x99,
    0xff, 0xc9, 0x99, 0x9f, 0xf8, 0x1f, 0xf8, 0x0,
    0x0, 0xff, 0x80, 0x0, 0x1f, 0xf8, 0x1f, 0xf8,
    0x0, 0x0, 0xff, 0x80, 0x0, 0x1f, 0xf8, 0x1f,
    0xf8, 0x0, 0x0, 0xff, 0x80, 0x0, 0x1f, 0xf8,
    0x1f, 0xfc, 0x88, 0x88, 0xff, 0xc8, 0x88, 0x9f,
    0xf8, 0x1f, 0xff, 0xff, 0xff, 0xff, 0xff, 0xff,
    0xff, 0xf8, 0x1f, 0xff, 0xff, 0xff, 0xff, 0xff,
    0xff, 0xff, 0xf8, 0x1f, 0xf8, 0x0, 0x0, 0xff,
    0x80, 0x0, 0x1f, 0xf8, 0x1f, 0xf8, 0x0, 0x0,
    0xff, 0x80, 0x0, 0x1f, 0xf8, 0x1f, 0xf8, 0x0,
    0x0, 0xff, 0x80, 0x0, 0x1f, 0xf8, 0x1f, 0xf8,
    0x0, 0x0, 0xff, 0x80, 0x0, 0x1f, 0xf8, 0x1f,
    0xfc, 0x99, 0x99, 0xff, 0xc9, 0x99, 0x9f, 0xf8,
    0x1f, 0xff, 0xff, 0xff, 0xff, 0xff, 0xff, 0xff,
    0xf8, 0x1f, 0xff, 0xff, 0xff, 0xff, 0xff, 0xff,
    0xff, 0xf8,

    /* U+7535 "电" */
    0x0, 0x0, 0x0, 0x8, 0xff, 0x0, 0x0, 0x0,
    0x0, 0x7, 0xff, 0xff, 0xff, 0xff, 0xff, 0xff,
    0xff, 0xff, 0x0, 0x8f, 0xff, 0xff, 0xff, 0xff,
    0xff, 0xff, 0xff, 0xf0, 0x8, 0xff, 0xa9, 0x99,
    0xcf, 0xfa, 0x99, 0x9d, 0xff, 0x0, 0x8f, 0xf1,
    0x0, 0x8, 0xff, 0x0, 0x0, 0x9f, 0xf0, 0x8,
    0xff, 0x10, 0x0, 0x8f, 0xf0, 0x0, 0x9, 0xff,
    0x0, 0x8f, 0xff, 0xff, 0xff, 0xff, 0xff, 0xff,
    0xff, 0xf0, 0x8, 0xff, 0xff, 0xff, 0xff, 0xff,
    0xff, 0xff, 0xff, 0x0, 0x8f, 0xf9, 0x99, 0x9c,
    0xff, 0x99, 0x99, 0xcf, 0xf0, 0x8, 0xff, 0x10,
    0x0, 0x8f, 0xf0, 0x0, 0x9, 0xff, 0x0, 0x8f,
    0xf1, 0x0, 0x8, 0xff, 0x0, 0x0, 0x9f, 0xf0,
    0x8, 0xff, 0xa9, 0x99, 0xcf, 0xfa, 0x99, 0x9d,
    0xff, 0x0, 0x8f, 0xff, 0xff, 0xff, 0xff, 0xff,
    0xff, 0xff, 0xf0, 0x7, 0xff, 0xff, 0xff, 0xff,
    0xff, 0xff, 0xff, 0xff, 0x0, 0x0, 0x0, 0x0,
    0x8, 0xff, 0x0, 0x0, 0x0, 0x0, 0x0, 0x0,
    0x0, 0x0, 0x8f, 0xf8, 0x88, 0x88, 0x88, 0x82,
    0x0, 0x0, 0x0, 0x8, 0xff, 0xff, 0xff, 0xff,
    0xff, 0x40, 0x0, 0x0, 0x0, 0x8f, 0xff, 0xff,
    0xff, 0xff, 0xf4,

    /* U+753B "画" */
    0x1f, 0xff, 0xff, 0xff, 0xff, 0xff, 0xff, 0xff,
    0xff, 0xf7, 0x1f, 0xff, 0xff, 0xff, 0xff, 0xff,
    0xff, 0xff, 0xff, 0xf7, 0x6, 0x66, 0x66, 0x66,
    0x66, 0x66, 0x66, 0x66, 0x66, 0x62, 0x0, 0x0,
    0x0, 0x0, 0x0, 0x0, 0x0, 0x0, 0x0, 0x0,
    0x0, 0x0, 0xd, 0xff, 0xff, 0xff, 0xff, 0xf3,
    0x0, 0x0, 0x0, 0x0, 0xd, 0xff, 0xff, 0xff,
    0xff, 0xf3, 0x0, 0x0, 0x7, 0xff, 0xd, 0xf9,
    0x5e, 0xf7, 0x5f, 0xf3, 0xaf, 0xd0, 0x7, 0xff,
    0xd, 0xf7, 0xe, 0xf4, 0x1f, 0xf3, 0xaf, 0xd0,
    0x7, 0xff, 0xd, 0xff, 0xff, 0xff, 0xff, 0xf3,
    0xaf, 0xd0, 0x7, 0xff, 0xd, 0xff, 0xef, 0xfe,
    0xef, 0xf3, 0xaf, 0xd0, 0x7, 0xff, 0xd, 0xf6,
    0xe, 0xf4, 0xf, 0xf3, 0xaf, 0xd0, 0x7, 0xff,
    0xd, 0xfa, 0x6e, 0xf8, 0x6f, 0xf3, 0xaf, 0xd0,
    0x7, 0xff, 0xd, 0xff, 0xff, 0xff, 0xff, 0xf3,
    0xaf, 0xd0, 0x7, 0xff, 0xd, 0xff, 0xff, 0xff,
    0xff, 0xf3, 0xaf, 0xd0, 0x7, 0xff, 0x0, 0x0,
    0x0, 0x0, 0x0, 0x0, 0xaf, 0xd0, 0x7, 0xff,
    0xaa, 0xaa, 0xaa, 0xaa, 0xaa, 0xaa, 0xef, 0xd0,
    0x7, 0xff, 0xff, 0xff, 0xff, 0xff, 0xff, 0xff,
    0xff, 0xd0, 0x7, 0xff, 0xff, 0xff, 0xff, 0xff,
    0xff, 0xff, 0xff, 0xd0,

    /* U+754C "界" */
    0xa, 0xff, 0xff, 0xff, 0xff, 0xff, 0xff, 0xff,
    0xf0, 0x0, 0xaf, 0xff, 0xff, 0xff, 0xff, 0xff,
    0xff, 0xff, 0x0, 0xa, 0xff, 0x55, 0x55, 0xff,
    0xa5, 0x55, 0xaf, 0xf0, 0x0, 0xaf, 0xf3, 0x33,
    0x4f, 0xf9, 0x33, 0x3a, 0xff, 0x0, 0xa, 0xff,
    0xff, 0xff, 0xff, 0xff, 0xff, 0xff, 0xf0, 0x0,
    0xaf, 0xfc, 0xcc, 0xcf, 0xfe, 0xcc, 0xce, 0xff,
    0x0, 0xa, 0xff, 0x55, 0x55, 0xff, 0xa5, 0x55,
    0xaf, 0xf0, 0x0, 0xaf, 0xff, 0xff, 0xff, 0xff,
    0xff, 0xff, 0xff, 0x0, 0xa, 0xff, 0xff, 0xff,
    0xff, 0xff, 0xff, 0xff, 0xf0, 0x0, 0x0, 0x6,
    0xff, 0xf4, 0xd, 0xff, 0xb1, 0x0, 0x0, 0x0,
    0x4c, 0xff, 0xf7, 0x0, 0x2e, 0xff, 0xe7, 0x10,
    0x8, 0xdf, 0xff, 0xe5, 0x0, 0x0, 0x1b, 0xff,
    0xff, 0xb3, 0xff, 0xfe, 0xed, 0xc0, 0x0, 0x4,
    0xae, 0xef, 0xff, 0x6f, 0xb6, 0xc, 0xff, 0x0,
    0x0, 0x6f, 0xf5, 0x39, 0xd6, 0x0, 0x0, 0xdf,
    0xe0, 0x0, 0x6, 0xff, 0x50, 0x0, 0x0, 0x0,
    0x2f, 0xfb, 0x0, 0x0, 0x6f, 0xf5, 0x0, 0x0,
    0x0, 0xc, 0xff, 0x40, 0x0, 0x6, 0xff, 0x50,
    0x0, 0x0, 0xa, 0xff, 0xb0, 0x0, 0x0, 0x6f,
    0xf5, 0x0, 0x0,

    /* U+7559 "留" */
    0x0, 0x12, 0x35, 0x67, 0x2, 0x22, 0x22, 0x22,
    0x21, 0x9f, 0xff, 0xff, 0xfe, 0xf, 0xff, 0xff,
    0xff, 0xfe, 0x9f, 0xff, 0xff, 0xfd, 0xf, 0xff,
    0xff, 0xff, 0xfd, 0x9f, 0xf5, 0x44, 0x20, 0x5,
    0x5f, 0xf9, 0x5c, 0xfd, 0x9f, 0xe0, 0x2f, 0xf7,
    0x0, 0x3f, 0xf4, 0xa, 0xfd, 0x9f, 0xe0, 0xe,
    0xfa, 0x0, 0x7f, 0xf1, 0xa, 0xfd, 0x9f, 0xfc,
    0xff, 0xfe, 0x0, 0xcf, 0xd1, 0x4c, 0xfc, 0x9f,
    0xff, 0xff, 0xff, 0x14, 0xff, 0x84, 0xff, 0xfc,
    0x9f, 0xfe, 0xba, 0xff, 0x4c, 0xff, 0x24, 0xff,
    0xfc, 0x44, 0x10, 0x0, 0x55, 0x35, 0x54, 0x1,
    0x55, 0x54, 0xa, 0xff, 0xff, 0xff, 0xff, 0xff,
    0xff, 0xff, 0xe0, 0xb, 0xff, 0xff, 0xff, 0xff,
    0xff, 0xff, 0xff, 0xe0, 0xb, 0xfe, 0x33, 0x34,
    0xff, 0x93, 0x33, 0xbf, 0xe0, 0xb, 0xff, 0xbb,
    0xbc, 0xff, 0xdb, 0xbb, 0xef, 0xe0, 0xb, 0xff,
    0xff, 0xff, 0xff, 0xff, 0xff, 0xff, 0xe0, 0xb,
    0xfe, 0x33, 0x34, 0xff, 0x93, 0x33, 0xbf, 0xe0,
    0xb, 0xfe, 0x33, 0x34, 0xff, 0x93, 0x33, 0xbf,
    0xe0, 0xb, 0xff, 0xff, 0xff, 0xff, 0xff, 0xff,
    0xff, 0xe0, 0xb, 0xff, 0xff, 0xff, 0xff, 0xff,
    0xff, 0xff, 0xe0,

    /* U+7565 "略" */
    0xdf, 0xff, 0xff, 0xf3, 0x3, 0xff, 0xff, 0xff,
    0xf6, 0xd, 0xff, 0xff, 0xff, 0x32, 0xef, 0xff,
    0xff, 0xff, 0x30, 0xdf, 0x8f, 0xcd, 0xf6, 0xff,
    0xfd, 0x77, 0xef, 0xe0, 0xd, 0xf1, 0xf8, 0xbf,
    0x8f, 0xff, 0xf5, 0x5f, 0xf8, 0x0, 0xdf, 0x1f,
    0x8b, 0xf6, 0x61, 0xef, 0xff, 0xfe, 0x10, 0xd,
    0xf1, 0xf8, 0xbf, 0x30, 0x4, 0xff, 0xff, 0x40,
    0x0, 0xdf, 0x1f, 0x8b, 0xf3, 0x6, 0xef, 0xff,
    0xfd, 0x50, 0xd, 0xfe, 0xff, 0xff, 0x9f, 0xff,
    0xfe, 0xef, 0xff, 0xf3, 0xdf, 0xff, 0xff, 0xfb,
    0xff, 0xf8, 0x11, 0x9f, 0xff, 0x5d, 0xfa, 0xfd,
    0xef, 0xbc, 0x71, 0x0, 0x0, 0x28, 0xd5, 0xdf,
    0x1f, 0x8b, 0xf3, 0x8f, 0xff, 0xff, 0xff, 0xf7,
    0xd, 0xf1, 0xf8, 0xbf, 0x38, 0xff, 0xff, 0xff,
    0xff, 0x70, 0xdf, 0x1f, 0x8b, 0xf3, 0x8f, 0xf9,
    0x99, 0x9f, 0xf7, 0xd, 0xf1, 0xf8, 0xbf, 0x38,
    0xff, 0x0, 0x1, 0xff, 0x70, 0xdf, 0xff, 0xff,
    0xf3, 0x8f, 0xf0, 0x0, 0x1f, 0xf7, 0xd, 0xff,
    0xff, 0xff, 0x38, 0xff, 0x88, 0x89, 0xff, 0x70,
    0x67, 0x77, 0x77, 0x71, 0x8f, 0xff, 0xff, 0xff,
    0xf7, 0x0, 0x0, 0x0, 0x0, 0x8, 0xff, 0xff,
    0xff, 0xff, 0x70,

    /* U+7597 "疗" */
    0x0, 0x0, 0x0, 0x0, 0x0, 0xbf, 0xe0, 0x0,
    0x0, 0x0, 0x4f, 0xb1, 0xff, 0xff, 0xff, 0xff,
    0xff, 0xff, 0xff, 0xf0, 0x2f, 0xe1, 0xff, 0xff,
    0xff, 0xff, 0xff, 0xff, 0xff, 0xf0, 0xf, 0xf2,
    0xff, 0xb7, 0x77, 0x77, 0x77, 0x77, 0x77, 0x70,
    0xd, 0xf4, 0xff, 0x70, 0x0, 0x0, 0x0, 0x0,
    0x0, 0x0, 0xa, 0xf7, 0xff, 0x71, 0xff, 0xff,
    0xff, 0xff, 0xff, 0x70, 0x1, 0x32, 0xff, 0x71,
    0xff, 0xff, 0xff, 0xff, 0xff, 0x30, 0x1, 0x22,
    0xff, 0x71, 0xff, 0xff, 0xff, 0xff, 0xfd, 0x0,
    0x9, 0xf8, 0xff, 0x70, 0x0, 0x0, 0x0, 0x3f,
    0xf6, 0x0, 0xb, 0xf6, 0xff, 0x70, 0x0, 0x0,
    0x6, 0xff, 0xb0, 0x0, 0xd, 0xf5, 0xff, 0x70,
    0x0, 0x0, 0x7f, 0xfb, 0x0, 0x0, 0xe, 0xf4,
    0xff, 0x60, 0x0, 0x0, 0x8f, 0xf0, 0x0, 0x0,
    0xf, 0xf3, 0xff, 0x50, 0x0, 0x0, 0x8f, 0xf0,
    0x0, 0x0, 0x2f, 0xe4, 0xff, 0x40, 0x0, 0x0,
    0x8f, 0xf0, 0x0, 0x0, 0x3f, 0xd7, 0xff, 0x20,
    0x0, 0x0, 0x8f, 0xf0, 0x0, 0x0, 0x4d, 0x99,
    0xff, 0x0, 0x2, 0x99, 0xcf, 0xf0, 0x0, 0x0,
    0x0, 0xd, 0xfd, 0x0, 0x3, 0xff, 0xff, 0xf0,
    0x0, 0x0, 0x0, 0x1f, 0xfa, 0x0, 0x3, 0xff,
    0xff, 0xf0, 0x0, 0x0,

    /* U+7684 "的" */
    0x0, 0x0, 0x0, 0x0, 0x0, 0x11, 0x0, 0x0,
    0x0, 0x0, 0x1f, 0xf7, 0x0, 0x7, 0xff, 0x30,
    0x0, 0x0, 0x0, 0x4f, 0xf5, 0x0, 0x9, 0xff,
    0x20, 0x0, 0x0, 0x9f, 0xff, 0xff, 0xff, 0x1b,
    0xff, 0xff, 0xff, 0xfe, 0x9f, 0xff, 0xff, 0xff,
    0x1e, 0xff, 0xff, 0xff, 0xfe, 0x9f, 0xf6, 0x6a,
    0xff, 0x4f, 0xfc, 0x88, 0x8d, 0xfe, 0x9f, 0xe0,
    0x6, 0xff, 0x8f, 0xf5, 0x0, 0xa, 0xfe, 0x9f,
    0xe0, 0x6, 0xff, 0xef, 0xf1, 0x0, 0xa, 0xfe,
    0x9f, 0xe0, 0x6, 0xff, 0x77, 0x61, 0x0, 0xa,
    0xfe, 0x9f, 0xf5, 0x59, 0xff, 0x11, 0xff, 0x90,
    0xa, 0xfe, 0x9f, 0xff, 0xff, 0xff, 0x10, 0xdf,
    0xd0, 0xa, 0xfe, 0x9f, 0xff, 0xff, 0xff, 0x10,
    0x8f, 0xf2, 0xa, 0xfe, 0x9f, 0xe1, 0x17, 0xff,
    0x10, 0x4f, 0xf6, 0xa, 0xfe, 0x9f, 0xe0, 0x6,
    0xff, 0x10, 0xc, 0xc8, 0xa, 0xfe, 0x9f, 0xe0,
    0x6, 0xff, 0x10, 0x0, 0x0, 0xa, 0xfe, 0x9f,
    0xe0, 0x6, 0xff, 0x10, 0x0, 0x0, 0xa, 0xfe,
    0x9f, 0xf7, 0x7a, 0xff, 0x10, 0x0, 0x5, 0x9d,
    0xfe, 0x9f, 0xff, 0xff, 0xff, 0x10, 0x0, 0xa,
    0xff, 0xfe, 0x9f, 0xff, 0xff, 0xff, 0x10, 0x0,
    0xa, 0xff, 0xfe,

    /* U+76D6 "盖" */
    0x0, 0x0, 0x4f, 0xf6, 0x0, 0x0, 0xf, 0xfb,
    0x0, 0x0, 0x2, 0xff, 0xff, 0xff, 0xff, 0xff,
    0xff, 0xff, 0xff, 0x90, 0x3, 0xff, 0xff, 0xff,
    0xff, 0xff, 0xff, 0xff, 0xff, 0xa0, 0x0, 0x55,
    0x55, 0x55, 0x6f, 0xfb, 0x55, 0x55, 0x55, 0x30,
    0x0, 0x15, 0x55, 0x55, 0x6f, 0xfb, 0x55, 0x55,
    0x53, 0x0, 0x0, 0x4f, 0xff, 0xff, 0xff, 0xff,
    0xff, 0xff, 0xfb, 0x0, 0x0, 0x3d, 0xdd, 0xdd,
    0xdf, 0xfe, 0xdd, 0xdd, 0xd9, 0x0, 0x1, 0x11,
    0x11, 0x11, 0x3f, 0xf9, 0x11, 0x11, 0x11, 0x10,
    0xc, 0xff, 0xff, 0xff, 0xff, 0xff, 0xff, 0xff,
    0xff, 0xf3, 0xc, 0xff, 0xff, 0xff, 0xff, 0xff,
    0xff, 0xff, 0xff, 0xf3, 0x1, 0x33, 0x33, 0x33,
    0x33, 0x33, 0x33, 0x33, 0x33, 0x20, 0x0, 0xbf,
    0xff, 0xff, 0xff, 0xff, 0xff, 0xff, 0xff, 0x20,
    0x0, 0xbf, 0xff, 0xff, 0xff, 0xff, 0xff, 0xff,
    0xff, 0x20, 0x0, 0xbf, 0xe4, 0x6f, 0xf7, 0x4d,
    0xfb, 0x49, 0xff, 0x20, 0x0, 0xbf, 0xd0, 0x2f,
    0xf3, 0xc, 0xf9, 0x6, 0xff, 0x20, 0x17, 0xdf,
    0xe7, 0x9f, 0xf9, 0x7e, 0xfc, 0x7a, 0xff, 0x84,
    0x3f, 0xff, 0xff, 0xff, 0xff, 0xff, 0xff, 0xff,
    0xff, 0xfa, 0x3f, 0xff, 0xff, 0xff, 0xff, 0xff,
    0xff, 0xff, 0xff, 0xfa,

    /* U+76EE "目" */
    0x9f, 0xff, 0xff, 0xff, 0xff, 0xff, 0xff, 0xf1,
    0x9f, 0xff, 0xff, 0xff, 0xff, 0xff, 0xff, 0xf1,
    0x9f, 0xf9, 0x99, 0x99, 0x99, 0x99, 0xdf, 0xf1,
    0x9f, 0xf1, 0x0, 0x0, 0x0, 0x0, 0x9f, 0xf1,
    0x9f, 0xf1, 0x0, 0x0, 0x0, 0x0, 0x9f, 0xf1,
    0x9f, 0xfa, 0x99, 0x99, 0x99, 0x99, 0xdf, 0xf1,
    0x9f, 0xff, 0xff, 0xff, 0xff, 0xff, 0xff, 0xf1,
    0x9f, 0xff, 0xff, 0xff, 0xff, 0xff, 0xff, 0xf1,
    0x9f, 0xf1, 0x0, 0x0, 0x0, 0x0, 0x9f, 0xf1,
    0x9f, 0xf1, 0x0, 0x0, 0x0, 0x0, 0x9f, 0xf1,
    0x9f, 0xff, 0xff, 0xff, 0xff, 0xff, 0xff, 0xf1,
    0x9f, 0xff, 0xff, 0xff, 0xff, 0xff, 0xff, 0xf1,
    0x9f, 0xf9, 0x99, 0x99, 0x99, 0x99, 0xdf, 0xf1,
    0x9f, 0xf1, 0x0, 0x0, 0x0, 0x0, 0x9f, 0xf1,
    0x9f, 0xf1, 0x0, 0x0, 0x0, 0x0, 0x9f, 0xf1,
    0x9f, 0xf9, 0x99, 0x99, 0x99, 0x99, 0xdf, 0xf1,
    0x9f, 0xff, 0xff, 0xff, 0xff, 0xff, 0xff, 0xf1,
    0x9f, 0xff, 0xff, 0xff, 0xff, 0xff, 0xff, 0xf1,

    /* U+76F4 "直" */
    0x9, 0xff, 0xff, 0xff, 0xff, 0xff, 0xff, 0xff,
    0xff, 0xf0, 0x9, 0xff, 0xff, 0xff, 0xff, 0xff,
    0xff, 0xff, 0xff, 0xf0, 0x2, 0x55, 0x55, 0x55,
    0x6f, 0xfb, 0x55, 0x55, 0x55, 0x50, 0x0, 0x4,
    0x44, 0x44, 0x5f, 0xfa, 0x44, 0x44, 0x41, 0x0,
    0x0, 0xf, 0xff, 0xff, 0xff, 0xff, 0xff, 0xff,
    0xf6, 0x0, 0x0, 0xf, 0xff, 0xff, 0xff, 0xff,
    0xff, 0xff, 0xf6, 0x0, 0x0, 0xf, 0xfa, 0x22,
    0x22, 0x22, 0x22, 0x4f, 0xf6, 0x0, 0x0, 0xf,
    0xff, 0xff, 0xff, 0xff, 0xff, 0xff, 0xf6, 0x0,
    0x0, 0xf, 0xff, 0xff, 0xff, 0xff, 0xff, 0xff,
    0xf6, 0x0, 0x0, 0xf, 0xfa, 0x22, 0x22, 0x22,
    0x22, 0x4f, 0xf6, 0x0, 0x0, 0xf, 0xff, 0xff,
    0xff, 0xff, 0xff, 0xff, 0xf6, 0x0, 0x0, 0xf,
    0xff, 0xff, 0xff, 0xff, 0xff, 0xff, 0xf6, 0x0,
    0x0, 0xf, 0xfb, 0x33, 0x33, 0x33, 0x33, 0x5f,
    0xf6, 0x0, 0x0, 0xf, 0xff, 0xff, 0xff, 0xff,
    0xff, 0xff, 0xf6, 0x0, 0x0, 0xf, 0xff, 0xee,
    0xee, 0xee, 0xee, 0xef, 0xf6, 0x0, 0x5, 0x5f,
    0xfb, 0x55, 0x55, 0x55, 0x55, 0x6f, 0xf9, 0x52,
    0x2f, 0xff, 0xff, 0xff, 0xff, 0xff, 0xff, 0xff,
    0xff, 0xf9, 0x2f, 0xff, 0xff, 0xff, 0xff, 0xff,
    0xff, 0xff, 0xff, 0xf9,

    /* U+76F8 "相" */
    0x0, 0x0, 0xcf, 0xc0, 0x7, 0xff, 0xff, 0xff,
    0xff, 0xa0, 0x66, 0x6d, 0xfe, 0x63, 0x7f, 0xff,
    0xff, 0xff, 0xfa, 0xf, 0xff, 0xff, 0xff, 0x97,
    0xff, 0x99, 0x99, 0xff, 0xa0, 0xff, 0xff, 0xff,
    0xf9, 0x7f, 0xf1, 0x0, 0xe, 0xfa, 0x5, 0x66,
    0xdf, 0xd6, 0x37, 0xff, 0x10, 0x0, 0xef, 0xa0,
    0x6a, 0x4c, 0xfc, 0x0, 0x7f, 0xfd, 0xdd, 0xdf,
    0xfa, 0xa, 0xf7, 0xcf, 0xc0, 0x7, 0xff, 0xff,
    0xff, 0xff, 0xa0, 0xaf, 0x6c, 0xff, 0x70, 0x7f,
    0xfd, 0xdd, 0xdf, 0xfa, 0xb, 0xf6, 0xcf, 0xff,
    0x87, 0xff, 0x10, 0x0, 0xef, 0xa0, 0xbf, 0x6c,
    0xff, 0xf9, 0x7f, 0xf1, 0x0, 0xe, 0xfa, 0xc,
    0xf5, 0xcf, 0xdb, 0x97, 0xff, 0xcb, 0xbb, 0xff,
    0xa0, 0xdf, 0x4c, 0xfc, 0x2, 0x7f, 0xff, 0xff,
    0xff, 0xfa, 0xe, 0xf3, 0xcf, 0xc0, 0x7, 0xff,
    0xee, 0xee, 0xff, 0xa0, 0xff, 0x2c, 0xfc, 0x0,
    0x7f, 0xf1, 0x0, 0xe, 0xfa, 0x1f, 0xf0, 0xcf,
    0xc0, 0x7, 0xff, 0x10, 0x0, 0xef, 0xa3, 0xff,
    0xc, 0xfc, 0x0, 0x7f, 0xf9, 0x99, 0x9f, 0xfa,
    0x4f, 0xd0, 0xcf, 0xc0, 0x7, 0xff, 0xff, 0xff,
    0xff, 0xa0, 0x0, 0xc, 0xfc, 0x0, 0x7f, 0xff,
    0xff, 0xff, 0xfa,

    /* U+770B "看" */
    0x0, 0x0, 0x0, 0x0, 0x0, 0x0, 0x0, 0x11,
    0x23, 0x10, 0x6c, 0xcc, 0xdd, 0xdd, 0xee, 0xff,
    0xff, 0xff, 0xf8, 0x8, 0xff, 0xff, 0xff, 0xff,
    0xff, 0xff, 0xfe, 0xdd, 0x60, 0x24, 0x44, 0x44,
    0x8f, 0xf4, 0x21, 0x0, 0x0, 0x0, 0x0, 0xbf,
    0xff, 0xff, 0xff, 0xff, 0xff, 0xff, 0xfb, 0x0,
    0xa, 0xee, 0xee, 0xff, 0xfe, 0xee, 0xee, 0xee,
    0xa0, 0x6, 0x66, 0x66, 0xaf, 0xf8, 0x66, 0x66,
    0x66, 0x66, 0x60, 0xff, 0xff, 0xff, 0xff, 0xff,
    0xff, 0xff, 0xff, 0xff, 0x7, 0x77, 0x9f, 0xfe,
    0x77, 0x77, 0x77, 0x77, 0x77, 0x70, 0x0, 0x1d,
    0xff, 0xfe, 0xee, 0xee, 0xee, 0xee, 0xc0, 0x0,
    0x2d, 0xff, 0xff, 0xff, 0xff, 0xff, 0xff, 0xfd,
    0x0, 0x7f, 0xff, 0xc3, 0x33, 0x33, 0x33, 0x33,
    0xcf, 0xd0, 0x3f, 0xff, 0xff, 0xff, 0xff, 0xff,
    0xff, 0xff, 0xfd, 0x3, 0xfe, 0xff, 0xe9, 0x99,
    0x99, 0x99, 0x99, 0xef, 0xd0, 0x38, 0xe, 0xfe,
    0xaa, 0xaa, 0xaa, 0xaa, 0xae, 0xfd, 0x0, 0x0,
    0xef, 0xff, 0xff, 0xff, 0xff, 0xff, 0xff, 0xd0,
    0x0, 0xe, 0xfb, 0x0, 0x0, 0x0, 0x0, 0xb,
    0xfd, 0x0, 0x0, 0xef, 0xff, 0xff, 0xff, 0xff,
    0xff, 0xff, 0xd0, 0x0, 0xe, 0xff, 0xff, 0xff,
    0xff, 0xff, 0xff, 0xfd, 0x0,

    /* U+771F "真" */
    0x4, 0xff, 0xff, 0xff, 0xff, 0xff, 0xff, 0xff,
    0xff, 0x80, 0x4, 0xff, 0xff, 0xff, 0xff, 0xff,
    0xff, 0xff, 0xff, 0x80, 0x0, 0x33, 0x33, 0x33,
    0x5f, 0xf9, 0x33, 0x33, 0x33, 0x10, 0x0, 0x4d,
    0xdd, 0xdd, 0xdf, 0xfe, 0xdd, 0xdd, 0xd8, 0x0,
    0x0, 0x5f, 0xff, 0xff, 0xff, 0xff, 0xff, 0xff,
    0xf9, 0x0, 0x0, 0x5f, 0xf8, 0x55, 0x55, 0x55,
    0x55, 0x5f, 0xf9, 0x0, 0x0, 0x5f, 0xff, 0xff,
    0xff, 0xff, 0xff, 0xff, 0xf9, 0x0, 0x0, 0x5f,
    0xf9, 0x66, 0x66, 0x66, 0x66, 0x6f, 0xf9, 0x0,
    0x0, 0x5f, 0xff, 0xff, 0xff, 0xff, 0xff, 0xff,
    0xf9, 0x0, 0x0, 0x5f, 0xfd, 0xcc, 0xcc, 0xcc,
    0xcc, 0xcf, 0xf9, 0x0, 0x0, 0x5f, 0xfa, 0x88,
    0x88, 0x88, 0x88, 0x8f, 0xf9, 0x0, 0x0, 0x5f,
    0xff, 0xff, 0xff, 0xff, 0xff, 0xff, 0xf9, 0x0,
    0x4, 0x8f, 0xf8, 0x55, 0x55, 0x55, 0x55, 0x5f,
    0xfb, 0x40, 0x3f, 0xff, 0xff, 0xff, 0xff, 0xff,
    0xff, 0xff, 0xff, 0xf3, 0x3f, 0xff, 0xff, 0xff,
    0xff, 0xff, 0xff, 0xff, 0xff, 0xf3, 0x0, 0x2,
    0x58, 0xcf, 0xe0, 0xa, 0xfd, 0x96, 0x31, 0x0,
    0x9, 0xff, 0xff, 0xff, 0xd0, 0x9, 0xff, 0xff,
    0xff, 0xd0, 0xa, 0xff, 0xda, 0x73, 0x0, 0x0,
    0x26, 0x9d, 0xff, 0xe0, 0x3, 0x20, 0x0, 0x0,
    0x0, 0x0, 0x0, 0x0, 0x2, 0x40,

    /* U+7720 "眠" */
    0xef, 0xff, 0xff, 0xe0, 0xef, 0xff, 0xff, 0xff,
    0xfa, 0xe, 0xff, 0xff, 0xfe, 0xe, 0xff, 0xff,
    0xff, 0xff, 0xa0, 0xef, 0xa6, 0xaf, 0xe0, 0xef,
    0xb4, 0x44, 0x4e, 0xfa, 0xe, 0xf6, 0x6, 0xfe,
    0xe, 0xfa, 0x0, 0x0, 0xdf, 0xa0, 0xef, 0x60,
    0x6f, 0xe0, 0xef, 0xed, 0xdd, 0xdf, 0xfa, 0xe,
    0xff, 0xff, 0xfe, 0xe, 0xff, 0xff, 0xff, 0xff,
    0xa0, 0xef, 0xff, 0xff, 0xe0, 0xef, 0xd9, 0xaf,
    0xfb, 0x96, 0xe, 0xf9, 0x59, 0xfe, 0xe, 0xfa,
    0x3, 0xff, 0x40, 0x0, 0xef, 0x60, 0x6f, 0xe0,
    0xef, 0xb2, 0x5f, 0xf6, 0x22, 0xe, 0xf7, 0x27,
    0xfe, 0xe, 0xff, 0xff, 0xff, 0xff, 0xd0, 0xef,
    0xff, 0xff, 0xe0, 0xef, 0xff, 0xff, 0xff, 0xfd,
    0xe, 0xff, 0xff, 0xfe, 0xe, 0xfb, 0x34, 0xff,
    0x83, 0x20, 0xef, 0x83, 0x8f, 0xe0, 0xef, 0xa0,
    0xf, 0xf9, 0x0, 0xe, 0xf6, 0x6, 0xfe, 0xe,
    0xfa, 0x0, 0xbf, 0xd0, 0x0, 0xef, 0xa7, 0xaf,
    0xe0, 0xef, 0xa0, 0x7, 0xff, 0x30, 0xe, 0xff,
    0xff, 0xfe, 0xe, 0xfd, 0x92, 0x1f, 0xfb, 0x0,
    0xef, 0xff, 0xff, 0xe0, 0xef, 0xff, 0x40, 0xaf,
    0xf4, 0x0, 0x0, 0x0, 0x0, 0xe, 0xff, 0xf4,
    0x2, 0xff, 0xd0,

    /* U+7728 "眨" */
    0x0, 0x0, 0x0, 0x0, 0x0, 0x0, 0x0, 0x12,
    0x45, 0xe, 0xff, 0xff, 0xfe, 0x2d, 0xdd, 0xee,
    0xff, 0xff, 0xf0, 0xef, 0xff, 0xff, 0xe2, 0xff,
    0xff, 0xff, 0xff, 0xff, 0xe, 0xfa, 0x6a, 0xfe,
    0x1b, 0xaa, 0xa9, 0x87, 0x54, 0x20, 0xef, 0x60,
    0x6f, 0xe0, 0x0, 0x5, 0x75, 0x0, 0x0, 0xe,
    0xf6, 0x6, 0xfe, 0x0, 0x0, 0xaf, 0xe0, 0x0,
    0x0, 0xef, 0xee, 0xef, 0xe0, 0x0, 0x8, 0xff,
    0x20, 0x0, 0xe, 0xff, 0xff, 0xfe, 0x2f, 0xff,
    0xff, 0xff, 0xff, 0xb0, 0xef, 0xa7, 0xaf, 0xe2,
    0xff, 0xff, 0xff, 0xff, 0xf5, 0xe, 0xf6, 0x6,
    0xfe, 0x18, 0x88, 0x88, 0x8f, 0xff, 0x0, 0xef,
    0xa5, 0xaf, 0xe0, 0x0, 0x0, 0x7, 0xff, 0x80,
    0xe, 0xff, 0xff, 0xfe, 0x0, 0x0, 0x2, 0xff,
    0xe1, 0x0, 0xef, 0xff, 0xff, 0xe0, 0x0, 0x1,
    0xef, 0xf6, 0x0, 0xe, 0xf6, 0x6, 0xfe, 0x0,
    0x1, 0xcf, 0xfa, 0x0, 0x0, 0xef, 0x60, 0x6f,
    0xe0, 0x1, 0xdf, 0xfc, 0x0, 0x0, 0xe, 0xff,
    0xff, 0xfe, 0x5, 0xef, 0xfc, 0x0, 0x0, 0x0,
    0xef, 0xff, 0xff, 0xe7, 0xff, 0xff, 0xca, 0x99,
    0x99, 0x26, 0x66, 0x66, 0x66, 0x9f, 0xff, 0xff,
    0xff, 0xff, 0xf4, 0x0, 0x0, 0x0, 0x9, 0xa4,
    0x8c, 0xef, 0xff, 0xff, 0x40, 0x0, 0x0, 0x0,
    0x10, 0x0, 0x0, 0x0, 0x0, 0x0,

    /* U+7736 "眶" */
    0xcd, 0xdd, 0xdd, 0xc2, 0xff, 0xff, 0xff, 0xff,
    0xfe, 0xef, 0xff, 0xff, 0xe2, 0xff, 0xff, 0xff,
    0xff, 0xfe, 0xef, 0x75, 0x8f, 0xe2, 0xff, 0x75,
    0x55, 0x55, 0x55, 0xef, 0x30, 0x4f, 0xe2, 0xff,
    0x36, 0x66, 0x66, 0x65, 0xef, 0x30, 0x4f, 0xe2,
    0xff, 0x4f, 0xff, 0xff, 0xfd, 0xef, 0xff, 0xff,
    0xe2, 0xff, 0x4f, 0xff, 0xff, 0xfc, 0xef, 0xff,
    0xff, 0xe2, 0xff, 0x30, 0xb, 0xf7, 0x0, 0xef,
    0x63, 0x6f, 0xe2, 0xff, 0x31, 0x2c, 0xf8, 0x20,
    0xef, 0x30, 0x4f, 0xe2, 0xff, 0x3b, 0xff, 0xff,
    0xf7, 0xef, 0x63, 0x6f, 0xe2, 0xff, 0x3b, 0xff,
    0xff, 0xf7, 0xef, 0xff, 0xff, 0xe2, 0xff, 0x31,
    0x1c, 0xf8, 0x10, 0xef, 0xff, 0xff, 0xe2, 0xff,
    0x30, 0xb, 0xf7, 0x0, 0xef, 0x30, 0x4f, 0xe2,
    0xff, 0x4f, 0xff, 0xff, 0xfc, 0xef, 0x30, 0x4f,
    0xe2, 0xff, 0x4f, 0xff, 0xff, 0xfc, 0xef, 0xfe,
    0xff, 0xe2, 0xff, 0x30, 0x0, 0x0, 0x0, 0xef,
    0xff, 0xff, 0xe2, 0xff, 0x75, 0x55, 0x55, 0x55,
    0x44, 0x44, 0x44, 0x42, 0xff, 0xff, 0xff, 0xff,
    0xfe, 0x0, 0x0, 0x0, 0x2, 0xff, 0xff, 0xff,
    0xff, 0xfe,

    /* U+773C "眼" */
    0x0, 0x0, 0x0, 0x0, 0x44, 0x44, 0x44, 0x44,
    0x42, 0xe, 0xff, 0xff, 0xf6, 0x1f, 0xff, 0xff,
    0xff, 0xff, 0x80, 0xef, 0xff, 0xff, 0x61, 0xff,
    0xff, 0xff, 0xff, 0xf8, 0xe, 0xf8, 0x4e, 0xf6,
    0x1f, 0xf8, 0x11, 0x11, 0xff, 0x80, 0xef, 0x50,
    0xef, 0x61, 0xff, 0xa6, 0x66, 0x6f, 0xf8, 0xe,
    0xf5, 0xe, 0xf6, 0x1f, 0xff, 0xff, 0xff, 0xff,
    0x80, 0xef, 0xff, 0xff, 0x61, 0xff, 0xff, 0xff,
    0xff, 0xf8, 0xe, 0xff, 0xff, 0xf6, 0x1f, 0xf8,
    0x0, 0x0, 0xff, 0x80, 0xef, 0x84, 0xef, 0x61,
    0xff, 0xda, 0xaa, 0xaf, 0xf8, 0xe, 0xf5, 0xe,
    0xf6, 0x1f, 0xff, 0xff, 0xff, 0xff, 0x80, 0xef,
    0x84, 0xef, 0x61, 0xff, 0xee, 0xfe, 0xcc, 0xc6,
    0xe, 0xff, 0xff, 0xf6, 0x1f, 0xf7, 0x9f, 0xd0,
    0x2a, 0xa1, 0xef, 0xff, 0xff, 0x61, 0xff, 0x75,
    0xff, 0x19, 0xfb, 0xe, 0xf5, 0xe, 0xf6, 0x1f,
    0xf7, 0x1f, 0xfa, 0xff, 0x30, 0xef, 0x50, 0xef,
    0x61, 0xff, 0x70, 0x9f, 0xfa, 0x40, 0xe, 0xff,
    0xff, 0xf6, 0x1f, 0xf7, 0x1, 0xef, 0xf7, 0x0,
    0xef, 0xff, 0xff, 0x61, 0xff, 0xb7, 0x14, 0xff,
    0xfe, 0x15, 0x55, 0x55, 0x52, 0x1f, 0xff, 0xf3,
    0x3, 0xef, 0xf2, 0x0, 0x0, 0x0, 0x1, 0xff,
    0xff, 0x30, 0x0, 0x8e, 0x20, 0x0, 0x0, 0x0,
    0x0, 0x0, 0x0, 0x0, 0x0, 0x0,

    /* U+7741 "睁" */
    0x33, 0x33, 0x33, 0x10, 0x9, 0xff, 0xff, 0xff,
    0x80, 0xe, 0xff, 0xff, 0xf5, 0x2, 0xff, 0xff,
    0xff, 0xf1, 0x0, 0xef, 0xff, 0xff, 0x52, 0xdf,
    0xd3, 0x4f, 0xf9, 0x0, 0xe, 0xf6, 0x1e, 0xf5,
    0xff, 0xf5, 0x2a, 0xff, 0x32, 0x0, 0xef, 0x50,
    0xef, 0x5f, 0xff, 0xff, 0xff, 0xff, 0xf6, 0xe,
    0xfb, 0x8f, 0xf5, 0x7e, 0xff, 0xff, 0xff, 0xff,
    0x60, 0xef, 0xff, 0xff, 0x50, 0x11, 0x4f, 0xf5,
    0x1f, 0xf6, 0xe, 0xfd, 0xcf, 0xf6, 0x55, 0x57,
    0xff, 0x85, 0xff, 0xb2, 0xef, 0x50, 0xef, 0x7f,
    0xff, 0xff, 0xff, 0xff, 0xff, 0x5e, 0xf5, 0xe,
    0xf7, 0xcc, 0xcd, 0xff, 0xdc, 0xff, 0xf4, 0xef,
    0xee, 0xff, 0x50, 0x0, 0x3f, 0xf4, 0xf, 0xf6,
    0xe, 0xff, 0xff, 0xf5, 0xaf, 0xff, 0xff, 0xff,
    0xff, 0x60, 0xef, 0x73, 0xef, 0x5b, 0xff, 0xff,
    0xff, 0xff, 0xf6, 0xe, 0xf5, 0xe, 0xf5, 0x34,
    0x47, 0xff, 0x74, 0x44, 0x10, 0xef, 0x85, 0xff,
    0x50, 0x0, 0x3f, 0xf4, 0x0, 0x0, 0xe, 0xff,
    0xff, 0xf5, 0x0, 0x47, 0xff, 0x40, 0x0, 0x0,
    0xef, 0xff, 0xff, 0x50, 0xd, 0xff, 0xf4, 0x0,
    0x0, 0x0, 0x0, 0x0, 0x0, 0x0, 0xdf, 0xff,
    0x40, 0x0, 0x0,

    /* U+7751 "睑" */
    0xef, 0xff, 0xff, 0x50, 0x1, 0xff, 0xff, 0xf4,
    0x0, 0xe, 0xff, 0xff, 0xf5, 0x0, 0x8f, 0xff,
    0xff, 0xc0, 0x0, 0xef, 0x84, 0xff, 0x50, 0x3f,
    0xfc, 0x8b, 0xff, 0x80, 0xe, 0xf5, 0xe, 0xf5,
    0x3e, 0xff, 0x20, 0xd, 0xff, 0x70, 0xef, 0x50,
    0xef, 0x5e, 0xff, 0x60, 0x0, 0x3f, 0xff, 0x4e,
    0xff, 0xff, 0xf5, 0xff, 0xb5, 0x55, 0x55, 0x9f,
    0xf4, 0xef, 0xff, 0xff, 0x5e, 0x6a, 0xff, 0xff,
    0xfd, 0x3d, 0x4e, 0xf8, 0x4f, 0xf5, 0x10, 0xaf,
    0xff, 0xff, 0xd0, 0x1, 0xef, 0x50, 0xef, 0x50,
    0x1, 0x22, 0x22, 0x21, 0x0, 0xe, 0xf9, 0x6f,
    0xf5, 0x3d, 0xd0, 0xdd, 0x42, 0xdd, 0x20, 0xef,
    0xff, 0xff, 0x52, 0xff, 0x2e, 0xf7, 0x4f, 0xf0,
    0xe, 0xfd, 0xcf, 0xf5, 0xf, 0xf4, 0xcf, 0x86,
    0xfe, 0x0, 0xef, 0x50, 0xef, 0x50, 0xef, 0x6a,
    0xfa, 0x8f, 0xc0, 0xe, 0xf5, 0xe, 0xf5, 0xc,
    0xf8, 0x8f, 0xca, 0xfb, 0x0, 0xef, 0xff, 0xff,
    0x50, 0x1, 0x0, 0x11, 0xbf, 0x90, 0xe, 0xff,
    0xff, 0xf5, 0x47, 0x77, 0x77, 0x7e, 0xfb, 0x60,
    0x55, 0x55, 0x55, 0x19, 0xff, 0xff, 0xff, 0xff,
    0xfe, 0x0, 0x0, 0x0, 0x0, 0x9f, 0xff, 0xff,
    0xff, 0xff, 0xe0,

    /* U+775B "睛" */
    0xef, 0xff, 0xff, 0x59, 0xff, 0xff, 0xff, 0xff,
    0xfe, 0xe, 0xff, 0xff, 0xf5, 0x9f, 0xff, 0xff,
    0xff, 0xff, 0xe0, 0xef, 0x84, 0xff, 0x50, 0x55,
    0x5b, 0xff, 0x55, 0x52, 0xe, 0xf5, 0xe, 0xf5,
    0x1f, 0xff, 0xff, 0xff, 0xff, 0x60, 0xef, 0x50,
    0xef, 0x51, 0xff, 0xff, 0xff, 0xff, 0xf6, 0xe,
    0xff, 0xff, 0xf5, 0x23, 0x33, 0xaf, 0xf3, 0x33,
    0x20, 0xef, 0xff, 0xff, 0x5f, 0xff, 0xff, 0xff,
    0xff, 0xff, 0x4e, 0xf9, 0x5f, 0xf5, 0xef, 0xff,
    0xff, 0xff, 0xff, 0xf3, 0xef, 0x50, 0xef, 0x50,
    0x89, 0x99, 0x99, 0x99, 0x92, 0xe, 0xf8, 0x4f,
    0xf5, 0xe, 0xff, 0xff, 0xff, 0xff, 0x40, 0xef,
    0xff, 0xff, 0x50, 0xef, 0xda, 0xaa, 0xbf, 0xf4,
    0xe, 0xff, 0xff, 0xf5, 0xe, 0xfd, 0x88, 0x8a,
    0xff, 0x40, 0xef, 0x50, 0xef, 0x50, 0xef, 0xff,
    0xff, 0xff, 0xf4, 0xe, 0xf5, 0xe, 0xf5, 0xe,
    0xfb, 0x44, 0x47, 0xff, 0x40, 0xef, 0xff, 0xff,
    0x50, 0xef, 0xff, 0xff, 0xff, 0xf4, 0xe, 0xff,
    0xff, 0xf5, 0xe, 0xff, 0xff, 0xff, 0xff, 0x40,
    0x55, 0x55, 0x55, 0x10, 0xef, 0xa0, 0x0, 0x4f,
    0xf4, 0x0, 0x0, 0x0, 0x0, 0xe, 0xfa, 0x0,
    0x4, 0xff, 0x40,

    /* U+7761 "睡" */
    0x0, 0x0, 0x0, 0x0, 0x1, 0x12, 0x24, 0x56,
    0x84, 0xe, 0xff, 0xff, 0xf0, 0xef, 0xff, 0xff,
    0xff, 0xff, 0x70, 0xef, 0xff, 0xff, 0xe, 0xff,
    0xff, 0xff, 0xfe, 0xc5, 0xe, 0xf9, 0x8f, 0xf0,
    0x44, 0x43, 0xff, 0x70, 0x0, 0x0, 0xef, 0x53,
    0xff, 0x23, 0x33, 0x3f, 0xf9, 0x33, 0x33, 0xe,
    0xf5, 0x3f, 0xf6, 0xff, 0xff, 0xff, 0xff, 0xff,
    0xe0, 0xef, 0xff, 0xff, 0x6f, 0xff, 0xff, 0xff,
    0xff, 0xfe, 0xe, 0xff, 0xff, 0xf1, 0x7f, 0xe2,
    0xff, 0x87, 0xfe, 0x20, 0xef, 0x97, 0xff, 0x27,
    0xfe, 0x2f, 0xf8, 0x7f, 0xe2, 0xe, 0xf5, 0x3f,
    0xf9, 0xff, 0xff, 0xff, 0xff, 0xff, 0xf1, 0xef,
    0x98, 0xff, 0x9f, 0xff, 0xff, 0xff, 0xff, 0xff,
    0x1e, 0xff, 0xff, 0xf1, 0x6f, 0xe1, 0xff, 0x86,
    0xfe, 0x10, 0xef, 0xff, 0xff, 0x28, 0xff, 0x4f,
    0xf9, 0x8f, 0xf3, 0xe, 0xf5, 0x3f, 0xf6, 0xff,
    0xff, 0xff, 0xff, 0xff, 0xe0, 0xef, 0x53, 0xff,
    0x6f, 0xff, 0xff, 0xff, 0xff, 0xfd, 0xe, 0xff,
    0xff, 0xf0, 0x0, 0x0, 0xff, 0x70, 0x0, 0x0,
    0xef, 0xff, 0xff, 0x14, 0x44, 0x4f, 0xf9, 0x44,
    0x42, 0x6, 0x66, 0x66, 0x62, 0xff, 0xff, 0xff,
    0xff, 0xff, 0xb0, 0x0, 0x0, 0x0, 0x2f, 0xff,
    0xff, 0xff, 0xff, 0xfb, 0x0,

    /* U+77AC "瞬" */
    0x0, 0x0, 0x0, 0x0, 0x0, 0x1, 0x13, 0x46,
    0x75, 0xd, 0xff, 0xff, 0xb6, 0xff, 0xff, 0xff,
    0xff, 0xff, 0x90, 0xdf, 0xff, 0xfb, 0x6f, 0xff,
    0xff, 0xff, 0xec, 0xa5, 0xd, 0xf4, 0x6f, 0xb1,
    0x77, 0x33, 0x65, 0x0, 0x77, 0x20, 0xdf, 0x13,
    0xfb, 0xf, 0xf4, 0x3f, 0xf2, 0x1f, 0xf2, 0xd,
    0xf1, 0x3f, 0xb0, 0xcf, 0x80, 0xff, 0x65, 0xfe,
    0x0, 0xdf, 0xcd, 0xfb, 0x24, 0x54, 0x35, 0x54,
    0x45, 0x53, 0xd, 0xff, 0xff, 0xbb, 0xff, 0xff,
    0xff, 0xff, 0xff, 0xf3, 0xdf, 0x89, 0xfb, 0xbf,
    0xed, 0xdd, 0xdd, 0xdd, 0xff, 0x3d, 0xf1, 0x3f,
    0xbb, 0xf9, 0x22, 0x10, 0x2, 0x7f, 0xf3, 0xdf,
    0x46, 0xfb, 0xe, 0xff, 0xfa, 0x67, 0xbf, 0xe6,
    0xd, 0xff, 0xff, 0xb0, 0xff, 0xdf, 0xae, 0xff,
    0xff, 0xe0, 0xdf, 0xff, 0xfb, 0x3f, 0xb5, 0xf9,
    0xac, 0xdf, 0xfb, 0xd, 0xf1, 0x3f, 0xb7, 0xff,
    0xef, 0x6c, 0xb5, 0xfd, 0x0, 0xdf, 0x13, 0xfb,
    0xcf, 0xef, 0xf5, 0xfb, 0x5f, 0xd0, 0xd, 0xfd,
    0xdf, 0xdf, 0xe3, 0xff, 0x4f, 0xff, 0xff, 0xe0,
    0xdf, 0xff, 0xfe, 0x96, 0x9f, 0xb6, 0xff, 0xff,
    0xfe, 0x5, 0x66, 0x66, 0x40, 0x1f, 0xf5, 0x25,
    0x5a, 0xfe, 0x40, 0x0, 0x0, 0x0, 0x9, 0xfd,
    0x0, 0x0, 0x7f, 0xd0, 0x0,

    /* U+77B3 "瞳" */
    0xef, 0xff, 0xff, 0x4a, 0xff, 0xff, 0xff, 0xff,
    0xf5, 0xef, 0xff, 0xff, 0x4a, 0xef, 0xfe, 0xee,
    0xff, 0xe4, 0xef, 0x84, 0xff, 0x40, 0x3f, 0xf1,
    0x7, 0xfd, 0x0, 0xef, 0x50, 0xff, 0x4e, 0xef,
    0xfe, 0xef, 0xff, 0xe9, 0xef, 0x50, 0xff, 0x5f,
    0xff, 0xff, 0xff, 0xff, 0xfa, 0xef, 0xff, 0xff,
    0x45, 0x55, 0x55, 0x55, 0x55, 0x53, 0xef, 0xff,
    0xff, 0x47, 0xff, 0xff, 0xff, 0xff, 0xf1, 0xef,
    0x85, 0xff, 0x47, 0xfe, 0x7e, 0xfa, 0x8f, 0xf1,
    0xef, 0x50, 0xff, 0x47, 0xfd, 0x5d, 0xf9, 0x7f,
    0xf1, 0xef, 0x73, 0xff, 0x47, 0xff, 0xff, 0xff,
    0xff, 0xf1, 0xef, 0xff, 0xff, 0x47, 0xfc, 0xc,
    0xf6, 0x3f, 0xf1, 0xef, 0xff, 0xff, 0x47, 0xff,
    0xff, 0xff, 0xff, 0xf1, 0xef, 0x50, 0xff, 0x43,
    0x77, 0x7f, 0xfc, 0x77, 0x70, 0xef, 0x50, 0xff,
    0x4d, 0xee, 0xef, 0xff, 0xee, 0xe7, 0xef, 0xff,
    0xff, 0x4c, 0xdd, 0xdf, 0xfe, 0xdd, 0xd7, 0xef,
    0xff, 0xff, 0x40, 0x0, 0xf, 0xf9, 0x0, 0x0,
    0x55, 0x55, 0x55, 0x5e, 0xee, 0xef, 0xff, 0xee,
    0xed, 0x0, 0x0, 0x0, 0x5f, 0xff, 0xff, 0xff,
    0xff, 0xfe,

    /* U+77E2 "矢" */
    0x0, 0xb, 0xff, 0x0, 0x0, 0x0, 0x0, 0x0,
    0x0, 0x0, 0x0, 0xe, 0xff, 0x99, 0x99, 0x99,
    0x99, 0x99, 0x99, 0x0, 0x0, 0x2f, 0xff, 0xff,
    0xff, 0xff, 0xff, 0xff, 0xff, 0x10, 0x0, 0x7f,
    0xff, 0xff, 0xff, 0xff, 0xff, 0xff, 0xff, 0x10,
    0x0, 0xcf, 0xf1, 0x0, 0x4f, 0xf5, 0x0, 0x0,
    0x0, 0x0, 0x3, 0xff, 0xb0, 0x0, 0x4f, 0xf5,
    0x0, 0x0, 0x0, 0x0, 0x7, 0xdd, 0x40, 0x0,
    0x4f, 0xf5, 0x0, 0x0, 0x0, 0x0, 0x0, 0x0,
    0x0, 0x0, 0x4f, 0xf5, 0x0, 0x0, 0x0, 0x0,
    0xf, 0xff, 0xff, 0xff, 0xff, 0xff, 0xff, 0xff,
    0xff, 0xf0, 0xf, 0xff, 0xff, 0xff, 0xff, 0xff,
    0xff, 0xff, 0xff, 0xf0, 0x8, 0x88, 0x88, 0x8b,
    0xff, 0xff, 0xb8, 0x88, 0x88, 0x80, 0x0, 0x0,
    0x0, 0xd, 0xff, 0xff, 0xd0, 0x0, 0x0, 0x0,
    0x0, 0x0, 0x0, 0xaf, 0xfa, 0x9f, 0xfb, 0x0,
    0x0, 0x0, 0x0, 0x0, 0x2c, 0xff, 0xe0, 0xd,
    0xff, 0xc2, 0x0, 0x0, 0x0, 0x29, 0xff, 0xfd,
    0x20, 0x2, 0xdf, 0xff, 0x92, 0x0, 0xc, 0xff,
    0xff, 0xc1, 0x0, 0x0, 0x1c, 0xff, 0xff, 0xc0,
    0xf, 0xff, 0xe6, 0x0, 0x0, 0x0, 0x0, 0x6e,
    0xff, 0xf0, 0xf, 0xb5, 0x0, 0x0, 0x0, 0x0,
    0x0, 0x0, 0x5b, 0xf0, 0x1, 0x0, 0x0, 0x0,
    0x0, 0x0, 0x0, 0x0, 0x0, 0x10,

    /* U+77E5 "知" */
    0x2, 0xff, 0x60, 0x0, 0x0, 0x0, 0x0, 0x0,
    0x0, 0x0, 0x6f, 0xfc, 0xbb, 0xbb, 0x11, 0xff,
    0xff, 0xff, 0xf7, 0x9, 0xff, 0xff, 0xff, 0xf1,
    0x1f, 0xff, 0xff, 0xff, 0x70, 0xae, 0xef, 0xff,
    0xee, 0x11, 0xff, 0xc9, 0xaf, 0xf7, 0x0, 0x0,
    0xff, 0x90, 0x0, 0x1f, 0xf7, 0x1, 0xff, 0x70,
    0x0, 0xf, 0xf9, 0x0, 0x1, 0xff, 0x70, 0x1f,
    0xf7, 0x0, 0x0, 0xff, 0x90, 0x0, 0x1f, 0xf7,
    0x1, 0xff, 0x71, 0xff, 0xff, 0xff, 0xff, 0xa1,
    0xff, 0x70, 0x1f, 0xf7, 0x1f, 0xff, 0xff, 0xff,
    0xfa, 0x1f, 0xf7, 0x1, 0xff, 0x70, 0x88, 0x8f,
    0xfc, 0x88, 0x51, 0xff, 0x70, 0x1f, 0xf7, 0x0,
    0x1, 0xff, 0x80, 0x0, 0x1f, 0xf7, 0x1, 0xff,
    0x70, 0x0, 0x2f, 0xff, 0x80, 0x1, 0xff, 0x70,
    0x1f, 0xf7, 0x0, 0x5, 0xff, 0xff, 0xd1, 0x1f,
    0xf7, 0x1, 0xff, 0x70, 0x0, 0x8f, 0xfe, 0xff,
    0x21, 0xff, 0x70, 0x1f, 0xf7, 0x0, 0xe, 0xfd,
    0x8, 0xf2, 0x1f, 0xfc, 0xaa, 0xff, 0x70, 0x4,
    0xff, 0x80, 0x3, 0x11, 0xff, 0xff, 0xff, 0xf7,
    0x0, 0xdf, 0xf2, 0x0, 0x0, 0x1f, 0xff, 0xff,
    0xff, 0x70, 0x7f, 0xfa, 0x0, 0x0, 0x0, 0x0,
    0x0, 0x0, 0x0,

    /* U+786E "确" */
    0xf, 0xff, 0xff, 0xfa, 0x0, 0xdf, 0xff, 0xff,
    0xfd, 0x0, 0xff, 0xff, 0xff, 0xa0, 0x8f, 0xff,
    0xff, 0xff, 0x70, 0x9, 0xcf, 0xfa, 0x96, 0x8f,
    0xfd, 0x55, 0xbf, 0xf1, 0x0, 0xa, 0xff, 0x0,
    0x3f, 0xff, 0x30, 0x2f, 0xf8, 0x0, 0x0, 0xdf,
    0xc0, 0x3, 0xff, 0xff, 0xff, 0xff, 0xff, 0xe0,
    0x1f, 0xf9, 0x0, 0x1a, 0xff, 0xff, 0xff, 0xff,
    0xfe, 0x5, 0xff, 0xa6, 0x62, 0x5f, 0xf6, 0x9f,
    0xf6, 0xbf, 0xe0, 0xbf, 0xff, 0xff, 0x75, 0xff,
    0x5, 0xfe, 0x7, 0xfe, 0x2f, 0xff, 0xff, 0xf7,
    0x5f, 0xf6, 0x9f, 0xf6, 0xbf, 0xe0, 0x6f, 0xe5,
    0xdf, 0x75, 0xff, 0xff, 0xff, 0xff, 0xfe, 0x4,
    0xfe, 0xc, 0xf7, 0x5f, 0xff, 0xff, 0xff, 0xff,
    0xe0, 0x4f, 0xe0, 0xcf, 0x76, 0xff, 0x5, 0xfe,
    0x7, 0xfe, 0x4, 0xfe, 0xc, 0xf7, 0x7f, 0xf2,
    0x6f, 0xe2, 0x9f, 0xe0, 0x4f, 0xe0, 0xcf, 0x79,
    0xff, 0xff, 0xff, 0xff, 0xfe, 0x4, 0xff, 0x8e,
    0xf7, 0xbf, 0xff, 0xff, 0xff, 0xff, 0xe0, 0x4f,
    0xff, 0xff, 0x7f, 0xfa, 0x26, 0xfe, 0x28, 0xfe,
    0x4, 0xff, 0xff, 0xfb, 0xff, 0x60, 0x5f, 0xe0,
    0x7f, 0xe0, 0x0, 0x0, 0x0, 0x9f, 0xf2, 0x5,
    0xfe, 0x7, 0xfe, 0x0, 0x0, 0x0, 0x0, 0x0,
    0x0, 0x0, 0x0, 0x0, 0x0,

    /* U+788E "碎" */
    0xf, 0xff, 0xff, 0xfd, 0x0, 0x0, 0xaf, 0xe0,
    0x0, 0x0, 0xf, 0xff, 0xff, 0xfd, 0xcf, 0xff,
    0xff, 0xff, 0xff, 0xf0, 0x9, 0xbf, 0xfb, 0x98,
    0xdf, 0xff, 0xff, 0xff, 0xff, 0xf0, 0x0, 0x8f,
    0xf2, 0x0, 0x68, 0x87, 0x77, 0x78, 0x77, 0x70,
    0x0, 0xcf, 0xf0, 0x0, 0x1f, 0xf3, 0x0, 0x7f,
    0xd0, 0x0, 0x0, 0xff, 0xb0, 0x0, 0x4f, 0xfe,
    0xe0, 0xaf, 0xfe, 0x50, 0x6, 0xff, 0xb7, 0x72,
    0x6f, 0xfd, 0xf3, 0xcf, 0xff, 0x80, 0xd, 0xff,
    0xff, 0xf6, 0x9f, 0xea, 0xf7, 0xff, 0xbf, 0xb0,
    0x2c, 0xff, 0xef, 0xf6, 0xdf, 0xb7, 0xfd, 0xff,
    0x6f, 0xe0, 0x5, 0xfd, 0xc, 0xf9, 0xff, 0x72,
    0x8d, 0xff, 0x1e, 0xf1, 0x5, 0xfd, 0xc, 0xfd,
    0xff, 0x30, 0xc, 0xfc, 0xb, 0xf4, 0x5, 0xfd,
    0xc, 0xf6, 0x0, 0x0, 0x59, 0x80, 0x0, 0x0,
    0x5, 0xfd, 0xc, 0xf8, 0x66, 0x66, 0xcf, 0xf6,
    0x66, 0x63, 0x5, 0xfd, 0xc, 0xfa, 0xff, 0xff,
    0xff, 0xff, 0xff, 0xf7, 0x5, 0xfe, 0x8e, 0xfa,
    0xff, 0xff, 0xff, 0xff, 0xff, 0xf7, 0x5, 0xff,
    0xff, 0xf7, 0x11, 0x11, 0xaf, 0xe1, 0x11, 0x10,
    0x5, 0xff, 0xff, 0xf6, 0x0, 0x0, 0xaf, 0xe0,
    0x0, 0x0, 0x0, 0x0, 0x0, 0x0, 0x0, 0x0,
    0xaf, 0xe0, 0x0, 0x0,

    /* U+78C1 "磁" */
    0xf, 0xff, 0xff, 0xd0, 0x5f, 0xf5, 0x0, 0x1f,
    0xf9, 0x0, 0xf, 0xff, 0xff, 0xd4, 0x7f, 0xfc,
    0x66, 0x9f, 0xfa, 0x60, 0x9, 0xef, 0xf9, 0x7b,
    0xff, 0xff, 0xff, 0xff, 0xff, 0xf0, 0x0, 0xdf,
    0xc0, 0xb, 0xff, 0xff, 0xff, 0xff, 0xff, 0xf0,
    0x0, 0xff, 0xa0, 0x0, 0x8f, 0xb1, 0x11, 0xaf,
    0x91, 0x0, 0x3, 0xff, 0x60, 0x0, 0xcf, 0x6e,
    0xf2, 0xef, 0x5f, 0xe0, 0x8, 0xff, 0x85, 0x30,
    0xff, 0x5f, 0xd2, 0xff, 0x6f, 0xb0, 0xd, 0xff,
    0xff, 0xb5, 0xfd, 0x8f, 0x97, 0xfb, 0xaf, 0x60,
    0x3f, 0xff, 0xff, 0xbd, 0xf9, 0xcf, 0x5f, 0xf7,
    0xff, 0x20, 0x6, 0xfb, 0x6f, 0xbe, 0xff, 0xff,
    0x1f, 0xff, 0xfd, 0x0, 0x6, 0xfa, 0x5f, 0xbd,
    0xff, 0xfb, 0xf, 0xff, 0xf9, 0x0, 0x6, 0xfa,
    0x5f, 0xb0, 0x6f, 0xf7, 0x0, 0x8f, 0xf4, 0x0,
    0x6, 0xfa, 0x5f, 0xb0, 0x5f, 0xfe, 0xe0, 0x7f,
    0xfe, 0xc0, 0x6, 0xfa, 0x5f, 0xb0, 0x9f, 0xdb,
    0xf0, 0xcf, 0xbe, 0xe0, 0x6, 0xfd, 0xaf, 0xb0,
    0xef, 0x9a, 0xf3, 0xff, 0x6c, 0xf0, 0x6, 0xff,
    0xff, 0xb8, 0xff, 0xbc, 0xfb, 0xff, 0x9d, 0xf0,
    0x6, 0xff, 0xff, 0xbe, 0xff, 0xff, 0xff, 0xff,
    0xff, 0xf2, 0x0, 0x0, 0x0, 0xe, 0xff, 0xff,
    0xff, 0xff, 0xff, 0xf3,

    /* U+793A "示" */
    0x0, 0xbf, 0xff, 0xff, 0xff, 0xff, 0xff, 0xff,
    0xfb, 0x0, 0x0, 0xbf, 0xff, 0xff, 0xff, 0xff,
    0xff, 0xff, 0xfb, 0x0, 0x0, 0x57, 0x77, 0x77,
    0x77, 0x77, 0x77, 0x77, 0x75, 0x0, 0x0, 0x0,
    0x0, 0x0, 0x0, 0x0, 0x0, 0x0, 0x0, 0x0,
    0x0, 0x0, 0x0, 0x0, 0x0, 0x0, 0x0, 0x0,
    0x0, 0x0, 0x0, 0x0, 0x0, 0x0, 0x0, 0x0,
    0x0, 0x0, 0x0, 0x0, 0x2f, 0xff, 0xff, 0xff,
    0xff, 0xff, 0xff, 0xff, 0xff, 0xf2, 0x2f, 0xff,
    0xff, 0xff, 0xff, 0xff, 0xff, 0xff, 0xff, 0xf2,
    0x17, 0x77, 0x77, 0x77, 0x7f, 0xfd, 0x77, 0x77,
    0x77, 0x71, 0x0, 0x0, 0x0, 0x0, 0xe, 0xfb,
    0x0, 0x0, 0x0, 0x0, 0x0, 0xd, 0xfe, 0x0,
    0xe, 0xfb, 0x0, 0xef, 0xd0, 0x0, 0x0, 0x2f,
    0xfa, 0x0, 0xe, 0xfb, 0x0, 0xaf, 0xf2, 0x0,
    0x0, 0x7f, 0xf5, 0x0, 0xe, 0xfb, 0x0, 0x5f,
    0xf7, 0x0, 0x0, 0xdf, 0xf1, 0x0, 0xe, 0xfb,
    0x0, 0x1f, 0xfc, 0x0, 0x3, 0xff, 0xa0, 0x0,
    0xe, 0xfb, 0x0, 0xa, 0xff, 0x30, 0xa, 0xff,
    0x40, 0x49, 0x9f, 0xfb, 0x0, 0x4, 0xff, 0xa0,
    0x1f, 0xfe, 0x0, 0x7f, 0xff, 0xfb, 0x0, 0x0,
    0xef, 0xf1, 0x2, 0x21, 0x0, 0x7f, 0xff, 0xfb,
    0x0, 0x0, 0x12, 0x20,

    /* U+79BB "离" */
    0xff, 0xff, 0xff, 0xff, 0xff, 0xff, 0xff, 0xff,
    0xff, 0xff, 0xff, 0xff, 0xff, 0xff, 0xff, 0xff,
    0xff, 0xff, 0x55, 0x55, 0x69, 0x99, 0x55, 0x99,
    0x96, 0x55, 0x55, 0x6, 0xbb, 0x9, 0xff, 0x77,
    0xff, 0x90, 0xbb, 0x60, 0x8, 0xff, 0x0, 0xbf,
    0xff, 0xfc, 0x0, 0xff, 0x80, 0x8, 0xff, 0x2,
    0xef, 0xef, 0xfe, 0x20, 0xff, 0x80, 0x8, 0xff,
    0x1b, 0xcc, 0x33, 0xcc, 0xb1, 0xff, 0x80, 0x8,
    0xff, 0xee, 0xee, 0xee, 0xee, 0xee, 0xff, 0x80,
    0x8, 0xff, 0xff, 0xff, 0xff, 0xff, 0xff, 0xff,
    0x80, 0x2, 0x44, 0x44, 0x48, 0xff, 0x84, 0x44,
    0x44, 0x20, 0x35, 0x55, 0x55, 0x58, 0xff, 0x85,
    0x55, 0x55, 0x53, 0x9f, 0xff, 0xff, 0xff, 0xff,
    0xff, 0xff, 0xff, 0xf9, 0x9f, 0xff, 0xff, 0xff,
    0xff, 0xff, 0xff, 0xff, 0xf9, 0x9f, 0xf0, 0x1,
    0xff, 0x80, 0x49, 0x80, 0xf, 0xf9, 0x9f, 0xf1,
    0x5b, 0xff, 0x55, 0x7f, 0xf5, 0xf, 0xf9, 0x9f,
    0xf3, 0xff, 0xff, 0xff, 0xff, 0xfc, 0xf, 0xf9,
    0x9f, 0xf2, 0xff, 0xff, 0xff, 0xff, 0xff, 0x5f,
    0xf9, 0x9f, 0xf0, 0x0, 0x0, 0x0, 0x0, 0x0,
    0xf, 0xf9,

    /* U+79C1 "私" */
    0x0, 0x0, 0x1, 0x12, 0x0, 0x0, 0x0, 0x0,
    0x0, 0x0, 0xef, 0xff, 0xff, 0xf2, 0x0, 0x8f,
    0xf2, 0x0, 0x0, 0xe, 0xff, 0xff, 0xff, 0x20,
    0xa, 0xff, 0x0, 0x0, 0x0, 0x66, 0x6f, 0xf9,
    0x0, 0x0, 0xdf, 0xe0, 0x0, 0x0, 0x0, 0x0,
    0xff, 0x90, 0x0, 0xf, 0xfc, 0x0, 0x0, 0x1,
    0xff, 0xff, 0xff, 0xf8, 0x2, 0xff, 0x90, 0x0,
    0x0, 0x1f, 0xff, 0xff, 0xff, 0x80, 0x4f, 0xf7,
    0x0, 0x0, 0x0, 0x88, 0x8e, 0xfc, 0x84, 0x7,
    0xff, 0x40, 0x0, 0x0, 0x6, 0x93, 0xdf, 0x90,
    0x0, 0x9f, 0xf2, 0x0, 0x0, 0x0, 0xbf, 0x5d,
    0xfa, 0x0, 0xb, 0xff, 0x0, 0x0, 0x0, 0xb,
    0xf4, 0xdf, 0xfc, 0x20, 0xef, 0xc0, 0x6c, 0xc1,
    0x0, 0xcf, 0x4d, 0xff, 0xf8, 0x2f, 0xfa, 0x4,
    0xff, 0x50, 0xd, 0xf3, 0xdf, 0xef, 0x85, 0xff,
    0x70, 0x1f, 0xf8, 0x0, 0xdf, 0x2d, 0xf9, 0x24,
    0x8f, 0xf4, 0x0, 0xef, 0xb0, 0xf, 0xf1, 0xdf,
    0x90, 0xb, 0xff, 0x10, 0xa, 0xfe, 0x1, 0xff,
    0xd, 0xf9, 0x0, 0xff, 0xe0, 0x0, 0x7f, 0xf2,
    0x3f, 0xe0, 0xdf, 0x90, 0x2f, 0xfe, 0xaa, 0xac,
    0xff, 0x55, 0xfc, 0xd, 0xf9, 0x5, 0xff, 0xff,
    0xff, 0xff, 0xf8, 0x0, 0x0, 0xdf, 0x90, 0x8f,
    0xff, 0xff, 0xff, 0xff, 0xc0, 0x0, 0x2, 0x31,
    0x0, 0x0, 0x0, 0x0, 0x0, 0x0,

    /* U+79D2 "秒" */
    0xc, 0xff, 0xff, 0xff, 0x4a, 0xd9, 0xaf, 0xe2,
    0xff, 0x40, 0xcf, 0xff, 0xff, 0xf3, 0xcf, 0xaa,
    0xfe, 0xf, 0xf6, 0x5, 0x67, 0xff, 0x70, 0xc,
    0xfa, 0xaf, 0xe0, 0xef, 0x80, 0x0, 0x2f, 0xf6,
    0x0, 0xdf, 0x9a, 0xfe, 0xc, 0xfa, 0xc, 0xcc,
    0xff, 0xdc, 0x7e, 0xf9, 0xaf, 0xe0, 0xbf, 0xb0,
    0xff, 0xff, 0xff, 0xfa, 0xff, 0x8a, 0xfe, 0xa,
    0xfb, 0xe, 0xee, 0xff, 0xee, 0x9f, 0xf6, 0xaf,
    0xe0, 0xaf, 0xc0, 0x2, 0x1f, 0xf6, 0x3, 0xff,
    0x5a, 0xfe, 0x9, 0xfc, 0x7, 0xf7, 0xff, 0xb0,
    0x5f, 0xf4, 0xaf, 0xe0, 0x24, 0x30, 0x7f, 0x7f,
    0xff, 0xb6, 0xcc, 0x2a, 0xfe, 0x1a, 0xa4, 0x8,
    0xf6, 0xff, 0xff, 0x80, 0x0, 0x7c, 0xb5, 0xff,
    0x30, 0x9f, 0x5f, 0xfe, 0xf9, 0x0, 0x0, 0x0,
    0xcf, 0xe0, 0xa, 0xf5, 0xff, 0x67, 0x90, 0x0,
    0x0, 0x7f, 0xf7, 0x0, 0xbf, 0x3f, 0xf6, 0x0,
    0x0, 0x0, 0x6f, 0xfd, 0x0, 0xe, 0xf1, 0xff,
    0x60, 0x0, 0x3, 0xbf, 0xff, 0x30, 0x0, 0xff,
    0xf, 0xf6, 0x6, 0x9d, 0xff, 0xfe, 0x30, 0x0,
    0x2f, 0xd0, 0xff, 0x60, 0xff, 0xff, 0xfa, 0x10,
    0x0, 0x0, 0x32, 0xf, 0xf6, 0xf, 0xfc, 0x72,
    0x0, 0x0, 0x0, 0x0, 0x0, 0x0, 0x0, 0x20,
    0x0, 0x0, 0x0, 0x0, 0x0,

    /* U+79DF "租" */
    0x0, 0x1, 0x24, 0x57, 0x30, 0x0, 0x0, 0x0,
    0x0, 0x0, 0xb, 0xff, 0xff, 0xff, 0x5a, 0xff,
    0xff, 0xff, 0xff, 0x70, 0xb, 0xff, 0xff, 0xff,
    0x4a, 0xff, 0xff, 0xff, 0xff, 0x70, 0x5, 0x67,
    0xff, 0x70, 0xa, 0xff, 0x77, 0x77, 0xff, 0x70,
    0x0, 0x2, 0xff, 0x70, 0xa, 0xfe, 0x0, 0x1,
    0xff, 0x70, 0xb, 0xbc, 0xff, 0xdb, 0x8a, 0xfe,
    0x0, 0x1, 0xff, 0x70, 0xf, 0xff, 0xff, 0xff,
    0xba, 0xff, 0xff, 0xff, 0xff, 0x70, 0xc, 0xcc,
    0xff, 0xdc, 0x8a, 0xff, 0xff, 0xff, 0xff, 0x70,
    0x1, 0x21, 0xff, 0x70, 0xa, 0xff, 0x88, 0x88,
    0xff, 0x70, 0x6, 0xf7, 0xff, 0xa1, 0xa, 0xfe,
    0x0, 0x1, 0xff, 0x70, 0x7, 0xf6, 0xff, 0xff,
    0x6a, 0xfe, 0x0, 0x1, 0xff, 0x70, 0x8, 0xf6,
    0xff, 0xff, 0xba, 0xff, 0xff, 0xff, 0xff, 0x70,
    0x9, 0xf5, 0xff, 0xbd, 0xba, 0xff, 0xff, 0xff,
    0xff, 0x70, 0x9, 0xf4, 0xff, 0x70, 0x2a, 0xff,
    0x88, 0x88, 0xff, 0x70, 0xb, 0xf3, 0xff, 0x70,
    0xa, 0xfe, 0x0, 0x1, 0xff, 0x70, 0xd, 0xf1,
    0xff, 0x70, 0xa, 0xfe, 0x0, 0x1, 0xff, 0x70,
    0xf, 0xf0, 0xff, 0x70, 0x4d, 0xff, 0x88, 0x89,
    0xff, 0xc2, 0x2f, 0xd0, 0xff, 0x70, 0x7f, 0xff,
    0xff, 0xff, 0xff, 0xf4, 0x3, 0x20, 0xff, 0x70,
    0x7f, 0xff, 0xff, 0xff, 0xff, 0xf4,

    /* U+79F0 "称" */
    0x0, 0x0, 0x1, 0x12, 0x0, 0x0, 0x0, 0x0,
    0x0, 0x0, 0xd, 0xff, 0xff, 0xff, 0x40, 0xdf,
    0xc0, 0x0, 0x0, 0x0, 0xd, 0xff, 0xff, 0xff,
    0x40, 0xff, 0xff, 0xff, 0xff, 0xf1, 0x5, 0x68,
    0xff, 0x70, 0x2, 0xff, 0xff, 0xff, 0xff, 0xf0,
    0x0, 0x3, 0xff, 0x50, 0x5, 0xff, 0xb9, 0x99,
    0xef, 0xc0, 0x9, 0x9a, 0xff, 0xb9, 0x59, 0xff,
    0x20, 0x0, 0xff, 0x90, 0x1f, 0xff, 0xff, 0xff,
    0xad, 0xfe, 0x4b, 0xb6, 0xff, 0x50, 0x1f, 0xff,
    0xff, 0xff, 0xbc, 0xc7, 0x6f, 0xf8, 0xcc, 0x10,
    0x0, 0x21, 0xff, 0x50, 0x0, 0x0, 0x6f, 0xf1,
    0x0, 0x0, 0x8, 0xf7, 0xff, 0x90, 0x2, 0x54,
    0x6f, 0xf4, 0x55, 0x0, 0x8, 0xf6, 0xff, 0xfe,
    0x58, 0xfd, 0x6f, 0xf6, 0xff, 0x30, 0x9, 0xf5,
    0xff, 0xff, 0x99, 0xfc, 0x6f, 0xf2, 0xff, 0x70,
    0xa, 0xf5, 0xff, 0xae, 0x9a, 0xfb, 0x6f, 0xf1,
    0xdf, 0x90, 0xb, 0xf4, 0xff, 0x50, 0x2d, 0xf9,
    0x6f, 0xf1, 0xaf, 0xc0, 0xc, 0xf3, 0xff, 0x50,
    0xf, 0xf7, 0x6f, 0xf1, 0x8f, 0xe0, 0xe, 0xf1,
    0xff, 0x50, 0x3f, 0xf4, 0x6f, 0xf1, 0x6f, 0xf0,
    0x1f, 0xe1, 0xff, 0x50, 0x7f, 0xf5, 0xaf, 0xf1,
    0x4f, 0xf1, 0x3f, 0xc1, 0xff, 0x50, 0xcf, 0xd9,
    0xff, 0xf1, 0x4f, 0xf1, 0x3, 0x21, 0xff, 0x50,
    0x22, 0x19, 0xff, 0xf1, 0x2, 0x20,

    /* U+79FB "移" */
    0x0, 0x0, 0x1, 0x12, 0x0, 0x0, 0x0, 0x0,
    0x0, 0x0, 0xb, 0xff, 0xff, 0xff, 0x50, 0xc,
    0xff, 0xff, 0xff, 0x90, 0xb, 0xff, 0xff, 0xff,
    0x52, 0xbf, 0xff, 0xff, 0xff, 0x40, 0x4, 0x66,
    0xdf, 0xc4, 0x3f, 0xff, 0xe4, 0x4e, 0xfe, 0x0,
    0x0, 0x0, 0xcf, 0xa0, 0x3f, 0xcf, 0xf6, 0x7f,
    0xf6, 0x0, 0xf, 0xff, 0xff, 0xff, 0x81, 0xb,
    0xff, 0xff, 0xc0, 0x0, 0xf, 0xff, 0xff, 0xff,
    0x70, 0x19, 0xff, 0xfd, 0x10, 0x0, 0x8, 0x88,
    0xef, 0xd8, 0x5d, 0xff, 0xff, 0xc1, 0x0, 0x0,
    0x5, 0xb5, 0xcf, 0xa0, 0x2f, 0xff, 0xe8, 0x22,
    0x22, 0x20, 0x8, 0xf7, 0xcf, 0xe5, 0x2b, 0x84,
    0xcf, 0xff, 0xff, 0xf2, 0x9, 0xf7, 0xcf, 0xff,
    0x50, 0x1c, 0xff, 0xff, 0xff, 0xe0, 0x9, 0xf6,
    0xcf, 0xff, 0x68, 0xff, 0xfb, 0x23, 0xff, 0x90,
    0xa, 0xf6, 0xcf, 0xb8, 0x7f, 0xff, 0xfc, 0x9,
    0xff, 0x30, 0xb, 0xf5, 0xcf, 0xa0, 0x2f, 0xaa,
    0xff, 0xaf, 0xfb, 0x0, 0xd, 0xf3, 0xcf, 0xa0,
    0x0, 0x0, 0xef, 0xff, 0xf2, 0x0, 0xf, 0xf2,
    0xcf, 0xa0, 0x0, 0x5, 0xdf, 0xff, 0x50, 0x0,
    0x1f, 0xf0, 0xcf, 0xa0, 0x4a, 0xef, 0xff, 0xf5,
    0x0, 0x0, 0x3f, 0xd0, 0xcf, 0xa0, 0xaf, 0xff,
    0xfa, 0x20, 0x0, 0x0, 0x0, 0x0, 0xcf, 0xa0,
    0xaf, 0xc7, 0x20, 0x0, 0x0, 0x0, 0x0, 0x0,
    0x0, 0x0, 0x10, 0x0, 0x0, 0x0, 0x0, 0x0,

    /* U+7A0B "程" */
    0x0, 0x1, 0x23, 0x57, 0x20, 0x0, 0x0, 0x0,
    0x0, 0x0, 0xd, 0xff, 0xff, 0xff, 0x4c, 0xff,
    0xff, 0xff, 0xff, 0x30, 0xd, 0xff, 0xff, 0xff,
    0x4c, 0xff, 0xff, 0xff, 0xff, 0x30, 0x5, 0x68,
    0xff, 0x70, 0xc, 0xfd, 0x33, 0x37, 0xff, 0x30,
    0x0, 0x3, 0xff, 0x50, 0xc, 0xfc, 0x0, 0x5,
    0xff, 0x30, 0xc, 0xcc, 0xff, 0xdc, 0x7c, 0xfe,
    0x88, 0x8b, 0xff, 0x30, 0x1f, 0xff, 0xff, 0xff,
    0xac, 0xff, 0xff, 0xff, 0xff, 0x30, 0x1e, 0xee,
    0xff, 0xee, 0x8a, 0xdd, 0xdd, 0xdd, 0xdd, 0x30,
    0x0, 0x21, 0xff, 0x50, 0x0, 0x0, 0x0, 0x0,
    0x0, 0x0, 0x8, 0xf7, 0xff, 0x80, 0x4e, 0xee,
    0xee, 0xee, 0xee, 0xa0, 0x8, 0xf6, 0xff, 0xfc,
    0x7f, 0xff, 0xff, 0xff, 0xff, 0xc0, 0x9, 0xf5,
    0xff, 0xff, 0x85, 0x55, 0xbf, 0xf5, 0x55, 0x40,
    0xa, 0xf5, 0xff, 0xbf, 0x61, 0x11, 0x9f, 0xf1,
    0x11, 0x0, 0xb, 0xf4, 0xff, 0x51, 0x3d, 0xff,
    0xff, 0xff, 0xff, 0x40, 0xc, 0xf3, 0xff, 0x50,
    0xd, 0xff, 0xff, 0xff, 0xff, 0x30, 0xe, 0xf1,
    0xff, 0x50, 0x0, 0x0, 0x9f, 0xf0, 0x0, 0x0,
    0x1f, 0xe1, 0xff, 0x50, 0x56, 0x66, 0xcf, 0xf6,
    0x66, 0x61, 0x3f, 0xc1, 0xff, 0x50, 0xdf, 0xff,
    0xff, 0xff, 0xff, 0xf4, 0x3, 0x21, 0xff, 0x50,
    0xac, 0xcc, 0xcc, 0xcc, 0xcc, 0xc3,

    /* U+7A7A "空" */
    0xbf, 0xff, 0xff, 0xff, 0xff, 0xff, 0xff, 0xff,
    0xfb, 0xbf, 0xff, 0xff, 0xff, 0xff, 0xff, 0xff,
    0xff, 0xfb, 0xbf, 0xf7, 0x77, 0x77, 0x77, 0x77,
    0x77, 0x7f, 0xfb, 0xbf, 0xe0, 0x0, 0x74, 0x0,
    0x47, 0x0, 0xe, 0xfb, 0x1, 0x11, 0x8e, 0xf5,
    0x0, 0x5f, 0xe8, 0x11, 0x10, 0x26, 0xbf, 0xff,
    0xf5, 0x0, 0x5f, 0xff, 0xfb, 0x62, 0xff, 0xff,
    0xfe, 0x70, 0x0, 0x7, 0xef, 0xff, 0xff, 0xff,
    0xfd, 0x60, 0x0, 0x0, 0x0, 0x6, 0xdf, 0xff,
    0xc8, 0x30, 0x0, 0x0, 0x0, 0x0, 0x0, 0x3,
    0x8c, 0xb, 0xff, 0xff, 0xff, 0xff, 0xff, 0xff,
    0xff, 0xb0, 0xb, 0xff, 0xff, 0xff, 0xff, 0xff,
    0xff, 0xff, 0xb0, 0x5, 0x77, 0x77, 0x7a, 0xff,
    0xa7, 0x77, 0x77, 0x50, 0x0, 0x0, 0x0, 0x5,
    0xff, 0x50, 0x0, 0x0, 0x0, 0x0, 0x0, 0x0,
    0x5, 0xff, 0x50, 0x0, 0x0, 0x0, 0x0, 0x0,
    0x0, 0x5, 0xff, 0x50, 0x0, 0x0, 0x0, 0x99,
    0x99, 0x99, 0x9b, 0xff, 0xb9, 0x99, 0x99, 0x99,
    0xff, 0xff, 0xff, 0xff, 0xff, 0xff, 0xff, 0xff,
    0xff, 0xff, 0xff, 0xff, 0xff, 0xff, 0xff, 0xff,
    0xff, 0xff,

    /* U+7A97 "窗" */
    0xb, 0xff, 0xff, 0xff, 0xff, 0xff, 0xff, 0xff,
    0xff, 0x90, 0xb, 0xff, 0xff, 0xff, 0xff, 0xff,
    0xff, 0xff, 0xff, 0x90, 0xb, 0xff, 0x55, 0x59,
    0x75, 0x57, 0x95, 0x56, 0xff, 0x90, 0x8, 0xcb,
    0x16, 0xcf, 0x30, 0x3, 0xfc, 0x61, 0xcc, 0x60,
    0x3, 0x7b, 0xff, 0xff, 0x30, 0x3, 0xff, 0xff,
    0xb7, 0x30, 0x2f, 0xff, 0xff, 0xfa, 0x26, 0x64,
    0xaf, 0xff, 0xff, 0xf0, 0x2f, 0xff, 0xe8, 0x31,
    0x7f, 0xf6, 0x13, 0x9e, 0xff, 0xf0, 0x19, 0xff,
    0xff, 0xff, 0xff, 0xff, 0xff, 0xff, 0xff, 0x80,
    0x3, 0xff, 0xff, 0xff, 0xff, 0xff, 0xff, 0xff,
    0xff, 0x10, 0x3, 0xff, 0x84, 0x45, 0x77, 0x77,
    0x77, 0x7a, 0xff, 0x10, 0x3, 0xff, 0x60, 0x5e,
    0xff, 0xff, 0xff, 0xf7, 0xff, 0x10, 0x3, 0xff,
    0x6d, 0xff, 0xca, 0xae, 0xff, 0x76, 0xff, 0x10,
    0x3, 0xff, 0x6d, 0xcf, 0xeb, 0xbf, 0xf9, 0x6,
    0xff, 0x10, 0x3, 0xff, 0x64, 0x7f, 0xff, 0xff,
    0xff, 0xb9, 0xff, 0x10, 0x3, 0xff, 0x6d, 0xff,
    0xfc, 0x8a, 0xef, 0xfc, 0xff, 0x10, 0x3, 0xff,
    0x8b, 0xa8, 0x54, 0x44, 0x46, 0xab, 0xff, 0x10,
    0x3, 0xff, 0xff, 0xff, 0xff, 0xff, 0xff, 0xff,
    0xff, 0x10, 0x3, 0xff, 0xff, 0xff, 0xff, 0xff,
    0xff, 0xff, 0xff, 0x10,

    /* U+7ACB "立" */
    0x0, 0x0, 0x0, 0x0, 0x5f, 0xf5, 0x0, 0x0,
    0x0, 0x0, 0xd, 0xff, 0xff, 0xff, 0xff, 0xff,
    0xff, 0xff, 0xff, 0xd0, 0xe, 0xff, 0xff, 0xff,
    0xff, 0xff, 0xff, 0xff, 0xff, 0xe0, 0x8, 0xaa,
    0xaa, 0xaa, 0xaa, 0xaa, 0xaa, 0xaa, 0xaa, 0x80,
    0x0, 0x0, 0x0, 0x0, 0x0, 0x0, 0x0, 0x0,
    0x0, 0x0, 0x0, 0xb, 0xff, 0x10, 0x0, 0x0,
    0x1, 0xff, 0xb0, 0x0, 0x0, 0x8, 0xff, 0x50,
    0x0, 0x0, 0x5, 0xff, 0x70, 0x0, 0x0, 0x4,
    0xff, 0x80, 0x0, 0x0, 0x8, 0xff, 0x40, 0x0,
    0x0, 0x0, 0xff, 0xc0, 0x0, 0x0, 0xc, 0xff,
    0x0, 0x0, 0x0, 0x0, 0xdf, 0xf0, 0x0, 0x0,
    0xf, 0xfd, 0x0, 0x0, 0x0, 0x0, 0x9f, 0xf3,
    0x0, 0x0, 0x3f, 0xf9, 0x0, 0x0, 0x0, 0x0,
    0x6f, 0xf7, 0x0, 0x0, 0x7f, 0xf6, 0x0, 0x0,
    0x0, 0x0, 0x2f, 0xfa, 0x0, 0x0, 0xaf, 0xf2,
    0x0, 0x0, 0x0, 0x0, 0xd, 0xec, 0x0, 0x0,
    0xce, 0xd0, 0x0, 0x0, 0x0, 0x0, 0x0, 0x0,
    0x0, 0x0, 0x0, 0x0, 0x0, 0x0, 0x19, 0x99,
    0x99, 0x99, 0x99, 0x99, 0x99, 0x99, 0x99, 0x91,
    0x3f, 0xff, 0xff, 0xff, 0xff, 0xff, 0xff, 0xff,
    0xff, 0xf3, 0x3f, 0xff, 0xff, 0xff, 0xff, 0xff,
    0xff, 0xff, 0xff, 0xf3,

    /* U+7AD6 "竖" */
    0x2, 0x20, 0x7f, 0xf2, 0xf, 0xff, 0xff, 0xff,
    0xf7, 0x6f, 0xf2, 0x7f, 0xf2, 0xd, 0xff, 0xff,
    0xff, 0xf3, 0x6f, 0xf2, 0x7f, 0xf2, 0x8, 0xff,
    0x32, 0xbf, 0xe0, 0x6f, 0xf2, 0x7f, 0xf2, 0x1,
    0xff, 0xb4, 0xff, 0x70, 0x6f, 0xf2, 0x7f, 0xf2,
    0x0, 0x8f, 0xff, 0xfd, 0x0, 0x6f, 0xf2, 0x7f,
    0xf2, 0x0, 0xd, 0xff, 0xf4, 0x0, 0x6f, 0xf2,
    0x7f, 0xf2, 0x5, 0xdf, 0xff, 0xff, 0x82, 0x6f,
    0xf2, 0x7f, 0xf2, 0x9f, 0xff, 0xc9, 0xff, 0xff,
    0x0, 0x0, 0x5d, 0xd4, 0xcf, 0xd5, 0x0, 0x29,
    0xff, 0x3, 0x33, 0x33, 0x36, 0xff, 0x63, 0x33,
    0x33, 0x35, 0x2f, 0xff, 0xff, 0xff, 0xff, 0xff,
    0xff, 0xff, 0xf2, 0x2f, 0xff, 0xff, 0xff, 0xff,
    0xff, 0xff, 0xff, 0xf2, 0x2, 0x24, 0x44, 0x22,
    0x22, 0x22, 0x44, 0x42, 0x20, 0x0, 0xb, 0xff,
    0x0, 0x0, 0x0, 0xff, 0xb0, 0x0, 0x0, 0x7,
    0xff, 0x40, 0x0, 0x4, 0xff, 0x70, 0x0, 0x66,
    0x68, 0xff, 0xb6, 0x66, 0x6b, 0xff, 0x86, 0x66,
    0xff, 0xff, 0xff, 0xff, 0xff, 0xff, 0xff, 0xff,
    0xff, 0xff, 0xff, 0xff, 0xff, 0xff, 0xff, 0xff,
    0xff, 0xff,

    /* U+7AEF "端" */
    0x0, 0x0, 0x0, 0x0, 0x0, 0x0, 0x23, 0x20,
    0x0, 0x0, 0x0, 0xf, 0xf8, 0x0, 0xbf, 0xb0,
    0xbf, 0xc0, 0xef, 0x80, 0x0, 0xf, 0xf8, 0x0,
    0xbf, 0xb0, 0xbf, 0xc0, 0xef, 0x80, 0x9, 0xaf,
    0xfd, 0xa4, 0xbf, 0xd7, 0xdf, 0xd7, 0xff, 0x80,
    0xe, 0xff, 0xff, 0xf6, 0xbf, 0xff, 0xff, 0xff,
    0xff, 0x80, 0xd, 0xff, 0xff, 0xf5, 0xbf, 0xff,
    0xff, 0xff, 0xff, 0x80, 0x2, 0x20, 0x2, 0x20,
    0x0, 0x0, 0x0, 0x0, 0x0, 0x0, 0xc, 0xf6,
    0xf, 0xf7, 0xee, 0xee, 0xee, 0xee, 0xee, 0xe1,
    0xb, 0xf7, 0x1f, 0xf6, 0xff, 0xff, 0xff, 0xff,
    0xff, 0xf1, 0xa, 0xf8, 0x2f, 0xf3, 0x99, 0x99,
    0xef, 0xe9, 0x99, 0x90, 0x9, 0xf9, 0x3f, 0xf0,
    0x22, 0x22, 0xcf, 0xd2, 0x22, 0x20, 0x7, 0xfa,
    0x4f, 0xe2, 0xff, 0xff, 0xff, 0xff, 0xff, 0xe0,
    0x6, 0xfc, 0x5f, 0xd2, 0xff, 0xff, 0xff, 0xff,
    0xff, 0xe0, 0x5, 0xfd, 0x7f, 0xb2, 0xff, 0x6f,
    0xf5, 0xfc, 0x8f, 0xe0, 0x1, 0x44, 0x25, 0x43,
    0xff, 0x2e, 0xf1, 0xfb, 0x5f, 0xe0, 0xc, 0xde,
    0xff, 0xfb, 0xff, 0x2e, 0xf1, 0xfb, 0x5f, 0xe0,
    0x1f, 0xff, 0xff, 0xfb, 0xff, 0x2e, 0xf1, 0xfb,
    0x5f, 0xe0, 0x1d, 0xcb, 0xa9, 0x86, 0xff, 0x2e,
    0xf1, 0xfb, 0x5f, 0xe0, 0x0, 0x0, 0x0, 0x2,
    0xff, 0x2e, 0xf1, 0xfb, 0x5f, 0xe0,

    /* U+7B11 "笑" */
    0x0, 0x9, 0xff, 0xff, 0xff, 0x1, 0xef, 0xff,
    0xff, 0xf0, 0x0, 0x7f, 0xff, 0xff, 0xff, 0x1c,
    0xff, 0xff, 0xff, 0xf0, 0xc, 0xff, 0xee, 0xfd,
    0x7a, 0xff, 0xfc, 0xff, 0xb7, 0x70, 0xf, 0xfe,
    0x29, 0xff, 0x6, 0xff, 0xa0, 0xdf, 0xc0, 0x0,
    0xe, 0x80, 0x2, 0x66, 0x15, 0xc6, 0x23, 0x45,
    0x65, 0x0, 0x0, 0xad, 0xdd, 0xee, 0xff, 0xff,
    0xff, 0xff, 0xfc, 0x0, 0x0, 0xcf, 0xff, 0xff,
    0xff, 0xff, 0xff, 0xff, 0xfc, 0x0, 0x0, 0x8a,
    0xa9, 0x99, 0xbf, 0xf9, 0x54, 0x32, 0x0, 0x0,
    0x0, 0x0, 0x0, 0x0, 0x5f, 0xf5, 0x0, 0x0,
    0x0, 0x0, 0x8, 0x88, 0x88, 0x88, 0xaf, 0xfa,
    0x88, 0x88, 0x88, 0x80, 0xf, 0xff, 0xff, 0xff,
    0xff, 0xff, 0xff, 0xff, 0xff, 0xf0, 0xf, 0xff,
    0xff, 0xff, 0xff, 0xff, 0xff, 0xff, 0xff, 0xf0,
    0x0, 0x0, 0x0, 0x1c, 0xff, 0xff, 0xc1, 0x0,
    0x0, 0x0, 0x0, 0x0, 0x3, 0xdf, 0xfa, 0xaf,
    0xfd, 0x30, 0x0, 0x0, 0x0, 0x4, 0xaf, 0xff,
    0xc0, 0xc, 0xff, 0xfa, 0x40, 0x0, 0xa, 0xef,
    0xff, 0xf8, 0x0, 0x0, 0x9f, 0xff, 0xfe, 0xa0,
    0xf, 0xff, 0xfc, 0x30, 0x0, 0x0, 0x4, 0xcf,
    0xff, 0xf0, 0xf, 0xd8, 0x20, 0x0, 0x0, 0x0,
    0x0, 0x2, 0x8d, 0xf0, 0x1, 0x0, 0x0, 0x0,
    0x0, 0x0, 0x0, 0x0, 0x0, 0x10,

    /* U+7B49 "等" */
    0x0, 0x9f, 0xff, 0xff, 0xf0, 0x1e, 0xff, 0xff,
    0xff, 0x9, 0xff, 0xff, 0xff, 0xf3, 0xdf, 0xff,
    0xff, 0xff, 0xef, 0xfd, 0xef, 0xe7, 0xaf, 0xff,
    0xbf, 0xfb, 0x77, 0xff, 0xc1, 0x8f, 0xf1, 0x6f,
    0xf9, 0xd, 0xfb, 0x0, 0xc6, 0x0, 0x14, 0x41,
    0x8f, 0x50, 0x2, 0x43, 0x0, 0x8, 0xff, 0xff,
    0xff, 0xff, 0xff, 0xff, 0xff, 0x80, 0x9, 0xff,
    0xff, 0xff, 0xff, 0xff, 0xff, 0xff, 0x90, 0x3,
    0x55, 0x55, 0x57, 0xff, 0x95, 0x55, 0x55, 0x30,
    0x66, 0x66, 0x66, 0x68, 0xff, 0xa6, 0x66, 0x66,
    0x66, 0xff, 0xff, 0xff, 0xff, 0xff, 0xff, 0xff,
    0xff, 0xff, 0xff, 0xff, 0xff, 0xff, 0xff, 0xff,
    0xff, 0xff, 0xff, 0x2, 0x22, 0x22, 0x22, 0x22,
    0x22, 0x6f, 0xf6, 0x20, 0x6f, 0xff, 0xff, 0xff,
    0xff, 0xff, 0xff, 0xff, 0xf6, 0x6f, 0xff, 0xff,
    0xff, 0xff, 0xff, 0xff, 0xff, 0xf6, 0x2, 0x39,
    0x64, 0x22, 0x22, 0x22, 0x6f, 0xf6, 0x20, 0x0,
    0x2f, 0xff, 0xfc, 0x91, 0x26, 0x8f, 0xf4, 0x0,
    0x0, 0x1b, 0xef, 0xff, 0xf3, 0x6f, 0xff, 0xf4,
    0x0, 0x0, 0x0, 0x0, 0x35, 0x81, 0x6f, 0xff,
    0xf4, 0x0,

    /* U+7B80 "简" */
    0x0, 0x8f, 0xff, 0xff, 0xf0, 0x1e, 0xff, 0xff,
    0xff, 0x7, 0xff, 0xff, 0xff, 0xf2, 0xcf, 0xff,
    0xff, 0xff, 0xcf, 0xfe, 0xef, 0xe6, 0x9f, 0xff,
    0xcf, 0xfa, 0x66, 0xff, 0xe3, 0x7f, 0xf2, 0x5f,
    0xfa, 0xd, 0xfc, 0x0, 0xd8, 0x76, 0x45, 0x52,
    0x5c, 0x50, 0x3, 0x55, 0x0, 0x0, 0xcf, 0xd0,
    0x2f, 0xff, 0xff, 0xff, 0xff, 0xf1, 0x0, 0x6f,
    0xf3, 0x3f, 0xff, 0xff, 0xff, 0xff, 0xf1, 0x0,
    0xb, 0xb6, 0x17, 0x77, 0x77, 0x77, 0xbf, 0xf1,
    0x5, 0x52, 0x2, 0x22, 0x21, 0x11, 0x10, 0x7f,
    0xf1, 0x1f, 0xf7, 0xe, 0xff, 0xff, 0xff, 0xf0,
    0x7f, 0xf1, 0x1f, 0xf7, 0xe, 0xfe, 0xdd, 0xef,
    0xf0, 0x7f, 0xf1, 0x1f, 0xf7, 0xe, 0xf8, 0x0,
    0x7f, 0xf0, 0x7f, 0xf1, 0x1f, 0xf7, 0xe, 0xff,
    0xff, 0xff, 0xf0, 0x7f, 0xf1, 0x1f, 0xf7, 0xe,
    0xfe, 0xdd, 0xef, 0xf0, 0x7f, 0xf1, 0x1f, 0xf7,
    0xe, 0xf8, 0x0, 0x7f, 0xf0, 0x7f, 0xf1, 0x1f,
    0xf7, 0xe, 0xff, 0xff, 0xff, 0xf0, 0x7f, 0xf1,
    0x1f, 0xf7, 0xe, 0xff, 0xff, 0xff, 0xf0, 0x7f,
    0xf1, 0x1f, 0xf7, 0x0, 0x0, 0x0, 0x0, 0x0,
    0x7f, 0xf1,

    /* U+7B97 "算" */
    0x0, 0xdf, 0xff, 0xff, 0xf0, 0x4f, 0xff, 0xff,
    0xfc, 0xa, 0xff, 0xff, 0xff, 0xf3, 0xef, 0xff,
    0xff, 0xfc, 0xdf, 0xfa, 0xaf, 0xf4, 0x7f, 0xff,
    0x5f, 0xfa, 0x32, 0xff, 0x90, 0x28, 0x83, 0x7f,
    0xe4, 0x6, 0x87, 0x0, 0xa8, 0xee, 0xee, 0xee,
    0xff, 0xee, 0xee, 0xee, 0x40, 0x4, 0xff, 0xfe,
    0xee, 0xee, 0xee, 0xef, 0xff, 0x40, 0x4, 0xff,
    0x96, 0x66, 0x66, 0x66, 0x69, 0xff, 0x40, 0x4,
    0xff, 0xff, 0xff, 0xff, 0xff, 0xff, 0xff, 0x40,
    0x4, 0xff, 0x85, 0x55, 0x55, 0x55, 0x58, 0xff,
    0x40, 0x4, 0xff, 0xff, 0xff, 0xff, 0xff, 0xff,
    0xff, 0x40, 0x4, 0xff, 0x84, 0x44, 0x44, 0x44,
    0x48, 0xff, 0x40, 0x4, 0xff, 0xff, 0xff, 0xff,
    0xff, 0xff, 0xff, 0x40, 0x3, 0xac, 0xff, 0xba,
    0xaa, 0xac, 0xff, 0xba, 0x30, 0x44, 0x49, 0xff,
    0x64, 0x44, 0x49, 0xff, 0x64, 0x44, 0xff, 0xff,
    0xff, 0xff, 0xff, 0xff, 0xff, 0xff, 0xff, 0xff,
    0xff, 0xff, 0xff, 0xff, 0xff, 0xff, 0xff, 0xff,
    0x0, 0xbf, 0xf4, 0x0, 0x0, 0x6, 0xff, 0x20,
    0x0, 0x7, 0xff, 0xb0, 0x0, 0x0, 0x6, 0xff,
    0x20, 0x0,

    /* U+7C27 "簧" */
    0x0, 0x9f, 0xff, 0xff, 0xf0, 0x2e, 0xff, 0xff,
    0xff, 0x1a, 0xff, 0xff, 0xff, 0xf4, 0xef, 0xff,
    0xff, 0xff, 0xff, 0xfb, 0xdf, 0xf7, 0xaf, 0xff,
    0x9f, 0xfc, 0x77, 0xfe, 0x60, 0x4a, 0xa1, 0x6f,
    0xc3, 0x8, 0xa8, 0x0, 0x41, 0xaa, 0xbe, 0xeb,
    0xcc, 0xbe, 0xeb, 0xaa, 0x10, 0x2, 0xff, 0xff,
    0xff, 0xff, 0xff, 0xff, 0xff, 0x20, 0x22, 0x44,
    0x8f, 0xf7, 0x44, 0x7f, 0xf8, 0x44, 0x22, 0xff,
    0xff, 0xff, 0xff, 0xff, 0xff, 0xff, 0xff, 0xff,
    0xdd, 0xdd, 0xdd, 0xde, 0xff, 0xed, 0xdd, 0xdd,
    0xdd, 0x7, 0x99, 0x99, 0x9b, 0xff, 0xb9, 0x99,
    0x99, 0x70, 0xc, 0xff, 0xff, 0xff, 0xff, 0xff,
    0xff, 0xff, 0xc0, 0xc, 0xfe, 0x77, 0x7a, 0xff,
    0xa7, 0x77, 0xef, 0xc0, 0xc, 0xff, 0xff, 0xff,
    0xff, 0xff, 0xff, 0xff, 0xc0, 0xc, 0xfe, 0x88,
    0x8a, 0xff, 0xa8, 0x88, 0xef, 0xc0, 0xc, 0xff,
    0xff, 0xff, 0xff, 0xff, 0xff, 0xff, 0xc0, 0x0,
    0x24, 0x69, 0xcc, 0x0, 0xcc, 0x96, 0x42, 0x0,
    0xbf, 0xff, 0xff, 0xfc, 0x0, 0xcf, 0xff, 0xff,
    0xfb, 0xcf, 0xdb, 0x96, 0x30, 0x0, 0x3, 0x69,
    0xbd, 0xfc, 0x0, 0x0, 0x0, 0x0, 0x0, 0x0,
    0x0, 0x0, 0x0,

    /* U+7C92 "粒" */
    0x0, 0x0, 0x0, 0x0, 0x0, 0x0, 0x12, 0x10,
    0x0, 0x0, 0xb, 0xe4, 0xff, 0x3f, 0x50, 0x0,
    0xbf, 0xe0, 0x0, 0x0, 0xa, 0xf4, 0xff, 0x4f,
    0x40, 0x0, 0xbf, 0xe0, 0x0, 0x0, 0x8, 0xf6,
    0xff, 0x6f, 0xbf, 0xff, 0xff, 0xff, 0xff, 0xb0,
    0x7, 0xf7, 0xff, 0x7f, 0xaf, 0xff, 0xff, 0xff,
    0xff, 0xc0, 0x5, 0xf9, 0xff, 0x9f, 0x59, 0x99,
    0x99, 0x99, 0x99, 0x70, 0x6, 0x68, 0xff, 0x66,
    0x12, 0x33, 0x0, 0x2, 0x33, 0x0, 0xf, 0xff,
    0xff, 0xff, 0x59, 0xff, 0x0, 0xd, 0xfc, 0x0,
    0xf, 0xff, 0xff, 0xff, 0x57, 0xff, 0x20, 0xf,
    0xfa, 0x0, 0x3, 0x55, 0xff, 0x42, 0x4, 0xff,
    0x50, 0x1f, 0xf8, 0x0, 0x6, 0xf7, 0xff, 0x30,
    0x2, 0xff, 0x70, 0x4f, 0xf6, 0x0, 0x7, 0xf7,
    0xff, 0xe6, 0x0, 0xff, 0x90, 0x6f, 0xf3, 0x0,
    0x8, 0xf6, 0xff, 0xff, 0x10, 0xef, 0xb0, 0x8f,
    0xf1, 0x0, 0x8, 0xf5, 0xff, 0xef, 0x10, 0xcf,
    0xd0, 0xaf, 0xf0, 0x0, 0xa, 0xf4, 0xff, 0x37,
    0x0, 0xaf, 0xf0, 0xcf, 0xd0, 0x0, 0xd, 0xf3,
    0xff, 0x30, 0x0, 0x1, 0x10, 0x1, 0x0, 0x0,
    0xf, 0xd3, 0xff, 0x30, 0xdd, 0xdd, 0xdd, 0xdd,
    0xdd, 0xd3, 0x2f, 0xa3, 0xff, 0x30, 0xff, 0xff,
    0xff, 0xff, 0xff, 0xf3, 0x3, 0x13, 0xff, 0x30,
    0xcc, 0xcc, 0xcc, 0xcc, 0xcc, 0xc2,

    /* U+7CFB "系" */
    0x0, 0x0, 0x0, 0x0, 0x0, 0x0, 0x1, 0x23,
    0x30, 0x1, 0xcc, 0xcc, 0xdd, 0xdd, 0xef, 0xff,
    0xff, 0xff, 0x20, 0x2f, 0xff, 0xff, 0xff, 0xff,
    0xff, 0xff, 0xff, 0xf2, 0x1, 0xbb, 0xbb, 0xff,
    0xff, 0x98, 0x77, 0x65, 0x43, 0x0, 0x2, 0x10,
    0x7f, 0xff, 0x40, 0x57, 0x77, 0x20, 0x0, 0x0,
    0x8f, 0xdf, 0xff, 0x40, 0x7f, 0xff, 0x90, 0x0,
    0x0, 0x8, 0xff, 0xff, 0xe8, 0x8f, 0xff, 0x90,
    0x0, 0x0, 0x0, 0x5d, 0xff, 0xff, 0xff, 0xff,
    0x90, 0x4b, 0xb3, 0x0, 0x0, 0x2, 0x6b, 0xff,
    0xff, 0xa0, 0x1, 0xff, 0xa0, 0x0, 0x0, 0x0,
    0x6f, 0xff, 0xa0, 0x0, 0xc, 0xff, 0x0, 0x9f,
    0xff, 0xff, 0xff, 0xff, 0xff, 0xff, 0xff, 0xf5,
    0xa, 0xff, 0xff, 0xff, 0xff, 0xff, 0xff, 0xff,
    0xff, 0xb0, 0x47, 0x77, 0x77, 0x7a, 0xff, 0xa7,
    0x77, 0x77, 0x77, 0x0, 0x1, 0x22, 0x0, 0x4f,
    0xf4, 0x0, 0x22, 0x10, 0x0, 0x0, 0xdf, 0xe0,
    0x4, 0xff, 0x40, 0xe, 0xfd, 0x0, 0x0, 0x3f,
    0xfa, 0x0, 0x4f, 0xf4, 0x0, 0xaf, 0xf3, 0x0,
    0x9, 0xff, 0x40, 0x4, 0xff, 0x40, 0x5, 0xff,
    0x90, 0x1, 0xff, 0xe0, 0x0, 0x4f, 0xf4, 0x0,
    0xe, 0xff, 0x10, 0x8f, 0xf7, 0x0, 0x4, 0xff,
    0x40, 0x0, 0x7f, 0xf8, 0x0,

    /* U+7D20 "素" */
    0x9, 0xff, 0xff, 0xff, 0xff, 0xff, 0xff, 0xff,
    0xff, 0x90, 0x9, 0xff, 0xff, 0xff, 0xff, 0xff,
    0xff, 0xff, 0xff, 0x90, 0x0, 0x22, 0x22, 0x22,
    0x7f, 0xf7, 0x22, 0x22, 0x22, 0x0, 0x0, 0xdf,
    0xff, 0xff, 0xff, 0xff, 0xff, 0xff, 0xfd, 0x0,
    0x0, 0xdf, 0xff, 0xff, 0xff, 0xff, 0xff, 0xff,
    0xfd, 0x0, 0x1, 0x22, 0x22, 0x22, 0x7f, 0xf7,
    0x22, 0x22, 0x22, 0x10, 0xf, 0xff, 0xff, 0xff,
    0xff, 0xff, 0xff, 0xff, 0xff, 0xf0, 0xf, 0xff,
    0xff, 0xff, 0xff, 0xff, 0xff, 0xff, 0xff, 0xf0,
    0x0, 0x59, 0x66, 0xdf, 0xf9, 0x15, 0xde, 0xe9,
    0x0, 0x0, 0x0, 0x7f, 0xff, 0xff, 0xd8, 0xaf,
    0xff, 0x71, 0x10, 0x0, 0x0, 0x3a, 0xdf, 0xff,
    0xff, 0xff, 0xc2, 0x3f, 0xf7, 0x0, 0x1, 0x44,
    0x44, 0x7f, 0xff, 0xfb, 0x44, 0x4d, 0xfe, 0x0,
    0x7, 0xff, 0xff, 0xff, 0xff, 0xff, 0xff, 0xff,
    0xff, 0x50, 0x6, 0xff, 0xff, 0xff, 0xff, 0xff,
    0xff, 0xff, 0xff, 0xd0, 0x0, 0x8, 0xa9, 0x0,
    0x4f, 0xf4, 0x0, 0x9a, 0x80, 0x0, 0x0, 0x4f,
    0xf8, 0x0, 0x4f, 0xf4, 0x0, 0x8f, 0xf4, 0x0,
    0x0, 0xdf, 0xe1, 0x0, 0x4f, 0xf4, 0x0, 0x1e,
    0xfd, 0x0, 0xa, 0xff, 0x50, 0x0, 0x4f, 0xf4,
    0x0, 0x5, 0xff, 0xa0,

    /* U+7D22 "索" */
    0x0, 0xff, 0xff, 0xff, 0xff, 0xff, 0xff, 0xff,
    0xff, 0x0, 0x0, 0xff, 0xff, 0xff, 0xff, 0xff,
    0xff, 0xff, 0xff, 0x0, 0x0, 0x44, 0x44, 0x44,
    0x5f, 0xfa, 0x44, 0x44, 0x44, 0x0, 0x5, 0x55,
    0x55, 0x55, 0x5f, 0xfb, 0x55, 0x55, 0x55, 0x50,
    0x1f, 0xff, 0xff, 0xff, 0xff, 0xff, 0xff, 0xff,
    0xff, 0xf1, 0x1f, 0xff, 0xff, 0xff, 0xff, 0xff,
    0xff, 0xff, 0xff, 0xf1, 0x1f, 0xf8, 0x0, 0x3,
    0x77, 0x72, 0x0, 0x0, 0x8f, 0xf1, 0x6, 0x87,
    0x10, 0x8f, 0xfe, 0x50, 0x12, 0x22, 0x36, 0x60,
    0x0, 0x7f, 0xff, 0xff, 0xf4, 0x7, 0xff, 0xf8,
    0x0, 0x0, 0x0, 0x6f, 0xff, 0xff, 0xff, 0xff,
    0xfe, 0x64, 0x40, 0x0, 0x0, 0x2, 0x47, 0xad,
    0xff, 0xff, 0xc1, 0x1f, 0xf8, 0x0, 0x2, 0x77,
    0x77, 0x7c, 0xff, 0xfe, 0x77, 0x7d, 0xfe, 0x0,
    0x6, 0xff, 0xff, 0xff, 0xff, 0xff, 0xff, 0xff,
    0xff, 0x60, 0x6, 0xff, 0xff, 0xff, 0xff, 0xff,
    0xff, 0xff, 0xff, 0xc0, 0x0, 0xb, 0xcc, 0x0,
    0x1f, 0xf8, 0x0, 0xac, 0xb0, 0x0, 0x0, 0x5f,
    0xf9, 0x0, 0x1f, 0xf8, 0x0, 0x6f, 0xf5, 0x0,
    0x1, 0xef, 0xe1, 0x0, 0x1f, 0xf8, 0x0, 0xd,
    0xfe, 0x10, 0xa, 0xff, 0x50, 0x0, 0x1f, 0xf8,
    0x0, 0x4, 0xff, 0xa0,

    /* U+7D2B "紫" */
    0x0, 0x0, 0x7, 0xff, 0x10, 0x8, 0xff, 0x10,
    0x2, 0x60, 0x1, 0xff, 0x77, 0xff, 0xee, 0xa8,
    0xff, 0x59, 0xdf, 0xe0, 0x1, 0xff, 0x77, 0xff,
    0xff, 0xb8, 0xff, 0xff, 0xff, 0xc0, 0x1, 0xff,
    0x77, 0xff, 0x87, 0x58, 0xff, 0xfd, 0x94, 0x0,
    0x1, 0xff, 0x77, 0xff, 0x44, 0x38, 0xff, 0x20,
    0x0, 0x0, 0x1b, 0xff, 0xff, 0xff, 0xff, 0xb8,
    0xff, 0xff, 0xff, 0xf4, 0x2f, 0xff, 0xff, 0xff,
    0xff, 0xb8, 0xff, 0xff, 0xff, 0xf4, 0x1d, 0xcb,
    0x98, 0x8b, 0xa9, 0x53, 0x77, 0x77, 0x77, 0x71,
    0x0, 0x49, 0x65, 0xdf, 0xf9, 0x4, 0xde, 0xea,
    0x10, 0x0, 0x0, 0x6f, 0xff, 0xff, 0xe8, 0xaf,
    0xff, 0x81, 0x10, 0x0, 0x0, 0x3a, 0xdf, 0xff,
    0xff, 0xff, 0xd3, 0x2f, 0xf8, 0x0, 0x1, 0x44,
    0x44, 0x6e, 0xff, 0xfc, 0x44, 0x4d, 0xff, 0x0,
    0x5, 0xff, 0xff, 0xff, 0xff, 0xff, 0xff, 0xff,
    0xff, 0x70, 0x5, 0xff, 0xff, 0xff, 0xff, 0xff,
    0xff, 0xff, 0xff, 0xe0, 0x0, 0x8, 0xa9, 0x0,
    0x3f, 0xf6, 0x0, 0x8a, 0x90, 0x0, 0x0, 0x3f,
    0xf9, 0x0, 0x3f, 0xf6, 0x0, 0x7f, 0xf6, 0x0,
    0x0, 0xdf, 0xf1, 0x0, 0x3f, 0xf6, 0x0, 0xd,
    0xfe, 0x10, 0x9, 0xff, 0x60, 0x0, 0x3f, 0xf6,
    0x0, 0x3, 0xff, 0xb0,

    /* U+7EA4 "纤" */
    0x0, 0x0, 0x0, 0x0, 0x0, 0x0, 0x0, 0x0,
    0x11, 0x10, 0x0, 0x4, 0xff, 0x50, 0x1f, 0xff,
    0xff, 0xff, 0xff, 0xa0, 0x0, 0xc, 0xfd, 0x0,
    0x1f, 0xff, 0xff, 0xff, 0xff, 0xa0, 0x0, 0x3f,
    0xf6, 0x0, 0x8, 0x88, 0xcf, 0xf6, 0x42, 0x0,
    0x0, 0xbf, 0xe3, 0xaa, 0x10, 0x0, 0x8f, 0xf1,
    0x0, 0x0, 0x3, 0xff, 0x6a, 0xfc, 0x0, 0x0,
    0x8f, 0xf1, 0x0, 0x0, 0xa, 0xff, 0x5f, 0xf5,
    0x0, 0x0, 0x8f, 0xf1, 0x0, 0x0, 0x2f, 0xff,
    0xff, 0xe0, 0x0, 0x0, 0x8f, 0xf1, 0x0, 0x0,
    0x6, 0xef, 0xff, 0x70, 0x7f, 0xff, 0xff, 0xff,
    0xff, 0xf0, 0x0, 0xe, 0xff, 0x10, 0x7f, 0xff,
    0xff, 0xff, 0xff, 0xf0, 0x0, 0x4f, 0xf9, 0x0,
    0x49, 0x99, 0xcf, 0xfa, 0x99, 0x90, 0x0, 0xcf,
    0xfa, 0x86, 0x0, 0x0, 0x8f, 0xf1, 0x0, 0x0,
    0x3, 0xff, 0xff, 0xfc, 0x0, 0x0, 0x8f, 0xf1,
    0x0, 0x0, 0xa, 0xff, 0xff, 0xfc, 0x0, 0x0,
    0x8f, 0xf1, 0x0, 0x0, 0x0, 0x11, 0x11, 0x10,
    0x0, 0x0, 0x8f, 0xf1, 0x0, 0x0, 0x0, 0x1,
    0x24, 0x66, 0x0, 0x0, 0x8f, 0xf1, 0x0, 0x0,
    0xe, 0xff, 0xff, 0xfe, 0x0, 0x0, 0x8f, 0xf1,
    0x0, 0x0, 0xf, 0xff, 0xff, 0xfe, 0x0, 0x0,
    0x8f, 0xf1, 0x0, 0x0, 0xd, 0xba, 0x86, 0x53,
    0x0, 0x0, 0x8f, 0xf1, 0x0, 0x0,

    /* U+7EA6 "约" */
    0x0, 0x0, 0xcc, 0x80, 0x2, 0xff, 0x60, 0x0,
    0x0, 0x0, 0x0, 0x7f, 0xf3, 0x0, 0x4f, 0xf5,
    0x0, 0x0, 0x0, 0x0, 0xe, 0xfb, 0x0, 0x6,
    0xff, 0xff, 0xff, 0xff, 0xa0, 0x7, 0xff, 0x46,
    0x63, 0xaf, 0xff, 0xff, 0xff, 0xfa, 0x0, 0xef,
    0xb7, 0xff, 0x3e, 0xfd, 0x66, 0x66, 0xff, 0xa0,
    0x7f, 0xf5, 0xef, 0xb4, 0xff, 0x60, 0x0, 0xe,
    0xfa, 0xe, 0xff, 0xff, 0xf3, 0xbf, 0xf1, 0x0,
    0x0, 0xef, 0xa0, 0x8f, 0xff, 0xfb, 0x0, 0x1,
    0x10, 0x0, 0xe, 0xfa, 0x0, 0x1e, 0xff, 0x30,
    0x5, 0xff, 0x40, 0x0, 0xef, 0xa0, 0x4, 0xff,
    0xc0, 0x0, 0x1f, 0xf8, 0x0, 0xe, 0xfa, 0x0,
    0xcf, 0xfb, 0x86, 0x0, 0xdf, 0xc0, 0x0, 0xef,
    0xa0, 0x3f, 0xff, 0xff, 0xd0, 0x9, 0xff, 0x10,
    0xe, 0xfa, 0xb, 0xff, 0xff, 0xfd, 0x0, 0x3a,
    0xa2, 0x0, 0xef, 0xa0, 0x1, 0x11, 0x11, 0x0,
    0x0, 0x0, 0x0, 0xe, 0xfa, 0x0, 0x0, 0x12,
    0x45, 0x0, 0x0, 0x0, 0x0, 0xef, 0xa0, 0xcd,
    0xff, 0xff, 0xf0, 0x0, 0x0, 0x9, 0x9f, 0xfa,
    0xf, 0xff, 0xff, 0xff, 0x0, 0x0, 0x1, 0xff,
    0xff, 0xa0, 0xdb, 0xa8, 0x75, 0x30, 0x0, 0x0,
    0x1f, 0xff, 0xfa,

    /* U+7EA7 "级" */
    0x0, 0x0, 0x33, 0x10, 0x0, 0x0, 0x0, 0x0,
    0x0, 0x0, 0x0, 0x7, 0xff, 0x32, 0xff, 0xff,
    0xff, 0xff, 0xf3, 0x0, 0x0, 0xe, 0xfc, 0x2,
    0xff, 0xff, 0xff, 0xff, 0xf0, 0x0, 0x0, 0x5f,
    0xf5, 0x0, 0x6b, 0xff, 0x66, 0xdf, 0xd0, 0x0,
    0x0, 0xcf, 0xe0, 0x22, 0x19, 0xff, 0x0, 0xef,
    0x90, 0x0, 0x2, 0xff, 0x85, 0xff, 0x39, 0xff,
    0x1, 0xff, 0x71, 0x10, 0x9, 0xff, 0x4c, 0xfd,
    0x9, 0xff, 0x5, 0xff, 0xff, 0xc0, 0xf, 0xff,
    0xff, 0xf6, 0x9, 0xff, 0x8, 0xff, 0xff, 0x90,
    0x5, 0xdf, 0xff, 0xf0, 0x9, 0xfe, 0x1, 0x22,
    0xff, 0x70, 0x0, 0xc, 0xff, 0x90, 0xa, 0xfe,
    0x0, 0x2, 0xff, 0x40, 0x0, 0x1f, 0xff, 0x20,
    0xb, 0xff, 0xc1, 0x5, 0xff, 0x10, 0x0, 0x7f,
    0xfd, 0x33, 0xc, 0xff, 0xfe, 0x4a, 0xfd, 0x0,
    0x0, 0xdf, 0xff, 0xfd, 0xe, 0xff, 0xff, 0xff,
    0xf8, 0x0, 0x4, 0xff, 0xff, 0xfd, 0x2f, 0xf7,
    0x8f, 0xff, 0xf4, 0x0, 0x1, 0x33, 0x33, 0x33,
    0x5f, 0xf4, 0x5, 0xff, 0xf4, 0x0, 0x0, 0x0,
    0x24, 0x65, 0x9f, 0xf0, 0x5, 0xff, 0xff, 0x70,
    0xc, 0xef, 0xff, 0xfb, 0xff, 0xc0, 0xd, 0xfe,
    0xef, 0xf3, 0xf, 0xff, 0xff, 0xff, 0xff, 0x60,
    0x5f, 0xf8, 0x2c, 0xf3, 0xc, 0xa8, 0x64, 0x2c,
    0xff, 0x10, 0xdf, 0xf1, 0x0, 0xa3, 0x0, 0x0,
    0x0, 0x0, 0x0, 0x0, 0x0, 0x0, 0x0, 0x0,

    /* U+7EB9 "纹" */
    0x0, 0x0, 0x0, 0x0, 0x0, 0x0, 0x23, 0x20,
    0x0, 0x0, 0x0, 0x8, 0xff, 0x0, 0x0, 0x0,
    0xef, 0xa0, 0x0, 0x0, 0x0, 0xe, 0xf9, 0x0,
    0x0, 0x0, 0xef, 0xa0, 0x0, 0x0, 0x0, 0x5f,
    0xf2, 0x1, 0xff, 0xff, 0xff, 0xff, 0xff, 0xf0,
    0x0, 0xcf, 0xb2, 0x66, 0xff, 0xff, 0xff, 0xff,
    0xff, 0xf1, 0x3, 0xff, 0x5b, 0xfc, 0x99, 0x99,
    0x99, 0x9e, 0xff, 0x90, 0x9, 0xff, 0x3f, 0xf4,
    0x37, 0x73, 0x0, 0xe, 0xfa, 0x0, 0x1f, 0xff,
    0xff, 0xd0, 0x1e, 0xfd, 0x0, 0x4f, 0xf5, 0x0,
    0x7, 0xff, 0xff, 0x60, 0x6, 0xff, 0x90, 0xaf,
    0xf0, 0x0, 0x0, 0x1f, 0xfe, 0x0, 0x0, 0xbf,
    0xf6, 0xff, 0x90, 0x0, 0x0, 0x5f, 0xf8, 0x0,
    0x0, 0x2f, 0xff, 0xff, 0x10, 0x0, 0x0, 0xdf,
    0xf9, 0x82, 0x0, 0x7, 0xff, 0xf9, 0x0, 0x0,
    0x4, 0xff, 0xff, 0xf4, 0x0, 0x0, 0xff, 0xf4,
    0x0, 0x0, 0xb, 0xff, 0xff, 0xf4, 0x0, 0x8,
    0xff, 0xfd, 0x0, 0x0, 0x0, 0x11, 0x11, 0x10,
    0x0, 0x3f, 0xff, 0xff, 0x70, 0x0, 0x0, 0x1,
    0x34, 0x63, 0x1, 0xef, 0xf3, 0xdf, 0xf2, 0x0,
    0xe, 0xff, 0xff, 0xf6, 0xb, 0xff, 0x80, 0x4f,
    0xfb, 0x0, 0xf, 0xff, 0xff, 0xf6, 0x8f, 0xfc,
    0x0, 0xa, 0xff, 0x50, 0xd, 0xb9, 0x86, 0x46,
    0xff, 0xe2, 0x0, 0x1, 0xef, 0xe1,

    /* U+7EBF "线" */
    0x0, 0x1, 0xcc, 0x40, 0x0, 0x1, 0xff, 0x90,
    0x8e, 0x50, 0x0, 0x8, 0xfe, 0x0, 0x0, 0x1,
    0xff, 0x90, 0x6f, 0x90, 0x0, 0xf, 0xf7, 0x0,
    0x0, 0x2, 0xff, 0xa4, 0x6a, 0xa1, 0x0, 0x7f,
    0xf2, 0xaa, 0x3f, 0xff, 0xff, 0xff, 0xff, 0xf3,
    0x0, 0xef, 0x87, 0xfe, 0xf, 0xff, 0xff, 0xff,
    0xff, 0xf3, 0x6, 0xff, 0x2e, 0xf7, 0x9, 0x98,
    0xff, 0xb3, 0x21, 0x0, 0xd, 0xff, 0xef, 0xf1,
    0x0, 0x1, 0xff, 0x90, 0x2, 0x30, 0x8, 0xff,
    0xff, 0x90, 0x6, 0x8a, 0xff, 0xff, 0xff, 0xf3,
    0x0, 0x1e, 0xff, 0x10, 0xf, 0xff, 0xff, 0xff,
    0xff, 0xf3, 0x0, 0x3f, 0xfa, 0x0, 0xf, 0xfe,
    0xff, 0xf8, 0x75, 0x41, 0x0, 0xaf, 0xfa, 0x86,
    0x0, 0x0, 0xaf, 0xf2, 0x2, 0xc3, 0x2, 0xff,
    0xff, 0xfb, 0x0, 0x0, 0x7f, 0xf8, 0x9f, 0xf3,
    0x9, 0xff, 0xff, 0xfb, 0x0, 0x0, 0x2f, 0xff,
    0xff, 0xd1, 0x0, 0x11, 0x11, 0x10, 0x0, 0x3,
    0xaf, 0xff, 0xf9, 0x0, 0x0, 0x1, 0x24, 0x66,
    0x6, 0xcf, 0xff, 0xff, 0xb0, 0x0, 0xe, 0xff,
    0xff, 0xfd, 0x7f, 0xff, 0xfb, 0xdf, 0xf4, 0x0,
    0xf, 0xff, 0xff, 0xfd, 0x7f, 0xe9, 0x20, 0x3f,
    0xfe, 0x10, 0xd, 0xba, 0x86, 0x53, 0x34, 0x0,
    0x0, 0x7, 0xff, 0xc0,

    /* U+7EC6 "细" */
    0x0, 0xb, 0xfb, 0x2, 0xff, 0xff, 0xff, 0xff,
    0xff, 0xe0, 0x1, 0xff, 0x50, 0x2f, 0xff, 0xff,
    0xff, 0xff, 0xfe, 0x0, 0x8f, 0xe0, 0x2, 0xff,
    0xa9, 0xff, 0xb9, 0xcf, 0xe0, 0xe, 0xf8, 0x7a,
    0x8f, 0xf2, 0xe, 0xf4, 0x7, 0xfe, 0x4, 0xff,
    0x3f, 0xf6, 0xff, 0x20, 0xef, 0x40, 0x7f, 0xe0,
    0xaf, 0xe8, 0xfd, 0x2f, 0xf2, 0xe, 0xf4, 0x7,
    0xfe, 0x1f, 0xff, 0xff, 0x72, 0xff, 0x20, 0xef,
    0x40, 0x7f, 0xe0, 0x5e, 0xff, 0xf2, 0x2f, 0xf7,
    0x6f, 0xf8, 0x6a, 0xfe, 0x0, 0x1f, 0xfc, 0x2,
    0xff, 0xff, 0xff, 0xff, 0xff, 0xe0, 0x6, 0xff,
    0x60, 0x2f, 0xff, 0xff, 0xff, 0xff, 0xfe, 0x0,
    0xcf, 0xf9, 0x72, 0xff, 0x41, 0xef, 0x51, 0x8f,
    0xe0, 0x2f, 0xff, 0xfe, 0x2f, 0xf2, 0xe, 0xf4,
    0x7, 0xfe, 0x8, 0xff, 0xff, 0xe2, 0xff, 0x20,
    0xef, 0x40, 0x7f, 0xe0, 0x1, 0x11, 0x10, 0x2f,
    0xf2, 0xe, 0xf4, 0x7, 0xfe, 0x0, 0x0, 0x0,
    0x22, 0xff, 0x20, 0xef, 0x40, 0x7f, 0xe0, 0x79,
    0xce, 0xff, 0x2f, 0xfa, 0x9f, 0xfb, 0x9c, 0xfe,
    0xf, 0xff, 0xff, 0xf2, 0xff, 0xff, 0xff, 0xff,
    0xff, 0xe0, 0xff, 0xec, 0xa8, 0x2f, 0xff, 0xff,
    0xff, 0xff, 0xfe, 0x1, 0x0, 0x0, 0x0, 0x0,
    0x0, 0x0, 0x0, 0x0, 0x0,

    /* U+7ECF "经" */
    0x0, 0x1, 0x33, 0x10, 0x0, 0x0, 0x0, 0x0,
    0x0, 0x0, 0x0, 0x8, 0xff, 0x12, 0xff, 0xff,
    0xff, 0xff, 0xfd, 0x0, 0x0, 0xe, 0xfa, 0x2,
    0xff, 0xff, 0xff, 0xff, 0xf7, 0x0, 0x0, 0x6f,
    0xf3, 0x1, 0x77, 0x77, 0x7b, 0xff, 0xe1, 0x0,
    0x0, 0xdf, 0xc0, 0x10, 0x0, 0x0, 0x5f, 0xff,
    0x40, 0x0, 0x3, 0xff, 0x6e, 0xf7, 0x0, 0x3b,
    0xff, 0xfe, 0x40, 0x0, 0xa, 0xff, 0x9f, 0xf5,
    0x9d, 0xff, 0xff, 0xff, 0xfe, 0x80, 0x1f, 0xff,
    0xff, 0x99, 0xff, 0xff, 0xc4, 0x8e, 0xff, 0xf1,
    0x6, 0xef, 0xff, 0x29, 0xfd, 0x83, 0x0, 0x0,
    0x4a, 0xf1, 0x0, 0x1f, 0xfb, 0x1, 0x0, 0x0,
    0x0, 0x0, 0x0, 0x10, 0x0, 0x7f, 0xf5, 0x1,
    0xff, 0xff, 0xff, 0xff, 0xff, 0xa0, 0x0, 0xef,
    0xf8, 0x81, 0xff, 0xff, 0xff, 0xff, 0xff, 0xa0,
    0x5, 0xff, 0xff, 0xf1, 0x66, 0x67, 0xff, 0xb6,
    0x66, 0x40, 0xb, 0xff, 0xff, 0xf1, 0x0, 0x1,
    0xff, 0x80, 0x0, 0x0, 0x0, 0x11, 0x11, 0x10,
    0x0, 0x1, 0xff, 0x80, 0x0, 0x0, 0x0, 0x0,
    0x2, 0x30, 0x0, 0x1, 0xff, 0x80, 0x0, 0x0,
    0x9, 0xbd, 0xff, 0xe5, 0x77, 0x78, 0xff, 0xb7,
    0x77, 0x72, 0xf, 0xff, 0xff, 0xeb, 0xff, 0xff,
    0xff, 0xff, 0xff, 0xf4, 0xf, 0xec, 0xa8, 0x6b,
    0xff, 0xff, 0xff, 0xff, 0xff, 0xf4, 0x0, 0x0,
    0x0, 0x0, 0x0, 0x0, 0x0, 0x0, 0x0, 0x0,

    /* U+7ED3 "结" */
    0x0, 0x0, 0x0, 0x0, 0x0, 0x0, 0x1, 0x10,
    0x0, 0x0, 0x0, 0x4, 0xff, 0x50, 0x0, 0x0,
    0x9f, 0xf0, 0x0, 0x0, 0x0, 0xb, 0xfd, 0x0,
    0x68, 0x88, 0xcf, 0xf8, 0x88, 0x81, 0x0, 0x3f,
    0xf6, 0x0, 0xbf, 0xff, 0xff, 0xff, 0xff, 0xf2,
    0x0, 0xaf, 0xe1, 0x22, 0xbf, 0xff, 0xff, 0xff,
    0xff, 0xf2, 0x2, 0xff, 0x7a, 0xfd, 0x0, 0x0,
    0x9f, 0xf0, 0x0, 0x0, 0x9, 0xff, 0x3f, 0xf6,
    0x0, 0x0, 0x9f, 0xf0, 0x0, 0x0, 0x1f, 0xff,
    0xff, 0xe0, 0x8f, 0xff, 0xff, 0xff, 0xff, 0xf0,
    0x1a, 0xff, 0xff, 0x80, 0x8f, 0xff, 0xff, 0xff,
    0xff, 0xf0, 0x0, 0x3f, 0xff, 0x10, 0x37, 0x77,
    0x77, 0x77, 0x77, 0x70, 0x0, 0x3f, 0xf9, 0x0,
    0x4, 0x44, 0x44, 0x44, 0x44, 0x20, 0x0, 0xbf,
    0xfa, 0x84, 0x1f, 0xff, 0xff, 0xff, 0xff, 0x80,
    0x2, 0xff, 0xff, 0xf8, 0x1f, 0xff, 0xff, 0xff,
    0xff, 0x80, 0xa, 0xff, 0xff, 0xf8, 0x1f, 0xf9,
    0x33, 0x34, 0xff, 0x80, 0x0, 0x11, 0x11, 0x10,
    0x1f, 0xf8, 0x0, 0x1, 0xff, 0x80, 0x0, 0x0,
    0x0, 0x22, 0x1f, 0xf8, 0x0, 0x1, 0xff, 0x80,
    0x8, 0xac, 0xef, 0xf8, 0x1f, 0xfc, 0x88, 0x89,
    0xff, 0x80, 0xf, 0xff, 0xff, 0xf8, 0x1f, 0xff,
    0xff, 0xff, 0xff, 0x80, 0xf, 0xed, 0xba, 0x83,
    0x1f, 0xff, 0xff, 0xff, 0xff, 0x80, 0x0, 0x0,
    0x0, 0x0, 0x0, 0x0, 0x0, 0x0, 0x0, 0x0,

    /* U+7ED5 "绕" */
    0x0, 0x5, 0xff, 0x20, 0x0, 0x9, 0xff, 0x40,
    0x0, 0x0, 0x0, 0xc, 0xfa, 0x0, 0x4f, 0xff,
    0xff, 0xff, 0xff, 0xc0, 0x0, 0x3f, 0xf3, 0x0,
    0x4f, 0xff, 0xff, 0xff, 0xff, 0xc0, 0x0, 0xaf,
    0xc4, 0xaa, 0x36, 0x66, 0xef, 0xf6, 0x66, 0x60,
    0x2, 0xff, 0x5c, 0xfd, 0x0, 0x0, 0x9f, 0xf8,
    0x9d, 0xc0, 0x8, 0xff, 0x5f, 0xf5, 0x0, 0x37,
    0xcf, 0xff, 0xff, 0xc0, 0xf, 0xff, 0xff, 0xd0,
    0x6f, 0xff, 0xff, 0xff, 0xd8, 0x30, 0x7, 0xff,
    0xff, 0x60, 0x8f, 0xff, 0xc9, 0xff, 0xd0, 0x0,
    0x0, 0x1f, 0xfe, 0x0, 0x58, 0x40, 0x0, 0xaf,
    0xf9, 0x0, 0x0, 0x5f, 0xf8, 0x0, 0x36, 0x66,
    0x66, 0x78, 0x88, 0x61, 0x0, 0xcf, 0xf9, 0x82,
    0x9f, 0xff, 0xff, 0xff, 0xff, 0xf3, 0x4, 0xff,
    0xff, 0xf4, 0x7d, 0xff, 0xed, 0xff, 0xfd, 0xd3,
    0xb, 0xff, 0xff, 0xf4, 0x0, 0xff, 0x70, 0x9f,
    0xe0, 0x0, 0x0, 0x11, 0x11, 0x10, 0x3, 0xff,
    0x40, 0x9f, 0xe0, 0x0, 0x0, 0x0, 0x13, 0x52,
    0x8, 0xff, 0x10, 0x9f, 0xe0, 0x0, 0xc, 0xef,
    0xff, 0xf6, 0xd, 0xfd, 0x0, 0x9f, 0xf7, 0x72,
    0xf, 0xff, 0xff, 0xf6, 0x5f, 0xf7, 0x0, 0x9f,
    0xff, 0xf4, 0xd, 0xb9, 0x86, 0x51, 0xdf, 0xf2,
    0x0, 0x9f, 0xff, 0xf4,

    /* U+7ED8 "绘" */
    0x0, 0xb, 0xfb, 0x0, 0x0, 0x2f, 0xff, 0xf8,
    0x0, 0x0, 0x0, 0x1f, 0xf5, 0x0, 0x0, 0xaf,
    0xff, 0xff, 0x10, 0x0, 0x0, 0x7f, 0xf0, 0x0,
    0x4, 0xff, 0xb9, 0xff, 0xb0, 0x0, 0x0, 0xdf,
    0x94, 0xa6, 0x2e, 0xfe, 0x10, 0x8f, 0xf8, 0x0,
    0x3, 0xff, 0x3b, 0xf8, 0xef, 0xf5, 0x0, 0xd,
    0xff, 0x70, 0x9, 0xfe, 0x1f, 0xfa, 0xff, 0xd8,
    0x88, 0x8a, 0xff, 0xf1, 0xe, 0xff, 0xef, 0x9a,
    0xf7, 0xaf, 0xff, 0xff, 0x3e, 0xf1, 0xa, 0xff,
    0xff, 0x38, 0x40, 0x9f, 0xff, 0xff, 0x11, 0xb1,
    0x0, 0x3f, 0xfd, 0x0, 0x0, 0x0, 0x0, 0x0,
    0x0, 0x0, 0x0, 0x3f, 0xf7, 0x2, 0x88, 0x88,
    0x88, 0x88, 0x88, 0x60, 0x0, 0xaf, 0xf9, 0x75,
    0xff, 0xff, 0xff, 0xff, 0xff, 0xc0, 0x1, 0xff,
    0xff, 0xe5, 0xff, 0xff, 0xff, 0xff, 0xff, 0xc0,
    0x7, 0xff, 0xff, 0xe0, 0x22, 0xdf, 0xf5, 0x22,
    0x22, 0x10, 0x0, 0x11, 0x11, 0x0, 0x3, 0xff,
    0xc0, 0x39, 0x95, 0x0, 0x0, 0x0, 0x2, 0x40,
    0xb, 0xff, 0x50, 0x1f, 0xfd, 0x0, 0x9, 0xbd,
    0xff, 0xf0, 0x2f, 0xff, 0x99, 0x9e, 0xff, 0x20,
    0xf, 0xff, 0xff, 0xf0, 0xaf, 0xff, 0xff, 0xff,
    0xff, 0x80, 0xf, 0xdc, 0xa8, 0x62, 0xff, 0xff,
    0xff, 0xff, 0xff, 0xd0, 0x0, 0x0, 0x0, 0x0,
    0x0, 0x0, 0x0, 0x0, 0x0, 0x0,

    /* U+7EDC "络" */
    0x0, 0xb, 0xfb, 0x0, 0x0, 0xbd, 0xdd, 0xdd,
    0xdd, 0x30, 0x0, 0x2f, 0xf5, 0x0, 0x8, 0xff,
    0xff, 0xff, 0xff, 0x10, 0x0, 0x8f, 0xe0, 0x0,
    0x9f, 0xff, 0xc9, 0x9f, 0xfc, 0x0, 0x0, 0xef,
    0x87, 0xa5, 0xdf, 0xff, 0xd0, 0x7f, 0xf5, 0x0,
    0x4, 0xff, 0x3f, 0xf4, 0x95, 0x4f, 0xfd, 0xff,
    0xc0, 0x0, 0xa, 0xfe, 0x8f, 0xe0, 0x0, 0x9,
    0xff, 0xfe, 0x10, 0x0, 0x1f, 0xff, 0xff, 0x80,
    0x2, 0x8f, 0xff, 0xff, 0xb4, 0x0, 0x5, 0xef,
    0xff, 0x20, 0xdf, 0xff, 0xfc, 0xff, 0xff, 0xe4,
    0x0, 0x1f, 0xfc, 0x0, 0xff, 0xfc, 0x40, 0x19,
    0xff, 0xf6, 0x0, 0x6f, 0xf6, 0x0, 0xd9, 0x41,
    0x11, 0x11, 0x27, 0xc6, 0x0, 0xcf, 0xf9, 0x84,
    0x1f, 0xff, 0xff, 0xff, 0xff, 0x80, 0x2, 0xff,
    0xff, 0xf8, 0x1f, 0xff, 0xff, 0xff, 0xff, 0x80,
    0x8, 0xff, 0xff, 0xf8, 0x1f, 0xfb, 0x77, 0x77,
    0xff, 0x80, 0x0, 0x11, 0x11, 0x10, 0x1f, 0xf8,
    0x0, 0x1, 0xff, 0x80, 0x0, 0x0, 0x1, 0x32,
    0x1f, 0xf8, 0x0, 0x1, 0xff, 0x80, 0xa, 0xcd,
    0xff, 0xf9, 0x1f, 0xfc, 0x88, 0x89, 0xff, 0x80,
    0xf, 0xff, 0xff, 0xf9, 0x1f, 0xff, 0xff, 0xff,
    0xff, 0x80, 0xf, 0xdc, 0xa9, 0x73, 0x1f, 0xff,
    0xff, 0xff, 0xff, 0x80, 0x0, 0x0, 0x0, 0x0,
    0x0, 0x0, 0x0, 0x0, 0x0, 0x0,

    /* U+7EDF "统" */
    0x0, 0x0, 0x0, 0x0, 0x0, 0x0, 0x33, 0x10,
    0x0, 0x0, 0x0, 0x8, 0xff, 0x10, 0x0, 0x1,
    0xff, 0x90, 0x0, 0x0, 0x0, 0xe, 0xfb, 0x7,
    0xff, 0xff, 0xff, 0xff, 0xff, 0xf0, 0x0, 0x5f,
    0xf4, 0x7, 0xff, 0xff, 0xff, 0xff, 0xff, 0xf0,
    0x0, 0xcf, 0xd0, 0x3, 0x77, 0xcf, 0xf9, 0x77,
    0x77, 0x70, 0x2, 0xff, 0x75, 0x73, 0x0, 0xef,
    0xe0, 0x36, 0x60, 0x0, 0x9, 0xff, 0x3f, 0xf4,
    0x6, 0xff, 0x60, 0x3f, 0xf6, 0x0, 0xf, 0xff,
    0xef, 0xd0, 0x1e, 0xfe, 0x10, 0xd, 0xfc, 0x0,
    0x1b, 0xff, 0xff, 0x63, 0xff, 0xff, 0xff, 0xff,
    0xff, 0x20, 0x0, 0x4f, 0xfe, 0x3, 0xff, 0xff,
    0xff, 0xff, 0xff, 0x80, 0x0, 0x6f, 0xf8, 0x1,
    0x77, 0x77, 0x77, 0x77, 0x77, 0x60, 0x0, 0xdf,
    0xf5, 0x31, 0x8, 0xdc, 0x0, 0x6d, 0xd0, 0x0,
    0x4, 0xff, 0xff, 0xf8, 0xa, 0xfe, 0x0, 0x8f,
    0xf0, 0x0, 0xb, 0xff, 0xff, 0xf8, 0xb, 0xfe,
    0x0, 0x8f, 0xf0, 0x0, 0x4, 0x44, 0x44, 0x42,
    0xc, 0xfc, 0x0, 0x8f, 0xf0, 0x0, 0x0, 0x0,
    0x24, 0x64, 0xf, 0xf9, 0x0, 0x8f, 0xf0, 0x0,
    0xc, 0xef, 0xff, 0xf8, 0x6f, 0xf5, 0x0, 0x8f,
    0xf9, 0x93, 0xf, 0xff, 0xff, 0xf8, 0xdf, 0xf0,
    0x0, 0x8f, 0xff, 0xf6, 0xc, 0xa8, 0x64, 0x28,
    0xff, 0x80, 0x0, 0x8f, 0xff, 0xf6,

    /* U+7EE7 "继" */
    0x0, 0x6, 0xff, 0x37, 0xff, 0x6f, 0x66, 0xfd,
    0xe, 0xe0, 0x0, 0xd, 0xfc, 0x7, 0xff, 0x3f,
    0x96, 0xfd, 0x2f, 0xb0, 0x0, 0x4f, 0xf5, 0x7,
    0xff, 0xf, 0xd6, 0xfd, 0x5f, 0x70, 0x0, 0xaf,
    0xd0, 0x7, 0xff, 0xc, 0xf6, 0xfd, 0x8f, 0x40,
    0x1, 0xff, 0x76, 0xde, 0xff, 0x37, 0x7a, 0xfe,
    0x77, 0x70, 0x8, 0xff, 0x3d, 0xfe, 0xff, 0x8f,
    0xff, 0xff, 0xff, 0xf0, 0xe, 0xff, 0xff, 0xf8,
    0xff, 0x8f, 0xff, 0xff, 0xff, 0xf0, 0x7, 0xff,
    0xff, 0xa7, 0xff, 0x15, 0x68, 0xfe, 0x56, 0x30,
    0x0, 0x1d, 0xff, 0x47, 0xff, 0xc, 0xf7, 0xfd,
    0x9f, 0x40, 0x0, 0x1f, 0xfd, 0x7, 0xff, 0xd,
    0xf6, 0xfd, 0x8f, 0x50, 0x0, 0x7f, 0xf9, 0x37,
    0xff, 0xe, 0xe6, 0xfd, 0x6f, 0x70, 0x0, 0xdf,
    0xff, 0xfa, 0xff, 0x1f, 0xc6, 0xfd, 0x4f, 0x90,
    0x4, 0xff, 0xff, 0xfa, 0xff, 0x5f, 0x96, 0xfd,
    0x1f, 0xd0, 0x2, 0x44, 0x44, 0x48, 0xff, 0x8f,
    0x66, 0xfd, 0xe, 0xf0, 0x0, 0x0, 0x2, 0x58,
    0xff, 0x11, 0x2, 0x76, 0x0, 0x10, 0x7, 0xad,
    0xff, 0xfa, 0xff, 0x99, 0x99, 0x99, 0x99, 0x90,
    0xf, 0xff, 0xff, 0xfa, 0xff, 0xff, 0xff, 0xff,
    0xff, 0xf0, 0xf, 0xfe, 0xb9, 0x78, 0xff, 0xff,
    0xff, 0xff, 0xff, 0xf0, 0x2, 0x0, 0x0, 0x0,
    0x0, 0x0, 0x0, 0x0, 0x0, 0x0,

    /* U+7EEA "绪" */
    0x0, 0xb, 0xfb, 0x0, 0x0, 0xc, 0xfa, 0x0,
    0x6f, 0xf0, 0x0, 0x1f, 0xf5, 0x0, 0x24, 0x4d,
    0xfc, 0x43, 0xbf, 0xb0, 0x0, 0x7f, 0xf0, 0x0,
    0xaf, 0xff, 0xff, 0xff, 0xff, 0x50, 0x0, 0xdf,
    0x93, 0x53, 0xaf, 0xff, 0xff, 0xff, 0xff, 0x0,
    0x3, 0xff, 0x4e, 0xf6, 0x0, 0xc, 0xfa, 0xb,
    0xfb, 0x0, 0x9, 0xfe, 0x4f, 0xf3, 0x44, 0x4d,
    0xfc, 0x4f, 0xf8, 0x40, 0xe, 0xff, 0xff, 0xaa,
    0xff, 0xff, 0xff, 0xff, 0xff, 0xf0, 0x1a, 0xff,
    0xff, 0x4a, 0xff, 0xff, 0xff, 0xff, 0xff, 0xf0,
    0x0, 0x4f, 0xfe, 0x0, 0xa, 0xff, 0x22, 0x22,
    0x22, 0x0, 0x0, 0x4f, 0xf8, 0x0, 0x2f, 0xff,
    0xff, 0xff, 0xff, 0x10, 0x0, 0xbf, 0xf5, 0x30,
    0xaf, 0xff, 0xff, 0xff, 0xff, 0x10, 0x1, 0xff,
    0xff, 0xf3, 0xff, 0xfd, 0x0, 0x7, 0xff, 0x10,
    0x7, 0xff, 0xff, 0xfb, 0xff, 0xff, 0xdd, 0xde,
    0xff, 0x10, 0x0, 0x11, 0x11, 0x12, 0x2b, 0xff,
    0xff, 0xff, 0xff, 0x10, 0x0, 0x0, 0x24, 0x63,
    0xa, 0xfd, 0x11, 0x17, 0xff, 0x10, 0xb, 0xef,
    0xff, 0xf8, 0xa, 0xfd, 0x11, 0x17, 0xff, 0x10,
    0xe, 0xff, 0xff, 0xf8, 0xa, 0xff, 0xff, 0xff,
    0xff, 0x10, 0xd, 0xcb, 0x98, 0x62, 0xa, 0xff,
    0xff, 0xff, 0xff, 0x10,

    /* U+7EED "续" */
    0x0, 0x0, 0x0, 0x0, 0x0, 0x0, 0x23, 0x20,
    0x0, 0x0, 0x0, 0xb, 0xfb, 0x0, 0x7f, 0xff,
    0xff, 0xff, 0xff, 0x80, 0x0, 0x1f, 0xf5, 0x0,
    0x7f, 0xff, 0xff, 0xff, 0xff, 0x80, 0x0, 0x7f,
    0xf0, 0x0, 0x0, 0x0, 0xdf, 0xd0, 0x0, 0x0,
    0x0, 0xdf, 0xa2, 0x43, 0x44, 0x44, 0xef, 0xd4,
    0x44, 0x40, 0x2, 0xff, 0x4e, 0xf8, 0xff, 0xff,
    0xff, 0xff, 0xff, 0xe0, 0x8, 0xfe, 0x4f, 0xf2,
    0xff, 0xff, 0xff, 0xff, 0xff, 0xe0, 0xe, 0xff,
    0xef, 0xb0, 0x6, 0x43, 0x16, 0x98, 0x5f, 0xe0,
    0x1c, 0xff, 0xff, 0x50, 0x1f, 0xff, 0x9b, 0xfe,
    0x4c, 0xb0, 0x0, 0x5f, 0xfe, 0x0, 0x16, 0x89,
    0x6b, 0xfe, 0x0, 0x0, 0x0, 0x3f, 0xf9, 0x0,
    0xff, 0xd9, 0xb, 0xfe, 0x0, 0x0, 0x0, 0x9f,
    0xf4, 0x10, 0xbd, 0xfc, 0xb, 0xfe, 0x0, 0x0,
    0x0, 0xff, 0xff, 0xe1, 0x55, 0x56, 0x5d, 0xfe,
    0x55, 0x51, 0x5, 0xff, 0xff, 0xe4, 0xff, 0xff,
    0xff, 0xff, 0xff, 0xf5, 0x5, 0x88, 0x88, 0x74,
    0xff, 0xff, 0xff, 0xff, 0xff, 0xf5, 0x0, 0x0,
    0x0, 0x10, 0x0, 0x3, 0xef, 0xfb, 0x30, 0x0,
    0x8, 0xac, 0xdf, 0xf0, 0x15, 0xbf, 0xff, 0xff,
    0xfc, 0x50, 0xf, 0xff, 0xff, 0xf4, 0xff, 0xff,
    0xd3, 0x4b, 0xff, 0xf2, 0xf, 0xed, 0xb9, 0x74,
    0xff, 0xb5, 0x0, 0x0, 0x29, 0xf2, 0x0, 0x0,
    0x0, 0x1, 0x30, 0x0, 0x0, 0x0, 0x0, 0x10,

    /* U+7EF4 "维" */
    0x0, 0x9, 0xfe, 0x0, 0x9, 0xfc, 0x7, 0xff,
    0x10, 0x0, 0x0, 0xf, 0xf8, 0x0, 0xc, 0xfa,
    0x7, 0xff, 0x10, 0x0, 0x0, 0x6f, 0xf2, 0x0,
    0x1f, 0xff, 0xff, 0xff, 0xff, 0xe0, 0x0, 0xcf,
    0xb7, 0xa6, 0x6f, 0xff, 0xff, 0xff, 0xff, 0xe0,
    0x2, 0xff, 0x6f, 0xf5, 0xdf, 0xf8, 0x7b, 0xff,
    0x87, 0x60, 0x9, 0xff, 0x6f, 0xf5, 0xff, 0xf1,
    0x7, 0xff, 0x10, 0x0, 0xe, 0xff, 0xff, 0x9b,
    0xff, 0xf9, 0x9c, 0xff, 0x99, 0x60, 0x9, 0xff,
    0xff, 0x3b, 0xff, 0xff, 0xff, 0xff, 0xff, 0xb0,
    0x0, 0x2f, 0xfd, 0xb, 0xff, 0xff, 0xff, 0xff,
    0xff, 0xa0, 0x0, 0x5f, 0xf7, 0x8, 0x8f, 0xf1,
    0x7, 0xff, 0x10, 0x0, 0x0, 0xcf, 0xf9, 0x82,
    0x7f, 0xf5, 0x49, 0xff, 0x54, 0x30, 0x3, 0xff,
    0xff, 0xf4, 0x7f, 0xff, 0xff, 0xff, 0xff, 0xb0,
    0x9, 0xff, 0xff, 0xf4, 0x7f, 0xff, 0xff, 0xff,
    0xff, 0xb0, 0x0, 0x11, 0x11, 0x10, 0x7f, 0xf4,
    0x39, 0xff, 0x43, 0x20, 0x0, 0x0, 0x13, 0x52,
    0x7f, 0xf1, 0x7, 0xff, 0x10, 0x0, 0xc, 0xef,
    0xff, 0xf6, 0x7f, 0xf8, 0x8b, 0xff, 0x88, 0x81,
    0xf, 0xff, 0xff, 0xf6, 0x7f, 0xff, 0xff, 0xff,
    0xff, 0xf2, 0xd, 0xb9, 0x86, 0x51, 0x7f, 0xff,
    0xff, 0xff, 0xff, 0xf2,

    /* U+7F13 "缓" */
    0x0, 0x0, 0x0, 0x0, 0x0, 0x0, 0x0, 0x1,
    0x22, 0x20, 0x0, 0xb, 0xfb, 0x0, 0xde, 0xee,
    0xff, 0xff, 0xff, 0xc0, 0x0, 0x1f, 0xf5, 0x0,
    0xff, 0xff, 0xff, 0xff, 0xfd, 0x90, 0x0, 0x7f,
    0xf0, 0x0, 0x89, 0x85, 0x87, 0x41, 0x57, 0x40,
    0x0, 0xdf, 0xa4, 0x65, 0x9f, 0xd0, 0xdf, 0x80,
    0xef, 0x60, 0x2, 0xff, 0x4e, 0xf7, 0x5f, 0xf1,
    0x9f, 0xc1, 0xff, 0x30, 0x8, 0xfe, 0x4f, 0xf1,
    0x59, 0x95, 0x69, 0x95, 0x99, 0x40, 0xe, 0xff,
    0xef, 0xa1, 0xff, 0xff, 0xff, 0xff, 0xff, 0xe0,
    0x1c, 0xff, 0xff, 0x41, 0xde, 0xff, 0xdd, 0xdd,
    0xdd, 0xb0, 0x0, 0x4f, 0xfd, 0x4, 0x8c, 0xfe,
    0x88, 0x88, 0x88, 0x82, 0x0, 0x4f, 0xf7, 0x8,
    0xff, 0xff, 0xff, 0xff, 0xff, 0xf4, 0x0, 0xbf,
    0xf9, 0x42, 0x6f, 0xf8, 0x44, 0x44, 0x44, 0x41,
    0x1, 0xff, 0xff, 0x80, 0x6f, 0xff, 0xff, 0xff,
    0xff, 0xd0, 0x7, 0xff, 0xff, 0x80, 0xaf, 0xee,
    0xff, 0xff, 0xff, 0x90, 0x0, 0x11, 0x11, 0x0,
    0xef, 0xa7, 0xff, 0x4b, 0xff, 0x20, 0x0, 0x2,
    0x46, 0x44, 0xff, 0x60, 0xbf, 0xff, 0xf6, 0x0,
    0xe, 0xff, 0xff, 0x9a, 0xff, 0x47, 0xdf, 0xff,
    0xfa, 0x50, 0xf, 0xff, 0xff, 0xaf, 0xfc, 0x9f,
    0xff, 0xbe, 0xff, 0xf3, 0xd, 0xb9, 0x75, 0x8f,
    0xf7, 0x9e, 0x93, 0x0, 0x6b, 0xf3, 0x0, 0x0,
    0x0, 0x0, 0x0, 0x10, 0x0, 0x0, 0x0, 0x0,

    /* U+7F18 "缘" */
    0x0, 0x5, 0xff, 0x10, 0xd, 0xff, 0xcc, 0xcc,
    0xcc, 0x0, 0x0, 0xc, 0xfa, 0x0, 0xf, 0xff,
    0xff, 0xff, 0xfe, 0x0, 0x0, 0x3f, 0xf3, 0x0,
    0x3f, 0xf7, 0x55, 0x5e, 0xfb, 0x0, 0x0, 0xaf,
    0xc4, 0x75, 0x6f, 0xfd, 0xcc, 0xcf, 0xf8, 0x0,
    0x1, 0xff, 0x5e, 0xf7, 0xaf, 0xff, 0xff, 0xff,
    0xf5, 0x0, 0x8, 0xff, 0x5f, 0xf0, 0x35, 0x55,
    0x55, 0x9f, 0xf2, 0x0, 0xe, 0xff, 0xff, 0x9a,
    0xff, 0xff, 0xff, 0xff, 0xff, 0xb0, 0x8, 0xff,
    0xff, 0x2b, 0xff, 0xff, 0xff, 0xff, 0xff, 0xb0,
    0x0, 0x3f, 0xfb, 0x2, 0x36, 0xae, 0xff, 0x93,
    0x33, 0x20, 0x0, 0x8f, 0xf4, 0x6, 0xef, 0xff,
    0xff, 0xb0, 0x1f, 0xf1, 0x0, 0xef, 0xf8, 0x59,
    0xfe, 0x95, 0xcf, 0xf3, 0x8f, 0xb0, 0x6, 0xff,
    0xff, 0xb2, 0x23, 0x7d, 0xff, 0xff, 0xef, 0x50,
    0xd, 0xff, 0xff, 0xb7, 0xff, 0xff, 0xff, 0xff,
    0xf8, 0x0, 0x1, 0x11, 0x11, 0x9, 0xff, 0xd7,
    0x6f, 0xfd, 0xfe, 0x0, 0x0, 0x1, 0x35, 0x55,
    0x51, 0x27, 0xdf, 0xf4, 0xef, 0x70, 0xd, 0xff,
    0xff, 0xc4, 0xae, 0xff, 0xff, 0xf4, 0x7f, 0xd0,
    0xf, 0xff, 0xff, 0xc9, 0xff, 0xfe, 0xbf, 0xf5,
    0x1f, 0xf2, 0xd, 0xb9, 0x75, 0x38, 0xc8, 0x40,
    0x2f, 0xf5, 0xd, 0xf4, 0x0, 0x0, 0x0, 0x0,
    0x0, 0x0, 0x0, 0x0, 0x0, 0x0,

    /* U+7F1D "缝" */
    0x0, 0xc, 0xfc, 0xa, 0xfa, 0x0, 0xbf, 0xff,
    0xff, 0x50, 0x0, 0x2f, 0xf6, 0x8, 0xfc, 0x9,
    0xff, 0xee, 0xff, 0x20, 0x0, 0x8f, 0xf0, 0x5,
    0xfe, 0x5f, 0xff, 0xaa, 0xfb, 0x0, 0x0, 0xef,
    0xa0, 0x3, 0xff, 0x6c, 0x5f, 0xff, 0xf2, 0x0,
    0x5, 0xff, 0x4a, 0xa2, 0x55, 0x24, 0x9e, 0xff,
    0xe8, 0x40, 0xb, 0xff, 0x7f, 0xf7, 0x77, 0x8f,
    0xff, 0xaa, 0xff, 0xf5, 0x1f, 0xff, 0xff, 0xbf,
    0xff, 0x9a, 0x67, 0xdd, 0x27, 0xb4, 0x5, 0xef,
    0xff, 0x5f, 0xff, 0x8d, 0xde, 0xff, 0xdd, 0xd0,
    0x0, 0x3f, 0xfa, 0x4, 0xff, 0x9f, 0xff, 0xff,
    0xff, 0xf0, 0x0, 0x9f, 0xf3, 0x4, 0xff, 0x24,
    0x49, 0xff, 0x54, 0x20, 0x0, 0xff, 0xf9, 0x36,
    0xff, 0xd, 0xff, 0xff, 0xff, 0x70, 0x6, 0xff,
    0xff, 0x68, 0xfe, 0x6, 0x7b, 0xff, 0x77, 0x30,
    0xc, 0xff, 0xff, 0x6a, 0xfc, 0x6d, 0xde, 0xff,
    0xdd, 0xd2, 0x0, 0x11, 0x11, 0xd, 0xf9, 0x7f,
    0xff, 0xff, 0xff, 0xf3, 0x0, 0x2, 0x46, 0x4f,
    0xfa, 0x12, 0x28, 0xff, 0x22, 0x20, 0xd, 0xff,
    0xff, 0xcf, 0xff, 0xc6, 0x44, 0x55, 0x44, 0x41,
    0x1f, 0xff, 0xff, 0xff, 0xff, 0xff, 0xff, 0xff,
    0xff, 0xf5, 0x1f, 0xdb, 0x98, 0xff, 0xb5, 0xbe,
    0xff, 0xff, 0xff, 0xf5, 0x0, 0x0, 0x0, 0x22,
    0x10, 0x0, 0x0, 0x0, 0x0, 0x0,

    /* U+7F29 "缩" */
    0x0, 0x8, 0xfe, 0x9, 0xff, 0xff, 0xff, 0xff,
    0xff, 0xe0, 0x0, 0xe, 0xf8, 0x9, 0xff, 0xff,
    0xff, 0xff, 0xff, 0xe0, 0x0, 0x5f, 0xf1, 0x9,
    0xfe, 0x22, 0x22, 0x22, 0xaf, 0xe0, 0x0, 0xbf,
    0xa4, 0x6b, 0xff, 0x33, 0x10, 0x0, 0x9f, 0xe0,
    0x2, 0xff, 0x4e, 0xf4, 0x8, 0xff, 0x73, 0x33,
    0x68, 0x70, 0x8, 0xfe, 0x6f, 0xd0, 0xc, 0xff,
    0xff, 0xff, 0xff, 0xf3, 0xe, 0xff, 0xff, 0x70,
    0x2f, 0xfd, 0xee, 0xff, 0xee, 0xe3, 0x1a, 0xff,
    0xff, 0x10, 0xaf, 0xf4, 0x0, 0xff, 0x40, 0x0,
    0x0, 0x4f, 0xfb, 0x4, 0xff, 0xc6, 0xff, 0xff,
    0xff, 0xb0, 0x0, 0x7f, 0xf5, 0x1e, 0xff, 0x96,
    0xff, 0xff, 0xff, 0xb0, 0x0, 0xdf, 0xf5, 0x5f,
    0xff, 0x96, 0xfe, 0x11, 0xaf, 0xb0, 0x4, 0xff,
    0xff, 0x9f, 0xff, 0x96, 0xfe, 0x0, 0x9f, 0xb0,
    0xa, 0xff, 0xff, 0x99, 0xcf, 0x96, 0xff, 0xff,
    0xff, 0xb0, 0x4, 0x44, 0x44, 0x10, 0xcf, 0x96,
    0xff, 0xdd, 0xef, 0xb0, 0x0, 0x0, 0x23, 0x20,
    0xcf, 0x96, 0xfe, 0x0, 0x9f, 0xb0, 0xc, 0xef,
    0xff, 0x60, 0xcf, 0x96, 0xff, 0x33, 0xaf, 0xb0,
    0xf, 0xff, 0xff, 0x60, 0xcf, 0x96, 0xff, 0xff,
    0xff, 0xb0, 0xd, 0xb9, 0x75, 0x10, 0xcf, 0x95,
    0xdd, 0xdd, 0xdd, 0x90,

    /* U+7F51 "网" */
    0x8f, 0xff, 0xff, 0xff, 0xff, 0xff, 0xff, 0xff,
    0xf8, 0x8f, 0xff, 0xff, 0xff, 0xff, 0xff, 0xff,
    0xff, 0xf8, 0x8f, 0xf9, 0x99, 0x99, 0x99, 0x99,
    0x99, 0x9f, 0xf8, 0x8f, 0xf0, 0x0, 0x0, 0x0,
    0x0, 0x0, 0xf, 0xf8, 0x8f, 0xfc, 0xf9, 0xa,
    0xff, 0xd0, 0x5f, 0xef, 0xf8, 0x8f, 0xf7, 0xfe,
    0xe, 0xff, 0xf3, 0xaf, 0x8f, 0xf8, 0x8f, 0xf1,
    0xff, 0x7f, 0xec, 0xf8, 0xef, 0x3f, 0xf8, 0x8f,
    0xf0, 0xcf, 0xff, 0x97, 0xff, 0xfe, 0xf, 0xf8,
    0x8f, 0xf0, 0x7f, 0xff, 0x32, 0xff, 0xf8, 0xf,
    0xf8, 0x8f, 0xf0, 0x2f, 0xfe, 0x0, 0xdf, 0xf3,
    0xf, 0xf8, 0x8f, 0xf0, 0x4f, 0xfe, 0x0, 0xef,
    0xf4, 0xf, 0xf8, 0x8f, 0xf0, 0x9f, 0xff, 0x44,
    0xff, 0xf9, 0xf, 0xf8, 0x8f, 0xf0, 0xef, 0xff,
    0x99, 0xff, 0xfe, 0xf, 0xf8, 0x8f, 0xf4, 0xff,
    0x8f, 0xee, 0xf8, 0xff, 0x4f, 0xf8, 0x8f, 0xf9,
    0xfc, 0x1f, 0xff, 0xf1, 0xcf, 0x9f, 0xf8, 0x8f,
    0xfe, 0xf7, 0xc, 0xff, 0xc0, 0x7f, 0xef, 0xf8,
    0x8f, 0xfc, 0xc1, 0x6, 0xcc, 0x60, 0x1c, 0xcf,
    0xf8, 0x8f, 0xf0, 0x0, 0x0, 0x0, 0x0, 0x0,
    0xf, 0xf8,

    /* U+7F6E "置" */
    0x3f, 0xff, 0xff, 0xff, 0xff, 0xff, 0xff, 0xff,
    0xc0, 0x3f, 0xfb, 0x9d, 0xfe, 0x9b, 0xff, 0xa9,
    0xef, 0xc0, 0x3f, 0xf8, 0x5b, 0xfe, 0x58, 0xff,
    0x75, 0xdf, 0xc0, 0x3f, 0xff, 0xff, 0xff, 0xff,
    0xff, 0xff, 0xff, 0xc0, 0x15, 0x55, 0x55, 0x5a,
    0xff, 0x65, 0x55, 0x55, 0x40, 0xbf, 0xff, 0xff,
    0xff, 0xff, 0xff, 0xff, 0xff, 0xf4, 0xae, 0xee,
    0xee, 0xef, 0xff, 0xee, 0xee, 0xee, 0xe4, 0x3,
    0x88, 0x88, 0x8c, 0xff, 0x88, 0x88, 0x87, 0x0,
    0x6, 0xff, 0xff, 0xff, 0xff, 0xff, 0xff, 0xff,
    0x0, 0x6, 0xff, 0x86, 0x66, 0x66, 0x66, 0x6c,
    0xff, 0x0, 0x6, 0xff, 0xff, 0xff, 0xff, 0xff,
    0xff, 0xff, 0x0, 0x6, 0xff, 0x86, 0x66, 0x66,
    0x66, 0x6c, 0xff, 0x0, 0x6, 0xff, 0xff, 0xff,
    0xff, 0xff, 0xff, 0xff, 0x0, 0x6, 0xff, 0x86,
    0x66, 0x66, 0x66, 0x6c, 0xff, 0x0, 0x6, 0xff,
    0xff, 0xff, 0xff, 0xff, 0xff, 0xff, 0x0, 0x27,
    0xff, 0x75, 0x55, 0x55, 0x55, 0x5b, 0xff, 0x22,
    0xff, 0xff, 0xff, 0xff, 0xff, 0xff, 0xff, 0xff,
    0xff, 0xff, 0xff, 0xff, 0xff, 0xff, 0xff, 0xff,
    0xff, 0xff,

    /* U+8003 "考" */
    0x0, 0x0, 0x0, 0x0, 0x7f, 0xf2, 0x0, 0x3,
    0xff, 0x70, 0x0, 0x4f, 0xff, 0xff, 0xff, 0xff,
    0xff, 0xa9, 0xff, 0x10, 0x0, 0x4f, 0xff, 0xff,
    0xff, 0xff, 0xff, 0xbe, 0xfb, 0x0, 0x0, 0x28,
    0x88, 0x88, 0xbf, 0xf9, 0x88, 0xbf, 0xf5, 0x0,
    0x0, 0x0, 0x0, 0x0, 0x7f, 0xf2, 0x0, 0xbf,
    0xe0, 0x0, 0xf, 0xff, 0xff, 0xff, 0xff, 0xff,
    0xff, 0xff, 0xff, 0xf0, 0xf, 0xff, 0xff, 0xff,
    0xff, 0xff, 0xff, 0xff, 0xff, 0xf0, 0x7, 0x77,
    0xff, 0xd7, 0x77, 0x77, 0x77, 0x77, 0x77, 0x70,
    0x0, 0x2, 0xff, 0xd8, 0x88, 0x88, 0x88, 0x88,
    0x88, 0x81, 0x0, 0x7, 0xff, 0xff, 0xff, 0xff,
    0xff, 0xff, 0xff, 0xf3, 0x0, 0xd, 0xff, 0xef,
    0xff, 0xee, 0xee, 0xee, 0xee, 0xe2, 0x0, 0x4f,
    0xf8, 0xf, 0xf9, 0x11, 0x11, 0x11, 0x10, 0x0,
    0x0, 0xbf, 0xf2, 0x4f, 0xff, 0xff, 0xff, 0xff,
    0xf8, 0x0, 0x3, 0xff, 0xb0, 0x8f, 0xff, 0xff,
    0xff, 0xff, 0xf7, 0x0, 0xb, 0xff, 0x30, 0x24,
    0x44, 0x44, 0x44, 0x6f, 0xf6, 0x0, 0x2b, 0xb8,
    0x0, 0x0, 0x0, 0x4, 0x77, 0x9f, 0xf4, 0x0,
    0x0, 0x0, 0x0, 0x0, 0x0, 0x9, 0xff, 0xff,
    0xf3, 0x0, 0x0, 0x0, 0x0, 0x0, 0x0, 0x9,
    0xff, 0xff, 0xf2, 0x0,

    /* U+800C "而" */
    0x2f, 0xff, 0xff, 0xff, 0xff, 0xff, 0xff, 0xff,
    0xff, 0xf2, 0x2f, 0xff, 0xff, 0xff, 0xff, 0xff,
    0xff, 0xff, 0xff, 0xf2, 0x19, 0x99, 0x99, 0x99,
    0xcf, 0xfa, 0x99, 0x99, 0x99, 0x91, 0x0, 0x0,
    0x0, 0x0, 0x9f, 0xf1, 0x0, 0x0, 0x0, 0x0,
    0x0, 0x0, 0x0, 0x0, 0xcf, 0xe0, 0x0, 0x0,
    0x0, 0x0, 0x3, 0xff, 0xff, 0xff, 0xff, 0xff,
    0xff, 0xff, 0xff, 0x30, 0x3, 0xff, 0xff, 0xff,
    0xff, 0xff, 0xff, 0xff, 0xff, 0x30, 0x3, 0xff,
    0xca, 0xdf, 0xfa, 0xaf, 0xfd, 0xac, 0xff, 0x30,
    0x3, 0xff, 0x60, 0x9f, 0xf0, 0xf, 0xf9, 0x6,
    0xff, 0x30, 0x3, 0xff, 0x60, 0x9f, 0xf0, 0xf,
    0xf9, 0x6, 0xff, 0x30, 0x3, 0xff, 0x60, 0x9f,
    0xf0, 0xf, 0xf9, 0x6, 0xff, 0x30, 0x3, 0xff,
    0x60, 0x9f, 0xf0, 0xf, 0xf9, 0x6, 0xff, 0x30,
    0x3, 0xff, 0x60, 0x9f, 0xf0, 0xf, 0xf9, 0x6,
    0xff, 0x30, 0x3, 0xff, 0x60, 0x9f, 0xf0, 0xf,
    0xf9, 0x6, 0xff, 0x30, 0x3, 0xff, 0x60, 0x9f,
    0xf0, 0xf, 0xf9, 0x6, 0xff, 0x30, 0x3, 0xff,
    0x60, 0x9f, 0xf0, 0xf, 0xf9, 0x6, 0xff, 0x30,
    0x3, 0xff, 0x60, 0x9f, 0xf0, 0xf, 0xf9, 0x6,
    0xff, 0x30, 0x3, 0xff, 0x60, 0x9f, 0xf0, 0xf,
    0xf9, 0x6, 0xff, 0x30,

    /* U+8033 "耳" */
    0xe, 0xff, 0xff, 0xff, 0xff, 0xff, 0xff, 0xff,
    0xff, 0x70, 0xe, 0xff, 0xff, 0xff, 0xff, 0xff,
    0xff, 0xff, 0xff, 0x70, 0x7, 0x8d, 0xfe, 0x88,
    0x88, 0x88, 0x8a, 0xff, 0xa8, 0x40, 0x0, 0xb,
    0xfd, 0x0, 0x0, 0x0, 0x4, 0xff, 0x40, 0x0,
    0x0, 0xb, 0xfe, 0x44, 0x44, 0x44, 0x47, 0xff,
    0x40, 0x0, 0x0, 0xb, 0xff, 0xff, 0xff, 0xff,
    0xff, 0xff, 0x40, 0x0, 0x0, 0xb, 0xff, 0xff,
    0xff, 0xff, 0xff, 0xff, 0x40, 0x0, 0x0, 0xb,
    0xfd, 0x33, 0x33, 0x33, 0x36, 0xff, 0x40, 0x0,
    0x0, 0xb, 0xfd, 0x0, 0x0, 0x0, 0x4, 0xff,
    0x40, 0x0, 0x0, 0xb, 0xff, 0xff, 0xff, 0xff,
    0xff, 0xff, 0x40, 0x0, 0x0, 0xb, 0xff, 0xff,
    0xff, 0xff, 0xff, 0xff, 0x40, 0x0, 0x0, 0xb,
    0xfe, 0x77, 0x77, 0x77, 0x7a, 0xff, 0x40, 0x0,
    0x0, 0xb, 0xfd, 0x0, 0x0, 0x0, 0x4, 0xff,
    0x40, 0x0, 0x14, 0x5d, 0xfe, 0x89, 0x9a, 0xab,
    0xcd, 0xff, 0xff, 0xf6, 0x6f, 0xff, 0xff, 0xff,
    0xff, 0xff, 0xff, 0xff, 0xff, 0xf6, 0x6f, 0xff,
    0xff, 0xff, 0xff, 0xed, 0xdd, 0xff, 0xb9, 0x93,
    0x14, 0x33, 0x21, 0x10, 0x0, 0x0, 0x4, 0xff,
    0x40, 0x0, 0x0, 0x0, 0x0, 0x0, 0x0, 0x0,
    0x4, 0xff, 0x40, 0x0,

    /* U+8046 "聆" */
    0xcc, 0xcc, 0xcc, 0xcc, 0x20, 0x1f, 0xff, 0xf4,
    0x0, 0xf, 0xff, 0xff, 0xff, 0xf3, 0x8, 0xff,
    0xff, 0xb0, 0x0, 0xaf, 0xf8, 0x8d, 0xfc, 0x12,
    0xff, 0xb9, 0xff, 0x60, 0x5, 0xff, 0x0, 0xbf,
    0x92, 0xef, 0xf1, 0xd, 0xff, 0x40, 0x5f, 0xf3,
    0x3c, 0xf9, 0xef, 0xf6, 0x66, 0x4f, 0xff, 0x25,
    0xff, 0xff, 0xff, 0x9f, 0xf7, 0x1f, 0xf6, 0x4f,
    0xf3, 0x5f, 0xff, 0xff, 0xf9, 0xe5, 0x0, 0xef,
    0x90, 0x2d, 0x35, 0xff, 0x11, 0xbf, 0x91, 0x0,
    0xb, 0xfc, 0x0, 0x0, 0x5f, 0xf0, 0xb, 0xf9,
    0x12, 0x22, 0x22, 0x22, 0x22, 0x5, 0xff, 0xee,
    0xff, 0x98, 0xff, 0xff, 0xff, 0xff, 0x90, 0x5f,
    0xff, 0xff, 0xf9, 0x8f, 0xff, 0xff, 0xff, 0xf2,
    0x5, 0xff, 0x66, 0xdf, 0x91, 0x33, 0x33, 0x5f,
    0xfa, 0x0, 0x5f, 0xf0, 0xb, 0xf9, 0x0, 0x0,
    0x8, 0xff, 0x30, 0x5, 0xff, 0x15, 0xdf, 0x92,
    0x52, 0x0, 0xff, 0xc0, 0x0, 0xaf, 0xff, 0xff,
    0xf9, 0x6f, 0xff, 0xef, 0xf5, 0x0, 0xf, 0xff,
    0xff, 0xff, 0x96, 0xff, 0xff, 0xff, 0xfa, 0x10,
    0xfd, 0x96, 0x3b, 0xf9, 0x14, 0x58, 0xbf, 0xff,
    0xf3, 0x0, 0x0, 0x0, 0xbf, 0x90, 0x0, 0x0,
    0x4, 0x9e, 0x30, 0x0, 0x0, 0x0, 0x0, 0x0,
    0x0, 0x0, 0x0, 0x0, 0x0,

    /* U+80FD "能" */
    0x0, 0x3f, 0xfc, 0x0, 0x0, 0x8e, 0xe0, 0x0,
    0x1, 0x0, 0xcf, 0xf4, 0x77, 0x30, 0x9f, 0xf0,
    0x16, 0xcc, 0x5, 0xff, 0xa0, 0xef, 0xa0, 0x9f,
    0xfb, 0xff, 0xfc, 0x4e, 0xff, 0x64, 0xbf, 0xf0,
    0x9f, 0xff, 0xff, 0xb4, 0xff, 0xff, 0xff, 0xff,
    0xf4, 0x9f, 0xfb, 0x61, 0x0, 0xff, 0xff, 0xff,
    0xff, 0xf8, 0x9f, 0xf2, 0x22, 0x22, 0x11, 0x11,
    0x11, 0x11, 0x11, 0x9f, 0xff, 0xff, 0xff, 0x9f,
    0xff, 0xff, 0xff, 0xf1, 0x9f, 0xff, 0xff, 0xff,
    0x9f, 0xff, 0xff, 0xff, 0xf1, 0x36, 0x66, 0x66,
    0x66, 0x9f, 0xf5, 0x55, 0xaf, 0xf1, 0x9f, 0xf0,
    0x0, 0x5, 0x9f, 0xe2, 0x22, 0x8f, 0xf1, 0x9f,
    0xf0, 0x17, 0xec, 0x9f, 0xff, 0xff, 0xff, 0xf1,
    0x9f, 0xfb, 0xff, 0xfc, 0x9f, 0xff, 0xff, 0xff,
    0xf1, 0x9f, 0xff, 0xff, 0xc5, 0x9f, 0xe0, 0x0,
    0x7f, 0xf1, 0x9f, 0xfb, 0x72, 0x0, 0x9f, 0xff,
    0xff, 0xff, 0xf1, 0x9f, 0xf0, 0x0, 0x0, 0x9f,
    0xff, 0xff, 0xff, 0xf1, 0x9f, 0xfb, 0xbb, 0xbb,
    0x9f, 0xe2, 0x22, 0x8f, 0xf1, 0x9f, 0xff, 0xff,
    0xff, 0x9f, 0xe0, 0x0, 0x7f, 0xf1, 0x7d, 0xdd,
    0xdd, 0xdd,

    /* U+8111 "脑" */
    0x5, 0xff, 0xff, 0xff, 0x16, 0x66, 0x6f, 0xfa,
    0x66, 0x63, 0x5, 0xff, 0xff, 0xff, 0x4f, 0xff,
    0xff, 0xff, 0xff, 0xf8, 0x5, 0xff, 0x9c, 0xff,
    0x4f, 0xff, 0xff, 0xff, 0xff, 0xf8, 0x5, 0xff,
    0x17, 0xff, 0x3, 0x33, 0x33, 0x33, 0x33, 0x31,
    0x5, 0xff, 0x17, 0xff, 0x0, 0xa, 0xe7, 0xd,
    0xe1, 0x0, 0x5, 0xff, 0x59, 0xff, 0xe, 0xee,
    0xfd, 0x3f, 0xfe, 0xe4, 0x5, 0xff, 0xff, 0xff,
    0xf, 0xfa, 0xff, 0xbf, 0xaf, 0xf4, 0x5, 0xff,
    0xff, 0xff, 0xf, 0xf9, 0xaf, 0xff, 0x4f, 0xf4,
    0x5, 0xff, 0x37, 0xff, 0xf, 0xf9, 0x4f, 0xfa,
    0x3f, 0xf4, 0x5, 0xff, 0x17, 0xff, 0xf, 0xf9,
    0x4f, 0xf9, 0x3f, 0xf4, 0x5, 0xff, 0x7a, 0xff,
    0xf, 0xf9, 0xaf, 0xfe, 0x3f, 0xf4, 0x5, 0xff,
    0xff, 0xff, 0xf, 0xfa, 0xff, 0xbf, 0x9f, 0xf4,
    0x6, 0xff, 0xff, 0xff, 0xf, 0xff, 0xfa, 0x4f,
    0xef, 0xf4, 0x7, 0xff, 0x7, 0xff, 0xf, 0xff,
    0xf4, 0xe, 0xff, 0xf4, 0x9, 0xfd, 0x7, 0xff,
    0xf, 0xf9, 0x0, 0x0, 0x3f, 0xf4, 0xb, 0xfb,
    0x7, 0xff, 0xf, 0xfc, 0x88, 0x88, 0x9f, 0xf4,
    0xe, 0xf9, 0x7, 0xff, 0xf, 0xff, 0xff, 0xff,
    0xff, 0xf4, 0x1f, 0xf6, 0x7, 0xff, 0xf, 0xff,
    0xff, 0xff, 0xff, 0xf4,

    /* U+819C "膜" */
    0x5, 0xff, 0xff, 0xfe, 0x27, 0xff, 0xc7, 0x7f,
    0xfc, 0x71, 0x5, 0xff, 0xff, 0xfe, 0x6f, 0xff,
    0xff, 0xff, 0xff, 0xf2, 0x5, 0xff, 0xdd, 0xfe,
    0x5e, 0xff, 0xfe, 0xef, 0xff, 0xe2, 0x5, 0xff,
    0x15, 0xfe, 0x0, 0xde, 0x70, 0xd, 0xe8, 0x0,
    0x5, 0xff, 0x15, 0xfe, 0xd, 0xdd, 0xdd, 0xdd,
    0xdd, 0x90, 0x5, 0xff, 0x9b, 0xfe, 0xf, 0xff,
    0xff, 0xff, 0xff, 0xb0, 0x5, 0xff, 0xff, 0xfe,
    0xf, 0xf2, 0x0, 0x0, 0x8f, 0xb0, 0x5, 0xff,
    0xff, 0xfe, 0xf, 0xff, 0xff, 0xff, 0xff, 0xb0,
    0x5, 0xff, 0x15, 0xfe, 0xf, 0xfa, 0xaa, 0xaa,
    0xcf, 0xb0, 0x5, 0xff, 0x15, 0xfe, 0xe, 0xf9,
    0x88, 0x88, 0xbf, 0xb0, 0x5, 0xff, 0x89, 0xfe,
    0xe, 0xff, 0xff, 0xff, 0xff, 0xb0, 0x5, 0xff,
    0xff, 0xfe, 0x3, 0x44, 0xaf, 0xf5, 0x44, 0x30,
    0x6, 0xff, 0xff, 0xfe, 0x9f, 0xff, 0xff, 0xff,
    0xff, 0xf5, 0x7, 0xff, 0x5, 0xfe, 0x9f, 0xff,
    0xff, 0xff, 0xff, 0xf5, 0x9, 0xfd, 0x5, 0xfe,
    0x1, 0x18, 0xff, 0xfe, 0x51, 0x10, 0xb, 0xfb,
    0x5, 0xfe, 0x17, 0xdf, 0xfd, 0xff, 0xfb, 0x50,
    0xe, 0xf9, 0x5, 0xfe, 0x8f, 0xff, 0x80, 0x2b,
    0xff, 0xf4, 0x1f, 0xf6, 0x5, 0xfe, 0x8d, 0x81,
    0x0, 0x0, 0x3a, 0xf4, 0x0, 0x0, 0x0, 0x0,
    0x10, 0x0, 0x0, 0x0, 0x0, 0x0,

    /* U+81EA "自" */
    0x0, 0x0, 0x0, 0x9f, 0xf1, 0x0, 0x0, 0x0,
    0x9f, 0xff, 0xff, 0xff, 0xff, 0xff, 0xff, 0xf9,
    0x9f, 0xff, 0xff, 0xff, 0xff, 0xff, 0xff, 0xf9,
    0x9f, 0xf8, 0x77, 0x77, 0x77, 0x77, 0x8f, 0xf9,
    0x9f, 0xf1, 0x0, 0x0, 0x0, 0x0, 0x1f, 0xf9,
    0x9f, 0xf7, 0x77, 0x77, 0x77, 0x77, 0x7f, 0xf9,
    0x9f, 0xff, 0xff, 0xff, 0xff, 0xff, 0xff, 0xf9,
    0x9f, 0xff, 0xff, 0xff, 0xff, 0xff, 0xff, 0xf9,
    0x9f, 0xf1, 0x0, 0x0, 0x0, 0x0, 0x1f, 0xf9,
    0x9f, 0xf1, 0x0, 0x0, 0x0, 0x0, 0x1f, 0xf9,
    0x9f, 0xf8, 0x88, 0x88, 0x88, 0x88, 0x8f, 0xf9,
    0x9f, 0xff, 0xff, 0xff, 0xff, 0xff, 0xff, 0xf9,
    0x9f, 0xff, 0xff, 0xff, 0xff, 0xff, 0xff, 0xf9,
    0x9f, 0xf1, 0x0, 0x0, 0x0, 0x0, 0x1f, 0xf9,
    0x9f, 0xf1, 0x0, 0x0, 0x0, 0x0, 0x1f, 0xf9,
    0x9f, 0xf8, 0x88, 0x88, 0x88, 0x88, 0x8f, 0xf9,
    0x9f, 0xff, 0xff, 0xff, 0xff, 0xff, 0xff, 0xf9,
    0x9f, 0xff, 0xff, 0xff, 0xff, 0xff, 0xff, 0xf9,

    /* U+820D "舍" */
    0x0, 0x0, 0x0, 0x9f, 0xff, 0xff, 0xf9, 0x0,
    0x0, 0x0, 0x0, 0x0, 0x2, 0xff, 0xff, 0xff,
    0xff, 0x20, 0x0, 0x0, 0x0, 0x0, 0x1e, 0xff,
    0x86, 0x68, 0xff, 0xe1, 0x0, 0x0, 0x0, 0x3,
    0xdf, 0xf9, 0x0, 0x0, 0x9f, 0xfd, 0x30, 0x0,
    0x1, 0x9f, 0xff, 0xff, 0xff, 0xff, 0xff, 0xff,
    0xf9, 0x10, 0x2f, 0xff, 0xfc, 0xff, 0xff, 0xff,
    0xff, 0xcf, 0xff, 0xf2, 0x3f, 0xfd, 0x31, 0x55,
    0x8f, 0xf8, 0x55, 0x13, 0xdf, 0xf3, 0x2a, 0xa5,
    0x55, 0x55, 0x8f, 0xf8, 0x55, 0x55, 0x5a, 0xa2,
    0x0, 0xff, 0xff, 0xff, 0xff, 0xff, 0xff, 0xff,
    0xff, 0x0, 0x0, 0xff, 0xff, 0xff, 0xff, 0xff,
    0xff, 0xff, 0xff, 0x0, 0x0, 0x0, 0x0, 0x0,
    0x4f, 0xf4, 0x0, 0x0, 0x0, 0x0, 0x0, 0x36,
    0x66, 0x66, 0x9f, 0xf9, 0x66, 0x66, 0x63, 0x0,
    0x0, 0x8f, 0xff, 0xff, 0xff, 0xff, 0xff, 0xff,
    0xf8, 0x0, 0x0, 0x8f, 0xff, 0xff, 0xff, 0xff,
    0xff, 0xff, 0xf8, 0x0, 0x0, 0x8f, 0xf1, 0x0,
    0x0, 0x0, 0x0, 0x1f, 0xf8, 0x0, 0x0, 0x8f,
    0xf6, 0x66, 0x66, 0x66, 0x66, 0x6f, 0xf8, 0x0,
    0x0, 0x8f, 0xff, 0xff, 0xff, 0xff, 0xff, 0xff,
    0xf8, 0x0, 0x0, 0x8f, 0xff, 0xff, 0xff, 0xff,
    0xff, 0xff, 0xf8, 0x0,

    /* U+826F "良" */
    0x8f, 0xff, 0xff, 0xff, 0xff, 0xff, 0xff, 0xf9,
    0x8, 0xff, 0xff, 0xff, 0xff, 0xff, 0xff, 0xff,
    0x90, 0x8f, 0xf6, 0x66, 0x66, 0x66, 0x66, 0x6f,
    0xf9, 0x8, 0xff, 0x0, 0x0, 0x0, 0x0, 0x0,
    0xff, 0x90, 0x8f, 0xf6, 0x55, 0x55, 0x55, 0x55,
    0x5f, 0xf9, 0x8, 0xff, 0xff, 0xff, 0xff, 0xff,
    0xff, 0xff, 0x90, 0x8f, 0xff, 0xff, 0xff, 0xff,
    0xff, 0xff, 0xf9, 0x8, 0xff, 0x0, 0x0, 0x0,
    0x0, 0x0, 0xff, 0x90, 0x8f, 0xf8, 0x88, 0x88,
    0x88, 0x88, 0x8f, 0xf9, 0x8, 0xff, 0xff, 0xff,
    0xff, 0xff, 0xff, 0xff, 0x90, 0x8f, 0xfb, 0xbb,
    0xcf, 0xff, 0xbb, 0xbb, 0xb6, 0x8, 0xff, 0x0,
    0x0, 0xef, 0xf3, 0x0, 0x3d, 0xd5, 0x8f, 0xf0,
    0x0, 0x6, 0xff, 0xd1, 0xc, 0xfd, 0x8, 0xff,
    0x0, 0x0, 0xc, 0xff, 0xe9, 0xff, 0x40, 0x8f,
    0xf0, 0x0, 0x0, 0x1d, 0xff, 0xff, 0x80, 0x8,
    0xff, 0x99, 0x80, 0x0, 0x1b, 0xff, 0xff, 0xea,
    0x8f, 0xff, 0xff, 0x0, 0x0, 0x5, 0xdf, 0xff,
    0xf8, 0xff, 0xff, 0xf0, 0x0, 0x0, 0x0, 0x38,
    0xcf, 0x0, 0x0, 0x0, 0x0, 0x0, 0x0, 0x0,
    0x0, 0x0,

    /* U+8272 "色" */
    0x0, 0x0, 0x9f, 0xff, 0xff, 0xff, 0xff, 0xff,
    0x40, 0x0, 0x0, 0x4, 0xff, 0xff, 0xff, 0xff,
    0xff, 0xfe, 0x0, 0x0, 0x0, 0x3f, 0xff, 0x98,
    0x88, 0x88, 0xbf, 0xf8, 0x0, 0x0, 0x7, 0xff,
    0xfa, 0x0, 0x0, 0x0, 0xcf, 0xf1, 0x0, 0x0,
    0x1f, 0xff, 0xf7, 0x66, 0x66, 0x68, 0xff, 0xc6,
    0x66, 0x0, 0x1f, 0xff, 0xff, 0xff, 0xff, 0xff,
    0xff, 0xff, 0xff, 0x10, 0x9, 0xcf, 0xff, 0xff,
    0xff, 0xff, 0xff, 0xff, 0xff, 0x10, 0x0, 0xbf,
    0xe1, 0x11, 0x1f, 0xf8, 0x11, 0x18, 0xff, 0x10,
    0x0, 0xbf, 0xe0, 0x0, 0xf, 0xf8, 0x0, 0x7,
    0xff, 0x10, 0x0, 0xbf, 0xe0, 0x0, 0xf, 0xf8,
    0x0, 0x7, 0xff, 0x10, 0x0, 0xbf, 0xff, 0xff,
    0xff, 0xff, 0xff, 0xff, 0xff, 0x10, 0x0, 0xbf,
    0xff, 0xff, 0xff, 0xff, 0xff, 0xff, 0xff, 0x10,
    0x0, 0xbf, 0xf8, 0x88, 0x88, 0x88, 0x88, 0x88,
    0x88, 0x0, 0x0, 0xbf, 0xe0, 0x0, 0x0, 0x0,
    0x0, 0x0, 0x0, 0x0, 0x0, 0xbf, 0xe0, 0x0,
    0x0, 0x0, 0x0, 0x0, 0x0, 0x0, 0x0, 0xbf,
    0xf8, 0x88, 0x88, 0x88, 0x88, 0x88, 0x88, 0x80,
    0x0, 0xbf, 0xff, 0xff, 0xff, 0xff, 0xff, 0xff,
    0xff, 0xf1, 0x0, 0xbf, 0xff, 0xff, 0xff, 0xff,
    0xff, 0xff, 0xff, 0xf1,

    /* U+82E5 "若" */
    0xc, 0xff, 0xff, 0xff, 0xff, 0xff, 0xff, 0xff,
    0xff, 0xc0, 0xcf, 0xff, 0xff, 0xff, 0xff, 0xff,
    0xff, 0xff, 0xfc, 0xc, 0xff, 0xff, 0xff, 0xff,
    0xff, 0xff, 0xff, 0xff, 0xc0, 0x11, 0x11, 0xbf,
    0xe1, 0x11, 0x1e, 0xfb, 0x11, 0x11, 0x0, 0x0,
    0x6, 0x9c, 0x43, 0x0, 0x89, 0x60, 0x0, 0x0,
    0x0, 0x0, 0x3, 0xff, 0x90, 0x0, 0x0, 0x0,
    0x0, 0xf, 0xff, 0xff, 0xff, 0xff, 0xff, 0xff,
    0xff, 0xff, 0xf0, 0xff, 0xff, 0xff, 0xff, 0xff,
    0xff, 0xff, 0xff, 0xff, 0x7, 0x77, 0x9f, 0xff,
    0x87, 0x77, 0x77, 0x77, 0x77, 0x70, 0x0, 0x3e,
    0xff, 0x60, 0x0, 0x0, 0x0, 0x0, 0x0, 0x1,
    0x9f, 0xff, 0xff, 0xff, 0xff, 0xff, 0xff, 0xfa,
    0x2, 0xff, 0xff, 0xff, 0xff, 0xff, 0xff, 0xff,
    0xff, 0xb0, 0x3f, 0xfd, 0xff, 0xc8, 0x88, 0x88,
    0x88, 0x8f, 0xfb, 0x3, 0xd6, 0xf, 0xf9, 0x0,
    0x0, 0x0, 0x0, 0xef, 0xb0, 0x0, 0x0, 0xff,
    0x90, 0x0, 0x0, 0x0, 0xe, 0xfb, 0x0, 0x0,
    0xf, 0xfb, 0x44, 0x44, 0x44, 0x44, 0xff, 0xb0,
    0x0, 0x0, 0xff, 0xff, 0xff, 0xff, 0xff, 0xff,
    0xfb, 0x0, 0x0, 0xf, 0xff, 0xff, 0xff, 0xff,
    0xff, 0xff, 0xb0,

    /* U+836F "药" */
    0x0, 0x0, 0xb, 0xfd, 0x0, 0x0, 0xef, 0xa0,
    0x0, 0x0, 0x8c, 0xcc, 0xff, 0xfc, 0xcc, 0xcf,
    0xfe, 0xcc, 0xc8, 0xb, 0xff, 0xff, 0xff, 0xff,
    0xff, 0xff, 0xff, 0xff, 0xb0, 0x8c, 0xcc, 0xff,
    0xfc, 0xcc, 0xcf, 0xfe, 0xcc, 0xc8, 0x0, 0x2,
    0x6e, 0xea, 0x2, 0x65, 0xdf, 0xa0, 0x0, 0x0,
    0x0, 0xcf, 0xe1, 0x0, 0xbf, 0xe7, 0x77, 0x77,
    0x73, 0x0, 0x5f, 0xf6, 0x0, 0xf, 0xff, 0xff,
    0xff, 0xff, 0x80, 0xe, 0xfd, 0x11, 0x16, 0xff,
    0xff, 0xff, 0xff, 0xf8, 0x7, 0xff, 0x6e, 0xf8,
    0xcf, 0xd0, 0x0, 0x0, 0xff, 0x81, 0xff, 0xff,
    0xfe, 0x3b, 0xb5, 0x0, 0x0, 0xf, 0xf8, 0x5,
    0xbf, 0xff, 0x60, 0x5, 0xff, 0x20, 0x0, 0xff,
    0x80, 0x3, 0xff, 0xd0, 0x0, 0xf, 0xf8, 0x0,
    0xf, 0xf8, 0x0, 0xcf, 0xff, 0xe7, 0x0, 0xaf,
    0xd0, 0x0, 0xff, 0x80, 0x6f, 0xff, 0xff, 0x80,
    0x5, 0xff, 0x30, 0xf, 0xf8, 0x3, 0x44, 0x44,
    0x42, 0x0, 0xf, 0xf9, 0x0, 0xff, 0x80, 0x57,
    0x8a, 0xbd, 0x70, 0x0, 0x34, 0x36, 0x9f, 0xf8,
    0xf, 0xff, 0xff, 0xf8, 0x0, 0x0, 0x0, 0xcf,
    0xff, 0x80, 0xfd, 0xcb, 0x98, 0x30, 0x0, 0x0,
    0xc, 0xff, 0xf8,

    /* U+843D "落" */
    0xc, 0xff, 0xff, 0xff, 0xff, 0xff, 0xff, 0xff,
    0xff, 0xc0, 0xc, 0xff, 0xff, 0xff, 0xff, 0xff,
    0xff, 0xff, 0xff, 0xc0, 0xc, 0xff, 0xff, 0xff,
    0xff, 0xff, 0xff, 0xff, 0xff, 0xc0, 0x0, 0x11,
    0x1f, 0xfa, 0x11, 0x11, 0xaf, 0xe1, 0x11, 0x0,
    0x2, 0x52, 0x7, 0x74, 0x4, 0x44, 0x9c, 0xb4,
    0x44, 0x10, 0x5, 0xff, 0xfc, 0x0, 0x8f, 0xff,
    0xff, 0xff, 0xff, 0x10, 0x5, 0xff, 0xff, 0x2a,
    0xff, 0xff, 0xff, 0xff, 0xfa, 0x0, 0x0, 0x25,
    0x8b, 0x3f, 0xff, 0xfc, 0x13, 0xef, 0xe1, 0x0,
    0xa, 0x96, 0x31, 0x2b, 0x45, 0xff, 0xff, 0xfe,
    0x30, 0x0, 0xe, 0xff, 0xff, 0x23, 0x58, 0xef,
    0xff, 0xfd, 0x85, 0x20, 0xa, 0xdf, 0xff, 0x8f,
    0xff, 0xff, 0xbb, 0xff, 0xff, 0xf4, 0x0, 0x0,
    0x25, 0x7f, 0xda, 0x62, 0x11, 0x27, 0xbe, 0xf4,
    0x0, 0xa, 0xb9, 0x8, 0xff, 0xff, 0xff, 0xff,
    0xff, 0x40, 0x0, 0x2f, 0xf9, 0x8, 0xff, 0xff,
    0xff, 0xff, 0xff, 0x40, 0x0, 0x8f, 0xf5, 0x8,
    0xff, 0x21, 0x11, 0x15, 0xff, 0x40, 0x0, 0xef,
    0xf0, 0x8, 0xff, 0x33, 0x33, 0x36, 0xff, 0x40,
    0x5, 0xff, 0x90, 0x8, 0xff, 0xff, 0xff, 0xff,
    0xff, 0x40, 0xe, 0xff, 0x20, 0x8, 0xff, 0xff,
    0xff, 0xff, 0xff, 0x40,

    /* U+84DD "蓝" */
    0xc, 0xff, 0xff, 0xff, 0xff, 0xff, 0xff, 0xff,
    0xff, 0xf1, 0xc, 0xff, 0xff, 0xff, 0xff, 0xff,
    0xff, 0xff, 0xff, 0xf1, 0xc, 0xff, 0xff, 0xff,
    0xff, 0xff, 0xff, 0xff, 0xff, 0xf1, 0x0, 0x0,
    0x9, 0xff, 0x0, 0x0, 0xcf, 0xc0, 0x0, 0x0,
    0x0, 0x0, 0x5, 0xaa, 0x0, 0x5, 0x99, 0x99,
    0x99, 0x50, 0x6, 0xff, 0x9, 0xff, 0x0, 0xe,
    0xff, 0xff, 0xff, 0xa0, 0x6, 0xff, 0x9, 0xff,
    0x0, 0xaf, 0xfa, 0xaa, 0xaa, 0x60, 0x6, 0xff,
    0x9, 0xff, 0x1b, 0xff, 0xa0, 0xcd, 0x70, 0x0,
    0x6, 0xff, 0x9, 0xff, 0x3f, 0xfc, 0x0, 0xaf,
    0xe0, 0x0, 0x5, 0xee, 0x9, 0xff, 0x3f, 0xa0,
    0x0, 0x3f, 0xf5, 0x0, 0x0, 0x1, 0x15, 0x99,
    0x23, 0x11, 0x11, 0x14, 0x42, 0x0, 0x0, 0xbf,
    0xff, 0xff, 0xff, 0xff, 0xff, 0xff, 0xfe, 0x0,
    0x0, 0xbf, 0xff, 0xff, 0xff, 0xff, 0xff, 0xff,
    0xfe, 0x0, 0x0, 0xbf, 0xe4, 0x7f, 0xf6, 0x4f,
    0xf9, 0x4b, 0xfe, 0x0, 0x0, 0xbf, 0xd0, 0x3f,
    0xf2, 0xe, 0xf6, 0xa, 0xfe, 0x0, 0x17, 0xdf,
    0xe7, 0x9f, 0xf8, 0x7f, 0xfa, 0x7c, 0xff, 0x74,
    0x3f, 0xff, 0xff, 0xff, 0xff, 0xff, 0xff, 0xff,
    0xff, 0xfa, 0x3f, 0xff, 0xff, 0xff, 0xff, 0xff,
    0xff, 0xff, 0xff, 0xfa,

    /* U+85CF "藏" */
    0xe, 0xff, 0xff, 0xff, 0xff, 0xff, 0xff, 0xff,
    0xff, 0x70, 0xe, 0xff, 0xff, 0xff, 0xff, 0xff,
    0xff, 0xff, 0xff, 0x70, 0x8, 0x99, 0xbf, 0xfb,
    0x99, 0x99, 0xff, 0xd9, 0x99, 0x40, 0x5, 0x51,
    0x5f, 0xf4, 0x0, 0x1, 0xff, 0xfd, 0x8d, 0x40,
    0xe, 0xf3, 0xff, 0xff, 0xff, 0xff, 0xff, 0xff,
    0xff, 0xe0, 0xe, 0xf3, 0xff, 0xff, 0xff, 0xff,
    0xff, 0xff, 0xff, 0xe0, 0xe, 0xf5, 0xff, 0x73,
    0x33, 0x33, 0x32, 0xff, 0x41, 0x10, 0xe, 0xff,
    0xff, 0x6e, 0xff, 0xff, 0xf7, 0xff, 0x30, 0x0,
    0xe, 0xff, 0xff, 0x6e, 0xfe, 0xff, 0xe6, 0xff,
    0x30, 0x0, 0x0, 0x0, 0xff, 0x6e, 0xf2, 0xaf,
    0x10, 0xff, 0x7a, 0x90, 0xdf, 0xff, 0xff, 0x6e,
    0xff, 0xff, 0xf7, 0xef, 0xff, 0x90, 0xdf, 0xff,
    0xff, 0x6e, 0xfd, 0xce, 0xf7, 0xdf, 0xfb, 0x20,
    0x2a, 0xf8, 0xef, 0x5e, 0xf5, 0x3b, 0xf7, 0xaf,
    0xb0, 0x0, 0xa, 0xf4, 0xef, 0x4e, 0xff, 0xff,
    0xf7, 0x6f, 0xe0, 0x0, 0xc, 0xf3, 0xff, 0x3e,
    0xf9, 0xdf, 0x86, 0xff, 0xf4, 0x0, 0xf, 0xf3,
    0xff, 0x1e, 0xf5, 0xbf, 0x45, 0xff, 0xfa, 0x0,
    0x4f, 0xe4, 0xff, 0xe, 0xff, 0xff, 0xf9, 0x77,
    0xff, 0x20, 0xaf, 0xa6, 0xfc, 0xb, 0xdd, 0xdd,
    0xd5, 0x0, 0xef, 0xc0,

    /* U+865A "虚" */
    0x0, 0x0, 0x0, 0x7, 0xff, 0xff, 0xff, 0xff,
    0xf0, 0x0, 0x0, 0x0, 0x0, 0x7, 0xff, 0xff,
    0xff, 0xff, 0xe0, 0x0, 0x0, 0x33, 0x33, 0x39,
    0xff, 0x53, 0x33, 0x33, 0x33, 0x20, 0x1, 0xff,
    0xff, 0xff, 0xff, 0xff, 0xff, 0xff, 0xff, 0xa0,
    0x1, 0xff, 0xff, 0xff, 0xff, 0xff, 0xff, 0xff,
    0xff, 0xa0, 0x1, 0xff, 0x70, 0x0, 0xaf, 0xe2,
    0x46, 0x86, 0xef, 0xa0, 0x1, 0xff, 0x75, 0x78,
    0xdf, 0xff, 0xff, 0xfa, 0xef, 0xa0, 0x1, 0xff,
    0x8f, 0xff, 0xff, 0xfd, 0xb9, 0x73, 0x34, 0x30,
    0x1, 0xff, 0x8e, 0xca, 0xdf, 0xfa, 0xaa, 0xaa,
    0xaa, 0xa0, 0x1, 0xff, 0x70, 0x0, 0xaf, 0xff,
    0xff, 0xff, 0xff, 0xf1, 0x1, 0xff, 0x60, 0x0,
    0x5b, 0xb8, 0x9b, 0xa7, 0x77, 0x70, 0x2, 0xff,
    0x58, 0xd7, 0x2f, 0xf4, 0x8f, 0xe0, 0xad, 0x60,
    0x3, 0xff, 0x57, 0xfc, 0x2f, 0xf4, 0x8f, 0xe0,
    0xff, 0x30, 0x4, 0xff, 0x43, 0xff, 0x2f, 0xf4,
    0x8f, 0xe3, 0xff, 0x0, 0x7, 0xff, 0x20, 0xff,
    0x5f, 0xf4, 0x8f, 0xe6, 0xfc, 0x0, 0xa, 0xff,
    0x6, 0x66, 0x7f, 0xf8, 0xbf, 0xf6, 0x66, 0x50,
    0xd, 0xfc, 0xf, 0xff, 0xff, 0xff, 0xff, 0xff,
    0xff, 0xd0, 0x1f, 0xf9, 0xe, 0xee, 0xee, 0xee,
    0xee, 0xee, 0xee, 0xc0,

    /* U+8679 "虹" */
    0x0, 0xf, 0xf5, 0x0, 0x0, 0x11, 0x11, 0x11,
    0x11, 0x6, 0x88, 0xff, 0xa8, 0x80, 0x8f, 0xff,
    0xff, 0xff, 0xc0, 0xcf, 0xff, 0xff, 0xff, 0x18,
    0xff, 0xff, 0xff, 0xfc, 0xc, 0xff, 0xff, 0xff,
    0xf1, 0x37, 0x7d, 0xff, 0x77, 0x50, 0xcf, 0x1d,
    0xf2, 0xcf, 0x10, 0x0, 0xbf, 0xe0, 0x0, 0xc,
    0xf1, 0xdf, 0x1c, 0xf1, 0x0, 0xb, 0xfe, 0x0,
    0x0, 0xcf, 0x1d, 0xf1, 0xcf, 0x10, 0x0, 0xbf,
    0xe0, 0x0, 0xc, 0xf1, 0xdf, 0x1c, 0xf1, 0x0,
    0xb, 0xfe, 0x0, 0x0, 0xcf, 0x1d, 0xf1, 0xcf,
    0x10, 0x0, 0xbf, 0xe0, 0x0, 0xc, 0xf8, 0xef,
    0x9e, 0xf1, 0x0, 0xb, 0xfe, 0x0, 0x0, 0xcf,
    0xff, 0xff, 0xff, 0x10, 0x0, 0xbf, 0xe0, 0x0,
    0xc, 0xff, 0xff, 0xff, 0xf1, 0x0, 0xb, 0xfe,
    0x0, 0x0, 0x0, 0x1f, 0xf5, 0x36, 0x10, 0x0,
    0xbf, 0xe0, 0x0, 0x0, 0x0, 0xff, 0x47, 0xf5,
    0x0, 0xb, 0xfe, 0x0, 0x0, 0x0, 0xf, 0xf4,
    0x6f, 0x70, 0x0, 0xbf, 0xe0, 0x0, 0x5, 0x55,
    0xff, 0x88, 0xf8, 0x9b, 0xbe, 0xff, 0xbb, 0xb0,
    0xff, 0xff, 0xff, 0xff, 0x9d, 0xff, 0xff, 0xff,
    0xff, 0x1f, 0xff, 0xff, 0xff, 0xfb, 0xdf, 0xff,
    0xff, 0xff, 0xf1, 0x0, 0x0, 0x0, 0x0, 0x1,
    0x11, 0x11, 0x11, 0x11, 0x0,

    /* U+87BA "螺" */
    0x0, 0xbf, 0xb0, 0x0, 0xdd, 0xdd, 0xdd, 0xdd,
    0xdc, 0x5, 0x7d, 0xfd, 0x75, 0x1f, 0xfe, 0xef,
    0xfe, 0xff, 0xe0, 0xcf, 0xff, 0xff, 0xc1, 0xff,
    0x64, 0xfe, 0x18, 0xfe, 0xc, 0xff, 0xff, 0xfc,
    0x1f, 0xff, 0xff, 0xff, 0xff, 0xe0, 0xce, 0x6f,
    0x6e, 0xc1, 0xff, 0x98, 0xff, 0x6a, 0xfe, 0xc,
    0xe6, 0xf6, 0xec, 0x1f, 0xfc, 0xcf, 0xfb, 0xdf,
    0xe0, 0xce, 0x6f, 0x6e, 0xc1, 0xff, 0xff, 0xff,
    0xff, 0xfe, 0xc, 0xe6, 0xf6, 0xec, 0x3, 0x2d,
    0xfb, 0x3c, 0xdb, 0x10, 0xce, 0x6f, 0x6e, 0xc2,
    0xff, 0xfc, 0x2e, 0xfe, 0x20, 0xc, 0xfd, 0xfd,
    0xfc, 0x2f, 0xff, 0xff, 0xfd, 0x68, 0x40, 0xcf,
    0xff, 0xff, 0xc0, 0x16, 0xef, 0xfd, 0x15, 0xfb,
    0x8, 0xae, 0xfe, 0xa8, 0x9e, 0xef, 0xff, 0xfe,
    0xef, 0xf0, 0x0, 0xbf, 0xb6, 0x8a, 0xff, 0xff,
    0xff, 0xff, 0xff, 0x40, 0xb, 0xfb, 0xbf, 0x14,
    0x53, 0x8f, 0xf3, 0x45, 0x30, 0x0, 0xbf, 0xba,
    0xf1, 0xdf, 0x67, 0xff, 0x1d, 0xf7, 0xf, 0xff,
    0xff, 0xff, 0x2f, 0xf4, 0x7f, 0xf1, 0xbf, 0xa0,
    0xff, 0xff, 0xff, 0xf6, 0xff, 0x7, 0xff, 0x17,
    0xfe, 0x5, 0x55, 0x55, 0x55, 0xbf, 0xb0, 0x7f,
    0xf1, 0x2f, 0xf3, 0x0, 0x0, 0x0, 0x0, 0x0,
    0x0, 0x0, 0x0, 0x0, 0x0,

    /* U+884C "行" */
    0x0, 0x5, 0xff, 0x20, 0xff, 0xff, 0xff, 0xff,
    0xe0, 0x0, 0x0, 0xcf, 0xc0, 0xf, 0xff, 0xff,
    0xff, 0xfe, 0x0, 0x0, 0x7f, 0xf6, 0x0, 0x99,
    0x99, 0x99, 0x99, 0x80, 0x0, 0x6f, 0xfd, 0x0,
    0x0, 0x0, 0x0, 0x0, 0x0, 0x0, 0xaf, 0xff,
    0x30, 0x0, 0x0, 0x0, 0x0, 0x0, 0x0, 0xf,
    0xff, 0x6b, 0xc8, 0x0, 0x0, 0x0, 0x0, 0x0,
    0x0, 0xff, 0x65, 0xff, 0x5c, 0xff, 0xff, 0xff,
    0xff, 0xff, 0x1c, 0x21, 0xef, 0xf1, 0xcf, 0xff,
    0xff, 0xff, 0xff, 0xf1, 0x0, 0xbf, 0xf8, 0x7,
    0x88, 0x88, 0x9f, 0xfb, 0x88, 0x1, 0xcf, 0xff,
    0x0, 0x0, 0x0, 0x2, 0xff, 0x70, 0x0, 0xef,
    0xff, 0xe0, 0x0, 0x0, 0x0, 0x2f, 0xf7, 0x0,
    0xf, 0xff, 0xfe, 0x0, 0x0, 0x0, 0x2, 0xff,
    0x70, 0x0, 0xe7, 0xbf, 0xe0, 0x0, 0x0, 0x0,
    0x2f, 0xf7, 0x0, 0x1, 0xa, 0xfe, 0x0, 0x0,
    0x0, 0x2, 0xff, 0x70, 0x0, 0x0, 0xaf, 0xe0,
    0x0, 0x0, 0x0, 0x2f, 0xf7, 0x0, 0x0, 0xa,
    0xfe, 0x0, 0x0, 0x4, 0x9a, 0xff, 0x70, 0x0,
    0x0, 0xaf, 0xe0, 0x0, 0x0, 0x8f, 0xff, 0xf7,
    0x0, 0x0, 0xa, 0xfe, 0x0, 0x0, 0x8, 0xff,
    0xff, 0x70, 0x0,

    /* U+8861 "衡" */
    0x0, 0x1, 0x21, 0x0, 0x0, 0x0, 0x0, 0x0,
    0x0, 0x0, 0x0, 0xd, 0xf6, 0xe, 0xff, 0xff,
    0xf4, 0xbf, 0xff, 0xa0, 0x0, 0x7f, 0xf2, 0xaf,
    0xff, 0xff, 0xd0, 0xbf, 0xff, 0xa0, 0x5, 0xff,
    0xa9, 0xff, 0x75, 0xef, 0x61, 0x69, 0x99, 0x60,
    0x5f, 0xff, 0x2a, 0xff, 0xff, 0xff, 0xfb, 0x0,
    0x0, 0x0, 0x6f, 0xf6, 0x5, 0xff, 0xff, 0xff,
    0xfb, 0x0, 0x0, 0x0, 0x6f, 0x84, 0xff, 0xfe,
    0x4f, 0xb7, 0xfb, 0x44, 0x44, 0x40, 0x66, 0xc,
    0xfd, 0xfe, 0x9f, 0xdb, 0xfb, 0xff, 0xff, 0xf1,
    0x0, 0x6f, 0xf7, 0xff, 0xff, 0xff, 0xfb, 0xff,
    0xff, 0xf1, 0x3, 0xff, 0xd3, 0xfd, 0x2f, 0xa6,
    0xfb, 0x47, 0xff, 0x60, 0x3f, 0xff, 0x83, 0xff,
    0xdf, 0xee, 0xfb, 0x4, 0xff, 0x20, 0x6f, 0xff,
    0x83, 0xff, 0xff, 0xff, 0xfb, 0x4, 0xff, 0x20,
    0x6f, 0xff, 0x80, 0x33, 0xbf, 0xf3, 0x32, 0x4,
    0xff, 0x20, 0x32, 0xef, 0x8a, 0xff, 0xff, 0xff,
    0xff, 0x24, 0xff, 0x20, 0x0, 0xef, 0x8b, 0xff,
    0xff, 0xff, 0xff, 0x24, 0xff, 0x20, 0x0, 0xef,
    0x84, 0x8f, 0xfb, 0xff, 0x96, 0x4, 0xff, 0x20,
    0x0, 0xef, 0x80, 0x9f, 0xf0, 0xef, 0x90, 0x7b,
    0xff, 0x20, 0x0, 0xef, 0x81, 0xff, 0x90, 0x8f,
    0xf2, 0xcf, 0xff, 0x20, 0x0, 0xef, 0x89, 0xff,
    0x10, 0x1e, 0xfb, 0xcf, 0xff, 0x20,

    /* U+8865 "补" */
    0x0, 0x1f, 0xf7, 0x0, 0x0, 0xd, 0xea, 0x0,
    0x0, 0x0, 0x1, 0xff, 0x70, 0x0, 0x0, 0xef,
    0xb0, 0x0, 0x0, 0x39, 0x9f, 0xfc, 0x92, 0x0,
    0xe, 0xfb, 0x0, 0x0, 0x7, 0xff, 0xff, 0xff,
    0x0, 0x0, 0xef, 0xb0, 0x0, 0x0, 0x6f, 0xff,
    0xff, 0xc0, 0x0, 0xe, 0xfb, 0x0, 0x0, 0x0,
    0x0, 0xe, 0xf7, 0x0, 0x0, 0xef, 0xb0, 0x0,
    0x0, 0x0, 0x5, 0xff, 0x5f, 0x90, 0xe, 0xff,
    0xd7, 0x10, 0x0, 0x0, 0xcf, 0xc9, 0xf2, 0x0,
    0xef, 0xff, 0xff, 0xa1, 0x0, 0x4f, 0xfd, 0x97,
    0x0, 0xe, 0xfe, 0xef, 0xff, 0x30, 0xc, 0xff,
    0xff, 0x70, 0x0, 0xef, 0xb0, 0x6d, 0xf3, 0x5,
    0xff, 0xff, 0xff, 0x10, 0xe, 0xfb, 0x0, 0x4,
    0x10, 0xef, 0xff, 0xdb, 0xf1, 0x0, 0xef, 0xb0,
    0x0, 0x0, 0x1, 0x1d, 0xfb, 0x4, 0x0, 0xe,
    0xfb, 0x0, 0x0, 0x0, 0x0, 0xdf, 0xb0, 0x0,
    0x0, 0xef, 0xb0, 0x0, 0x0, 0x0, 0xd, 0xfb,
    0x0, 0x0, 0xe, 0xfb, 0x0, 0x0, 0x0, 0x0,
    0xdf, 0xb0, 0x0, 0x0, 0xef, 0xb0, 0x0, 0x0,
    0x0, 0xd, 0xfb, 0x0, 0x0, 0xe, 0xfb, 0x0,
    0x0, 0x0, 0x0, 0xdf, 0xb0, 0x0, 0x0, 0xef,
    0xb0, 0x0, 0x0,

    /* U+8868 "表" */
    0x9, 0xff, 0xff, 0xff, 0xff, 0xff, 0xff, 0xff,
    0xff, 0x90, 0x9f, 0xff, 0xff, 0xff, 0xff, 0xff,
    0xff, 0xff, 0xf9, 0x1, 0x33, 0x33, 0x33, 0x7f,
    0xf7, 0x33, 0x33, 0x33, 0x10, 0x7, 0x99, 0x99,
    0x9b, 0xff, 0xb9, 0x99, 0x99, 0x70, 0x0, 0xdf,
    0xff, 0xff, 0xff, 0xff, 0xff, 0xff, 0xfd, 0x0,
    0xa, 0xdd, 0xdd, 0xde, 0xff, 0xed, 0xdd, 0xdd,
    0xa0, 0x0, 0x0, 0x0, 0x0, 0x5f, 0xf5, 0x0,
    0x0, 0x0, 0x0, 0xff, 0xff, 0xff, 0xff, 0xff,
    0xff, 0xff, 0xff, 0xff, 0xf, 0xff, 0xff, 0xff,
    0xff, 0xff, 0xff, 0xff, 0xff, 0xf0, 0x55, 0x55,
    0xbf, 0xf6, 0x56, 0x55, 0x55, 0x55, 0x55, 0x0,
    0x0, 0x9, 0xff, 0x10, 0xb4, 0x0, 0xb, 0xec,
    0x0, 0x0, 0x1a, 0xff, 0xf1, 0xd, 0xf7, 0x6,
    0xff, 0x40, 0x0, 0x6e, 0xff, 0xff, 0x10, 0xdf,
    0xfc, 0xff, 0xa0, 0x1, 0xef, 0xff, 0xff, 0xf1,
    0x3, 0xef, 0xff, 0xf4, 0x0, 0x3f, 0xfd, 0x48,
    0xff, 0x10, 0x0, 0x9f, 0xff, 0xfc, 0x63, 0xe6,
    0x0, 0x8f, 0xf9, 0x92, 0x0, 0x2b, 0xff, 0xff,
    0x0, 0x0, 0x8, 0xff, 0xff, 0x50, 0x0, 0x2,
    0x8e, 0xf0, 0x0, 0x0, 0x8f, 0xff, 0xf5, 0x0,
    0x0, 0x0, 0x3,

    /* U+886C "衬" */
    0x0, 0x1, 0x10, 0x0, 0x0, 0x0, 0x0, 0x0,
    0x0, 0x0, 0x0, 0x1f, 0xf8, 0x0, 0x0, 0x0,
    0x0, 0x9, 0xff, 0x10, 0x0, 0x1f, 0xf8, 0x0,
    0x0, 0x0, 0x0, 0x9, 0xff, 0x10, 0x2b, 0xbf,
    0xfd, 0xb6, 0x7, 0xaa, 0xaa, 0xad, 0xff, 0xa1,
    0x4f, 0xff, 0xff, 0xf5, 0xa, 0xff, 0xff, 0xff,
    0xff, 0xf1, 0x3d, 0xdd, 0xef, 0xf1, 0xa, 0xff,
    0xff, 0xff, 0xff, 0xf1, 0x0, 0x0, 0xdf, 0xc0,
    0x0, 0x0, 0x0, 0x9, 0xff, 0x10, 0x0, 0x3,
    0xff, 0x7c, 0x90, 0x0, 0x0, 0x9, 0xff, 0x10,
    0x0, 0xb, 0xff, 0x6f, 0x70, 0xef, 0xb0, 0x9,
    0xff, 0x10, 0x0, 0x3f, 0xff, 0x8c, 0x20, 0xaf,
    0xf0, 0x9, 0xff, 0x10, 0x0, 0xbf, 0xff, 0xf8,
    0x10, 0x5f, 0xf3, 0x9, 0xff, 0x10, 0x5, 0xff,
    0xff, 0xff, 0x80, 0x1f, 0xf7, 0x9, 0xff, 0x10,
    0xd, 0xff, 0xff, 0x8f, 0x80, 0xd, 0xfb, 0x9,
    0xff, 0x0, 0x0, 0xa, 0xff, 0x1, 0x30, 0x8,
    0xed, 0x9, 0xff, 0x0, 0x0, 0xa, 0xff, 0x0,
    0x0, 0x0, 0x0, 0x9, 0xff, 0x0, 0x0, 0xa,
    0xff, 0x0, 0x0, 0x0, 0x0, 0x9, 0xff, 0x0,
    0x0, 0xa, 0xff, 0x0, 0x0, 0x0, 0x29, 0x9d,
    0xff, 0x0, 0x0, 0xa, 0xff, 0x0, 0x0, 0x0,
    0x4f, 0xff, 0xff, 0x0, 0x0, 0xa, 0xff, 0x0,
    0x0, 0x0, 0x4f, 0xff, 0xff, 0x0,

    /* U+88C1 "裁" */
    0x18, 0x88, 0xdf, 0xf8, 0x88, 0xf, 0xf9, 0xbf,
    0xb0, 0x3, 0xff, 0xff, 0xff, 0xff, 0xf0, 0xff,
    0x96, 0xff, 0x10, 0x2e, 0xee, 0xff, 0xfe, 0xee,
    0xf, 0xf9, 0x1f, 0xf5, 0x0, 0x0, 0xa, 0xfe,
    0x0, 0x0, 0xff, 0x90, 0x67, 0x40, 0x77, 0x77,
    0xdf, 0xe7, 0x77, 0x7f, 0xfc, 0x77, 0x77, 0xf,
    0xff, 0xff, 0xff, 0xff, 0xff, 0xff, 0xff, 0xff,
    0xf0, 0xff, 0xff, 0xff, 0xff, 0xff, 0xff, 0xff,
    0xff, 0xff, 0x0, 0x0, 0x9, 0xec, 0x0, 0x0,
    0xef, 0x90, 0x0, 0x0, 0xef, 0xff, 0xff, 0xff,
    0xff, 0x5d, 0xfa, 0x6, 0xfc, 0xf, 0xff, 0xff,
    0xff, 0xff, 0xf5, 0xbf, 0xc0, 0xcf, 0x80, 0x44,
    0x6f, 0xfa, 0x44, 0x66, 0x29, 0xff, 0x3f, 0xf3,
    0x0, 0xb, 0xff, 0x30, 0x3f, 0xf3, 0x4f, 0xfe,
    0xfc, 0x0, 0x2c, 0xff, 0xff, 0xbc, 0xfc, 0x0,
    0xef, 0xff, 0x40, 0xf, 0xff, 0xff, 0xff, 0xff,
    0xa0, 0x8, 0xff, 0xd0, 0x0, 0xff, 0xff, 0x75,
    0xcf, 0xff, 0x16, 0xff, 0xff, 0xa1, 0x7, 0x1f,
    0xf8, 0x32, 0x29, 0xed, 0xff, 0xff, 0xff, 0xe1,
    0x0, 0xff, 0xff, 0xa0, 0x8, 0xff, 0xc2, 0x3d,
    0xff, 0x10, 0xf, 0xff, 0xfa, 0x0, 0x8c, 0x50,
    0x0, 0x18, 0xe1, 0x0, 0x0, 0x0, 0x0, 0x0,
    0x0, 0x0, 0x0, 0x0, 0x0,

    /* U+8981 "要" */
    0xc, 0xff, 0xff, 0xff, 0xff, 0xff, 0xff, 0xff,
    0xff, 0xc0, 0xc, 0xff, 0xff, 0xff, 0xff, 0xff,
    0xff, 0xff, 0xff, 0xc0, 0x5, 0x66, 0x66, 0xbf,
    0xf6, 0x6f, 0xfb, 0x66, 0x66, 0x50, 0x0, 0x33,
    0x33, 0x9f, 0xf3, 0x3f, 0xf9, 0x33, 0x33, 0x0,
    0x0, 0xff, 0xff, 0xff, 0xff, 0xff, 0xff, 0xff,
    0xff, 0x0, 0x0, 0xff, 0xff, 0xff, 0xff, 0xff,
    0xff, 0xff, 0xff, 0x0, 0x0, 0xff, 0x80, 0x6f,
    0xf0, 0xf, 0xf6, 0x8, 0xff, 0x0, 0x0, 0xff,
    0xff, 0xff, 0xff, 0xff, 0xff, 0xff, 0xff, 0x0,
    0x0, 0xff, 0xff, 0xff, 0xff, 0xff, 0xff, 0xff,
    0xff, 0x0, 0x0, 0x0, 0x0, 0x2e, 0xff, 0x50,
    0x0, 0x0, 0x0, 0x0, 0x2f, 0xff, 0xff, 0xff,
    0xff, 0xff, 0xff, 0xff, 0xff, 0xf2, 0x2f, 0xff,
    0xff, 0xff, 0xff, 0xff, 0xff, 0xff, 0xff, 0xf2,
    0x5, 0x55, 0x8f, 0xff, 0x65, 0x55, 0x6e, 0xff,
    0x85, 0x50, 0x0, 0x0, 0xdf, 0xff, 0xa6, 0x21,
    0xbf, 0xfa, 0x0, 0x0, 0x0, 0x4, 0xcf, 0xff,
    0xff, 0xff, 0xff, 0xd0, 0x0, 0x0, 0x2, 0x55,
    0x57, 0xcf, 0xff, 0xff, 0xff, 0xff, 0xb7, 0x20,
    0x9, 0xff, 0xff, 0xff, 0xff, 0xe9, 0xae, 0xff,
    0xff, 0x90, 0x9, 0xff, 0xed, 0xb9, 0x63, 0x0,
    0x0, 0x26, 0x9d, 0x90, 0x0, 0x0, 0x0, 0x0,
    0x0, 0x0, 0x0, 0x0, 0x0, 0x0,

    /* U+8986 "覆" */
    0xe, 0xff, 0xff, 0xff, 0xff, 0xff, 0xff, 0xff,
    0xff, 0xd0, 0xce, 0xee, 0xef, 0xff, 0xee, 0xff,
    0xee, 0xee, 0xeb, 0x0, 0xdd, 0xdd, 0xef, 0xfd,
    0xdf, 0xfe, 0xdd, 0xdc, 0x0, 0xf, 0xfb, 0x6a,
    0xff, 0x66, 0xff, 0x96, 0xcf, 0xe0, 0x0, 0xff,
    0xfe, 0xef, 0xfe, 0xef, 0xfe, 0xef, 0xfe, 0x0,
    0x9, 0x9a, 0xaa, 0x99, 0x99, 0x99, 0x99, 0x99,
    0x80, 0x0, 0x4, 0xff, 0x30, 0xaf, 0xff, 0xff,
    0xff, 0xff, 0x90, 0x2, 0xef, 0xc3, 0xef, 0xeb,
    0xbb, 0xbb, 0xbb, 0xb6, 0x5, 0xef, 0xf2, 0x4f,
    0xff, 0xee, 0xee, 0xee, 0xee, 0x13, 0xff, 0xf7,
    0x77, 0x6f, 0xf9, 0x77, 0x77, 0xbf, 0xf1, 0x3f,
    0xd4, 0xef, 0x85, 0xff, 0xff, 0xff, 0xff, 0xff,
    0x12, 0x62, 0xdf, 0xe1, 0x5f, 0xf9, 0x88, 0x88,
    0xbf, 0xf1, 0x7, 0xff, 0xf4, 0x3, 0xaa, 0xaa,
    0xaa, 0xaa, 0xaa, 0x3, 0xff, 0xff, 0x10, 0x3d,
    0xff, 0xff, 0xff, 0xff, 0xf3, 0x3f, 0xef, 0xf1,
    0x6f, 0xff, 0xf8, 0x77, 0xbf, 0xf8, 0x1, 0x36,
    0xff, 0x15, 0xa4, 0xbf, 0xfa, 0xdf, 0xf6, 0x0,
    0x0, 0x6f, 0xf1, 0x3a, 0xce, 0xff, 0xff, 0xff,
    0xdb, 0x80, 0x6, 0xff, 0x17, 0xff, 0xda, 0x63,
    0x48, 0xbe, 0xff, 0x0, 0x0, 0x0, 0x11, 0x0,
    0x0, 0x0, 0x0, 0x0, 0x20,

    /* U+89C1 "见" */
    0x0, 0x1f, 0xff, 0xff, 0xff, 0xff, 0xff, 0xff,
    0xf7, 0x0, 0x0, 0x1f, 0xff, 0xff, 0xff, 0xff,
    0xff, 0xff, 0xf7, 0x0, 0x0, 0x1f, 0xfc, 0x99,
    0x99, 0x99, 0x99, 0x9f, 0xf7, 0x0, 0x0, 0x1f,
    0xf7, 0x0, 0x0, 0x0, 0x0, 0x1f, 0xf7, 0x0,
    0x0, 0x1f, 0xf7, 0x0, 0x4, 0x42, 0x0, 0x1f,
    0xf7, 0x0, 0x0, 0x1f, 0xf7, 0x0, 0x1f, 0xf7,
    0x0, 0x1f, 0xf7, 0x0, 0x0, 0x1f, 0xf7, 0x0,
    0x1f, 0xf7, 0x0, 0x1f, 0xf7, 0x0, 0x0, 0x1f,
    0xf7, 0x0, 0x1f, 0xf7, 0x0, 0x1f, 0xf7, 0x0,
    0x0, 0x1f, 0xf7, 0x0, 0x2f, 0xf6, 0x0, 0x1f,
    0xf7, 0x0, 0x0, 0x1f, 0xf7, 0x0, 0x5f, 0xf4,
    0x0, 0x1f, 0xf7, 0x0, 0x0, 0x1f, 0xf7, 0x0,
    0xaf, 0xf4, 0x31, 0x1f, 0xf7, 0x0, 0x0, 0x1f,
    0xf7, 0x2, 0xff, 0xdf, 0xf6, 0x1f, 0xf7, 0x0,
    0x0, 0x2, 0x21, 0xd, 0xff, 0x6f, 0xf6, 0x2,
    0x21, 0x0, 0x0, 0x0, 0x1, 0xcf, 0xfa, 0x2f,
    0xf6, 0x0, 0x0, 0x0, 0x0, 0x0, 0x7f, 0xff,
    0xc0, 0x2f, 0xf6, 0x0, 0x0, 0x0, 0x4, 0x9f,
    0xff, 0xfb, 0x10, 0x2f, 0xfc, 0x99, 0x99, 0x93,
    0xf, 0xff, 0xff, 0x70, 0x0, 0x2f, 0xff, 0xff,
    0xff, 0xf6, 0xf, 0xfd, 0x71, 0x0, 0x0, 0x2f,
    0xff, 0xff, 0xff, 0xf6, 0x7, 0x20, 0x0, 0x0,
    0x0, 0x0, 0x0, 0x0, 0x0, 0x0,

    /* U+89C6 "视" */
    0x0, 0xe, 0xfa, 0x0, 0xef, 0xff, 0xff, 0xff,
    0xff, 0x40, 0x0, 0xe, 0xfa, 0x0, 0xef, 0xff,
    0xff, 0xff, 0xff, 0x40, 0x4f, 0xff, 0xff, 0xf8,
    0xef, 0xc9, 0x99, 0x9a, 0xff, 0x40, 0x4f, 0xff,
    0xff, 0xf5, 0xef, 0x70, 0x33, 0x12, 0xff, 0x40,
    0x28, 0x88, 0xdf, 0xf1, 0xef, 0x70, 0xff, 0x62,
    0xff, 0x40, 0x0, 0x1, 0xff, 0xc0, 0xef, 0x70,
    0xff, 0x62, 0xff, 0x40, 0x0, 0x7, 0xff, 0x60,
    0xef, 0x70, 0xff, 0x62, 0xff, 0x40, 0x0, 0xe,
    0xff, 0x10, 0xef, 0x70, 0xff, 0x52, 0xff, 0x40,
    0x0, 0x8f, 0xff, 0x60, 0xef, 0x70, 0xff, 0x52,
    0xff, 0x40, 0x2, 0xff, 0xff, 0xfa, 0xef, 0x71,
    0xff, 0x32, 0xff, 0x40, 0xc, 0xff, 0xff, 0xfb,
    0xef, 0x72, 0xff, 0x22, 0xff, 0x40, 0x5b, 0xbf,
    0xfb, 0x26, 0x9a, 0x56, 0xff, 0x1, 0xaa, 0x20,
    0x0, 0xe, 0xfb, 0x0, 0x0, 0xb, 0xfc, 0x44,
    0x0, 0x0, 0x0, 0xe, 0xfb, 0x0, 0x0, 0x1f,
    0xf8, 0xff, 0x20, 0x0, 0x0, 0xe, 0xfb, 0x0,
    0x0, 0x9f, 0xf3, 0xff, 0x20, 0x0, 0x0, 0xe,
    0xfb, 0x0, 0x3, 0xff, 0x81, 0xff, 0x87, 0x71,
    0x0, 0xe, 0xfb, 0x0, 0x1e, 0xfe, 0x1, 0xff,
    0xff, 0xf3, 0x0, 0xe, 0xfb, 0x0, 0xcf, 0xf4,
    0x1, 0xff, 0xff, 0xf3,

    /* U+89C8 "览" */
    0x9f, 0xe0, 0x8f, 0xf1, 0x0, 0x9f, 0xff, 0xff,
    0xf9, 0x9f, 0xe0, 0x8f, 0xf1, 0x4, 0xff, 0xff,
    0xff, 0xf9, 0x9f, 0xe0, 0x8f, 0xf1, 0x4f, 0xfc,
    0x25, 0x50, 0x0, 0x9f, 0xe0, 0x8f, 0xf4, 0xff,
    0xf3, 0x2f, 0xf4, 0x0, 0x9f, 0xe0, 0x8f, 0xf4,
    0xff, 0x50, 0xe, 0xf9, 0x0, 0x58, 0x70, 0x8f,
    0xf4, 0xe4, 0x0, 0x9, 0xfe, 0x0, 0x0, 0x0,
    0x6c, 0xc1, 0x0, 0x0, 0x3, 0x88, 0x10, 0x3,
    0xff, 0xff, 0xff, 0xff, 0xff, 0xff, 0xff, 0x10,
    0x3, 0xff, 0xff, 0xff, 0xff, 0xff, 0xff, 0xff,
    0x10, 0x3, 0xff, 0x84, 0x44, 0x44, 0x44, 0x4a,
    0xff, 0x10, 0x3, 0xff, 0x50, 0x0, 0xbc, 0xa0,
    0x8, 0xff, 0x10, 0x3, 0xff, 0x50, 0x6, 0xff,
    0x80, 0x8, 0xff, 0x10, 0x3, 0xff, 0x50, 0x2f,
    0xff, 0x10, 0x8, 0xff, 0x10, 0x1, 0x77, 0x23,
    0xef, 0xfb, 0x99, 0x3, 0x77, 0x0, 0x0, 0x1,
    0x8f, 0xff, 0x78, 0xff, 0x10, 0x0, 0x0, 0x68,
    0xcf, 0xff, 0xf7, 0x8, 0xff, 0x88, 0x88, 0x88,
    0xff, 0xff, 0xfc, 0x20, 0x8, 0xff, 0xff, 0xff,
    0xff, 0xff, 0xc8, 0x30, 0x0, 0x8, 0xff, 0xff,
    0xff, 0xff, 0x10, 0x0, 0x0, 0x0, 0x0, 0x0,
    0x0, 0x0, 0x0,

    /* U+89C9 "觉" */
    0x0, 0xf, 0xfc, 0x0, 0xbf, 0xf0, 0x0, 0xef,
    0xc0, 0x0, 0x0, 0x1a, 0xff, 0x21, 0x6f, 0xf6,
    0x14, 0xff, 0x71, 0x0, 0xe, 0xff, 0xff, 0xff,
    0xff, 0xff, 0xff, 0xff, 0xff, 0xe0, 0xe, 0xff,
    0xff, 0xff, 0xff, 0xff, 0xff, 0xff, 0xff, 0xe0,
    0xe, 0xfb, 0x0, 0x0, 0x0, 0x0, 0x0, 0x0,
    0xef, 0xe0, 0xb, 0xdd, 0x66, 0x66, 0x66, 0x66,
    0x66, 0x66, 0xed, 0xb0, 0x0, 0x4f, 0xff, 0xff,
    0xff, 0xff, 0xff, 0xff, 0xf1, 0x0, 0x0, 0x4f,
    0xff, 0xff, 0xff, 0xff, 0xff, 0xff, 0xf1, 0x0,
    0x0, 0x4f, 0xf5, 0x11, 0x24, 0x41, 0x11, 0x8f,
    0xf1, 0x0, 0x0, 0x4f, 0xf4, 0x0, 0x6f, 0xf2,
    0x0, 0x8f, 0xf1, 0x0, 0x0, 0x4f, 0xf4, 0x0,
    0x9f, 0xf1, 0x0, 0x8f, 0xf1, 0x0, 0x0, 0x4f,
    0xf4, 0x0, 0xef, 0xc0, 0x0, 0x8f, 0xf1, 0x0,
    0x0, 0x4f, 0xf4, 0x8, 0xff, 0xb7, 0x70, 0x8f,
    0xf1, 0x0, 0x0, 0x16, 0x62, 0x9f, 0xfe, 0x9f,
    0xf0, 0x36, 0x60, 0x0, 0x0, 0x0, 0x6d, 0xff,
    0xf3, 0x8f, 0xf0, 0x0, 0x0, 0x0, 0x7, 0xbf,
    0xff, 0xfd, 0x30, 0x8f, 0xf8, 0x88, 0x88, 0x82,
    0xf, 0xff, 0xff, 0x80, 0x0, 0x8f, 0xff, 0xff,
    0xff, 0xf4, 0xf, 0xfb, 0x60, 0x0, 0x0, 0x8f,
    0xff, 0xff, 0xff, 0xf4, 0x3, 0x0, 0x0, 0x0,
    0x0, 0x0, 0x0, 0x0, 0x0, 0x0,

    /* U+89E3 "解" */
    0x0, 0xc, 0xff, 0xff, 0xfd, 0x6e, 0xee, 0xee,
    0xee, 0x90, 0x0, 0x4f, 0xff, 0xff, 0xf9, 0x7f,
    0xff, 0xff, 0xff, 0xa0, 0x2, 0xef, 0xc5, 0x7f,
    0xf4, 0x38, 0xff, 0xa8, 0xef, 0x90, 0xd, 0xff,
    0x63, 0x9f, 0xf3, 0x4, 0xff, 0x20, 0xcf, 0x90,
    0xe, 0xff, 0xff, 0xff, 0xff, 0xa, 0xfe, 0x14,
    0xdf, 0x90, 0x9, 0xff, 0xff, 0xff, 0xff, 0x2f,
    0xf7, 0x4f, 0xff, 0x80, 0x4, 0xff, 0x1f, 0xc3,
    0xff, 0xbf, 0xe0, 0x4f, 0xff, 0x80, 0x4, 0xff,
    0x1f, 0xc3, 0xff, 0x16, 0x60, 0xcd, 0x50, 0x0,
    0x4, 0xff, 0xdf, 0xfe, 0xff, 0x2f, 0xf4, 0xff,
    0x84, 0x30, 0x4, 0xff, 0xff, 0xff, 0xff, 0x4f,
    0xff, 0xff, 0xff, 0xe0, 0x4, 0xff, 0x6f, 0xd8,
    0xff, 0x6f, 0xff, 0xff, 0xff, 0xe0, 0x4, 0xfe,
    0x1f, 0xc3, 0xff, 0xaf, 0x91, 0xff, 0x61, 0x0,
    0x5, 0xff, 0x9f, 0xeb, 0xff, 0x79, 0x30, 0xff,
    0x60, 0x0, 0x6, 0xff, 0xff, 0xff, 0xff, 0xaf,
    0xff, 0xff, 0xff, 0xf3, 0x8, 0xfd, 0xaf, 0xeb,
    0xff, 0xbf, 0xff, 0xff, 0xff, 0xf3, 0xb, 0xf9,
    0x3f, 0xc3, 0xff, 0x46, 0x66, 0xff, 0xa6, 0x61,
    0xe, 0xf7, 0x3f, 0xc3, 0xff, 0x0, 0x0, 0xff,
    0x60, 0x0, 0x2f, 0xf4, 0x3f, 0xc3, 0xff, 0x0,
    0x0, 0xff, 0x60, 0x0, 0x0, 0x0, 0x0, 0x0,
    0x0, 0x0, 0x0, 0x0, 0x0, 0x0,

    /* U+8BA1 "计" */
    0x0, 0xaf, 0xf1, 0x0, 0x0, 0x0, 0xaf, 0xf1,
    0x0, 0x0, 0x0, 0x5f, 0xf6, 0x0, 0x0, 0x0,
    0xaf, 0xf1, 0x0, 0x0, 0x0, 0xf, 0xfc, 0x0,
    0x0, 0x0, 0xaf, 0xf1, 0x0, 0x0, 0x0, 0xb,
    0xff, 0x10, 0x0, 0x0, 0xaf, 0xf1, 0x0, 0x0,
    0x0, 0x2, 0x55, 0x10, 0x0, 0x0, 0xaf, 0xf1,
    0x0, 0x0, 0x4, 0x44, 0x42, 0x0, 0x0, 0x0,
    0xaf, 0xf1, 0x0, 0x0, 0x2f, 0xff, 0xf9, 0x2,
    0xaa, 0xaa, 0xef, 0xfb, 0xaa, 0xa7, 0x2f, 0xff,
    0xf9, 0x3, 0xff, 0xff, 0xff, 0xff, 0xff, 0xfc,
    0x5, 0x6f, 0xf9, 0x3, 0xff, 0xff, 0xff, 0xff,
    0xff, 0xfc, 0x0, 0x1f, 0xf9, 0x0, 0x0, 0x0,
    0x9f, 0xf1, 0x0, 0x0, 0x0, 0x1f, 0xf9, 0x0,
    0x0, 0x0, 0x9f, 0xf1, 0x0, 0x0, 0x0, 0x1f,
    0xf9, 0x0, 0x0, 0x0, 0x9f, 0xf1, 0x0, 0x0,
    0x0, 0x1f, 0xf9, 0x0, 0x0, 0x0, 0x9f, 0xf1,
    0x0, 0x0, 0x0, 0x1f, 0xf9, 0x27, 0x0, 0x0,
    0x9f, 0xf1, 0x0, 0x0, 0x0, 0x1f, 0xff, 0xff,
    0x10, 0x0, 0x9f, 0xf1, 0x0, 0x0, 0x0, 0x1f,
    0xff, 0xff, 0x10, 0x0, 0x9f, 0xf1, 0x0, 0x0,
    0x0, 0x1f, 0xff, 0xc7, 0x0, 0x0, 0x9f, 0xf1,
    0x0, 0x0, 0x0, 0xa, 0x51, 0x0, 0x0, 0x0,
    0x9f, 0xf1, 0x0, 0x0,

    /* U+8BA4 "认" */
    0x0, 0xef, 0xb0, 0x0, 0x0, 0x3, 0xff, 0x60,
    0x0, 0x0, 0x0, 0xaf, 0xf1, 0x0, 0x0, 0x3,
    0xff, 0x60, 0x0, 0x0, 0x0, 0x5f, 0xf5, 0x0,
    0x0, 0x3, 0xff, 0x60, 0x0, 0x0, 0x0, 0xf,
    0xfa, 0x0, 0x0, 0x3, 0xff, 0x60, 0x0, 0x0,
    0x0, 0x5, 0x65, 0x0, 0x0, 0x3, 0xff, 0x60,
    0x0, 0x0, 0x1, 0x11, 0x10, 0x0, 0x0, 0x3,
    0xff, 0x70, 0x0, 0x0, 0x8f, 0xff, 0xf1, 0x0,
    0x0, 0x4, 0xff, 0x80, 0x0, 0x0, 0x8f, 0xff,
    0xf1, 0x0, 0x0, 0x6, 0xff, 0xa0, 0x0, 0x0,
    0x49, 0xdf, 0xf1, 0x0, 0x0, 0xa, 0xff, 0xd0,
    0x0, 0x0, 0x0, 0x9f, 0xf1, 0x0, 0x0, 0xd,
    0xff, 0xf1, 0x0, 0x0, 0x0, 0x9f, 0xf1, 0x0,
    0x0, 0x3f, 0xff, 0xf6, 0x0, 0x0, 0x0, 0x9f,
    0xf1, 0x0, 0x0, 0xaf, 0xfe, 0xfd, 0x0, 0x0,
    0x0, 0x9f, 0xf1, 0x0, 0x3, 0xff, 0xa6, 0xff,
    0x60, 0x0, 0x0, 0x9f, 0xf3, 0x60, 0x1e, 0xff,
    0x20, 0xef, 0xf3, 0x0, 0x0, 0x9f, 0xff, 0xc2,
    0xdf, 0xf7, 0x0, 0x4f, 0xff, 0x40, 0x0, 0x9f,
    0xff, 0xcf, 0xff, 0xb0, 0x0, 0x8, 0xff, 0xf2,
    0x0, 0x9f, 0xfd, 0x5f, 0xfb, 0x0, 0x0, 0x0,
    0x8f, 0xf3, 0x0, 0x9b, 0x40, 0xf, 0x80, 0x0,
    0x0, 0x0, 0x6, 0xe3, 0x0, 0x0, 0x0, 0x2,
    0x0, 0x0, 0x0, 0x0, 0x0, 0x11,

    /* U+8BAE "议" */
    0x5, 0xff, 0x60, 0x0, 0x0, 0xf, 0xf8, 0x0,
    0x0, 0x0, 0xf, 0xfb, 0x0, 0x68, 0x60, 0xcf,
    0xc0, 0x38, 0x81, 0x0, 0xaf, 0xf0, 0xb, 0xff,
    0x8, 0xff, 0x9, 0xff, 0x10, 0x5, 0xff, 0x50,
    0x9f, 0xf1, 0x5f, 0xf2, 0xbf, 0xf0, 0x0, 0x5,
    0x53, 0x7, 0xff, 0x40, 0x22, 0xe, 0xfd, 0x0,
    0x11, 0x11, 0x0, 0x3f, 0xf8, 0x0, 0x2, 0xff,
    0xa0, 0x7f, 0xff, 0xf1, 0x0, 0xff, 0xc0, 0x0,
    0x6f, 0xf6, 0x7, 0xff, 0xff, 0x10, 0xb, 0xff,
    0x10, 0xb, 0xff, 0x10, 0x49, 0xdf, 0xf1, 0x0,
    0x5f, 0xf8, 0x2, 0xff, 0xc0, 0x0, 0x9, 0xff,
    0x10, 0x0, 0xef, 0xe1, 0xaf, 0xf5, 0x0, 0x0,
    0x9f, 0xf1, 0x0, 0x7, 0xff, 0xbf, 0xfd, 0x0,
    0x0, 0x9, 0xff, 0x10, 0x0, 0xd, 0xff, 0xff,
    0x40, 0x0, 0x0, 0x9f, 0xf1, 0x0, 0x0, 0x5f,
    0xff, 0xb0, 0x0, 0x0, 0x9, 0xff, 0x11, 0x0,
    0x3e, 0xff, 0xff, 0x80, 0x0, 0x0, 0x9f, 0xff,
    0x51, 0x9f, 0xff, 0xef, 0xff, 0xd4, 0x0, 0x9,
    0xff, 0xfa, 0xff, 0xff, 0xb0, 0x6f, 0xff, 0xfc,
    0x0, 0x9f, 0xff, 0xbf, 0xff, 0x60, 0x0, 0x2c,
    0xff, 0xf0, 0x9, 0xc6, 0x7, 0xf9, 0x10, 0x0,
    0x0, 0x5, 0xcf, 0x0, 0x0, 0x0, 0x20, 0x0,
    0x0, 0x0, 0x0, 0x0, 0x30,

    /* U+8BAF "讯" */
    0x5, 0xff, 0x60, 0x5f, 0xff, 0xff, 0xff, 0xff,
    0xfa, 0x0, 0x0, 0xff, 0xb0, 0x5f, 0xff, 0xff,
    0xff, 0xff, 0xfa, 0x0, 0x0, 0xbf, 0xf0, 0x4c,
    0xcf, 0xff, 0xcc, 0xcf, 0xfa, 0x0, 0x0, 0x6f,
    0xf5, 0x0, 0xd, 0xfb, 0x0, 0x1f, 0xfa, 0x0,
    0x0, 0x5, 0x53, 0x0, 0xd, 0xfb, 0x0, 0x1f,
    0xfa, 0x0, 0x25, 0x55, 0x50, 0x0, 0xd, 0xfb,
    0x0, 0x1f, 0xfa, 0x0, 0x8f, 0xff, 0xf1, 0x0,
    0xd, 0xfb, 0x0, 0x1f, 0xfa, 0x0, 0x8f, 0xff,
    0xf1, 0x0, 0xd, 0xfb, 0x0, 0x1f, 0xfa, 0x0,
    0x24, 0xbf, 0xf1, 0xff, 0xff, 0xff, 0xff, 0x7f,
    0xfa, 0x0, 0x0, 0x9f, 0xf1, 0xff, 0xff, 0xff,
    0xff, 0x8f, 0xfa, 0x0, 0x0, 0x9f, 0xf1, 0xaa,
    0xaf, 0xfe, 0xaa, 0x5f, 0xfb, 0x0, 0x0, 0x9f,
    0xf1, 0x0, 0xd, 0xfb, 0x0, 0xf, 0xfc, 0x0,
    0x0, 0x9f, 0xf1, 0x0, 0xd, 0xfb, 0x0, 0xe,
    0xfd, 0x0, 0x0, 0x9f, 0xf1, 0x53, 0xd, 0xfb,
    0x0, 0xd, 0xff, 0x0, 0x0, 0x9f, 0xff, 0xf5,
    0xd, 0xfb, 0x0, 0xa, 0xff, 0x30, 0x0, 0x9f,
    0xff, 0xf5, 0xd, 0xfb, 0x0, 0x6, 0xff, 0x70,
    0x0, 0x9f, 0xff, 0xb2, 0xd, 0xfb, 0x0, 0x2,
    0xff, 0xd0, 0x0, 0x8a, 0x50, 0x0, 0xd, 0xfb,
    0x0, 0x0, 0xcf, 0xf2,

    /* U+8BB0 "记" */
    0x3, 0xff, 0x80, 0x1, 0xff, 0xff, 0xff, 0xff,
    0xff, 0x0, 0xd, 0xfd, 0x0, 0x1f, 0xff, 0xff,
    0xff, 0xff, 0xf0, 0x0, 0x7f, 0xf3, 0x0, 0xaa,
    0xaa, 0xaa, 0xad, 0xff, 0x0, 0x2, 0xff, 0x80,
    0x0, 0x0, 0x0, 0x0, 0x9f, 0xf0, 0x0, 0x0,
    0x0, 0x0, 0x0, 0x0, 0x0, 0x9, 0xff, 0x3,
    0x66, 0x66, 0x0, 0x0, 0x0, 0x0, 0x0, 0x9f,
    0xf0, 0x8f, 0xff, 0xf1, 0x0, 0x89, 0x99, 0x99,
    0x9d, 0xff, 0x8, 0xff, 0xff, 0x10, 0xe, 0xff,
    0xff, 0xff, 0xff, 0xf0, 0x25, 0xbf, 0xf1, 0x0,
    0xef, 0xff, 0xff, 0xff, 0xff, 0x0, 0x9, 0xff,
    0x10, 0xe, 0xfb, 0x0, 0x0, 0x0, 0x0, 0x0,
    0x9f, 0xf1, 0x0, 0xef, 0xb0, 0x0, 0x0, 0x0,
    0x0, 0x9, 0xff, 0x10, 0xe, 0xfb, 0x0, 0x0,
    0x0, 0x0, 0x0, 0x9f, 0xf1, 0x0, 0xef, 0xb0,
    0x0, 0x0, 0x0, 0x0, 0x9, 0xff, 0x10, 0xe,
    0xfb, 0x0, 0x0, 0x9, 0xdb, 0x0, 0x9f, 0xfb,
    0xf0, 0xef, 0xb0, 0x0, 0x0, 0xbf, 0xe0, 0x9,
    0xff, 0xff, 0xe, 0xfe, 0x99, 0x99, 0x9e, 0xfe,
    0x0, 0x9f, 0xff, 0xf0, 0xef, 0xff, 0xff, 0xff,
    0xff, 0xe0, 0x9, 0xfa, 0x50, 0xe, 0xff, 0xff,
    0xff, 0xff, 0xfe, 0x0, 0x20, 0x0, 0x0, 0x0,
    0x0, 0x0, 0x0, 0x0, 0x0,

    /* U+8BB6 "讶" */
    0xb, 0xff, 0x0, 0x5f, 0xff, 0xff, 0xff, 0xff,
    0xff, 0x20, 0x5f, 0xf5, 0x5, 0xff, 0xff, 0xff,
    0xff, 0xff, 0xf2, 0x0, 0xff, 0xb0, 0x28, 0x88,
    0x88, 0x89, 0xff, 0xc8, 0x10, 0xa, 0xff, 0x10,
    0x3b, 0xb2, 0x0, 0x1f, 0xf8, 0x0, 0x0, 0x0,
    0x0, 0x8, 0xff, 0x0, 0x1, 0xff, 0x80, 0x8,
    0x88, 0x83, 0x0, 0xbf, 0xd0, 0x0, 0x1f, 0xf8,
    0x0, 0xff, 0xff, 0x70, 0xf, 0xfd, 0x77, 0x78,
    0xff, 0xc7, 0x4f, 0xff, 0xf7, 0x3, 0xff, 0xff,
    0xff, 0xff, 0xff, 0xf9, 0x23, 0xff, 0x70, 0x7f,
    0xff, 0xff, 0xff, 0xff, 0xff, 0x90, 0x1f, 0xf7,
    0x0, 0x0, 0x2f, 0xf7, 0x2f, 0xf8, 0x0, 0x1,
    0xff, 0x70, 0x0, 0x6, 0xff, 0x31, 0xff, 0x80,
    0x0, 0x1f, 0xf7, 0x0, 0x0, 0xcf, 0xe0, 0x1f,
    0xf8, 0x0, 0x1, 0xff, 0x70, 0x0, 0x3f, 0xf8,
    0x1, 0xff, 0x80, 0x0, 0x1f, 0xfa, 0x92, 0xb,
    0xff, 0x20, 0x1f, 0xf8, 0x0, 0x1, 0xff, 0xff,
    0x34, 0xff, 0xa0, 0x1, 0xff, 0x80, 0x0, 0x1f,
    0xff, 0xf3, 0xdf, 0xf2, 0x6, 0x9f, 0xf8, 0x0,
    0x1, 0xff, 0xc7, 0xaf, 0xf9, 0x0, 0xbf, 0xff,
    0x80, 0x0, 0x6, 0x10, 0x5f, 0xfe, 0x0, 0xb,
    0xff, 0xf8, 0x0,

    /* U+8BBE "设" */
    0x0, 0xbf, 0xf0, 0x0, 0xb, 0xff, 0xff, 0xff,
    0xf8, 0x0, 0x0, 0x6f, 0xf5, 0x0, 0xb, 0xff,
    0xff, 0xff, 0xf8, 0x0, 0x0, 0x1f, 0xfa, 0x0,
    0xb, 0xfe, 0xaa, 0xaf, 0xf8, 0x0, 0x0, 0xc,
    0xfe, 0x0, 0xc, 0xf9, 0x0, 0xe, 0xf8, 0x0,
    0x0, 0x2, 0x55, 0x0, 0xf, 0xf8, 0x0, 0xe,
    0xfa, 0x40, 0x4, 0x44, 0x44, 0x0, 0x3f, 0xf4,
    0x0, 0xe, 0xff, 0xf3, 0x2f, 0xff, 0xfe, 0x0,
    0xaf, 0xe0, 0x0, 0xe, 0xff, 0xf3, 0x2f, 0xff,
    0xfe, 0x0, 0x89, 0x63, 0x33, 0x34, 0x44, 0x30,
    0x5, 0x5d, 0xfe, 0x0, 0x6f, 0xff, 0xff, 0xff,
    0xff, 0x90, 0x0, 0xc, 0xfe, 0x0, 0x1f, 0xff,
    0xff, 0xff, 0xff, 0x50, 0x0, 0xc, 0xfe, 0x0,
    0xa, 0xfe, 0x0, 0xc, 0xfe, 0x0, 0x0, 0xc,
    0xfe, 0x0, 0x2, 0xff, 0x90, 0x8f, 0xf6, 0x0,
    0x0, 0xc, 0xfe, 0x0, 0x0, 0x8f, 0xfc, 0xff,
    0xb0, 0x0, 0x0, 0xc, 0xfe, 0x33, 0x0, 0xb,
    0xff, 0xfd, 0x0, 0x0, 0x0, 0xc, 0xff, 0xf6,
    0x0, 0x7f, 0xff, 0xfe, 0x60, 0x0, 0x0, 0xc,
    0xff, 0xf7, 0x9f, 0xff, 0xfb, 0xff, 0xfe, 0x80,
    0x0, 0xc, 0xff, 0xc5, 0xff, 0xfc, 0x30, 0x2b,
    0xff, 0xf0, 0x0, 0xa, 0x82, 0x2, 0xfa, 0x40,
    0x0, 0x0, 0x3a, 0xf0, 0x0, 0x0, 0x0, 0x0,
    0x0, 0x0, 0x0, 0x0, 0x0, 0x0,

    /* U+8BC4 "评" */
    0x0, 0xcf, 0xf0, 0x6, 0xff, 0xff, 0xff, 0xff,
    0xff, 0xb0, 0x0, 0x6f, 0xf4, 0x6, 0xff, 0xff,
    0xff, 0xff, 0xff, 0xb0, 0x0, 0x1f, 0xfa, 0x2,
    0x66, 0x67, 0xff, 0xa6, 0x66, 0x40, 0x0, 0xb,
    0xff, 0x0, 0x0, 0x0, 0xff, 0x60, 0x0, 0x0,
    0x0, 0x0, 0x0, 0x2, 0xff, 0x0, 0xff, 0x60,
    0xaf, 0x70, 0x28, 0x88, 0x88, 0x0, 0xef, 0x40,
    0xff, 0x60, 0xef, 0x30, 0x4f, 0xff, 0xfe, 0x0,
    0xaf, 0x70, 0xff, 0x62, 0xff, 0x0, 0x4f, 0xff,
    0xfe, 0x0, 0x7f, 0xb0, 0xff, 0x65, 0xfc, 0x0,
    0x15, 0x5d, 0xfe, 0x0, 0x3e, 0xc0, 0xff, 0x67,
    0xe8, 0x0, 0x0, 0xc, 0xfe, 0x0, 0x11, 0x11,
    0xff, 0x71, 0x11, 0x10, 0x0, 0xc, 0xfe, 0xd,
    0xff, 0xff, 0xff, 0xff, 0xff, 0xf1, 0x0, 0xc,
    0xfe, 0xd, 0xff, 0xff, 0xff, 0xff, 0xff, 0xf1,
    0x0, 0xc, 0xfe, 0x5, 0x66, 0x67, 0xff, 0xb6,
    0x66, 0x60, 0x0, 0xc, 0xfe, 0x4a, 0x20, 0x2,
    0xff, 0x70, 0x0, 0x0, 0x0, 0xc, 0xff, 0xff,
    0x20, 0x2, 0xff, 0x70, 0x0, 0x0, 0x0, 0xc,
    0xff, 0xff, 0x20, 0x2, 0xff, 0x70, 0x0, 0x0,
    0x0, 0xc, 0xff, 0xb5, 0x0, 0x2, 0xff, 0x70,
    0x0, 0x0, 0x0, 0xa, 0x81, 0x0, 0x0, 0x2,
    0xff, 0x70, 0x0, 0x0,

    /* U+8BC6 "识" */
    0x0, 0xef, 0xc0, 0x0, 0x8f, 0xff, 0xff, 0xff,
    0xff, 0x80, 0x0, 0x9f, 0xf2, 0x0, 0x8f, 0xff,
    0xff, 0xff, 0xff, 0x80, 0x0, 0x3f, 0xf8, 0x0,
    0x8f, 0xf9, 0x99, 0x9a, 0xff, 0x80, 0x0, 0xa,
    0xb9, 0x0, 0x8f, 0xf1, 0x0, 0x1, 0xff, 0x80,
    0x0, 0x0, 0x0, 0x0, 0x8f, 0xf1, 0x0, 0x1,
    0xff, 0x80, 0x5b, 0xbb, 0xb0, 0x0, 0x8f, 0xf1,
    0x0, 0x1, 0xff, 0x80, 0x7f, 0xff, 0xf1, 0x0,
    0x8f, 0xf1, 0x0, 0x1, 0xff, 0x80, 0x7f, 0xff,
    0xf1, 0x0, 0x8f, 0xf1, 0x0, 0x1, 0xff, 0x80,
    0x25, 0xbf, 0xf1, 0x0, 0x8f, 0xf9, 0x88, 0x89,
    0xff, 0x80, 0x0, 0x8f, 0xf1, 0x0, 0x8f, 0xff,
    0xff, 0xff, 0xff, 0x80, 0x0, 0x8f, 0xf1, 0x0,
    0x8f, 0xff, 0xff, 0xff, 0xff, 0x80, 0x0, 0x8f,
    0xf1, 0x0, 0x0, 0x0, 0x0, 0x0, 0x0, 0x0,
    0x0, 0x8f, 0xf1, 0x0, 0x0, 0x22, 0x0, 0x2,
    0x20, 0x0, 0x0, 0x8f, 0xf4, 0x70, 0xb, 0xff,
    0x10, 0x1f, 0xfa, 0x0, 0x0, 0x8f, 0xff, 0xd0,
    0x1f, 0xfb, 0x0, 0xc, 0xff, 0x0, 0x0, 0x8f,
    0xff, 0xd0, 0x6f, 0xf5, 0x0, 0x6, 0xff, 0x50,
    0x0, 0x8f, 0xfc, 0x50, 0xcf, 0xf0, 0x0, 0x0,
    0xff, 0xb0, 0x0, 0x79, 0x20, 0x2, 0xff, 0x90,
    0x0, 0x0, 0xaf, 0xf1,

    /* U+8BCD "词" */
    0x0, 0xaf, 0xf1, 0xc, 0xff, 0xff, 0xff, 0xff,
    0xff, 0xf1, 0x0, 0x4f, 0xf6, 0xc, 0xff, 0xff,
    0xff, 0xff, 0xff, 0xf1, 0x0, 0xe, 0xfb, 0x5,
    0x77, 0x77, 0x77, 0x77, 0xbf, 0xf1, 0x0, 0x9,
    0xff, 0x10, 0x0, 0x0, 0x0, 0x0, 0x7f, 0xf1,
    0x0, 0x0, 0x0, 0x8, 0xff, 0xff, 0xff, 0xf4,
    0x7f, 0xf1, 0x18, 0x88, 0x85, 0x8, 0xff, 0xff,
    0xff, 0xf5, 0x7f, 0xf1, 0x2f, 0xff, 0xf9, 0x2,
    0x55, 0x55, 0x55, 0x51, 0x7f, 0xf1, 0x2f, 0xff,
    0xf9, 0x0, 0x0, 0x0, 0x0, 0x0, 0x7f, 0xf1,
    0x5, 0x6f, 0xf9, 0x1, 0xff, 0xff, 0xff, 0x90,
    0x7f, 0xf1, 0x0, 0x1f, 0xf9, 0x1, 0xff, 0xff,
    0xff, 0x90, 0x7f, 0xf1, 0x0, 0x1f, 0xf9, 0x1,
    0xff, 0x74, 0xdf, 0x90, 0x7f, 0xf1, 0x0, 0x1f,
    0xf9, 0x1, 0xff, 0x40, 0xcf, 0x90, 0x7f, 0xf1,
    0x0, 0x1f, 0xf9, 0x1, 0xff, 0x86, 0xdf, 0x90,
    0x7f, 0xf1, 0x0, 0x1f, 0xf9, 0x24, 0xff, 0xff,
    0xff, 0x90, 0x7f, 0xf1, 0x0, 0x1f, 0xff, 0xf9,
    0xff, 0xff, 0xff, 0x80, 0x7f, 0xf1, 0x0, 0x1f,
    0xff, 0xf7, 0x0, 0x0, 0x0, 0x49, 0xcf, 0xf1,
    0x0, 0x1f, 0xff, 0xc4, 0x0, 0x0, 0x0, 0x7f,
    0xff, 0xf1, 0x0, 0x1c, 0x72, 0x0, 0x0, 0x0,
    0x0, 0x7f, 0xff, 0xf1,

    /* U+8BDD "话" */
    0x0, 0x0, 0x0, 0x0, 0x0, 0x0, 0x0, 0x1,
    0x11, 0x0, 0x4f, 0xf7, 0x0, 0x3d, 0xee, 0xef,
    0xff, 0xff, 0xf7, 0x0, 0xef, 0xc0, 0x4, 0xff,
    0xff, 0xff, 0xff, 0xff, 0x70, 0x9, 0xff, 0x20,
    0x28, 0x77, 0x9f, 0xf9, 0x43, 0x20, 0x0, 0x4f,
    0xf7, 0x0, 0x0, 0x3, 0xff, 0x60, 0x0, 0x0,
    0x0, 0x11, 0x0, 0x0, 0x0, 0x3f, 0xf6, 0x0,
    0x0, 0x1, 0x11, 0x10, 0xc, 0xff, 0xff, 0xff,
    0xff, 0xff, 0xf7, 0xff, 0xff, 0x10, 0xcf, 0xff,
    0xff, 0xff, 0xff, 0xff, 0x7f, 0xff, 0xf1, 0x8,
    0xaa, 0xab, 0xff, 0xca, 0xaa, 0xa4, 0x9c, 0xff,
    0x10, 0x0, 0x0, 0x3f, 0xf5, 0x0, 0x0, 0x0,
    0x8f, 0xf1, 0x0, 0x11, 0x14, 0xff, 0x61, 0x11,
    0x0, 0x8, 0xff, 0x10, 0x3f, 0xff, 0xff, 0xff,
    0xff, 0xf6, 0x0, 0x8f, 0xf1, 0x3, 0xff, 0xff,
    0xff, 0xff, 0xff, 0x60, 0x8, 0xff, 0x10, 0x3f,
    0xf9, 0x55, 0x55, 0x7f, 0xf6, 0x0, 0x8f, 0xf1,
    0x43, 0xff, 0x60, 0x0, 0x3, 0xff, 0x60, 0x8,
    0xff, 0xef, 0x3f, 0xf6, 0x0, 0x0, 0x3f, 0xf6,
    0x0, 0x8f, 0xff, 0xf3, 0xff, 0xa6, 0x66, 0x68,
    0xff, 0x60, 0x8, 0xff, 0xfd, 0x3f, 0xff, 0xff,
    0xff, 0xff, 0xf6, 0x0, 0x8d, 0x82, 0x3, 0xff,
    0xff, 0xff, 0xff, 0xff, 0x60, 0x0, 0x0, 0x0,
    0x0, 0x0, 0x0, 0x0, 0x0, 0x0,

    /* U+8BE5 "该" */
    0x2, 0xff, 0x90, 0x1, 0x11, 0x18, 0xff, 0x31,
    0x11, 0x10, 0x0, 0xdf, 0xe0, 0x6f, 0xff, 0xff,
    0xff, 0xff, 0xff, 0xf0, 0x0, 0x8f, 0xf3, 0x6f,
    0xff, 0xff, 0xff, 0xff, 0xff, 0xf0, 0x0, 0x3f,
    0xf8, 0x13, 0x35, 0xff, 0xe3, 0x33, 0x33, 0x30,
    0x0, 0x5, 0x53, 0x0, 0xc, 0xff, 0x50, 0x8,
    0x87, 0x0, 0x1, 0x11, 0x10, 0x0, 0x7f, 0xfa,
    0x0, 0x8f, 0xf7, 0x0, 0x8f, 0xff, 0xf1, 0xc,
    0xff, 0xfe, 0xee, 0xff, 0xd0, 0x0, 0x8f, 0xff,
    0xf1, 0xe, 0xff, 0xff, 0xff, 0xff, 0x30, 0x0,
    0x49, 0xcf, 0xf1, 0x5, 0x55, 0x59, 0xff, 0xf7,
    0x0, 0x0, 0x0, 0x8f, 0xf1, 0x0, 0x0, 0x8f,
    0xff, 0x91, 0x44, 0x30, 0x0, 0x8f, 0xf1, 0x2,
    0x8e, 0xff, 0xf8, 0xc, 0xff, 0x60, 0x0, 0x8f,
    0xf1, 0xc, 0xff, 0xfd, 0x40, 0xaf, 0xfb, 0x0,
    0x0, 0x8f, 0xf1, 0xc, 0xfd, 0x60, 0xb, 0xff,
    0xe1, 0x0, 0x0, 0x8f, 0xf2, 0x46, 0x30, 0x2,
    0xcf, 0xfe, 0x20, 0x0, 0x0, 0x8f, 0xff, 0xc0,
    0x1, 0x9f, 0xff, 0xff, 0x81, 0x0, 0x0, 0x8f,
    0xff, 0xc5, 0xbf, 0xff, 0xfd, 0xff, 0xff, 0x80,
    0x0, 0x8f, 0xff, 0x7e, 0xff, 0xfd, 0x50, 0x2a,
    0xff, 0xf0, 0x0, 0x8c, 0x60, 0xe, 0xfb, 0x50,
    0x0, 0x0, 0x2a, 0xf0, 0x0, 0x0, 0x0, 0x4,
    0x0, 0x0, 0x0, 0x0, 0x0, 0x20,

    /* U+8BED "语" */
    0x2, 0xff, 0x80, 0x7, 0xcc, 0xcc, 0xcc, 0xcc,
    0xcc, 0xb0, 0x0, 0xdf, 0xd0, 0x9, 0xff, 0xff,
    0xff, 0xff, 0xff, 0xe0, 0x0, 0x8f, 0xf2, 0x4,
    0x66, 0xaf, 0xf8, 0x66, 0x66, 0x50, 0x0, 0x3f,
    0xf7, 0x0, 0x11, 0xaf, 0xf1, 0x11, 0x11, 0x0,
    0x0, 0x5, 0x53, 0x4, 0xff, 0xff, 0xff, 0xff,
    0xfd, 0x0, 0x2, 0x22, 0x20, 0x3, 0xff, 0xff,
    0xff, 0xff, 0xfd, 0x0, 0x5f, 0xff, 0xf1, 0x0,
    0x7, 0xff, 0x20, 0x9, 0xfd, 0x0, 0x5f, 0xff,
    0xf1, 0xd, 0xdf, 0xff, 0xdd, 0xdf, 0xff, 0xd3,
    0x2, 0x9f, 0xf1, 0xf, 0xff, 0xff, 0xff, 0xff,
    0xff, 0xf4, 0x0, 0x8f, 0xf1, 0x6, 0x66, 0x66,
    0x66, 0x66, 0x66, 0x61, 0x0, 0x8f, 0xf1, 0x0,
    0x22, 0x22, 0x22, 0x22, 0x22, 0x10, 0x0, 0x8f,
    0xf1, 0x4, 0xff, 0xff, 0xff, 0xff, 0xff, 0x90,
    0x0, 0x8f, 0xf1, 0x4, 0xff, 0xff, 0xff, 0xff,
    0xff, 0x90, 0x0, 0x8f, 0xf4, 0x54, 0xff, 0x62,
    0x22, 0x22, 0xff, 0x90, 0x0, 0x8f, 0xff, 0xa4,
    0xff, 0x40, 0x0, 0x0, 0xff, 0x90, 0x0, 0x8f,
    0xff, 0xa4, 0xff, 0x74, 0x44, 0x44, 0xff, 0x90,
    0x0, 0x8f, 0xfd, 0x54, 0xff, 0xff, 0xff, 0xff,
    0xff, 0x90, 0x0, 0x8b, 0x40, 0x4, 0xff, 0xff,
    0xff, 0xff, 0xff, 0x90, 0x0, 0x0, 0x0, 0x0,
    0x0, 0x0, 0x0, 0x0, 0x0, 0x0,

    /* U+8BF7 "请" */
    0x3, 0xff, 0x70, 0x7f, 0xff, 0xff, 0xff, 0xff,
    0xff, 0xc0, 0x0, 0xef, 0xd0, 0x7f, 0xff, 0xff,
    0xff, 0xff, 0xff, 0xc0, 0x0, 0x8f, 0xf2, 0x0,
    0x0, 0xb, 0xfe, 0x0, 0x0, 0x0, 0x0, 0x2f,
    0xf7, 0xd, 0xee, 0xef, 0xff, 0xee, 0xee, 0x20,
    0x0, 0x0, 0x0, 0xf, 0xff, 0xff, 0xff, 0xff,
    0xff, 0x30, 0x15, 0x55, 0x50, 0x34, 0x44, 0x4c,
    0xfe, 0x44, 0x44, 0x40, 0x4f, 0xff, 0xe0, 0xdf,
    0xff, 0xff, 0xff, 0xff, 0xff, 0xf1, 0x4f, 0xff,
    0xe0, 0xad, 0xdd, 0xdd, 0xdd, 0xdd, 0xdd, 0xd1,
    0x15, 0xcf, 0xe0, 0x9, 0xcc, 0xcc, 0xcc, 0xcc,
    0xcc, 0x0, 0x0, 0xaf, 0xe0, 0xc, 0xff, 0xff,
    0xff, 0xff, 0xff, 0x10, 0x0, 0xaf, 0xe0, 0xc,
    0xfe, 0x55, 0x55, 0x5a, 0xff, 0x10, 0x0, 0xaf,
    0xe0, 0xc, 0xff, 0xcc, 0xcc, 0xce, 0xff, 0x10,
    0x0, 0xaf, 0xe0, 0xc, 0xff, 0xff, 0xff, 0xff,
    0xff, 0x10, 0x0, 0xaf, 0xe6, 0x2c, 0xfd, 0x33,
    0x33, 0x3a, 0xff, 0x10, 0x0, 0xaf, 0xff, 0x4c,
    0xff, 0xee, 0xee, 0xef, 0xff, 0x10, 0x0, 0xaf,
    0xff, 0x4c, 0xff, 0xff, 0xff, 0xff, 0xff, 0x10,
    0x0, 0xaf, 0xfa, 0x1c, 0xfd, 0x0, 0x0, 0x8,
    0xff, 0x10, 0x0, 0x98, 0x10, 0xc, 0xfd, 0x0,
    0x0, 0x8, 0xff, 0x10,

    /* U+8BFB "读" */
    0x0, 0x0, 0x0, 0x0, 0x0, 0x1, 0x33, 0x0,
    0x0, 0x0, 0x2f, 0xf9, 0x0, 0x6f, 0xff, 0xff,
    0xff, 0xff, 0xf2, 0x0, 0xdf, 0xe0, 0x6, 0xff,
    0xff, 0xff, 0xff, 0xff, 0x20, 0x8, 0xff, 0x30,
    0x14, 0x44, 0x8f, 0xf6, 0x44, 0x40, 0x0, 0x3f,
    0xf8, 0x8, 0x88, 0x8b, 0xff, 0x98, 0x88, 0x40,
    0x0, 0x55, 0x30, 0xff, 0xff, 0xff, 0xff, 0xff,
    0xf9, 0x1, 0x11, 0x10, 0xf, 0xff, 0xff, 0xff,
    0xff, 0xff, 0x94, 0xff, 0xff, 0x0, 0x6, 0x53,
    0x23, 0x99, 0x1b, 0xf9, 0x4f, 0xff, 0xf0, 0x0,
    0xff, 0xff, 0x5f, 0xf2, 0x9c, 0x72, 0x9d, 0xff,
    0x0, 0x16, 0x79, 0xb5, 0xff, 0x20, 0x0, 0x0,
    0x9f, 0xf0, 0xd, 0xfe, 0xc1, 0x5f, 0xf2, 0x0,
    0x0, 0x9, 0xff, 0x0, 0xad, 0xef, 0x25, 0xff,
    0x20, 0x0, 0x0, 0x9f, 0xf0, 0x15, 0x55, 0x65,
    0x9f, 0xf6, 0x55, 0x50, 0x9, 0xff, 0x3, 0xff,
    0xff, 0xff, 0xff, 0xff, 0xff, 0x0, 0x9f, 0xf0,
    0x4f, 0xff, 0xff, 0xff, 0xff, 0xff, 0xf0, 0x9,
    0xff, 0xe6, 0x0, 0x0, 0x8f, 0xfe, 0x71, 0x0,
    0x0, 0x9f, 0xff, 0x60, 0x28, 0xef, 0xff, 0xff,
    0xfa, 0x30, 0x9, 0xff, 0xf4, 0xff, 0xff, 0xf8,
    0x28, 0xef, 0xfc, 0x0, 0x9c, 0x60, 0xf, 0xfd,
    0x81, 0x0, 0x0, 0x5c, 0xc0, 0x0, 0x0, 0x0,
    0x41, 0x0, 0x0, 0x0, 0x0, 0x1,

    /* U+8C31 "谱" */
    0x8, 0xff, 0x10, 0x3, 0xff, 0x70, 0x0, 0xdf,
    0xc0, 0x0, 0x4, 0xff, 0x63, 0xff, 0xff, 0xff,
    0xff, 0xff, 0xff, 0xc0, 0x0, 0xff, 0xa3, 0xff,
    0xff, 0xff, 0xff, 0xff, 0xff, 0xc0, 0x0, 0xaf,
    0xf1, 0x85, 0x39, 0xfe, 0x6f, 0xf4, 0x46, 0x60,
    0x0, 0x25, 0x51, 0xff, 0xf8, 0xfd, 0x4f, 0xf7,
    0xff, 0x90, 0x15, 0x55, 0x30, 0x8a, 0xd8, 0xfd,
    0x4f, 0xf7, 0xc9, 0x40, 0x4f, 0xff, 0xa5, 0xbb,
    0xbd, 0xff, 0xcf, 0xfb, 0xbb, 0xb0, 0x4f, 0xff,
    0xa7, 0xff, 0xff, 0xff, 0xff, 0xff, 0xff, 0xf1,
    0x2, 0xef, 0xa3, 0x66, 0x66, 0x66, 0x66, 0x66,
    0x66, 0x60, 0x0, 0xef, 0xa0, 0x6e, 0xee, 0xee,
    0xee, 0xee, 0xee, 0x0, 0x0, 0xef, 0xa0, 0x7f,
    0xff, 0xff, 0xff, 0xff, 0xff, 0x0, 0x0, 0xef,
    0xa0, 0x7f, 0xf6, 0x55, 0x55, 0x5a, 0xff, 0x0,
    0x0, 0xef, 0xa0, 0x7f, 0xf4, 0x33, 0x33, 0x39,
    0xff, 0x0, 0x0, 0xef, 0xc9, 0x7f, 0xff, 0xff,
    0xff, 0xff, 0xff, 0x0, 0x0, 0xef, 0xfc, 0x7f,
    0xfb, 0xbb, 0xbb, 0xbd, 0xff, 0x0, 0x0, 0xef,
    0xfc, 0x7f, 0xf4, 0x33, 0x33, 0x39, 0xff, 0x0,
    0x0, 0xef, 0xd5, 0x7f, 0xff, 0xff, 0xff, 0xff,
    0xff, 0x0, 0x0, 0xc6, 0x0, 0x7f, 0xff, 0xff,
    0xff, 0xff, 0xff, 0x0, 0x0, 0x0, 0x0, 0x0,
    0x0, 0x0, 0x0, 0x0, 0x0, 0x0,

    /* U+8D1D "贝" */
    0x0, 0x4f, 0xff, 0xff, 0xff, 0xff, 0xff, 0xff,
    0xf4, 0x0, 0x0, 0x4f, 0xff, 0xff, 0xff, 0xff,
    0xff, 0xff, 0xf4, 0x0, 0x0, 0x4f, 0xfb, 0x99,
    0x99, 0x99, 0x99, 0xbf, 0xf4, 0x0, 0x0, 0x4f,
    0xf4, 0x0, 0x0, 0x0, 0x0, 0x4f, 0xf4, 0x0,
    0x0, 0x4f, 0xf4, 0x0, 0x3d, 0xd3, 0x0, 0x4f,
    0xf4, 0x0, 0x0, 0x4f, 0xf4, 0x0, 0x4f, 0xf4,
    0x0, 0x4f, 0xf4, 0x0, 0x0, 0x4f, 0xf4, 0x0,
    0x4f, 0xf4, 0x0, 0x4f, 0xf4, 0x0, 0x0, 0x4f,
    0xf4, 0x0, 0x4f, 0xf4, 0x0, 0x4f, 0xf4, 0x0,
    0x0, 0x4f, 0xf4, 0x0, 0x5f, 0xf5, 0x0, 0x4f,
    0xf4, 0x0, 0x0, 0x4f, 0xf4, 0x0, 0x8f, 0xf9,
    0x0, 0x4f, 0xf4, 0x0, 0x0, 0x4f, 0xf4, 0x0,
    0xef, 0xfe, 0x0, 0x4f, 0xf4, 0x0, 0x0, 0x4f,
    0xf4, 0x9, 0xff, 0xff, 0x90, 0x4f, 0xf4, 0x0,
    0x0, 0x0, 0x0, 0x9f, 0xfc, 0xcf, 0xf9, 0x0,
    0x0, 0x0, 0x0, 0x0, 0x3c, 0xff, 0xe2, 0x2e,
    0xff, 0xc3, 0x0, 0x0, 0x0, 0x4b, 0xff, 0xfd,
    0x20, 0x2, 0xdf, 0xff, 0xb4, 0x0, 0x2f, 0xff,
    0xff, 0x90, 0x0, 0x0, 0x9, 0xff, 0xff, 0xf2,
    0x3f, 0xff, 0xa3, 0x0, 0x0, 0x0, 0x0, 0x3a,
    0xff, 0xf3, 0x2a, 0x61, 0x0, 0x0, 0x0, 0x0,
    0x0, 0x0, 0x16, 0xb2,

    /* U+8D25 "败" */
    0xe, 0xff, 0xff, 0xff, 0xf6, 0x8, 0xff, 0x20,
    0x0, 0x0, 0xe, 0xff, 0xff, 0xff, 0xf6, 0xa,
    0xff, 0x10, 0x0, 0x0, 0xe, 0xfb, 0x88, 0x8f,
    0xf6, 0xe, 0xff, 0xff, 0xff, 0xf0, 0xe, 0xf6,
    0x0, 0xe, 0xf6, 0x1f, 0xff, 0xff, 0xff, 0xf0,
    0xe, 0xf6, 0xab, 0x1e, 0xf6, 0x5f, 0xfa, 0x8b,
    0xff, 0x80, 0xe, 0xf6, 0xef, 0x1e, 0xf6, 0x9f,
    0xf5, 0x8, 0xfe, 0x0, 0xe, 0xf6, 0xef, 0x1e,
    0xf6, 0xef, 0xfa, 0xb, 0xfc, 0x0, 0xe, 0xf6,
    0xef, 0x1e, 0xf9, 0xff, 0xff, 0x1f, 0xf9, 0x0,
    0xe, 0xf6, 0xef, 0x1e, 0xfd, 0xee, 0xff, 0x9f,
    0xf5, 0x0, 0xe, 0xf6, 0xef, 0x1e, 0xf6, 0x0,
    0xdf, 0xff, 0xf1, 0x0, 0xe, 0xf6, 0xef, 0x1e,
    0xf6, 0x0, 0x6f, 0xff, 0xc0, 0x0, 0xd, 0xe6,
    0xff, 0x3d, 0xe5, 0x0, 0xe, 0xff, 0x70, 0x0,
    0x0, 0x3, 0xff, 0xf5, 0x0, 0x0, 0x3f, 0xff,
    0xc0, 0x0, 0x0, 0xa, 0xff, 0xff, 0x30, 0x0,
    0xbf, 0xff, 0xf3, 0x0, 0x0, 0x8f, 0xf6, 0xdf,
    0xd0, 0x4, 0xff, 0xdf, 0xfa, 0x0, 0x2e, 0xff,
    0xc0, 0x4f, 0xf6, 0xe, 0xff, 0x3b, 0xff, 0x10,
    0x3f, 0xfd, 0x10, 0xd, 0xfb, 0x9f, 0xf9, 0x4,
    0xff, 0x80, 0x3e, 0x80, 0x0, 0x9, 0xff, 0xff,
    0xe1, 0x0, 0xdf, 0xe0, 0x0, 0x0, 0x0, 0x0,
    0x0, 0x0, 0x0, 0x0, 0x0, 0x0,

    /* U+8D44 "资" */
    0x10, 0x0, 0x0, 0x0, 0x0, 0x0, 0x0, 0x0,
    0x0, 0x9e, 0xa6, 0x20, 0xd, 0xff, 0xff, 0xff,
    0xff, 0xfa, 0x9f, 0xff, 0xf0, 0x1f, 0xff, 0xff,
    0xff, 0xff, 0xfa, 0x39, 0xdf, 0xf0, 0x6f, 0xf5,
    0x49, 0x93, 0x1d, 0xfa, 0x0, 0x1, 0x50, 0xbe,
    0xc0, 0xaf, 0xf0, 0x9, 0xc7, 0x0, 0x4, 0x80,
    0x0, 0x8, 0xff, 0xfd, 0x60, 0x0, 0x8c, 0xff,
    0xf0, 0x5, 0xcf, 0xff, 0xff, 0xff, 0x92, 0xff,
    0xff, 0xf0, 0x6f, 0xff, 0xc1, 0x5c, 0xff, 0xfa,
    0xfc, 0x84, 0x0, 0x6f, 0xc5, 0x0, 0x0, 0x3a,
    0xfa, 0x3, 0xee, 0xee, 0xef, 0xee, 0xee, 0xee,
    0xee, 0x44, 0x4, 0xff, 0xff, 0xff, 0xff, 0xff,
    0xff, 0xff, 0x40, 0x4, 0xff, 0x85, 0x55, 0x89,
    0x95, 0x58, 0xff, 0x40, 0x4, 0xff, 0x50, 0x2,
    0xff, 0xb0, 0x5, 0xff, 0x40, 0x4, 0xff, 0x50,
    0xc, 0xff, 0x30, 0x5, 0xff, 0x40, 0x3, 0xcc,
    0x31, 0xcf, 0xff, 0xa6, 0x13, 0xcc, 0x30, 0x0,
    0x1, 0x7e, 0xff, 0xff, 0xff, 0xfc, 0x72, 0x0,
    0x79, 0xcf, 0xff, 0xf9, 0x49, 0xef, 0xff, 0xff,
    0xd9, 0xff, 0xff, 0xfc, 0x40, 0x0, 0x2, 0x7c,
    0xff, 0xff, 0xfe, 0xb7, 0x30, 0x0, 0x0, 0x0,
    0x0, 0x16, 0xbf, 0x0, 0x0, 0x0, 0x0, 0x0,
    0x0, 0x0, 0x0, 0x0,

    /* U+8D77 "起" */
    0x0, 0x0, 0xcf, 0xb0, 0x0, 0xaf, 0xff, 0xff,
    0xff, 0x70, 0x2, 0x44, 0xdf, 0xc4, 0x42, 0xaf,
    0xff, 0xff, 0xff, 0x70, 0x8, 0xff, 0xff, 0xff,
    0xf8, 0x58, 0x88, 0x88, 0xff, 0x70, 0x8, 0xff,
    0xff, 0xff, 0xf7, 0x0, 0x0, 0x1, 0xff, 0x70,
    0x0, 0x0, 0xcf, 0xb0, 0x0, 0x0, 0x0, 0x1,
    0xff, 0x70, 0x3, 0x33, 0xdf, 0xc3, 0x33, 0xe,
    0xff, 0xff, 0xff, 0x70, 0xf, 0xff, 0xff, 0xff,
    0xff, 0xe, 0xff, 0xff, 0xff, 0x70, 0xf, 0xff,
    0xff, 0xff, 0xff, 0xe, 0xfd, 0x88, 0x88, 0x30,
    0x1, 0x11, 0x1d, 0xf9, 0x10, 0xe, 0xfa, 0x0,
    0x0, 0x0, 0x2, 0xcc, 0x2d, 0xf9, 0x0, 0xe,
    0xfa, 0x0, 0x0, 0x0, 0x3, 0xff, 0x2d, 0xfe,
    0xb8, 0xe, 0xfa, 0x0, 0x8f, 0xf1, 0x3, 0xff,
    0x1d, 0xff, 0xfb, 0xe, 0xfc, 0x77, 0xbf, 0xf1,
    0x5, 0xff, 0xd, 0xfd, 0xa7, 0xe, 0xff, 0xff,
    0xff, 0xf1, 0x6, 0xff, 0xd, 0xf9, 0x0, 0xe,
    0xff, 0xff, 0xff, 0xf1, 0x8, 0xff, 0x7d, 0xf9,
    0x0, 0x0, 0x0, 0x0, 0x0, 0x0, 0xb, 0xff,
    0xff, 0xfd, 0x99, 0x99, 0x99, 0x99, 0x99, 0x93,
    0xe, 0xff, 0xff, 0xff, 0xff, 0xff, 0xff, 0xff,
    0xff, 0xf5, 0x3f, 0xf4, 0x6a, 0xdf, 0xff, 0xff,
    0xff, 0xff, 0xff, 0xf5, 0x13, 0x30, 0x0, 0x0,
    0x0, 0x0, 0x0, 0x0, 0x0, 0x0,

    /* U+8D8B "趋" */
    0x0, 0x1, 0xff, 0x80, 0x0, 0xb, 0xfd, 0x0,
    0x0, 0x0, 0x3, 0x45, 0xff, 0xa4, 0x40, 0xf,
    0xff, 0xcc, 0xcc, 0x80, 0xa, 0xff, 0xff, 0xff,
    0xf0, 0x7f, 0xff, 0xff, 0xff, 0x40, 0xa, 0xff,
    0xff, 0xff, 0xf1, 0xef, 0xd6, 0x6d, 0xfd, 0x0,
    0x0, 0x1, 0xff, 0x80, 0x6, 0xcc, 0x30, 0x2f,
    0xf5, 0x0, 0x5, 0x55, 0xff, 0xa5, 0x53, 0xff,
    0xff, 0xff, 0xff, 0x70, 0xf, 0xff, 0xff, 0xff,
    0xf7, 0xff, 0xff, 0xff, 0xff, 0x70, 0xf, 0xff,
    0xff, 0xff, 0xf5, 0x66, 0x66, 0x66, 0xff, 0x70,
    0x2, 0x22, 0x5f, 0xf6, 0x20, 0x11, 0x11, 0x12,
    0xff, 0x70, 0x7, 0xfc, 0x3f, 0xf4, 0x0, 0xcf,
    0xff, 0xff, 0xff, 0x70, 0x7, 0xfc, 0x3f, 0xfd,
    0xc1, 0xae, 0xee, 0xee, 0xff, 0x70, 0x8, 0xfc,
    0x3f, 0xff, 0xf1, 0x11, 0x11, 0x12, 0xff, 0x70,
    0x9, 0xfb, 0x3f, 0xf9, 0x63, 0xff, 0xff, 0xff,
    0xff, 0x70, 0xa, 0xfa, 0x3f, 0xf4, 0x2, 0xff,
    0xff, 0xff, 0xff, 0x70, 0xc, 0xff, 0xbf, 0xf4,
    0x0, 0x33, 0x33, 0x33, 0x33, 0x10, 0xe, 0xff,
    0xff, 0xfc, 0xaa, 0xaa, 0xaa, 0xaa, 0xaa, 0xa2,
    0x1f, 0xfd, 0xff, 0xff, 0xff, 0xff, 0xff, 0xff,
    0xff, 0xf4, 0x4f, 0xf1, 0x37, 0xab, 0xcc, 0xcc,
    0xcc, 0xcc, 0xcc, 0xc3,

    /* U+8DB3 "足" */
    0x0, 0xf, 0xff, 0xff, 0xff, 0xff, 0xff, 0xff,
    0xf0, 0x0, 0x0, 0xf, 0xff, 0xff, 0xff, 0xff,
    0xff, 0xff, 0xf0, 0x0, 0x0, 0xf, 0xfd, 0x88,
    0x88, 0x88, 0x88, 0xdf, 0xf0, 0x0, 0x0, 0xf,
    0xfa, 0x0, 0x0, 0x0, 0x0, 0xaf, 0xf0, 0x0,
    0x0, 0xf, 0xfa, 0x0, 0x0, 0x0, 0x0, 0xaf,
    0xf0, 0x0, 0x0, 0xf, 0xfd, 0x88, 0x88, 0x88,
    0x88, 0xdf, 0xf0, 0x0, 0x0, 0xf, 0xff, 0xff,
    0xff, 0xff, 0xff, 0xff, 0xf0, 0x0, 0x0, 0xe,
    0xff, 0xff, 0xff, 0xff, 0xff, 0xff, 0xe0, 0x0,
    0x0, 0x0, 0x0, 0x0, 0xb, 0xfe, 0x0, 0x0,
    0x0, 0x0, 0x0, 0x8, 0xa9, 0x0, 0xb, 0xfe,
    0x0, 0x0, 0x0, 0x0, 0x0, 0xd, 0xfd, 0x0,
    0xb, 0xff, 0xff, 0xff, 0xf6, 0x0, 0x0, 0xe,
    0xfc, 0x0, 0xb, 0xff, 0xff, 0xff, 0xf7, 0x0,
    0x0, 0xf, 0xfa, 0x0, 0xb, 0xff, 0x99, 0x99,
    0x94, 0x0, 0x0, 0x3f, 0xf8, 0x0, 0xb, 0xfe,
    0x0, 0x0, 0x0, 0x0, 0x0, 0x7f, 0xff, 0x60,
    0xb, 0xfe, 0x0, 0x0, 0x0, 0x0, 0x0, 0xdf,
    0xff, 0xff, 0xbe, 0xff, 0x88, 0x88, 0x88, 0x80,
    0x3, 0xff, 0xee, 0xff, 0xff, 0xff, 0xff, 0xff,
    0xff, 0xf1, 0xb, 0xff, 0x71, 0x7c, 0xef, 0xff,
    0xff, 0xff, 0xff, 0xf1, 0x2, 0x33, 0x0, 0x0,
    0x0, 0x0, 0x0, 0x0, 0x0, 0x0,

    /* U+8DDF "跟" */
    0x8, 0xff, 0xff, 0xfb, 0x1f, 0xff, 0xff, 0xff,
    0xff, 0x60, 0x9, 0xff, 0xff, 0xfc, 0x1f, 0xff,
    0xff, 0xff, 0xff, 0x60, 0x9, 0xfb, 0x5a, 0xfc,
    0x1f, 0xf9, 0x55, 0x56, 0xff, 0x60, 0x9, 0xf9,
    0x7, 0xfc, 0x1f, 0xf8, 0x44, 0x45, 0xff, 0x60,
    0x9, 0xf9, 0x7, 0xfc, 0x1f, 0xff, 0xff, 0xff,
    0xff, 0x60, 0x9, 0xff, 0xff, 0xfc, 0x1f, 0xff,
    0xff, 0xff, 0xff, 0x60, 0x9, 0xff, 0xff, 0xfc,
    0x1f, 0xf7, 0x11, 0x12, 0xff, 0x60, 0x3, 0x55,
    0xff, 0x94, 0x1f, 0xfc, 0xaa, 0xaa, 0xff, 0x60,
    0x5, 0x71, 0xef, 0x50, 0x1f, 0xff, 0xff, 0xff,
    0xff, 0x60, 0xc, 0xf3, 0xef, 0xe7, 0x1f, 0xfb,
    0xef, 0xd8, 0x88, 0x30, 0xc, 0xf3, 0xef, 0xf9,
    0x1f, 0xf7, 0xaf, 0xd0, 0x5e, 0xb0, 0xc, 0xf3,
    0xef, 0xa4, 0x1f, 0xf7, 0x6f, 0xf2, 0xdf, 0x60,
    0xc, 0xf3, 0xef, 0x50, 0x1f, 0xf7, 0x1f, 0xfc,
    0xfe, 0x0, 0xc, 0xf3, 0xef, 0x50, 0x1f, 0xf7,
    0xa, 0xff, 0x82, 0x0, 0xc, 0xf6, 0xff, 0xde,
    0x3f, 0xf7, 0x2, 0xff, 0xf5, 0x0, 0x5f, 0xff,
    0xff, 0xff, 0x3f, 0xfb, 0x72, 0x5f, 0xff, 0xb0,
    0x6f, 0xff, 0xff, 0xda, 0x2f, 0xff, 0xf6, 0x5,
    0xff, 0xe0, 0x37, 0x53, 0x10, 0x0, 0x1f, 0xff,
    0xf6, 0x0, 0x19, 0xd0, 0x0, 0x0, 0x0, 0x0,
    0x0, 0x0, 0x0, 0x0, 0x0, 0x0,

    /* U+8DEF "路" */
    0x0, 0x0, 0x0, 0x0, 0x0, 0x0, 0x0, 0x0,
    0x0, 0x0, 0xb, 0xff, 0xff, 0xfc, 0x0, 0xaf,
    0xff, 0xff, 0xff, 0x10, 0xb, 0xff, 0xff, 0xfc,
    0x7, 0xff, 0xff, 0xff, 0xff, 0x0, 0xb, 0xfb,
    0x6a, 0xfc, 0x8f, 0xff, 0xa7, 0x8f, 0xfa, 0x0,
    0xb, 0xf9, 0x7, 0xfc, 0xbf, 0xff, 0xc0, 0x9f,
    0xf4, 0x0, 0xb, 0xf9, 0x7, 0xfc, 0xa9, 0xaf,
    0xfb, 0xff, 0xc0, 0x0, 0xb, 0xff, 0xff, 0xfc,
    0x0, 0xd, 0xff, 0xff, 0x20, 0x0, 0xb, 0xff,
    0xff, 0xfc, 0x0, 0x5d, 0xff, 0xfe, 0x60, 0x0,
    0x4, 0x66, 0xff, 0xa4, 0x8e, 0xff, 0xff, 0xff,
    0xff, 0xa0, 0x6, 0x60, 0xef, 0x70, 0xef, 0xff,
    0x70, 0x6e, 0xff, 0xf1, 0xe, 0xf2, 0xef, 0xd7,
    0xdb, 0x61, 0x0, 0x0, 0x5a, 0xf1, 0xe, 0xf2,
    0xef, 0xfa, 0xf, 0xff, 0xff, 0xff, 0xff, 0x30,
    0xe, 0xf2, 0xef, 0xc6, 0xf, 0xff, 0xff, 0xff,
    0xff, 0x30, 0xe, 0xf2, 0xef, 0x70, 0xf, 0xfc,
    0x99, 0x9b, 0xff, 0x30, 0xe, 0xf2, 0xef, 0x70,
    0xf, 0xf8, 0x0, 0x5, 0xff, 0x30, 0xe, 0xf5,
    0xff, 0xdb, 0xf, 0xf8, 0x0, 0x5, 0xff, 0x30,
    0x6f, 0xff, 0xff, 0xfe, 0xf, 0xfc, 0x88, 0x8b,
    0xff, 0x30, 0x8f, 0xff, 0xff, 0xeb, 0xf, 0xff,
    0xff, 0xff, 0xff, 0x30, 0x59, 0x75, 0x20, 0x0,
    0xf, 0xff, 0xff, 0xff, 0xff, 0x30,

    /* U+8EAB "身" */
    0x0, 0x8f, 0xff, 0xff, 0xff, 0xff, 0xff, 0xff,
    0xf8, 0x0, 0x8f, 0xff, 0xff, 0xff, 0xff, 0xff,
    0xff, 0xf8, 0x0, 0x8f, 0xf3, 0x22, 0x22, 0x22,
    0x22, 0x3f, 0xf8, 0x0, 0x8f, 0xf1, 0x0, 0x0,
    0x0, 0x0, 0x1f, 0xf8, 0x0, 0x8f, 0xff, 0xff,
    0xff, 0xff, 0xff, 0xff, 0xf8, 0x0, 0x8f, 0xff,
    0xff, 0xff, 0xff, 0xff, 0xff, 0xf8, 0x0, 0x8f,
    0xf2, 0x11, 0x11, 0x11, 0x11, 0x2f, 0xf8, 0x0,
    0x8f, 0xfd, 0xdd, 0xdd, 0xdd, 0xdd, 0xdf, 0xf8,
    0x0, 0x8f, 0xff, 0xff, 0xff, 0xff, 0xff, 0xff,
    0xf8, 0x0, 0x8f, 0xf4, 0x33, 0x33, 0x33, 0x33,
    0x4f, 0xf8, 0x2, 0x9f, 0xf3, 0x22, 0x22, 0x22,
    0x22, 0x3f, 0xf8, 0x2f, 0xff, 0xff, 0xff, 0xff,
    0xff, 0xff, 0xff, 0xf8, 0x2f, 0xff, 0xff, 0xff,
    0xff, 0xff, 0xff, 0xff, 0xf8, 0x0, 0x0, 0x0,
    0x1c, 0xff, 0x90, 0x0, 0x1f, 0xf8, 0x0, 0x0,
    0x3, 0xdf, 0xf7, 0x0, 0x0, 0x1f, 0xf8, 0x0,
    0x0, 0x7f, 0xff, 0x50, 0x0, 0x8, 0x8f, 0xf8,
    0x0, 0x2b, 0xff, 0xd2, 0x0, 0x0, 0x1f, 0xff,
    0xf8, 0x7, 0xff, 0xf9, 0x0, 0x0, 0x0, 0x1f,
    0xff, 0xf8,

    /* U+8F6E "轮" */
    0x0, 0xb, 0xfe, 0x0, 0x0, 0x4, 0xff, 0xfe,
    0x0, 0x0, 0x5, 0x5e, 0xfd, 0x55, 0x40, 0xc,
    0xff, 0xff, 0x70, 0x0, 0xe, 0xff, 0xff, 0xff,
    0xb0, 0x6f, 0xfb, 0xdf, 0xf1, 0x0, 0xb, 0xef,
    0xfd, 0xdd, 0x92, 0xff, 0xc0, 0x3f, 0xfc, 0x0,
    0x0, 0xaf, 0xc0, 0x0, 0x2e, 0xff, 0x30, 0x8,
    0xff, 0xa0, 0x0, 0xef, 0xbe, 0xe0, 0xbf, 0xf6,
    0x0, 0x0, 0xbf, 0xf6, 0x2, 0xff, 0x7f, 0xf1,
    0xbf, 0xc7, 0x70, 0x0, 0xb, 0xf6, 0x6, 0xff,
    0x3f, 0xf1, 0xb7, 0x8f, 0xf1, 0x0, 0x4, 0xa6,
    0xa, 0xff, 0xff, 0xff, 0xb0, 0x8f, 0xf1, 0x5,
    0xcd, 0x1, 0xe, 0xff, 0xff, 0xff, 0xb0, 0x8f,
    0xfb, 0xff, 0xfd, 0x0, 0x3, 0x33, 0x9f, 0xf4,
    0x20, 0x8f, 0xff, 0xff, 0xc4, 0x0, 0x0, 0x0,
    0x7f, 0xf1, 0x0, 0x8f, 0xfc, 0x83, 0x0, 0x0,
    0x0, 0x0, 0x8f, 0xfa, 0xd1, 0x8f, 0xf1, 0x0,
    0x0, 0x0, 0x9, 0xcf, 0xff, 0xff, 0xf1, 0x8f,
    0xf1, 0x0, 0x0, 0x0, 0x1f, 0xff, 0xff, 0xfa,
    0x70, 0x8f, 0xf1, 0x0, 0x0, 0x0, 0xb, 0x85,
    0x9f, 0xf1, 0x0, 0x8f, 0xfd, 0xcc, 0xcc, 0xc2,
    0x0, 0x0, 0x7f, 0xf1, 0x0, 0x8f, 0xff, 0xff,
    0xff, 0xf3, 0x0, 0x0, 0x7f, 0xf1, 0x0, 0x6c,
    0xcc, 0xcc, 0xcc, 0xc2,

    /* U+8F7B "轻" */
    0x0, 0xf, 0xf8, 0x0, 0x6, 0xcc, 0xcc, 0xcc,
    0xcc, 0x40, 0x8, 0x9f, 0xfb, 0x88, 0x58, 0xff,
    0xff, 0xff, 0xff, 0x10, 0xf, 0xff, 0xff, 0xff,
    0xb6, 0xbb, 0xbb, 0xdf, 0xfb, 0x0, 0xf, 0xff,
    0xff, 0xff, 0xa0, 0x0, 0x3, 0xef, 0xf2, 0x0,
    0x0, 0xdf, 0xb0, 0x0, 0x0, 0x0, 0x7f, 0xff,
    0x80, 0x0, 0x1, 0xff, 0xbf, 0xf0, 0x4, 0x8e,
    0xff, 0xff, 0xfb, 0x40, 0x5, 0xff, 0x8f, 0xf0,
    0xf, 0xff, 0xfe, 0xaf, 0xff, 0xf0, 0x8, 0xff,
    0x5f, 0xf1, 0xf, 0xfc, 0x60, 0x0, 0x5c, 0xf0,
    0xc, 0xff, 0xff, 0xff, 0xa2, 0x0, 0x0, 0x0,
    0x0, 0x20, 0xf, 0xff, 0xff, 0xff, 0xa8, 0xff,
    0xff, 0xff, 0xff, 0x80, 0x16, 0x66, 0xbf, 0xf6,
    0x49, 0xff, 0xff, 0xff, 0xff, 0x90, 0x0, 0x0,
    0x8f, 0xf0, 0x4, 0x88, 0x9f, 0xfa, 0x88, 0x40,
    0x0, 0x24, 0xbf, 0xff, 0xb0, 0x0, 0x3f, 0xf5,
    0x0, 0x0, 0x2f, 0xff, 0xff, 0xff, 0xb0, 0x0,
    0x3f, 0xf5, 0x0, 0x0, 0x3f, 0xff, 0xff, 0xfb,
    0x60, 0x0, 0x3f, 0xf5, 0x0, 0x0, 0x2a, 0x85,
    0x9f, 0xf0, 0xb, 0xbb, 0xcf, 0xfc, 0xbb, 0xb2,
    0x0, 0x0, 0x8f, 0xf0, 0x1f, 0xff, 0xff, 0xff,
    0xff, 0xf3, 0x0, 0x0, 0x8f, 0xf0, 0xc, 0xcc,
    0xcc, 0xcc, 0xcc, 0xc2,

    /* U+8F83 "较" */
    0x0, 0xd, 0xfc, 0x0, 0x0, 0x0, 0x8f, 0xf1,
    0x0, 0x0, 0x7, 0x7f, 0xfc, 0x77, 0x3a, 0xaa,
    0xdf, 0xfa, 0xaa, 0x80, 0xf, 0xff, 0xff, 0xff,
    0x7f, 0xff, 0xff, 0xff, 0xff, 0xc0, 0xf, 0xff,
    0xff, 0xff, 0x6d, 0xdd, 0xdd, 0xdd, 0xdd, 0xa0,
    0x0, 0xdf, 0x71, 0x0, 0x0, 0x26, 0x80, 0x39,
    0x40, 0x0, 0x2, 0xff, 0xef, 0x70, 0x4d, 0xff,
    0xc0, 0x4f, 0xff, 0xb0, 0x6, 0xff, 0xbf, 0x70,
    0x7f, 0xfe, 0x80, 0x2c, 0xff, 0xf0, 0xa, 0xfb,
    0xcf, 0x81, 0x69, 0x40, 0x0, 0x0, 0x16, 0xc0,
    0xe, 0xff, 0xff, 0xff, 0x33, 0xff, 0x30, 0xb,
    0xfb, 0x0, 0x3f, 0xff, 0xff, 0xff, 0x30, 0xff,
    0x90, 0xf, 0xf8, 0x0, 0x2, 0x23, 0xff, 0x82,
    0x0, 0xbf, 0xe1, 0x7f, 0xf3, 0x0, 0x0, 0x1,
    0xff, 0x70, 0x10, 0x4f, 0xfa, 0xff, 0xd0, 0x0,
    0x0, 0x3, 0xff, 0xef, 0xa0, 0xc, 0xff, 0xff,
    0x40, 0x0, 0x1b, 0xef, 0xff, 0xff, 0xa0, 0x7,
    0xff, 0xfe, 0x10, 0x0, 0x3f, 0xff, 0xff, 0xd9,
    0x32, 0xaf, 0xff, 0xff, 0xe6, 0x0, 0x3d, 0x97,
    0xff, 0x70, 0x7f, 0xff, 0xf5, 0xbf, 0xff, 0xe1,
    0x0, 0x1, 0xff, 0x70, 0xaf, 0xfb, 0x20, 0x6,
    0xef, 0xf3, 0x0, 0x1, 0xff, 0x70, 0xab, 0x40,
    0x0, 0x0, 0x7, 0xe3, 0x0, 0x0, 0x0, 0x0,
    0x0, 0x0, 0x0, 0x0, 0x0, 0x0,

    /* U+8F93 "输" */
    0x0, 0xd, 0xfd, 0x0, 0x0, 0xc, 0xff, 0xfa,
    0x0, 0x0, 0x9, 0x9f, 0xfd, 0x97, 0x0, 0x6f,
    0xff, 0xff, 0x50, 0x0, 0xf, 0xff, 0xff, 0xfc,
    0x5, 0xff, 0xb3, 0xcf, 0xf4, 0x0, 0xb, 0xef,
    0xdb, 0xb9, 0x9f, 0xfd, 0x10, 0x1e, 0xff, 0x70,
    0x0, 0xef, 0x60, 0x4, 0xff, 0xff, 0xff, 0xff,
    0xff, 0xf2, 0x2, 0xff, 0xef, 0x84, 0xff, 0xff,
    0xff, 0xff, 0xed, 0xf2, 0x6, 0xff, 0xbf, 0x83,
    0x62, 0x33, 0x33, 0x33, 0x30, 0x71, 0xa, 0xfb,
    0xbf, 0x80, 0x7c, 0xcc, 0xcb, 0x0, 0x2c, 0xb0,
    0xe, 0xff, 0xff, 0xe8, 0x9f, 0xff, 0xfe, 0x6f,
    0x8f, 0xf0, 0x2f, 0xff, 0xff, 0xfa, 0x9f, 0xda,
    0xfe, 0x6f, 0x8f, 0xf0, 0x15, 0x56, 0xff, 0xa3,
    0x9f, 0x93, 0xfe, 0x6f, 0x8f, 0xf0, 0x0, 0x1,
    0xff, 0x80, 0x9f, 0xff, 0xfe, 0x6f, 0x8f, 0xf0,
    0x0, 0x2, 0xff, 0xfc, 0x9f, 0xff, 0xfe, 0x6f,
    0x8f, 0xf0, 0x1a, 0xef, 0xff, 0xfc, 0x9f, 0x93,
    0xfe, 0x6f, 0x8f, 0xf0, 0x3f, 0xff, 0xff, 0xe7,
    0x9f, 0xdb, 0xfe, 0x6f, 0x8f, 0xf0, 0x3f, 0xc8,
    0xff, 0x80, 0x9f, 0xff, 0xfe, 0x6f, 0x8f, 0xf0,
    0x0, 0x1, 0xff, 0x80, 0x9f, 0xb7, 0xfe, 0x4d,
    0x7f, 0xf0, 0x0, 0x1, 0xff, 0x80, 0x9f, 0x93,
    0xfe, 0x0, 0x2f, 0xf0,

    /* U+8FB9 "边" */
    0x3, 0xcc, 0x50, 0x0, 0x7, 0xff, 0x10, 0x0,
    0x0, 0x0, 0x0, 0xef, 0xc0, 0x28, 0x8c, 0xff,
    0x88, 0x88, 0x88, 0x50, 0x0, 0x9f, 0xf1, 0x5f,
    0xff, 0xff, 0xff, 0xff, 0xff, 0xa0, 0x0, 0x4f,
    0xf7, 0x5f, 0xff, 0xff, 0xff, 0xff, 0xff, 0xa0,
    0x0, 0x3, 0x32, 0x0, 0x8, 0xff, 0x10, 0x0,
    0xef, 0xa0, 0x18, 0x88, 0x86, 0x0, 0x7, 0xff,
    0x10, 0x0, 0xef, 0xa0, 0x3f, 0xff, 0xfc, 0x0,
    0x9, 0xff, 0x0, 0x0, 0xef, 0xa0, 0x3f, 0xff,
    0xfb, 0x0, 0xa, 0xfe, 0x0, 0x0, 0xef, 0xa0,
    0x1, 0x1f, 0xfb, 0x0, 0xf, 0xfb, 0x0, 0x0,
    0xef, 0xa0, 0x0, 0xf, 0xfa, 0x0, 0x7f, 0xf6,
    0x0, 0x0, 0xef, 0xa0, 0x0, 0x1f, 0xf8, 0x5,
    0xff, 0xe0, 0x0, 0x0, 0xef, 0xa0, 0x0, 0x3f,
    0xf6, 0xaf, 0xff, 0x50, 0x1, 0x77, 0xff, 0xa0,
    0x0, 0x5f, 0xf4, 0xcf, 0xf8, 0x0, 0x3, 0xff,
    0xff, 0xa0, 0x0, 0x8f, 0xf1, 0xce, 0x50, 0x0,
    0x3, 0xff, 0xff, 0xa0, 0x0, 0xbf, 0xf5, 0x40,
    0x0, 0x0, 0x0, 0x0, 0x0, 0x0, 0x0, 0xff,
    0xff, 0xea, 0x88, 0x88, 0x88, 0x88, 0x88, 0x82,
    0x4, 0xff, 0xff, 0xff, 0xff, 0xff, 0xff, 0xff,
    0xff, 0xf5, 0x8, 0xff, 0x58, 0xce, 0xff, 0xff,
    0xff, 0xff, 0xff, 0xf5, 0x2, 0x33, 0x0, 0x0,
    0x0, 0x0, 0x0, 0x0, 0x0, 0x0,

    /* U+8FC7 "过" */
    0x2, 0xff, 0x90, 0x0, 0x0, 0x0, 0x0, 0x1f,
    0xf7, 0x0, 0x0, 0xcf, 0xd0, 0x28, 0x88, 0x88,
    0x88, 0x9f, 0xfc, 0x83, 0x0, 0x7f, 0xf2, 0x3f,
    0xff, 0xff, 0xff, 0xff, 0xff, 0xf5, 0x0, 0x2f,
    0xf7, 0x3f, 0xff, 0xff, 0xff, 0xff, 0xff, 0xf5,
    0x0, 0x4, 0x53, 0x0, 0x44, 0x20, 0x0, 0x1f,
    0xf7, 0x0, 0x18, 0x88, 0x86, 0x0, 0xdf, 0xd0,
    0x0, 0x1f, 0xf7, 0x0, 0x3f, 0xff, 0xfc, 0x0,
    0x7f, 0xf3, 0x0, 0x1f, 0xf7, 0x0, 0x3f, 0xff,
    0xfb, 0x0, 0x1f, 0xf9, 0x0, 0x1f, 0xf7, 0x0,
    0x1, 0x1b, 0xfb, 0x0, 0xb, 0xff, 0x0, 0x1f,
    0xf7, 0x0, 0x0, 0xc, 0xfa, 0x0, 0x5, 0xff,
    0x50, 0x1f, 0xf7, 0x0, 0x0, 0xd, 0xf9, 0x0,
    0x0, 0x67, 0x40, 0x1f, 0xf7, 0x0, 0x0, 0xf,
    0xf7, 0x0, 0x0, 0x0, 0x0, 0x1f, 0xf7, 0x0,
    0x0, 0x2f, 0xf4, 0x0, 0x0, 0x0, 0x3f, 0xff,
    0xf7, 0x0, 0x0, 0x5f, 0xf2, 0x0, 0x0, 0x0,
    0x3f, 0xff, 0xf7, 0x0, 0x0, 0x9f, 0xf6, 0x10,
    0x0, 0x0, 0x17, 0x77, 0x73, 0x0, 0x0, 0xdf,
    0xff, 0xfd, 0xbb, 0xbb, 0xbb, 0xbb, 0xbb, 0xb6,
    0x3, 0xff, 0xff, 0xff, 0xff, 0xff, 0xff, 0xff,
    0xff, 0xf9, 0x8, 0xff, 0x45, 0x9c, 0xdd, 0xdd,
    0xdd, 0xdd, 0xdd, 0xd7, 0x0, 0x11, 0x0, 0x0,
    0x0, 0x0, 0x0, 0x0, 0x0, 0x0,

    /* U+8FD0 "运" */
    0x3, 0xff, 0x80, 0xa, 0xff, 0xff, 0xff, 0xff,
    0xff, 0x10, 0x0, 0xdf, 0xd0, 0xa, 0xff, 0xff,
    0xff, 0xff, 0xff, 0x10, 0x0, 0x7f, 0xf3, 0x4,
    0x77, 0x77, 0x77, 0x77, 0x77, 0x0, 0x0, 0x1d,
    0xd7, 0x0, 0x0, 0x0, 0x0, 0x0, 0x0, 0x0,
    0x0, 0x0, 0x0, 0x47, 0x77, 0x77, 0x77, 0x77,
    0x77, 0x70, 0x18, 0x88, 0x86, 0x9f, 0xff, 0xff,
    0xff, 0xff, 0xff, 0xf1, 0x3f, 0xff, 0xfc, 0x9f,
    0xff, 0xff, 0xff, 0xff, 0xff, 0xf1, 0x3f, 0xff,
    0xfb, 0x13, 0x35, 0xff, 0x93, 0x33, 0x33, 0x30,
    0x1, 0x1e, 0xfb, 0x0, 0x9, 0xff, 0x10, 0x0,
    0x0, 0x0, 0x0, 0xf, 0xfa, 0x0, 0x1f, 0xf8,
    0x0, 0x8, 0x83, 0x0, 0x0, 0xf, 0xf9, 0x0,
    0x9f, 0xf1, 0x0, 0xc, 0xfb, 0x0, 0x0, 0x2f,
    0xf7, 0x8, 0xff, 0xd8, 0x88, 0x8c, 0xff, 0x20,
    0x0, 0x4f, 0xf5, 0x1f, 0xff, 0xff, 0xff, 0xff,
    0xff, 0x80, 0x0, 0x7f, 0xf2, 0x1f, 0xff, 0xff,
    0xff, 0xff, 0xff, 0xd0, 0x0, 0xbf, 0xf5, 0x0,
    0x0, 0x0, 0x0, 0x0, 0x0, 0x0, 0x0, 0xff,
    0xff, 0xfc, 0xba, 0xaa, 0xaa, 0xaa, 0xaa, 0xa2,
    0x4, 0xff, 0xff, 0xff, 0xff, 0xff, 0xff, 0xff,
    0xff, 0xf4, 0x9, 0xff, 0x36, 0xac, 0xdd, 0xdd,
    0xdd, 0xdd, 0xdd, 0xd3, 0x0, 0x11, 0x0, 0x0,
    0x0, 0x0, 0x0, 0x0, 0x0, 0x0,

    /* U+8FD8 "还" */
    0x2, 0xff, 0x90, 0x4f, 0xff, 0xff, 0xff, 0xff,
    0xff, 0xe0, 0x0, 0xcf, 0xe0, 0x4f, 0xff, 0xff,
    0xff, 0xff, 0xff, 0xe0, 0x0, 0x6f, 0xf3, 0x27,
    0x77, 0x7e, 0xff, 0x77, 0x77, 0x70, 0x0, 0xd,
    0xe8, 0x0, 0x0, 0x2f, 0xf9, 0x0, 0x0, 0x0,
    0x0, 0x0, 0x0, 0x0, 0x0, 0xbf, 0xf2, 0x0,
    0x0, 0x0, 0x17, 0x77, 0x75, 0x0, 0x7, 0xff,
    0xfe, 0x0, 0x0, 0x0, 0x3f, 0xff, 0xfc, 0x0,
    0x6f, 0xff, 0xfe, 0x4b, 0x30, 0x0, 0x3f, 0xff,
    0xfb, 0x9, 0xff, 0xfd, 0xfe, 0x4f, 0xfb, 0x30,
    0x2, 0x2c, 0xfb, 0xaf, 0xff, 0x4a, 0xfe, 0x3f,
    0xff, 0xf4, 0x0, 0xc, 0xfa, 0xbf, 0xd3, 0xa,
    0xfe, 0x1, 0x9f, 0xf5, 0x0, 0xe, 0xf8, 0xa8,
    0x0, 0xa, 0xfe, 0x0, 0x1, 0x94, 0x0, 0xf,
    0xf6, 0x0, 0x0, 0x9, 0xfe, 0x0, 0x0, 0x0,
    0x0, 0x2f, 0xf4, 0x0, 0x0, 0x9, 0xfe, 0x0,
    0x0, 0x0, 0x0, 0x5f, 0xf2, 0x0, 0x0, 0x9,
    0xfe, 0x0, 0x0, 0x0, 0x0, 0x9f, 0xf8, 0x10,
    0x0, 0x4, 0x77, 0x0, 0x0, 0x0, 0x0, 0xdf,
    0xff, 0xfc, 0x99, 0x99, 0x99, 0x99, 0x99, 0x94,
    0x2, 0xff, 0xff, 0xff, 0xff, 0xff, 0xff, 0xff,
    0xff, 0xf8, 0x7, 0xff, 0x67, 0xce, 0xff, 0xff,
    0xff, 0xff, 0xff, 0xf8, 0x2, 0x33, 0x0, 0x0,
    0x0, 0x0, 0x0, 0x0, 0x0, 0x0,

    /* U+8FD9 "这" */
    0x3, 0xdd, 0x50, 0x0, 0x0, 0x9, 0xff, 0x0,
    0x0, 0x0, 0x0, 0xef, 0xb0, 0x48, 0x88, 0x8c,
    0xff, 0x88, 0x88, 0x70, 0x0, 0xaf, 0xf1, 0x8f,
    0xff, 0xff, 0xff, 0xff, 0xff, 0xe0, 0x0, 0x5f,
    0xf6, 0x8f, 0xff, 0xff, 0xff, 0xff, 0xff, 0xe0,
    0x0, 0x8, 0x85, 0x1, 0xff, 0xa1, 0x11, 0x4f,
    0xf6, 0x0, 0x18, 0x88, 0x86, 0x0, 0xaf, 0xe0,
    0x0, 0xaf, 0xf1, 0x0, 0x3f, 0xff, 0xfc, 0x0,
    0x5f, 0xf7, 0x2, 0xff, 0xb0, 0x0, 0x3f, 0xff,
    0xfb, 0x0, 0xd, 0xff, 0x4d, 0xff, 0x40, 0x0,
    0x1, 0x1e, 0xfb, 0x0, 0x4, 0xff, 0xff, 0xfb,
    0x0, 0x0, 0x0, 0xf, 0xfa, 0x0, 0x0, 0x9f,
    0xff, 0xe1, 0x0, 0x0, 0x0, 0xf, 0xf8, 0x0,
    0x19, 0xff, 0xff, 0xfc, 0x40, 0x0, 0x0, 0x2f,
    0xf6, 0x4b, 0xff, 0xff, 0xdf, 0xff, 0xfd, 0x70,
    0x0, 0x4f, 0xf4, 0xaf, 0xff, 0xe6, 0x3, 0xcf,
    0xff, 0xf0, 0x0, 0x7f, 0xf2, 0xaf, 0xc6, 0x0,
    0x0, 0x3, 0xaf, 0xf0, 0x0, 0xbf, 0xf4, 0x32,
    0x0, 0x0, 0x0, 0x0, 0x0, 0x50, 0x0, 0xef,
    0xff, 0xeb, 0x99, 0x99, 0x99, 0x99, 0x99, 0x93,
    0x3, 0xff, 0xff, 0xff, 0xff, 0xff, 0xff, 0xff,
    0xff, 0xf6, 0x8, 0xff, 0x58, 0xce, 0xff, 0xff,
    0xff, 0xff, 0xff, 0xf6, 0x2, 0x33, 0x0, 0x0,
    0x0, 0x0, 0x0, 0x0, 0x0, 0x0,

    /* U+8FDB "进" */
    0x0, 0x0, 0x0, 0x0, 0x2, 0x32, 0x0, 0x0,
    0x0, 0x0, 0x4, 0xff, 0x60, 0x0, 0xe, 0xfa,
    0x0, 0xef, 0xa0, 0x0, 0x0, 0xff, 0xc0, 0x4,
    0x4f, 0xfb, 0x44, 0xff, 0xb4, 0x20, 0x0, 0xaf,
    0xf1, 0x2f, 0xff, 0xff, 0xff, 0xff, 0xff, 0x80,
    0x0, 0x5f, 0xf6, 0x2f, 0xff, 0xff, 0xff, 0xff,
    0xff, 0x80, 0x0, 0x5, 0x53, 0x3, 0x3f, 0xfb,
    0x33, 0xff, 0xb3, 0x10, 0x4, 0x44, 0x43, 0x0,
    0xe, 0xfa, 0x0, 0xef, 0xa0, 0x0, 0x3f, 0xff,
    0xfc, 0x0, 0xe, 0xfa, 0x0, 0xef, 0xa0, 0x0,
    0x3f, 0xff, 0xfb, 0x57, 0x7f, 0xfc, 0x77, 0xff,
    0xc7, 0x70, 0x4, 0x4f, 0xfb, 0xbf, 0xff, 0xff,
    0xff, 0xff, 0xff, 0xf1, 0x0, 0xf, 0xfa, 0xbf,
    0xff, 0xff, 0xff, 0xff, 0xff, 0xf1, 0x0, 0x1f,
    0xf9, 0x0, 0x5f, 0xf5, 0x0, 0xef, 0xa0, 0x0,
    0x0, 0x3f, 0xf7, 0x0, 0x8f, 0xf1, 0x0, 0xef,
    0xa0, 0x0, 0x0, 0x6f, 0xf5, 0x0, 0xef, 0xd0,
    0x0, 0xef, 0xa0, 0x0, 0x0, 0x8f, 0xf2, 0x5,
    0xff, 0x70, 0x0, 0xef, 0xa0, 0x0, 0x0, 0xcf,
    0xf4, 0xa, 0xcc, 0x10, 0x0, 0xbc, 0x70, 0x0,
    0x0, 0xff, 0xff, 0xec, 0xba, 0xaa, 0xaa, 0xaa,
    0xaa, 0xa2, 0x4, 0xff, 0xff, 0xff, 0xff, 0xff,
    0xff, 0xff, 0xff, 0xf4, 0x9, 0xff, 0x26, 0xac,
    0xdd, 0xdd, 0xdd, 0xdd, 0xdd, 0xd3, 0x0, 0x10,
    0x0, 0x0, 0x0, 0x0, 0x0, 0x0, 0x0, 0x0,

    /* U+8FDE "连" */
    0x0, 0x0, 0x0, 0x0, 0x0, 0x1, 0x10, 0x0,
    0x0, 0x0, 0x4, 0xff, 0x60, 0x0, 0x0, 0x8f,
    0xf2, 0x0, 0x0, 0x0, 0x0, 0xff, 0xb0, 0xe,
    0xff, 0xff, 0xff, 0xff, 0xff, 0xb0, 0x0, 0xbf,
    0xf1, 0xf, 0xff, 0xff, 0xff, 0xff, 0xff, 0xc0,
    0x0, 0x6f, 0xf6, 0x8, 0x9e, 0xff, 0x99, 0x99,
    0x99, 0x70, 0x0, 0x15, 0x53, 0x0, 0x2f, 0xf9,
    0xaa, 0x50, 0x0, 0x0, 0x4, 0x44, 0x43, 0x0,
    0x8f, 0xf3, 0xff, 0x80, 0x0, 0x0, 0x3f, 0xff,
    0xfc, 0x6, 0xef, 0xf8, 0xff, 0xc8, 0x88, 0x20,
    0x3f, 0xff, 0xfb, 0xc, 0xff, 0xff, 0xff, 0xff,
    0xff, 0x50, 0x15, 0x6f, 0xfb, 0xb, 0xee, 0xee,
    0xff, 0xfe, 0xee, 0x50, 0x0, 0x2f, 0xfa, 0x0,
    0x0, 0x0, 0xff, 0x80, 0x0, 0x0, 0x0, 0x3f,
    0xf8, 0x27, 0x77, 0x78, 0xff, 0xc7, 0x77, 0x71,
    0x0, 0x4f, 0xf7, 0x5f, 0xff, 0xff, 0xff, 0xff,
    0xff, 0xf2, 0x0, 0x7f, 0xf4, 0x4f, 0xff, 0xff,
    0xff, 0xff, 0xff, 0xf2, 0x0, 0x9f, 0xf1, 0x0,
    0x0, 0x0, 0xff, 0x80, 0x0, 0x0, 0x0, 0xdf,
    0xf4, 0x0, 0x0, 0x0, 0xff, 0x70, 0x0, 0x0,
    0x0, 0xff, 0xff, 0xec, 0xaa, 0xaa, 0xaa, 0xaa,
    0xaa, 0xa4, 0x5, 0xff, 0xff, 0xff, 0xff, 0xff,
    0xff, 0xff, 0xff, 0xf6, 0x9, 0xff, 0x26, 0xac,
    0xdd, 0xdd, 0xdd, 0xdd, 0xdd, 0xd5, 0x0, 0x10,
    0x0, 0x0, 0x0, 0x0, 0x0, 0x0, 0x0, 0x0,

    /* U+8FDF "迟" */
    0x2, 0xff, 0x80, 0x4, 0xff, 0xff, 0xff, 0xff,
    0xff, 0x90, 0x0, 0xdf, 0xd0, 0x4, 0xff, 0xff,
    0xff, 0xff, 0xff, 0x90, 0x0, 0x7f, 0xf3, 0x4,
    0xff, 0x87, 0x77, 0x77, 0xff, 0x90, 0x0, 0x2e,
    0xf8, 0x4, 0xff, 0x20, 0x0, 0x0, 0xef, 0x90,
    0x0, 0x0, 0x0, 0x4, 0xff, 0x20, 0x0, 0x0,
    0xef, 0x90, 0x18, 0x88, 0x86, 0x4, 0xff, 0xdd,
    0xdd, 0xdd, 0xff, 0x90, 0x3f, 0xff, 0xfc, 0x4,
    0xff, 0xff, 0xff, 0xff, 0xff, 0x90, 0x3f, 0xff,
    0xfb, 0x5, 0xff, 0xba, 0xab, 0xff, 0xca, 0x50,
    0x1, 0x1d, 0xfb, 0x6, 0xff, 0x10, 0x0, 0xdf,
    0xa0, 0x0, 0x0, 0xe, 0xfa, 0x8, 0xff, 0x0,
    0x0, 0x7f, 0xf1, 0x0, 0x0, 0xf, 0xf8, 0xb,
    0xfd, 0x0, 0x0, 0x1f, 0xf8, 0x0, 0x0, 0x1f,
    0xf6, 0xf, 0xf9, 0x0, 0x0, 0x9, 0xff, 0x10,
    0x0, 0x4f, 0xf4, 0x5f, 0xf5, 0x0, 0x0, 0x1,
    0xff, 0xa0, 0x0, 0x7f, 0xf1, 0x9c, 0xc0, 0x0,
    0x0, 0x0, 0x7c, 0xc2, 0x0, 0xaf, 0xf9, 0x10,
    0x0, 0x0, 0x0, 0x0, 0x0, 0x0, 0x0, 0xef,
    0xff, 0xfc, 0x98, 0x88, 0x88, 0x88, 0x88, 0x83,
    0x3, 0xff, 0xff, 0xff, 0xff, 0xff, 0xff, 0xff,
    0xff, 0xf6, 0x8, 0xff, 0x58, 0xce, 0xff, 0xff,
    0xff, 0xff, 0xff, 0xf6, 0x2, 0x33, 0x0, 0x0,
    0x0, 0x0, 0x0, 0x0, 0x0, 0x0,

    /* U+9000 "退" */
    0x4, 0xff, 0x60, 0x1e, 0xee, 0xee, 0xee, 0xee,
    0xee, 0x10, 0x0, 0xff, 0xb0, 0x2f, 0xff, 0xff,
    0xff, 0xff, 0xff, 0x10, 0x0, 0xbf, 0xf1, 0x2f,
    0xf7, 0x33, 0x33, 0x39, 0xff, 0x10, 0x0, 0x6f,
    0xf6, 0x2f, 0xfd, 0xcc, 0xcc, 0xce, 0xff, 0x10,
    0x0, 0x15, 0x53, 0x2f, 0xff, 0xff, 0xff, 0xff,
    0xff, 0x10, 0x18, 0x88, 0x86, 0x2f, 0xf6, 0x22,
    0x22, 0x29, 0xff, 0x10, 0x3f, 0xff, 0xfc, 0x2f,
    0xff, 0xff, 0xff, 0xff, 0xff, 0x10, 0x3f, 0xff,
    0xfb, 0x2f, 0xff, 0xff, 0xff, 0xff, 0xff, 0x10,
    0x1, 0x2f, 0xfb, 0x2f, 0xf5, 0x1, 0xff, 0x50,
    0x4a, 0x70, 0x0, 0x2f, 0xf9, 0x2f, 0xf5, 0x0,
    0xbf, 0xd0, 0xef, 0x40, 0x0, 0x3f, 0xf8, 0x2f,
    0xf5, 0x0, 0x3f, 0xfd, 0xfc, 0x0, 0x0, 0x5f,
    0xf6, 0x2f, 0xf5, 0x0, 0x8, 0xff, 0xc2, 0x0,
    0x0, 0x7f, 0xf4, 0x2f, 0xff, 0xfa, 0x0, 0x9f,
    0xff, 0xa0, 0x0, 0x9f, 0xf1, 0x2f, 0xff, 0xfb,
    0x0, 0x5, 0xef, 0xd0, 0x0, 0xdf, 0xf5, 0x18,
    0x88, 0x85, 0x0, 0x0, 0x5, 0x80, 0x0, 0xff,
    0xff, 0xea, 0x88, 0x88, 0x88, 0x88, 0x88, 0x81,
    0x4, 0xff, 0xff, 0xff, 0xff, 0xff, 0xff, 0xff,
    0xff, 0xf3, 0x9, 0xff, 0x48, 0xce, 0xff, 0xff,
    0xff, 0xff, 0xff, 0xf3, 0x2, 0x33, 0x0, 0x0,
    0x0, 0x0, 0x0, 0x0, 0x0, 0x0,

    /* U+9001 "送" */
    0x0, 0x0, 0x0, 0x0, 0x22, 0x10, 0x0, 0x2,
    0x21, 0x0, 0x4, 0xff, 0x60, 0x0, 0xcf, 0xc0,
    0x0, 0x5f, 0xf3, 0x0, 0x0, 0xff, 0xb0, 0x15,
    0xaf, 0xf6, 0x55, 0xcf, 0xf5, 0x40, 0x0, 0xbf,
    0xf1, 0x5f, 0xff, 0xff, 0xff, 0xff, 0xff, 0xc0,
    0x0, 0x6f, 0xf6, 0x5f, 0xff, 0xff, 0xff, 0xff,
    0xff, 0xc0, 0x0, 0x15, 0x53, 0x2, 0x22, 0x29,
    0xff, 0x22, 0x22, 0x10, 0x2, 0x22, 0x22, 0x0,
    0x0, 0x8, 0xff, 0x0, 0x0, 0x0, 0x3f, 0xff,
    0xfc, 0x68, 0x88, 0x8c, 0xff, 0x88, 0x88, 0x81,
    0x3f, 0xff, 0xfb, 0xcf, 0xff, 0xff, 0xff, 0xff,
    0xff, 0xf3, 0x17, 0x8f, 0xfb, 0xbf, 0xff, 0xff,
    0xff, 0xff, 0xff, 0xf3, 0x0, 0x1f, 0xfa, 0x0,
    0x0, 0xaf, 0xff, 0xf2, 0x0, 0x0, 0x0, 0x2f,
    0xf8, 0x0, 0x7, 0xff, 0x6e, 0xfd, 0x10, 0x0,
    0x0, 0x4f, 0xf7, 0x2, 0xbf, 0xfb, 0x4, 0xff,
    0xe6, 0x0, 0x0, 0x7f, 0xf4, 0x9f, 0xff, 0xb0,
    0x0, 0x5f, 0xff, 0xe1, 0x0, 0x9f, 0xf1, 0xbf,
    0xe6, 0x0, 0x0, 0x2, 0xbf, 0xf2, 0x0, 0xdf,
    0xf4, 0x85, 0x0, 0x0, 0x0, 0x0, 0x3, 0x92,
    0x0, 0xff, 0xff, 0xfc, 0xaa, 0xaa, 0xaa, 0xaa,
    0xaa, 0xa4, 0x5, 0xff, 0xff, 0xff, 0xff, 0xff,
    0xff, 0xff, 0xff, 0xf6, 0x9, 0xff, 0x26, 0xac,
    0xdd, 0xdd, 0xdd, 0xdd, 0xdd, 0xd5, 0x0, 0x10,
    0x0, 0x0, 0x0, 0x0, 0x0, 0x0, 0x0, 0x0,

    /* U+900F "透" */
    0x0, 0x0, 0x0, 0x0, 0x0, 0x0, 0x0, 0x1,
    0x11, 0x10, 0x3, 0xff, 0x80, 0x6f, 0xff, 0xff,
    0xff, 0xff, 0xff, 0xb0, 0x0, 0xdf, 0xd0, 0x6f,
    0xff, 0xff, 0xff, 0xfe, 0xdc, 0x70, 0x0, 0x8f,
    0xf3, 0x1, 0x11, 0x7, 0xff, 0x0, 0x0, 0x0,
    0x0, 0x2f, 0xf8, 0xbf, 0xff, 0xff, 0xff, 0xff,
    0xff, 0xf2, 0x0, 0x0, 0x0, 0xbf, 0xff, 0xff,
    0xff, 0xff, 0xff, 0xf2, 0x17, 0x77, 0x75, 0x2b,
    0xfe, 0x38, 0xff, 0x27, 0xff, 0x50, 0x3f, 0xff,
    0xfc, 0x6f, 0xf4, 0x7, 0xff, 0x0, 0xcf, 0xc0,
    0x3f, 0xff, 0xfb, 0x14, 0x44, 0x44, 0x44, 0x44,
    0x44, 0x10, 0x18, 0x8e, 0xfb, 0x4f, 0xff, 0xff,
    0xff, 0xff, 0xfd, 0x0, 0x0, 0xe, 0xfa, 0x4e,
    0xff, 0xff, 0xee, 0xff, 0xfa, 0x80, 0x0, 0xf,
    0xf8, 0x0, 0x8f, 0xf4, 0x2, 0xff, 0xff, 0xf1,
    0x0, 0x1f, 0xf6, 0x0, 0xef, 0xf0, 0x7, 0xbb,
    0xff, 0xf1, 0x0, 0x3f, 0xf4, 0x8, 0xff, 0x90,
    0x0, 0x5e, 0xff, 0xf1, 0x0, 0x6f, 0xf1, 0x6f,
    0xfe, 0x10, 0x0, 0x6f, 0xff, 0xf1, 0x0, 0xaf,
    0xf9, 0x75, 0x53, 0x0, 0x0, 0x25, 0x55, 0x50,
    0x0, 0xef, 0xff, 0xfd, 0xba, 0xaa, 0xaa, 0xaa,
    0xaa, 0xa4, 0x3, 0xff, 0xff, 0xff, 0xff, 0xff,
    0xff, 0xff, 0xff, 0xf6, 0x9, 0xff, 0x36, 0xac,
    0xdd, 0xdd, 0xdd, 0xdd, 0xdd, 0xd5, 0x0, 0x11,
    0x0, 0x0, 0x0, 0x0, 0x0, 0x0, 0x0, 0x0,

    /* U+9010 "逐" */
    0x3, 0xff, 0x80, 0x2d, 0xdd, 0xdd, 0xdd, 0xdd,
    0xdd, 0xd2, 0x0, 0xef, 0xd0, 0x2f, 0xff, 0xff,
    0xff, 0xff, 0xff, 0xf2, 0x0, 0x9f, 0xf2, 0x18,
    0x88, 0x9f, 0xfb, 0x88, 0x88, 0x81, 0x0, 0x3f,
    0xf7, 0x0, 0x16, 0xbf, 0xfa, 0x0, 0x5e, 0xd0,
    0x0, 0x5, 0x53, 0x1b, 0xff, 0xff, 0xfe, 0x0,
    0xdf, 0x70, 0x3, 0x33, 0x32, 0x2f, 0xff, 0xdc,
    0xff, 0x15, 0xff, 0x10, 0x3f, 0xff, 0xfc, 0x2e,
    0x94, 0x7, 0xff, 0x3c, 0xf8, 0x0, 0x3f, 0xff,
    0xfb, 0x0, 0x5, 0xbf, 0xff, 0x66, 0x61, 0x0,
    0x18, 0x8e, 0xfb, 0x1a, 0xff, 0xff, 0xff, 0x7d,
    0xf8, 0x0, 0x0, 0xe, 0xfa, 0x2f, 0xff, 0xe9,
    0xff, 0x86, 0xff, 0x10, 0x0, 0xf, 0xf9, 0x2e,
    0x94, 0x2, 0xff, 0x80, 0xff, 0x60, 0x0, 0x1f,
    0xf7, 0x0, 0x16, 0xcf, 0xff, 0x90, 0xaf, 0xb0,
    0x0, 0x3f, 0xf5, 0x1b, 0xff, 0xff, 0xff, 0x90,
    0x6f, 0xf0, 0x0, 0x6f, 0xf2, 0x2f, 0xff, 0xb6,
    0xff, 0x90, 0x1f, 0xf3, 0x0, 0xaf, 0xf4, 0x2b,
    0x61, 0x0, 0xce, 0x80, 0xd, 0xe4, 0x0, 0xef,
    0xff, 0xec, 0xaa, 0xaa, 0xaa, 0xaa, 0xaa, 0xa4,
    0x3, 0xff, 0xff, 0xff, 0xff, 0xff, 0xff, 0xff,
    0xff, 0xf6, 0x9, 0xff, 0x36, 0xac, 0xdd, 0xdd,
    0xdd, 0xdd, 0xdd, 0xd5, 0x0, 0x11, 0x0, 0x0,
    0x0, 0x0, 0x0, 0x0, 0x0, 0x0,

    /* U+9012 "递" */
    0x3, 0xff, 0x80, 0x12, 0x6f, 0xf3, 0x22, 0xdf,
    0xa2, 0x10, 0x0, 0xef, 0xd0, 0xdf, 0xff, 0xff,
    0xff, 0xff, 0xff, 0x80, 0x0, 0x9f, 0xf2, 0xdf,
    0xff, 0xff, 0xff, 0xff, 0xff, 0x80, 0x0, 0x4f,
    0xf7, 0x45, 0x55, 0x59, 0xff, 0x55, 0xdf, 0x80,
    0x0, 0x5, 0x53, 0x3d, 0xdd, 0xde, 0xff, 0xdd,
    0xff, 0x80, 0x16, 0x66, 0x64, 0x6f, 0xff, 0xff,
    0xff, 0xff, 0xff, 0x80, 0x3f, 0xff, 0xfa, 0x7f,
    0xf1, 0x17, 0xff, 0x11, 0x11, 0x0, 0x3f, 0xff,
    0xfa, 0x8f, 0xfe, 0xef, 0xff, 0xee, 0xee, 0xe1,
    0x1, 0x1e, 0xf9, 0xaf, 0xff, 0xff, 0xff, 0xff,
    0xff, 0xf0, 0x0, 0xf, 0xf8, 0x24, 0x9f, 0xd9,
    0xff, 0x44, 0x8f, 0xf0, 0x0, 0x1f, 0xf6, 0x0,
    0xdf, 0x87, 0xff, 0x0, 0x6f, 0xe0, 0x0, 0x3f,
    0xf4, 0x4d, 0xff, 0x27, 0xff, 0xa, 0xff, 0xd0,
    0x0, 0x5f, 0xf2, 0xdf, 0xf6, 0x7, 0xff, 0xb,
    0xff, 0xc0, 0x0, 0x8f, 0xf0, 0xdd, 0x40, 0x7,
    0xff, 0x4, 0x66, 0x40, 0x0, 0xcf, 0xf7, 0x40,
    0x0, 0x2, 0x65, 0x0, 0x0, 0x0, 0x1, 0xff,
    0xff, 0xfd, 0xbb, 0xbb, 0xbb, 0xbb, 0xbb, 0xb5,
    0x6, 0xff, 0xff, 0xff, 0xff, 0xff, 0xff, 0xff,
    0xff, 0xf7, 0xb, 0xff, 0x15, 0x9b, 0xcc, 0xcc,
    0xcc, 0xcc, 0xcc, 0xc6,

    /* U+9014 "途" */
    0x3, 0xff, 0x80, 0x0, 0x2, 0xff, 0xff, 0xf8,
    0x0, 0x0, 0x0, 0xef, 0xd0, 0x0, 0xc, 0xff,
    0xff, 0xff, 0x40, 0x0, 0x0, 0x9f, 0xf2, 0x1,
    0xcf, 0xf4, 0x1, 0xcf, 0xf5, 0x0, 0x0, 0x4f,
    0xf7, 0x6f, 0xff, 0x83, 0x33, 0x4e, 0xff, 0xb0,
    0x0, 0x5, 0x53, 0xbf, 0xcf, 0xff, 0xff, 0xff,
    0xdf, 0xf2, 0x1, 0x11, 0x10, 0xa6, 0xb, 0xce,
    0xff, 0xdc, 0x62, 0xb2, 0x3f, 0xff, 0xfb, 0x2,
    0x22, 0x28, 0xff, 0x32, 0x22, 0x10, 0x3f, 0xff,
    0xfa, 0x6f, 0xff, 0xff, 0xff, 0xff, 0xff, 0xf0,
    0x18, 0x8f, 0xfa, 0x5f, 0xff, 0xff, 0xff, 0xff,
    0xff, 0xe0, 0x0, 0xf, 0xf9, 0x4, 0x75, 0x7,
    0xff, 0x13, 0x77, 0x10, 0x0, 0xf, 0xf8, 0xb,
    0xfa, 0x7, 0xff, 0x12, 0xff, 0x50, 0x0, 0x2f,
    0xf6, 0xe, 0xf9, 0x7, 0xff, 0x10, 0xef, 0x90,
    0x0, 0x4f, 0xf4, 0x2f, 0xf6, 0x39, 0xff, 0x10,
    0xaf, 0xc0, 0x0, 0x7f, 0xf1, 0x7f, 0xf1, 0xdf,
    0xff, 0x10, 0x8f, 0xd0, 0x0, 0xbf, 0xf4, 0x89,
    0x80, 0xbe, 0xee, 0x10, 0x49, 0x80, 0x0, 0xff,
    0xff, 0xfc, 0xbb, 0xbb, 0xbb, 0xbb, 0xbb, 0xb4,
    0x5, 0xff, 0xff, 0xff, 0xff, 0xff, 0xff, 0xff,
    0xff, 0xf6, 0xa, 0xff, 0x15, 0x9b, 0xcc, 0xcc,
    0xcc, 0xcc, 0xcc, 0xc5,

    /* U+9017 "逗" */
    0x2, 0xff, 0x80, 0x7c, 0xcc, 0xcc, 0xcc, 0xcc,
    0xcc, 0xb0, 0x0, 0xdf, 0xd0, 0x9f, 0xff, 0xff,
    0xff, 0xff, 0xff, 0xe0, 0x0, 0x8f, 0xf2, 0x58,
    0x88, 0x88, 0x88, 0x88, 0x88, 0x70, 0x0, 0x2f,
    0xf7, 0x8, 0xee, 0xee, 0xee, 0xee, 0xec, 0x0,
    0x0, 0x5, 0x53, 0x9, 0xff, 0xff, 0xff, 0xff,
    0xfe, 0x0, 0x18, 0x88, 0x86, 0x9, 0xff, 0x44,
    0x44, 0x4b, 0xfe, 0x0, 0x3f, 0xff, 0xfc, 0x9,
    0xfe, 0x0, 0x0, 0x9, 0xfe, 0x0, 0x3f, 0xff,
    0xfb, 0x9, 0xff, 0xff, 0xff, 0xff, 0xfe, 0x0,
    0x3, 0x3d, 0xfb, 0x9, 0xff, 0xff, 0xff, 0xff,
    0xfe, 0x0, 0x0, 0xd, 0xfa, 0x2, 0x44, 0x44,
    0x44, 0x44, 0x43, 0x0, 0x0, 0xe, 0xf9, 0x0,
    0xbf, 0xe0, 0x0, 0x9f, 0xf1, 0x0, 0x0, 0xf,
    0xf7, 0x77, 0xaf, 0xf9, 0x77, 0xff, 0xd7, 0x72,
    0x0, 0x3f, 0xf5, 0xff, 0xff, 0xff, 0xff, 0xff,
    0xff, 0xf6, 0x0, 0x5f, 0xf3, 0xff, 0xff, 0xff,
    0xff, 0xff, 0xff, 0xf5, 0x0, 0x9f, 0xf3, 0x0,
    0x0, 0x0, 0x0, 0x0, 0x0, 0x0, 0x0, 0xdf,
    0xff, 0xda, 0x88, 0x88, 0x88, 0x88, 0x88, 0x84,
    0x2, 0xff, 0xff, 0xff, 0xff, 0xff, 0xff, 0xff,
    0xff, 0xf8, 0x8, 0xff, 0x68, 0xce, 0xff, 0xff,
    0xff, 0xff, 0xff, 0xf8, 0x2, 0x33, 0x0, 0x0,
    0x0, 0x0, 0x0, 0x0, 0x0, 0x0,

    /* U+901A "通" */
    0x4, 0xff, 0x60, 0x4f, 0xff, 0xff, 0xff, 0xff,
    0xff, 0x30, 0x0, 0xff, 0xb0, 0x4f, 0xff, 0xff,
    0xff, 0xff, 0xfb, 0x0, 0x0, 0xbf, 0xf1, 0x14,
    0x49, 0xa8, 0x44, 0xcf, 0xf3, 0x0, 0x0, 0x6f,
    0xf6, 0x0, 0x9, 0xff, 0x22, 0xff, 0xc0, 0x0,
    0x0, 0x15, 0x53, 0x4f, 0xff, 0xff, 0xff, 0xff,
    0xff, 0xe0, 0x4, 0x44, 0x43, 0x4f, 0xff, 0xff,
    0xff, 0xff, 0xff, 0xe0, 0x3f, 0xff, 0xfc, 0x4f,
    0xf6, 0x28, 0xff, 0x22, 0xaf, 0xe0, 0x3f, 0xff,
    0xfc, 0x4f, 0xfb, 0xac, 0xff, 0xaa, 0xdf, 0xe0,
    0x5, 0x5f, 0xfb, 0x4f, 0xff, 0xff, 0xff, 0xff,
    0xff, 0xe0, 0x0, 0x1f, 0xfa, 0x4f, 0xfa, 0x7b,
    0xff, 0x77, 0xcf, 0xe0, 0x0, 0x2f, 0xf9, 0x4f,
    0xf8, 0x49, 0xff, 0x44, 0xbf, 0xe0, 0x0, 0x4f,
    0xf7, 0x4f, 0xff, 0xff, 0xff, 0xff, 0xff, 0xe0,
    0x0, 0x7f, 0xf4, 0x4f, 0xfd, 0xce, 0xff, 0xcc,
    0xef, 0xe0, 0x0, 0x9f, 0xf1, 0x4f, 0xf5, 0x6,
    0xff, 0x0, 0xaf, 0xe0, 0x0, 0xdf, 0xf5, 0x3c,
    0xc3, 0x5, 0xcc, 0x0, 0x7c, 0xb0, 0x0, 0xff,
    0xff, 0xfc, 0xba, 0xaa, 0xaa, 0xaa, 0xaa, 0xa5,
    0x5, 0xff, 0xff, 0xff, 0xff, 0xff, 0xff, 0xff,
    0xff, 0xf8, 0x9, 0xff, 0x15, 0x9b, 0xcc, 0xcc,
    0xcc, 0xcc, 0xcc, 0xc6,

    /* U+901F "速" */
    0x0, 0x0, 0x0, 0x0, 0x0, 0x1, 0x33, 0x0,
    0x0, 0x0, 0x3, 0xff, 0x80, 0x9f, 0xff, 0xff,
    0xff, 0xff, 0xff, 0xe0, 0x0, 0xdf, 0xe0, 0x9f,
    0xff, 0xff, 0xff, 0xff, 0xff, 0xe0, 0x0, 0x7f,
    0xf4, 0x35, 0x55, 0x5a, 0xff, 0x65, 0x55, 0x40,
    0x0, 0x1c, 0xc6, 0x9, 0x99, 0x9c, 0xff, 0xa9,
    0x99, 0x40, 0x0, 0x0, 0x0, 0xf, 0xff, 0xff,
    0xff, 0xff, 0xff, 0x80, 0x18, 0x88, 0x85, 0xf,
    0xff, 0xef, 0xff, 0xee, 0xff, 0x80, 0x3f, 0xff,
    0xfa, 0xf, 0xf7, 0x7, 0xff, 0x0, 0xef, 0x80,
    0x3f, 0xff, 0xf9, 0xf, 0xfd, 0xbd, 0xff, 0xbb,
    0xff, 0x80, 0x1, 0x1f, 0xf9, 0xf, 0xff, 0xff,
    0xff, 0xff, 0xff, 0x80, 0x0, 0xf, 0xf8, 0x8,
    0x88, 0x8b, 0xff, 0x88, 0x88, 0x40, 0x0, 0x1f,
    0xf6, 0x9, 0xfc, 0x7, 0xff, 0x3, 0xff, 0x20,
    0x0, 0x3f, 0xf4, 0xc, 0xf9, 0x7, 0xff, 0x1,
    0xff, 0x50, 0x0, 0x6f, 0xf2, 0x1f, 0xf6, 0x7,
    0xff, 0x0, 0xef, 0xa0, 0x0, 0x9f, 0xf0, 0x8f,
    0xf1, 0x7, 0xff, 0x0, 0x8f, 0xf1, 0x0, 0xcf,
    0xf5, 0x45, 0x40, 0x3, 0x88, 0x0, 0x15, 0x52,
    0x0, 0xff, 0xff, 0xea, 0x88, 0x88, 0x88, 0x88,
    0x88, 0x82, 0x5, 0xff, 0xff, 0xff, 0xff, 0xff,
    0xff, 0xff, 0xff, 0xf4, 0xa, 0xff, 0x38, 0xce,
    0xff, 0xff, 0xff, 0xff, 0xff, 0xf4, 0x2, 0x32,
    0x0, 0x0, 0x0, 0x0, 0x0, 0x0, 0x0, 0x0,

    /* U+9020 "造" */
    0x0, 0x0, 0x0, 0x0, 0x0, 0x1, 0x33, 0x0,
    0x0, 0x0, 0x2, 0xff, 0x80, 0x5, 0xff, 0x8,
    0xff, 0x10, 0x0, 0x0, 0x0, 0xdf, 0xd0, 0x8,
    0xff, 0x4a, 0xff, 0x54, 0x44, 0x20, 0x0, 0x8f,
    0xf2, 0xb, 0xff, 0xff, 0xff, 0xff, 0xff, 0x70,
    0x0, 0x3f, 0xf6, 0xf, 0xff, 0xef, 0xff, 0xee,
    0xee, 0x60, 0x0, 0x8, 0x95, 0x5f, 0xf4, 0x8,
    0xff, 0x10, 0x0, 0x0, 0x1, 0x11, 0x10, 0x48,
    0x82, 0x29, 0xff, 0x32, 0x22, 0x20, 0x3f, 0xff,
    0xfc, 0xaf, 0xff, 0xff, 0xff, 0xff, 0xff, 0xf5,
    0x3f, 0xff, 0xfc, 0xaf, 0xff, 0xff, 0xff, 0xff,
    0xff, 0xf5, 0x18, 0x8d, 0xfb, 0x2, 0x33, 0x33,
    0x33, 0x33, 0x33, 0x0, 0x0, 0xc, 0xfa, 0xa,
    0xff, 0xff, 0xff, 0xff, 0xfe, 0x0, 0x0, 0xd,
    0xf9, 0xa, 0xff, 0xff, 0xff, 0xff, 0xfe, 0x0,
    0x0, 0xf, 0xf8, 0xa, 0xfe, 0x0, 0x0, 0x9,
    0xfe, 0x0, 0x0, 0x1f, 0xf6, 0xa, 0xff, 0x44,
    0x44, 0x4b, 0xfe, 0x0, 0x0, 0x4f, 0xf3, 0xa,
    0xff, 0xff, 0xff, 0xff, 0xfe, 0x0, 0x0, 0x8f,
    0xf2, 0x8, 0xdd, 0xdd, 0xdd, 0xdd, 0xdc, 0x0,
    0x0, 0xcf, 0xff, 0xb8, 0x66, 0x66, 0x66, 0x66,
    0x66, 0x63, 0x2, 0xff, 0xff, 0xff, 0xff, 0xff,
    0xff, 0xff, 0xff, 0xf8, 0x7, 0xff, 0x77, 0xce,
    0xff, 0xff, 0xff, 0xff, 0xff, 0xf8, 0x2, 0x33,
    0x0, 0x0, 0x0, 0x0, 0x0, 0x0, 0x0, 0x0,

    /* U+9053 "道" */
    0x3, 0xff, 0x80, 0x24, 0xaf, 0xe4, 0x44, 0x7f,
    0xf5, 0x40, 0x0, 0xef, 0xd0, 0x9f, 0xff, 0xff,
    0xff, 0xff, 0xff, 0xf2, 0x0, 0x9f, 0xf2, 0x8e,
    0xee, 0xef, 0xff, 0xee, 0xee, 0xe2, 0x0, 0x3f,
    0xf7, 0x0, 0x0, 0x9, 0xff, 0x0, 0x0, 0x0,
    0x0, 0x5, 0x53, 0xf, 0xff, 0xff, 0xff, 0xff,
    0xff, 0x90, 0x3, 0x33, 0x32, 0xf, 0xff, 0xee,
    0xee, 0xee, 0xff, 0x90, 0x3f, 0xff, 0xfc, 0xf,
    0xf8, 0x0, 0x0, 0x0, 0xef, 0x90, 0x3f, 0xff,
    0xfb, 0xf, 0xff, 0xff, 0xff, 0xff, 0xff, 0x90,
    0x17, 0x7e, 0xfb, 0xf, 0xfe, 0xcc, 0xcc, 0xcc,
    0xff, 0x90, 0x0, 0xe, 0xfa, 0xf, 0xfb, 0x55,
    0x55, 0x55, 0xff, 0x90, 0x0, 0xf, 0xf9, 0xf,
    0xff, 0xff, 0xff, 0xff, 0xff, 0x90, 0x0, 0x1f,
    0xf7, 0xf, 0xfa, 0x44, 0x44, 0x44, 0xff, 0x90,
    0x0, 0x3f, 0xf4, 0xf, 0xfe, 0xdd, 0xdd, 0xdd,
    0xff, 0x90, 0x0, 0x6f, 0xf1, 0xf, 0xff, 0xff,
    0xff, 0xff, 0xff, 0x90, 0x0, 0xaf, 0xf7, 0x1,
    0x11, 0x11, 0x11, 0x11, 0x11, 0x0, 0x0, 0xef,
    0xff, 0xeb, 0x88, 0x88, 0x88, 0x88, 0x88, 0x82,
    0x3, 0xff, 0xff, 0xff, 0xff, 0xff, 0xff, 0xff,
    0xff, 0xf4, 0x8, 0xff, 0x58, 0xce, 0xff, 0xff,
    0xff, 0xff, 0xff, 0xf4, 0x2, 0x33, 0x0, 0x0,
    0x0, 0x0, 0x0, 0x0, 0x0, 0x0,

    /* U+906E "遮" */
    0x9, 0xff, 0x10, 0x8f, 0xff, 0xff, 0xff, 0xff,
    0xff, 0xa0, 0x3, 0xff, 0x70, 0x8f, 0xff, 0xff,
    0xff, 0xff, 0xff, 0xa0, 0x0, 0xef, 0xc0, 0x8f,
    0xf6, 0x66, 0x66, 0x66, 0x66, 0x40, 0x0, 0x7e,
    0xe1, 0x8f, 0xe1, 0x8d, 0xc2, 0x2b, 0xd9, 0x10,
    0x0, 0x0, 0x0, 0x8f, 0xe9, 0xff, 0xff, 0xff,
    0xff, 0xb0, 0x58, 0x88, 0x81, 0x8f, 0xe9, 0xff,
    0xff, 0xff, 0xff, 0xb0, 0xaf, 0xff, 0xf2, 0x8f,
    0xe3, 0xaf, 0xf5, 0x5e, 0xfc, 0x30, 0xaf, 0xff,
    0xf1, 0x9f, 0xe0, 0x8f, 0xf0, 0xd, 0xfa, 0x0,
    0x1, 0x6f, 0xf1, 0x9f, 0xd0, 0x8f, 0xff, 0xff,
    0xfa, 0x0, 0x0, 0x6f, 0xf0, 0xbf, 0xb0, 0x8f,
    0xff, 0xff, 0xfa, 0x0, 0x0, 0x8f, 0xe0, 0xef,
    0x90, 0x25, 0x55, 0x55, 0x53, 0x0, 0x0, 0xaf,
    0xc2, 0xff, 0x6e, 0xe9, 0xf4, 0xee, 0x6f, 0x70,
    0x0, 0xcf, 0x97, 0xff, 0x4f, 0xc8, 0xf6, 0xdf,
    0x5f, 0xa0, 0x0, 0xff, 0x7e, 0xfe, 0x4f, 0xa6,
    0xf8, 0xbf, 0x4f, 0xd0, 0x3, 0xff, 0xd6, 0x32,
    0x13, 0x11, 0x31, 0x13, 0x2, 0x20, 0x7, 0xff,
    0xff, 0xda, 0x88, 0x88, 0x88, 0x88, 0x88, 0x80,
    0xc, 0xff, 0xff, 0xff, 0xff, 0xff, 0xff, 0xff,
    0xff, 0xf0, 0x2f, 0xfa, 0x5a, 0xdf, 0xff, 0xff,
    0xff, 0xff, 0xff, 0xf0, 0x13, 0x31, 0x0, 0x0,
    0x0, 0x0, 0x0, 0x0, 0x0, 0x0,

    /* U+907F "避" */
    0x1, 0x21, 0x0, 0x0, 0x0, 0x0, 0x0, 0x0,
    0x0, 0x0, 0x8, 0xff, 0x12, 0xff, 0xff, 0xff,
    0x9f, 0xff, 0xff, 0x90, 0x3, 0xff, 0x52, 0xff,
    0xff, 0xff, 0x9f, 0xff, 0xff, 0x90, 0x0, 0xef,
    0x92, 0xff, 0x20, 0xdf, 0x88, 0x97, 0x89, 0x50,
    0x0, 0xaf, 0xe2, 0xff, 0xbb, 0xff, 0x79, 0xf5,
    0x7f, 0x70, 0x0, 0x13, 0x32, 0xff, 0xff, 0xff,
    0x78, 0xf6, 0x9f, 0x50, 0x25, 0x55, 0x52, 0xff,
    0x88, 0x88, 0x35, 0xd6, 0xcf, 0x30, 0x8f, 0xff,
    0xf3, 0xff, 0x57, 0x77, 0x5d, 0xdd, 0xff, 0xb0,
    0x8f, 0xff, 0xf3, 0xfe, 0xcf, 0xff, 0xaf, 0xff,
    0xff, 0xd0, 0x25, 0x8f, 0xf3, 0xfe, 0xcf, 0xff,
    0x98, 0xbf, 0xf8, 0x60, 0x0, 0x5f, 0xf3, 0xfd,
    0xcf, 0x3f, 0x83, 0x8f, 0xf3, 0x20, 0x0, 0x7f,
    0xd5, 0xfc, 0xcf, 0x3f, 0x9f, 0xff, 0xff, 0x90,
    0x0, 0x9f, 0xb7, 0xfa, 0xcf, 0x3f, 0x9f, 0xff,
    0xff, 0x90, 0x0, 0xbf, 0x9b, 0xf8, 0xcf, 0x9f,
    0x84, 0x9f, 0xf4, 0x20, 0x0, 0xef, 0x7e, 0xf4,
    0xcf, 0xff, 0x80, 0x7f, 0xf0, 0x0, 0x2, 0xff,
    0xbf, 0xf1, 0xbf, 0xff, 0x70, 0x6f, 0xe0, 0x0,
    0x7, 0xff, 0xff, 0xb8, 0x77, 0x77, 0x77, 0x77,
    0x77, 0x70, 0xc, 0xff, 0xff, 0xff, 0xff, 0xff,
    0xff, 0xff, 0xff, 0xf1, 0x2f, 0xf9, 0x49, 0xce,
    0xff, 0xff, 0xff, 0xff, 0xff, 0xf1, 0x13, 0x31,
    0x0, 0x0, 0x0, 0x0, 0x0, 0x0, 0x0, 0x0,

    /* U+90E8 "部" */
    0x12, 0x25, 0xff, 0x72, 0x21, 0x3f, 0xff, 0xff,
    0xfe, 0xa, 0xff, 0xff, 0xff, 0xff, 0xc3, 0xff,
    0xff, 0xff, 0xe0, 0xaf, 0xff, 0xff, 0xff, 0xfc,
    0x3f, 0xfb, 0x9d, 0xfd, 0x2, 0xaf, 0xb4, 0x4a,
    0xfc, 0x33, 0xff, 0x50, 0xcf, 0xb0, 0x5, 0xfc,
    0x0, 0xaf, 0x80, 0x3f, 0xf5, 0xe, 0xfa, 0x0,
    0x3f, 0xf0, 0xc, 0xf5, 0x3, 0xff, 0x51, 0xff,
    0x70, 0xff, 0xff, 0xff, 0xff, 0xff, 0x5f, 0xf5,
    0x5f, 0xf4, 0xf, 0xff, 0xff, 0xff, 0xff, 0xf6,
    0xff, 0x59, 0xff, 0x0, 0x77, 0x77, 0x77, 0x77,
    0x77, 0x4f, 0xf5, 0x7f, 0xf4, 0x0, 0x11, 0x11,
    0x11, 0x11, 0x3, 0xff, 0x50, 0xff, 0xa0, 0x5f,
    0xff, 0xff, 0xff, 0xf8, 0x3f, 0xf5, 0xa, 0xfe,
    0x5, 0xff, 0xff, 0xff, 0xff, 0x83, 0xff, 0x50,
    0x7f, 0xf1, 0x5f, 0xf6, 0x66, 0x6f, 0xf8, 0x3f,
    0xf5, 0x7, 0xff, 0x15, 0xff, 0x10, 0x0, 0xef,
    0x83, 0xff, 0x50, 0x9f, 0xf0, 0x5f, 0xf1, 0x0,
    0xe, 0xf8, 0x3f, 0xf5, 0xd, 0xfc, 0x5, 0xff,
    0x77, 0x77, 0xff, 0x83, 0xff, 0x54, 0xff, 0x60,
    0x5f, 0xff, 0xff, 0xff, 0xf8, 0x3f, 0xf5, 0x35,
    0x50, 0x5, 0xff, 0xff, 0xff, 0xff, 0x83, 0xff,
    0x50, 0x0, 0x0, 0x0, 0x0, 0x0, 0x0, 0x0,
    0x1, 0x10, 0x0, 0x0, 0x0,

    /* U+914D "配" */
    0xff, 0xff, 0xff, 0xff, 0xf7, 0xff, 0xff, 0xff,
    0xf3, 0xf, 0xff, 0xff, 0xff, 0xff, 0x7f, 0xff,
    0xff, 0xff, 0x30, 0x55, 0xef, 0x8d, 0xf8, 0x52,
    0x66, 0x66, 0x9f, 0xf3, 0x2, 0x4d, 0xf7, 0xdf,
    0x74, 0x0, 0x0, 0x4, 0xff, 0x30, 0xbf, 0xff,
    0xff, 0xff, 0xf2, 0x0, 0x0, 0x4f, 0xf3, 0xb,
    0xff, 0xff, 0xff, 0xff, 0x20, 0x0, 0x4, 0xff,
    0x30, 0xbf, 0x7f, 0x6d, 0xbc, 0xf2, 0x36, 0x66,
    0x9f, 0xf3, 0xb, 0xf6, 0xf5, 0xda, 0xcf, 0x29,
    0xff, 0xff, 0xff, 0x30, 0xbf, 0x6f, 0x4d, 0xac,
    0xf2, 0x9f, 0xff, 0xff, 0xf2, 0xb, 0xf8, 0xf3,
    0xcd, 0xcf, 0x29, 0xfd, 0x0, 0x0, 0x0, 0xbf,
    0xff, 0x7, 0xff, 0xf2, 0x9f, 0xd0, 0x0, 0x0,
    0xb, 0xff, 0x60, 0xb, 0xff, 0x29, 0xfd, 0x0,
    0x0, 0x0, 0xbf, 0x73, 0x33, 0x3e, 0xf2, 0x9f,
    0xd0, 0x0, 0x0, 0xb, 0xff, 0xff, 0xff, 0xff,
    0x29, 0xfd, 0x0, 0x5f, 0xf1, 0xbf, 0xcb, 0xbb,
    0xbf, 0xf2, 0x9f, 0xd0, 0x5, 0xff, 0x1b, 0xf5,
    0x33, 0x33, 0xdf, 0x29, 0xfe, 0x66, 0x9f, 0xf1,
    0xbf, 0xff, 0xff, 0xff, 0xf2, 0x9f, 0xff, 0xff,
    0xff, 0x1b, 0xff, 0xff, 0xff, 0xff, 0x29, 0xff,
    0xff, 0xff, 0xf1,

    /* U+9192 "醒" */
    0xff, 0xff, 0xff, 0xff, 0x4f, 0xff, 0xff, 0xff,
    0xf3, 0xff, 0xff, 0xff, 0xff, 0x5f, 0xfe, 0xee,
    0xef, 0xf3, 0x55, 0xfd, 0xbf, 0x55, 0x3f, 0xf0,
    0x0, 0xe, 0xf3, 0x0, 0xfb, 0x9f, 0x0, 0x2f,
    0xfb, 0xbb, 0xbf, 0xf3, 0xbf, 0xff, 0xff, 0xfc,
    0x2f, 0xff, 0xff, 0xff, 0xf3, 0xbf, 0xff, 0xff,
    0xfd, 0x2f, 0xf0, 0x0, 0xe, 0xf3, 0xbf, 0x9d,
    0xba, 0xfd, 0x2f, 0xff, 0xff, 0xff, 0xf3, 0xbf,
    0x8c, 0xa9, 0xfd, 0x1f, 0xff, 0xff, 0xff, 0xf3,
    0xbf, 0x8c, 0xa9, 0xfd, 0x3d, 0xa0, 0xdd, 0x30,
    0x0, 0xbf, 0xcb, 0x9d, 0xfd, 0x6f, 0xff, 0xff,
    0xff, 0xf7, 0xbf, 0xf7, 0x6f, 0xfd, 0x9f, 0xff,
    0xff, 0xff, 0xf7, 0xbf, 0xd0, 0xc, 0xfd, 0xef,
    0x51, 0xff, 0x51, 0x10, 0xbf, 0x63, 0x35, 0xfd,
    0x36, 0x33, 0xff, 0x63, 0x30, 0xbf, 0xff, 0xff,
    0xfd, 0x3f, 0xff, 0xff, 0xff, 0xf1, 0xbf, 0xcb,
    0xbc, 0xfd, 0x2a, 0xaa, 0xff, 0xba, 0xa0, 0xbf,
    0x53, 0x35, 0xfd, 0x22, 0x22, 0xff, 0x62, 0x22,
    0xbf, 0xff, 0xff, 0xfd, 0xdf, 0xff, 0xff, 0xff,
    0xfe, 0xbf, 0xff, 0xff, 0xfd, 0xce, 0xee, 0xee,
    0xee, 0xed,

    /* U+91CA "释" */
    0x0, 0x1, 0x12, 0x35, 0x60, 0x0, 0x0, 0x0,
    0x0, 0x0, 0xef, 0xff, 0xff, 0xff, 0x8f, 0xff,
    0xff, 0xff, 0xfa, 0xe, 0xff, 0xff, 0xff, 0xf4,
    0xff, 0xff, 0xff, 0xff, 0x60, 0x56, 0x7f, 0xf6,
    0x10, 0xd, 0xfe, 0x22, 0xdf, 0xf0, 0x8, 0x92,
    0xff, 0x49, 0x80, 0x5f, 0xf8, 0x5f, 0xf7, 0x0,
    0xbf, 0x3f, 0xf5, 0xfc, 0x0, 0xaf, 0xff, 0xfc,
    0x0, 0xa, 0xf6, 0xff, 0x8f, 0x91, 0x4a, 0xff,
    0xff, 0xb5, 0x10, 0x67, 0x7f, 0xf9, 0x76, 0xaf,
    0xff, 0xff, 0xff, 0xfc, 0x1f, 0xff, 0xff, 0xff,
    0xfa, 0xff, 0xa2, 0x18, 0xff, 0xc1, 0xff, 0xff,
    0xff, 0xff, 0x65, 0x13, 0xff, 0x60, 0x57, 0x3,
    0x45, 0xff, 0x74, 0x32, 0x77, 0x9f, 0xfa, 0x77,
    0x30, 0xbf, 0x6f, 0xf9, 0xf9, 0x4f, 0xff, 0xff,
    0xff, 0xf7, 0xc, 0xf5, 0xff, 0x7f, 0xc4, 0xff,
    0xff, 0xff, 0xff, 0x60, 0xcf, 0x4f, 0xf5, 0xfe,
    0x0, 0x3, 0xff, 0x60, 0x0, 0xd, 0xf3, 0xff,
    0x4e, 0xf5, 0x77, 0x9f, 0xfa, 0x77, 0x70, 0xff,
    0x2f, 0xf4, 0xdf, 0xcf, 0xff, 0xff, 0xff, 0xff,
    0x1f, 0xd2, 0xff, 0x4c, 0xfc, 0xff, 0xff, 0xff,
    0xff, 0xf3, 0xfa, 0x2f, 0xf4, 0xbf, 0x30, 0x3,
    0xff, 0x60, 0x0, 0x3, 0x12, 0xff, 0x42, 0x30,
    0x0, 0x3f, 0xf6, 0x0, 0x0,

    /* U+91CC "里" */
    0xa, 0xff, 0xff, 0xff, 0xff, 0xff, 0xff, 0xff,
    0xa0, 0xa, 0xff, 0xff, 0xff, 0xff, 0xff, 0xff,
    0xff, 0xa0, 0xa, 0xff, 0x55, 0x58, 0xff, 0x85,
    0x55, 0xff, 0xa0, 0xa, 0xff, 0x0, 0x5, 0xff,
    0x50, 0x0, 0xff, 0xa0, 0xa, 0xff, 0xff, 0xff,
    0xff, 0xff, 0xff, 0xff, 0xa0, 0xa, 0xff, 0xff,
    0xff, 0xff, 0xff, 0xff, 0xff, 0xa0, 0xa, 0xff,
    0x44, 0x47, 0xff, 0x74, 0x44, 0xff, 0xa0, 0xa,
    0xff, 0x0, 0x5, 0xff, 0x50, 0x0, 0xff, 0xa0,
    0xa, 0xff, 0xff, 0xff, 0xff, 0xff, 0xff, 0xff,
    0xa0, 0xa, 0xff, 0xff, 0xff, 0xff, 0xff, 0xff,
    0xff, 0xa0, 0x2, 0x44, 0x44, 0x48, 0xff, 0x84,
    0x44, 0x44, 0x20, 0x5, 0x55, 0x55, 0x58, 0xff,
    0x85, 0x55, 0x55, 0x50, 0x2f, 0xff, 0xff, 0xff,
    0xff, 0xff, 0xff, 0xff, 0xf2, 0x2f, 0xff, 0xff,
    0xff, 0xff, 0xff, 0xff, 0xff, 0xf2, 0x0, 0x0,
    0x0, 0x5, 0xff, 0x50, 0x0, 0x0, 0x0, 0x66,
    0x66, 0x66, 0x69, 0xff, 0x96, 0x66, 0x66, 0x66,
    0xff, 0xff, 0xff, 0xff, 0xff, 0xff, 0xff, 0xff,
    0xff, 0xff, 0xff, 0xff, 0xff, 0xff, 0xff, 0xff,
    0xff, 0xff,

    /* U+91CD "重" */
    0x0, 0x0, 0x0, 0x0, 0x0, 0x1, 0x23, 0x34,
    0x50, 0xe, 0xee, 0xee, 0xef, 0xff, 0xff, 0xff,
    0xff, 0xf1, 0x1f, 0xff, 0xff, 0xff, 0xff, 0xff,
    0xff, 0xfe, 0xd0, 0x4, 0x44, 0x43, 0x36, 0xff,
    0x51, 0x0, 0x0, 0x0, 0x7f, 0xff, 0xff, 0xff,
    0xff, 0xff, 0xff, 0xff, 0xf7, 0x8f, 0xff, 0xff,
    0xff, 0xff, 0xff, 0xff, 0xff, 0xf8, 0x13, 0x44,
    0x44, 0x47, 0xff, 0x74, 0x44, 0x44, 0x31, 0xd,
    0xff, 0xff, 0xff, 0xff, 0xff, 0xff, 0xff, 0xd0,
    0xd, 0xfe, 0xaa, 0xac, 0xff, 0xca, 0xaa, 0xef,
    0xd0, 0xd, 0xfe, 0x99, 0x9b, 0xff, 0xb9, 0x99,
    0xef, 0xd0, 0xd, 0xff, 0xff, 0xff, 0xff, 0xff,
    0xff, 0xff, 0xd0, 0xd, 0xfc, 0x55, 0x58, 0xff,
    0x85, 0x55, 0xcf, 0xd0, 0xd, 0xff, 0xff, 0xff,
    0xff, 0xff, 0xff, 0xff, 0xd0, 0x5, 0x66, 0x66,
    0x68, 0xff, 0x86, 0x66, 0x66, 0x50, 0x8f, 0xff,
    0xff, 0xff, 0xff, 0xff, 0xff, 0xff, 0xf8, 0x8f,
    0xff, 0xff, 0xff, 0xff, 0xff, 0xff, 0xff, 0xf8,
    0x22, 0x22, 0x22, 0x26, 0xff, 0x62, 0x22, 0x22,
    0x22, 0xff, 0xff, 0xff, 0xff, 0xff, 0xff, 0xff,
    0xff, 0xff, 0xff, 0xff, 0xff, 0xff, 0xff, 0xff,
    0xff, 0xff, 0xff,

    /* U+91CF "量" */
    0x2, 0xff, 0xff, 0xff, 0xff, 0xff, 0xff, 0xff,
    0x20, 0x2, 0xff, 0xb8, 0x88, 0x88, 0x88, 0x8b,
    0xff, 0x20, 0x2, 0xff, 0xff, 0xff, 0xff, 0xff,
    0xff, 0xff, 0x20, 0x2, 0xff, 0xa5, 0x55, 0x55,
    0x55, 0x5a, 0xff, 0x20, 0x2, 0xff, 0xff, 0xff,
    0xff, 0xff, 0xff, 0xff, 0x20, 0x1, 0x77, 0x77,
    0x77, 0x77, 0x77, 0x77, 0x77, 0x10, 0x9f, 0xff,
    0xff, 0xff, 0xff, 0xff, 0xff, 0xff, 0xf9, 0x59,
    0x99, 0x99, 0x99, 0x99, 0x99, 0x99, 0x99, 0x95,
    0x8, 0xff, 0xff, 0xff, 0xff, 0xff, 0xff, 0xff,
    0x80, 0x8, 0xff, 0x77, 0x7a, 0xff, 0xa7, 0x77,
    0xff, 0x80, 0x8, 0xff, 0xff, 0xff, 0xff, 0xff,
    0xff, 0xff, 0x80, 0x8, 0xff, 0x66, 0x69, 0xff,
    0x96, 0x66, 0xff, 0x80, 0x8, 0xff, 0xff, 0xff,
    0xff, 0xff, 0xff, 0xff, 0x80, 0x4, 0x88, 0x88,
    0x8a, 0xff, 0xa8, 0x88, 0x88, 0x40, 0x2f, 0xff,
    0xff, 0xff, 0xff, 0xff, 0xff, 0xff, 0xf2, 0x19,
    0x99, 0x99, 0x9b, 0xff, 0xb9, 0x99, 0x99, 0x91,
    0xee, 0xee, 0xee, 0xee, 0xff, 0xee, 0xee, 0xee,
    0xee, 0xff, 0xff, 0xff, 0xff, 0xff, 0xff, 0xff,
    0xff, 0xff,

    /* U+949F "钟" */
    0x1, 0xff, 0xa0, 0x0, 0x0, 0x0, 0x9f, 0xf0,
    0x0, 0x0, 0x3f, 0xfb, 0x66, 0x40, 0x0, 0x9,
    0xff, 0x0, 0x0, 0x6, 0xff, 0xff, 0xfb, 0x48,
    0x88, 0xdf, 0xf8, 0x88, 0x80, 0x8f, 0xff, 0xff,
    0xa8, 0xff, 0xff, 0xff, 0xff, 0xff, 0xc, 0xff,
    0x0, 0x0, 0x8f, 0xff, 0xff, 0xff, 0xff, 0xf1,
    0xff, 0xe6, 0x66, 0x28, 0xff, 0x39, 0xfe, 0x39,
    0xff, 0x3d, 0xff, 0xff, 0xf7, 0x8f, 0xf0, 0x8f,
    0xe0, 0x8f, 0xf0, 0x6f, 0xff, 0xff, 0x68, 0xff,
    0x8, 0xfe, 0x8, 0xff, 0x0, 0x2f, 0xf7, 0x0,
    0x8f, 0xf0, 0x8f, 0xe0, 0x8f, 0xf0, 0x45, 0xff,
    0x94, 0x38, 0xff, 0x8, 0xfe, 0x8, 0xff, 0xf,
    0xff, 0xff, 0xfe, 0x8f, 0xf0, 0x8f, 0xe0, 0x8f,
    0xf0, 0xff, 0xff, 0xff, 0xe8, 0xff, 0xad, 0xff,
    0xad, 0xff, 0x0, 0x2f, 0xf7, 0x0, 0x8f, 0xff,
    0xff, 0xff, 0xff, 0xf0, 0x2, 0xff, 0x70, 0x8,
    0xff, 0xff, 0xff, 0xff, 0xfe, 0x0, 0x2f, 0xf8,
    0x46, 0x0, 0x0, 0x9f, 0xf0, 0x0, 0x0, 0x2,
    0xff, 0xff, 0xe0, 0x0, 0x9, 0xff, 0x0, 0x0,
    0x0, 0x2f, 0xff, 0xfc, 0x0, 0x0, 0x9f, 0xf0,
    0x0, 0x0, 0x1, 0xb7, 0x41, 0x0, 0x0, 0x9,
    0xff, 0x0, 0x0,

    /* U+952E "键" */
    0x0, 0x0, 0x0, 0x0, 0x0, 0x0, 0x1, 0x21,
    0x0, 0x0, 0x0, 0xef, 0xb0, 0x1f, 0xff, 0xa9,
    0x9d, 0xfe, 0x99, 0x60, 0x0, 0xff, 0xfd, 0x9f,
    0xff, 0x8f, 0xff, 0xff, 0xff, 0xb0, 0x2, 0xff,
    0xff, 0xa9, 0xff, 0x55, 0x5c, 0xfd, 0x7f, 0xb0,
    0x5, 0xff, 0xdc, 0x71, 0xff, 0x9a, 0xae, 0xfe,
    0xbf, 0xf3, 0x9, 0xff, 0x10, 0x3, 0xff, 0x9f,
    0xff, 0xff, 0xff, 0xf3, 0xe, 0xff, 0xee, 0x65,
    0xfe, 0x1, 0x1a, 0xfc, 0x3f, 0xd1, 0x9, 0xff,
    0xff, 0x68, 0xfb, 0x1f, 0xff, 0xff, 0xff, 0xb0,
    0x2, 0xef, 0xfc, 0x6d, 0xfd, 0x4f, 0xff, 0xff,
    0xff, 0xb0, 0x0, 0x9f, 0xe0, 0x3f, 0xff, 0x61,
    0x1a, 0xfd, 0x11, 0x0, 0x8, 0xcf, 0xf8, 0x7f,
    0xff, 0x7e, 0xef, 0xff, 0xee, 0xb0, 0x1f, 0xff,
    0xff, 0x91, 0xff, 0x6f, 0xff, 0xff, 0xff, 0xd0,
    0x1f, 0xff, 0xff, 0x92, 0xff, 0x31, 0x1a, 0xfd,
    0x11, 0x0, 0x0, 0x9f, 0xe0, 0x4, 0xff, 0x6f,
    0xff, 0xff, 0xff, 0xf1, 0x0, 0x9f, 0xe0, 0x6,
    0xff, 0x5f, 0xff, 0xff, 0xff, 0xf1, 0x0, 0x9f,
    0xe3, 0x3a, 0xfe, 0x30, 0xa, 0xfd, 0x0, 0x0,
    0x0, 0x9f, 0xff, 0x8e, 0xff, 0xfd, 0xaa, 0xba,
    0x99, 0x91, 0x0, 0x9f, 0xff, 0xcf, 0xff, 0xff,
    0xff, 0xff, 0xff, 0xf3, 0x0, 0x9e, 0xa6, 0xcf,
    0xe2, 0x7a, 0xcc, 0xcc, 0xcc, 0xc2, 0x0, 0x10,
    0x0, 0x0, 0x0, 0x0, 0x0, 0x0, 0x0, 0x0,

    /* U+955C "镜" */
    0x0, 0xdf, 0xf0, 0x0, 0xbf, 0xff, 0xff, 0xff,
    0xff, 0xf0, 0x0, 0xff, 0xe8, 0x82, 0xbf, 0xff,
    0xff, 0xff, 0xff, 0xf0, 0x2, 0xff, 0xff, 0xf5,
    0x4, 0xff, 0x51, 0x1f, 0xf9, 0x0, 0x5, 0xff,
    0xff, 0xf5, 0x67, 0xff, 0xa6, 0x7f, 0xfa, 0x61,
    0x9, 0xff, 0x40, 0x0, 0xff, 0xff, 0xff, 0xff,
    0xff, 0xf2, 0xe, 0xff, 0x88, 0x82, 0xef, 0xff,
    0xff, 0xff, 0xff, 0xf2, 0x1d, 0xff, 0xff, 0xf4,
    0x23, 0x33, 0x33, 0x33, 0x33, 0x30, 0x4, 0xff,
    0xff, 0xf4, 0x9f, 0xff, 0xff, 0xff, 0xff, 0xe0,
    0x0, 0x3f, 0xf4, 0x0, 0x9f, 0xf9, 0x99, 0x99,
    0xdf, 0xe0, 0x6, 0x8f, 0xf8, 0x63, 0x9f, 0xfa,
    0xaa, 0xaa, 0xdf, 0xe0, 0x1f, 0xff, 0xff, 0xf9,
    0x9f, 0xff, 0xff, 0xff, 0xff, 0xe0, 0x1f, 0xff,
    0xff, 0xf9, 0x9f, 0xe1, 0x11, 0x11, 0xaf, 0xe0,
    0x3, 0x6f, 0xf7, 0x31, 0x9f, 0xff, 0xff, 0xff,
    0xff, 0xe0, 0x0, 0x3f, 0xf4, 0x0, 0x7c, 0xff,
    0xfc, 0xff, 0xfc, 0xb0, 0x0, 0x3f, 0xf5, 0x40,
    0x0, 0xff, 0xb0, 0xdf, 0xd0, 0x0, 0x0, 0x3f,
    0xff, 0xf0, 0x8, 0xff, 0x60, 0xdf, 0xe8, 0x83,
    0x0, 0x3f, 0xff, 0xf0, 0x4f, 0xfd, 0x0, 0xdf,
    0xff, 0xf6, 0x0, 0x3f, 0xc8, 0x35, 0xff, 0xf3,
    0x0, 0xdf, 0xff, 0xf6, 0x0, 0x0, 0x0, 0x0,
    0x0, 0x0, 0x0, 0x0, 0x0, 0x0,

    /* U+957F "长" */
    0x0, 0x0, 0xef, 0xb0, 0x0, 0x0, 0x0, 0x3,
    0x90, 0x0, 0x0, 0x0, 0xef, 0xb0, 0x0, 0x0,
    0x27, 0xcf, 0xf1, 0x0, 0x0, 0x0, 0xef, 0xb0,
    0x25, 0x9d, 0xff, 0xff, 0xe0, 0x0, 0x0, 0x0,
    0xef, 0xb2, 0xff, 0xff, 0xff, 0x94, 0x0, 0x0,
    0x0, 0x0, 0xef, 0xb2, 0xff, 0xc8, 0x40, 0x0,
    0x0, 0x0, 0x0, 0x0, 0xef, 0xb1, 0x30, 0x0,
    0x0, 0x0, 0x0, 0x0, 0x17, 0x77, 0xff, 0xd7,
    0x77, 0x77, 0x77, 0x77, 0x77, 0x70, 0x3f, 0xff,
    0xff, 0xff, 0xff, 0xff, 0xff, 0xff, 0xff, 0xf0,
    0x3f, 0xff, 0xff, 0xff, 0xff, 0xff, 0xff, 0xff,
    0xff, 0xf0, 0x0, 0x0, 0xef, 0xb0, 0xc, 0xff,
    0x10, 0x0, 0x0, 0x0, 0x0, 0x0, 0xef, 0xb0,
    0x7, 0xff, 0x50, 0x0, 0x0, 0x0, 0x0, 0x0,
    0xef, 0xb0, 0x1, 0xff, 0xd0, 0x0, 0x0, 0x0,
    0x0, 0x0, 0xef, 0xb0, 0x0, 0x8f, 0xfb, 0x0,
    0x0, 0x0, 0x0, 0x0, 0xef, 0xb0, 0x0, 0xd,
    0xff, 0xc1, 0x0, 0x0, 0x0, 0x0, 0xef, 0xb0,
    0x0, 0x2, 0xef, 0xff, 0x82, 0x0, 0x0, 0x0,
    0xef, 0xd9, 0x90, 0x0, 0x2d, 0xff, 0xff, 0xd0,
    0x0, 0x0, 0xef, 0xff, 0xf0, 0x0, 0x0, 0x7f,
    0xff, 0xf0, 0x0, 0x0, 0xef, 0xff, 0xf0, 0x0,
    0x0, 0x0, 0x5b, 0xe0, 0x0, 0x0, 0x0, 0x0,
    0x0, 0x0, 0x0, 0x0, 0x0, 0x0,

    /* U+95ED "闭" */
    0x3, 0xff, 0x60, 0x1f, 0xff, 0xff, 0xff, 0xff,
    0xf7, 0x0, 0xbf, 0xe1, 0x1f, 0xff, 0xff, 0xff,
    0xff, 0xf7, 0x0, 0x3f, 0xf9, 0x9, 0x99, 0x99,
    0x99, 0x9f, 0xf7, 0x0, 0x4, 0x44, 0x0, 0x0,
    0x0, 0x0, 0x1f, 0xf7, 0x6c, 0xc0, 0x0, 0x0,
    0x8, 0xff, 0x0, 0x1f, 0xf7, 0x8f, 0xf1, 0x0,
    0x0, 0x8, 0xff, 0x10, 0x1f, 0xf7, 0x8f, 0xf1,
    0xdf, 0xff, 0xff, 0xff, 0xf5, 0x1f, 0xf7, 0x7f,
    0xf1, 0xdf, 0xff, 0xff, 0xff, 0xf5, 0x1f, 0xf7,
    0x7f, 0xf1, 0x67, 0x77, 0x7c, 0xff, 0x72, 0x1f,
    0xf7, 0x7f, 0xf1, 0x0, 0x0, 0x6d, 0xff, 0x0,
    0x1f, 0xf7, 0x7f, 0xf1, 0x1, 0x8e, 0xff, 0xff,
    0x0, 0x1f, 0xf7, 0x7f, 0xf1, 0x8f, 0xff, 0xff,
    0xff, 0x0, 0x1f, 0xf7, 0x7f, 0xf1, 0xdf, 0xfc,
    0x58, 0xff, 0x0, 0x1f, 0xf7, 0x7f, 0xf1, 0xca,
    0x30, 0x8, 0xff, 0x0, 0x1f, 0xf7, 0x7f, 0xf1,
    0x10, 0x5, 0xff, 0xff, 0x0, 0x1f, 0xf7, 0x7f,
    0xf1, 0x0, 0x5, 0xff, 0xff, 0x7, 0xaf, 0xf7,
    0x7f, 0xf1, 0x0, 0x3, 0x99, 0x99, 0xc, 0xff,
    0xf7, 0x7f, 0xf1, 0x0, 0x0, 0x0, 0x0, 0xc,
    0xff, 0xf7,

    /* U+95F2 "闲" */
    0x3, 0xff, 0xa0, 0x2f, 0xff, 0xff, 0xff, 0xff,
    0xf8, 0x0, 0xaf, 0xf2, 0x2f, 0xff, 0xff, 0xff,
    0xff, 0xf8, 0x0, 0x2f, 0xfa, 0x18, 0x88, 0x88,
    0x88, 0x9f, 0xf8, 0x0, 0x3, 0x44, 0x0, 0x0,
    0x0, 0x0, 0xf, 0xf8, 0x6c, 0xc0, 0x0, 0x3,
    0xff, 0x30, 0x0, 0xf, 0xf8, 0x8f, 0xf0, 0x89,
    0x9a, 0xff, 0xa9, 0x98, 0xf, 0xf8, 0x8f, 0xf0,
    0xef, 0xff, 0xff, 0xff, 0xfe, 0xf, 0xf8, 0x8f,
    0xf0, 0xce, 0xee, 0xff, 0xee, 0xec, 0xf, 0xf8,
    0x8f, 0xf0, 0x2, 0x13, 0xff, 0x31, 0x20, 0xf,
    0xf8, 0x8f, 0xf0, 0x3f, 0xe3, 0xff, 0x3f, 0xf3,
    0xf, 0xf8, 0x8f, 0xf0, 0x5f, 0xd3, 0xff, 0x3d,
    0xf5, 0xf, 0xf8, 0x8f, 0xf0, 0x6f, 0xc3, 0xff,
    0x3c, 0xf6, 0xf, 0xf8, 0x8f, 0xf0, 0x8f, 0xa3,
    0xff, 0x3a, 0xf8, 0xf, 0xf8, 0x8f, 0xf0, 0xbf,
    0x73, 0xff, 0x37, 0xfb, 0xf, 0xf8, 0x8f, 0xf0,
    0xef, 0x53, 0xff, 0x35, 0xfe, 0xf, 0xf8, 0x8f,
    0xf3, 0xff, 0x13, 0xff, 0x31, 0xff, 0x8f, 0xf8,
    0x8f, 0xf2, 0x77, 0x3, 0xff, 0x30, 0x77, 0xcf,
    0xf8, 0x8f, 0xf0, 0x0, 0x0, 0x33, 0x0, 0x0,
    0xaf, 0xf8,

    /* U+95F4 "间" */
    0x3, 0xff, 0x90, 0x1f, 0xff, 0xff, 0xff, 0xff,
    0xf7, 0x0, 0xbf, 0xf2, 0x1f, 0xff, 0xff, 0xff,
    0xff, 0xf7, 0x0, 0x3f, 0xfa, 0x8, 0x88, 0x88,
    0x88, 0x9f, 0xf7, 0x0, 0x4, 0x55, 0x0, 0x0,
    0x0, 0x0, 0x1f, 0xf7, 0x5c, 0xc0, 0x15, 0x55,
    0x55, 0x55, 0x51, 0x1f, 0xf7, 0x7f, 0xf1, 0x5f,
    0xff, 0xff, 0xff, 0xf3, 0x1f, 0xf7, 0x7f, 0xf1,
    0x5f, 0xff, 0xff, 0xff, 0xf3, 0x1f, 0xf7, 0x7f,
    0xf1, 0x5f, 0xf2, 0x0, 0x4f, 0xf3, 0x1f, 0xf7,
    0x7f, 0xf1, 0x5f, 0xf2, 0x0, 0x4f, 0xf3, 0x1f,
    0xf7, 0x7f, 0xf1, 0x5f, 0xff, 0xff, 0xff, 0xf3,
    0x1f, 0xf7, 0x7f, 0xf1, 0x5f, 0xff, 0xff, 0xff,
    0xf3, 0x1f, 0xf7, 0x7f, 0xf1, 0x5f, 0xf5, 0x44,
    0x7f, 0xf3, 0x1f, 0xf7, 0x7f, 0xf1, 0x5f, 0xf2,
    0x0, 0x4f, 0xf3, 0x1f, 0xf7, 0x7f, 0xf1, 0x5f,
    0xf5, 0x33, 0x6f, 0xf3, 0x1f, 0xf7, 0x7f, 0xf1,
    0x5f, 0xff, 0xff, 0xff, 0xf3, 0x1f, 0xf7, 0x7f,
    0xf1, 0x5f, 0xff, 0xff, 0xff, 0xf4, 0x9f, 0xf7,
    0x7f, 0xf1, 0x2, 0x22, 0x22, 0x22, 0x22, 0xff,
    0xf7, 0x7f, 0xf1, 0x0, 0x0, 0x0, 0x0, 0x1,
    0xff, 0xf7,

    /* U+95F9 "闹" */
    0x3, 0xff, 0xa0, 0x2f, 0xff, 0xff, 0xff, 0xff,
    0xf7, 0x0, 0xaf, 0xf2, 0x2f, 0xff, 0xff, 0xff,
    0xff, 0xf7, 0x0, 0x2f, 0xfa, 0x18, 0x88, 0x88,
    0x88, 0x9f, 0xf7, 0x0, 0x4, 0x55, 0x0, 0x11,
    0x0, 0x0, 0xf, 0xf7, 0x5c, 0xc1, 0x44, 0x46,
    0xff, 0x64, 0x44, 0x2f, 0xf7, 0x7f, 0xf5, 0xff,
    0xff, 0xff, 0xff, 0xff, 0x5f, 0xf7, 0x7f, 0xf5,
    0xff, 0xff, 0xff, 0xff, 0xff, 0x5f, 0xf7, 0x7f,
    0xf1, 0x11, 0x14, 0xff, 0x41, 0x11, 0x1f, 0xf7,
    0x7f, 0xf0, 0x66, 0x68, 0xff, 0x86, 0x66, 0xf,
    0xf7, 0x7f, 0xf0, 0xff, 0xff, 0xff, 0xff, 0xff,
    0xf, 0xf7, 0x7f, 0xf0, 0xff, 0xff, 0xff, 0xff,
    0xff, 0xf, 0xf7, 0x7f, 0xf0, 0xff, 0x63, 0xff,
    0x36, 0xff, 0xf, 0xf7, 0x7f, 0xf0, 0xff, 0x63,
    0xff, 0x36, 0xff, 0xf, 0xf7, 0x7f, 0xf0, 0xff,
    0x63, 0xff, 0x37, 0xff, 0xf, 0xf7, 0x7f, 0xf0,
    0xff, 0x63, 0xff, 0x4f, 0xff, 0xf, 0xf7, 0x7f,
    0xf0, 0xff, 0x63, 0xff, 0x4f, 0xff, 0x7f, 0xf7,
    0x7f, 0xf0, 0x55, 0x23, 0xff, 0x35, 0x55, 0xcf,
    0xf7, 0x7f, 0xf0, 0x0, 0x3, 0xff, 0x30, 0x0,
    0xcf, 0xf7,

    /* U+961F "队" */
    0xaf, 0xff, 0xff, 0xf1, 0x0, 0xe, 0xfa, 0x0,
    0x0, 0xa, 0xff, 0xff, 0xff, 0x10, 0x0, 0xef,
    0xa0, 0x0, 0x0, 0xaf, 0xf9, 0xdf, 0xf0, 0x0,
    0xe, 0xfa, 0x0, 0x0, 0xa, 0xfe, 0xa, 0xfe,
    0x0, 0x0, 0xef, 0xa0, 0x0, 0x0, 0xaf, 0xe0,
    0xdf, 0xb0, 0x0, 0xe, 0xfa, 0x0, 0x0, 0xa,
    0xfe, 0x1f, 0xf8, 0x0, 0x0, 0xff, 0xb0, 0x0,
    0x0, 0xaf, 0xe5, 0xff, 0x40, 0x0, 0xf, 0xfc,
    0x0, 0x0, 0xa, 0xfe, 0x9f, 0xf0, 0x0, 0x2,
    0xff, 0xf0, 0x0, 0x0, 0xaf, 0xe4, 0xff, 0x50,
    0x0, 0x6f, 0xff, 0x20, 0x0, 0xa, 0xfe, 0xd,
    0xfa, 0x0, 0xa, 0xff, 0xf6, 0x0, 0x0, 0xaf,
    0xe0, 0x9f, 0xe0, 0x1, 0xff, 0xff, 0xc0, 0x0,
    0xa, 0xfe, 0x7, 0xff, 0x0, 0x8f, 0xf9, 0xff,
    0x40, 0x0, 0xaf, 0xe0, 0x8f, 0xf0, 0x3f, 0xfb,
    0xe, 0xfe, 0x10, 0xa, 0xfe, 0xb, 0xfc, 0x2e,
    0xff, 0x30, 0x6f, 0xfc, 0x0, 0xaf, 0xe1, 0xff,
    0xcf, 0xff, 0x80, 0x0, 0xbf, 0xfd, 0x2a, 0xfe,
    0x5a, 0xad, 0xff, 0xb0, 0x0, 0x1, 0xdf, 0xf7,
    0xaf, 0xe0, 0x0, 0xbf, 0xb0, 0x0, 0x0, 0x1,
    0xdf, 0x7a, 0xfe, 0x0, 0xa, 0x70, 0x0, 0x0,
    0x0, 0x1, 0x97, 0x0, 0x0, 0x0, 0x0, 0x0,
    0x0, 0x0, 0x0, 0x0, 0x0,

    /* U+964D "降" */
    0x9f, 0xff, 0xff, 0xf0, 0x6f, 0xff, 0xff, 0xff,
    0xf6, 0x9, 0xff, 0xff, 0xfe, 0x2e, 0xff, 0xff,
    0xff, 0xff, 0x20, 0x9f, 0xf9, 0xdf, 0xee, 0xff,
    0xf6, 0x46, 0xff, 0xc0, 0x9, 0xfe, 0xc, 0xfd,
    0xff, 0xff, 0xc2, 0xdf, 0xf3, 0x0, 0x9f, 0xe0,
    0xff, 0xac, 0x28, 0xff, 0xff, 0xf8, 0x0, 0x9,
    0xfe, 0x2f, 0xf6, 0x0, 0x4f, 0xff, 0xfe, 0x30,
    0x0, 0x9f, 0xe7, 0xff, 0x39, 0xdf, 0xff, 0xff,
    0xff, 0xd8, 0x9, 0xfe, 0xbf, 0xe3, 0xff, 0xff,
    0xa4, 0xbf, 0xff, 0xf1, 0x9f, 0xe8, 0xff, 0x4f,
    0xc7, 0x24, 0x99, 0x28, 0xdf, 0x19, 0xfe, 0x1f,
    0xf8, 0x78, 0x88, 0xcf, 0xf9, 0x88, 0x60, 0x9f,
    0xe0, 0xbf, 0xbb, 0xff, 0xff, 0xff, 0xff, 0xfa,
    0x9, 0xfe, 0x9, 0xfd, 0x9d, 0xdd, 0xef, 0xfd,
    0xdd, 0x80, 0x9f, 0xe0, 0xaf, 0xc7, 0xa7, 0x7,
    0xff, 0x10, 0x0, 0x9, 0xfe, 0xd, 0xfb, 0xff,
    0xb6, 0xbf, 0xf7, 0x66, 0x61, 0x9f, 0xe3, 0xff,
    0xaf, 0xff, 0xff, 0xff, 0xff, 0xff, 0x39, 0xfe,
    0x7a, 0xaa, 0xff, 0xff, 0xff, 0xff, 0xff, 0xf3,
    0x9f, 0xe0, 0x0, 0x0, 0x0, 0x7, 0xff, 0x10,
    0x0, 0x9, 0xfe, 0x0, 0x0, 0x0, 0x0, 0x7f,
    0xf1, 0x0, 0x0,

    /* U+966A "陪" */
    0x9f, 0xff, 0xff, 0xf0, 0x0, 0xa, 0xfe, 0x0,
    0x0, 0x9, 0xff, 0xff, 0xff, 0x8f, 0xff, 0xff,
    0xff, 0xff, 0xc0, 0x9f, 0xf9, 0xdf, 0xf8, 0xff,
    0xff, 0xff, 0xff, 0xfc, 0x9, 0xfe, 0xb, 0xfd,
    0x49, 0x99, 0x88, 0x89, 0x99, 0x60, 0x9f, 0xe0,
    0xef, 0xa0, 0x7f, 0xf0, 0x0, 0xcf, 0xb0, 0x9,
    0xfe, 0x1f, 0xf7, 0x3, 0xff, 0x40, 0xf, 0xf7,
    0x0, 0x9f, 0xe6, 0xff, 0x3f, 0xff, 0xff, 0xff,
    0xff, 0xff, 0x49, 0xfe, 0xaf, 0xf0, 0xff, 0xff,
    0xff, 0xff, 0xff, 0xf4, 0x9f, 0xe5, 0xff, 0x38,
    0x88, 0x88, 0x88, 0x88, 0x88, 0x29, 0xfe, 0xe,
    0xf9, 0x0, 0x0, 0x0, 0x0, 0x0, 0x0, 0x9f,
    0xe0, 0xaf, 0xc1, 0xff, 0xff, 0xff, 0xff, 0xf5,
    0x9, 0xfe, 0x8, 0xfe, 0x2f, 0xff, 0xff, 0xff,
    0xff, 0x50, 0x9f, 0xe0, 0x8f, 0xd2, 0xff, 0xa7,
    0x77, 0x8f, 0xf5, 0x9, 0xfe, 0xc, 0xfb, 0x2f,
    0xf7, 0x0, 0x2, 0xff, 0x50, 0x9f, 0xe2, 0xff,
    0x52, 0xff, 0x70, 0x0, 0x2f, 0xf5, 0x9, 0xfe,
    0x6a, 0xa0, 0x2f, 0xfa, 0x66, 0x68, 0xff, 0x50,
    0x9f, 0xe0, 0x0, 0x2, 0xff, 0xff, 0xff, 0xff,
    0xf5, 0x9, 0xfe, 0x0, 0x0, 0x2f, 0xff, 0xff,
    0xff, 0xff, 0x50, 0x1, 0x10, 0x0, 0x0, 0x0,
    0x0, 0x0, 0x0, 0x0, 0x0,

    /* U+968F "随" */
    0xef, 0xff, 0xfe, 0x7d, 0x73, 0x49, 0xfc, 0x44,
    0x43, 0xef, 0xff, 0xfe, 0x7f, 0xba, 0xff, 0xff,
    0xff, 0xfc, 0xef, 0xba, 0xfe, 0x5f, 0xd9, 0xff,
    0xfe, 0xee, 0xeb, 0xef, 0x55, 0xfd, 0x3f, 0xf0,
    0xaf, 0xb0, 0x0, 0x0, 0xef, 0x58, 0xfb, 0x18,
    0x85, 0xff, 0xff, 0xff, 0xf5, 0xef, 0x5b, 0xfa,
    0x66, 0x7f, 0xff, 0xff, 0xff, 0xf6, 0xef, 0x6f,
    0xf8, 0xff, 0xff, 0xff, 0x83, 0x3f, 0xf6, 0xef,
    0xdf, 0xe5, 0xff, 0xfc, 0xff, 0x70, 0xf, 0xf6,
    0xef, 0xaf, 0xf7, 0x8f, 0xf4, 0xff, 0xff, 0xff,
    0xf6, 0xef, 0x5b, 0xfa, 0x1f, 0xf3, 0xff, 0xff,
    0xff, 0xf6, 0xef, 0x54, 0xfe, 0x2f, 0xf2, 0xff,
    0x60, 0xf, 0xf6, 0xef, 0x51, 0xff, 0x5f, 0xf0,
    0xff, 0xff, 0xff, 0xf6, 0xef, 0x51, 0xff, 0x7f,
    0xd0, 0xff, 0xff, 0xff, 0xf6, 0xef, 0x55, 0xfe,
    0x9f, 0xa0, 0xff, 0x60, 0xf, 0xf6, 0xef, 0x5c,
    0xf9, 0xdf, 0xb0, 0xbb, 0x40, 0xb, 0xb4, 0xef,
    0xbe, 0xe4, 0xff, 0xfd, 0x75, 0x55, 0x55, 0x55,
    0xef, 0x50, 0x6, 0xff, 0xff, 0xff, 0xff, 0xff,
    0xff, 0xef, 0x50, 0xb, 0xfc, 0x5b, 0xef, 0xff,
    0xff, 0xff, 0x22, 0x0, 0x2, 0x21, 0x0, 0x0,
    0x0, 0x0, 0x0,

    /* U+9690 "隐" */
    0x7f, 0xff, 0xff, 0xc0, 0xd, 0xff, 0xff, 0xff,
    0xe0, 0x7, 0xff, 0xff, 0xfb, 0x1b, 0xff, 0xff,
    0xff, 0xfa, 0x0, 0x7f, 0xf9, 0xdf, 0xad, 0xff,
    0x73, 0x35, 0xff, 0x30, 0x7, 0xfe, 0xc, 0xf9,
    0xff, 0xeb, 0xbb, 0xdf, 0xfb, 0x80, 0x7f, 0xe0,
    0xef, 0x7a, 0xff, 0xff, 0xff, 0xff, 0xfc, 0x7,
    0xfe, 0x1f, 0xf5, 0x26, 0x66, 0x66, 0x66, 0xef,
    0xc0, 0x7f, 0xe5, 0xff, 0x12, 0xcc, 0xcc, 0xcc,
    0xcf, 0xfc, 0x7, 0xfe, 0xaf, 0xd0, 0x2f, 0xff,
    0xff, 0xff, 0xff, 0xc0, 0x7f, 0xe7, 0xff, 0x10,
    0x22, 0x22, 0x22, 0x2d, 0xfc, 0x7, 0xfe, 0xf,
    0xf8, 0x9f, 0xff, 0xff, 0xff, 0xff, 0xc0, 0x7f,
    0xe0, 0xaf, 0xc9, 0xff, 0xff, 0xff, 0xff, 0xfc,
    0x7, 0xfe, 0x7, 0xfe, 0x48, 0x68, 0x85, 0x54,
    0x58, 0x60, 0x7f, 0xe0, 0x7f, 0xe9, 0xf6, 0xff,
    0x5f, 0xc4, 0xfc, 0x7, 0xfe, 0x9, 0xfc, 0xaf,
    0x5f, 0xf3, 0xff, 0x3f, 0xd0, 0x7f, 0xe0, 0xdf,
    0x9b, 0xf4, 0xff, 0x2e, 0xf4, 0xfe, 0x7, 0xfe,
    0x4f, 0xf4, 0xef, 0x2f, 0xf2, 0x79, 0x2f, 0xf0,
    0x7f, 0xe3, 0x54, 0x2f, 0xf0, 0xff, 0xed, 0xd8,
    0xdf, 0x37, 0xfe, 0x0, 0x4, 0xeb, 0xf, 0xff,
    0xff, 0xa9, 0xe6,

    /* U+96C6 "集" */
    0x0, 0x7, 0xff, 0xff, 0xff, 0xff, 0xff, 0xff,
    0xff, 0xb0, 0x0, 0xef, 0xff, 0xff, 0xff, 0xff,
    0xff, 0xff, 0xfa, 0x0, 0x9f, 0xf3, 0x11, 0x11,
    0x8f, 0xf2, 0x11, 0x11, 0x0, 0x7f, 0xff, 0xff,
    0xff, 0xff, 0xff, 0xff, 0xff, 0xf1, 0x3f, 0xff,
    0xff, 0xff, 0xff, 0xff, 0xff, 0xff, 0xff, 0x13,
    0xff, 0xff, 0x30, 0x0, 0x8, 0xff, 0x20, 0x0,
    0x0, 0x3e, 0xaf, 0xff, 0xff, 0xff, 0xff, 0xff,
    0xff, 0xff, 0x11, 0x17, 0xff, 0xcc, 0xcc, 0xcd,
    0xff, 0xcc, 0xcc, 0xc1, 0x0, 0x7f, 0xf5, 0x33,
    0x33, 0x9f, 0xf4, 0x33, 0x33, 0x30, 0x7, 0xff,
    0xff, 0xff, 0xff, 0xff, 0xff, 0xff, 0xfe, 0x0,
    0x4b, 0xbb, 0xbb, 0xbf, 0xfd, 0xbb, 0xbb, 0xbb,
    0xa0, 0x77, 0x77, 0x77, 0x77, 0xff, 0xb7, 0x77,
    0x77, 0x77, 0xf, 0xff, 0xff, 0xff, 0xff, 0xff,
    0xff, 0xff, 0xff, 0xf0, 0xff, 0xff, 0xff, 0xff,
    0xff, 0xff, 0xff, 0xff, 0xff, 0x0, 0x6, 0xff,
    0xe1, 0x1f, 0xf8, 0xb, 0xff, 0x70, 0x0, 0x9e,
    0xff, 0xf4, 0x1, 0xff, 0x80, 0x2e, 0xff, 0xe9,
    0xf, 0xff, 0xc3, 0x0, 0x1f, 0xf8, 0x0, 0x1b,
    0xff, 0xf0, 0xea, 0x40, 0x0, 0x1, 0xff, 0x80,
    0x0, 0x3, 0x9e, 0x0, 0x0, 0x0, 0x0, 0x0,
    0x0, 0x0, 0x0, 0x0, 0x0,

    /* U+96E8 "雨" */
    0x3f, 0xff, 0xff, 0xff, 0xff, 0xff, 0xff, 0xff,
    0xff, 0xf3, 0x3f, 0xff, 0xff, 0xff, 0xff, 0xff,
    0xff, 0xff, 0xff, 0xf3, 0x18, 0x88, 0x88, 0x88,
    0xaf, 0xfa, 0x88, 0x88, 0x88, 0x81, 0x0, 0x0,
    0x0, 0x0, 0x4f, 0xf4, 0x0, 0x0, 0x0, 0x0,
    0x6, 0x88, 0x88, 0x88, 0xaf, 0xfa, 0x88, 0x88,
    0x88, 0x60, 0xc, 0xff, 0xff, 0xff, 0xff, 0xff,
    0xff, 0xff, 0xff, 0xc0, 0xc, 0xff, 0xff, 0xff,
    0xff, 0xff, 0xff, 0xff, 0xff, 0xc0, 0xc, 0xfc,
    0x13, 0x30, 0x4f, 0xf4, 0x33, 0x20, 0xcf, 0xc0,
    0xc, 0xfc, 0x4f, 0xf1, 0x4f, 0xf4, 0xbf, 0xb0,
    0xcf, 0xc0, 0xc, 0xfc, 0xf, 0xf5, 0x4f, 0xf4,
    0x7f, 0xf0, 0xcf, 0xc0, 0xc, 0xfc, 0xd, 0xf9,
    0x4f, 0xf4, 0x3f, 0xf3, 0xcf, 0xc0, 0xc, 0xfc,
    0x9, 0xfd, 0x4f, 0xf4, 0xf, 0xf6, 0xcf, 0xc0,
    0xc, 0xfc, 0x26, 0x60, 0x4f, 0xf4, 0x46, 0x40,
    0xcf, 0xc0, 0xc, 0xfc, 0x4f, 0xf2, 0x4f, 0xf4,
    0xaf, 0xc0, 0xcf, 0xc0, 0xc, 0xfc, 0xf, 0xf6,
    0x4f, 0xf4, 0x7f, 0xf0, 0xcf, 0xc0, 0xc, 0xfc,
    0xc, 0xf9, 0x4f, 0xf4, 0x3f, 0xf3, 0xcf, 0xc0,
    0xc, 0xfc, 0x9, 0xfd, 0x4f, 0xf4, 0xf, 0xf6,
    0xcf, 0xc0, 0xc, 0xfc, 0x0, 0x0, 0x4f, 0xf4,
    0x0, 0x0, 0xcf, 0xc0,

    /* U+96EA "雪" */
    0xa, 0xff, 0xff, 0xff, 0xff, 0xff, 0xff, 0xff,
    0xa0, 0xa, 0xff, 0xff, 0xff, 0xff, 0xff, 0xff,
    0xff, 0xa0, 0x24, 0x55, 0x55, 0x57, 0xff, 0x75,
    0x55, 0x55, 0x42, 0xef, 0xff, 0xff, 0xff, 0xff,
    0xff, 0xff, 0xff, 0xfe, 0xef, 0xff, 0xff, 0xff,
    0xff, 0xff, 0xff, 0xff, 0xfe, 0xef, 0x97, 0x77,
    0x76, 0xff, 0x67, 0x77, 0x79, 0xfe, 0xef, 0x9f,
    0xff, 0xf9, 0xff, 0x9f, 0xff, 0xf9, 0xfe, 0xef,
    0x98, 0x88, 0x86, 0xff, 0x68, 0x88, 0x89, 0xfe,
    0x78, 0x5f, 0xff, 0xf9, 0xff, 0x9f, 0xff, 0xf5,
    0x87, 0x14, 0x44, 0x44, 0x44, 0x66, 0x44, 0x44,
    0x44, 0x30, 0x5f, 0xff, 0xff, 0xff, 0xff, 0xff,
    0xff, 0xff, 0xf0, 0x5f, 0xff, 0xff, 0xff, 0xff,
    0xff, 0xff, 0xff, 0xf0, 0x0, 0x11, 0x11, 0x11,
    0x11, 0x11, 0x11, 0xbf, 0xf0, 0x0, 0xff, 0xff,
    0xff, 0xff, 0xff, 0xff, 0xff, 0xf0, 0x0, 0xef,
    0xff, 0xff, 0xff, 0xff, 0xff, 0xff, 0xf0, 0x3,
    0x33, 0x33, 0x33, 0x33, 0x33, 0x33, 0xcf, 0xf0,
    0x5f, 0xff, 0xff, 0xff, 0xff, 0xff, 0xff, 0xff,
    0xf0, 0x5f, 0xff, 0xff, 0xff, 0xff, 0xff, 0xff,
    0xff, 0xf0,

    /* U+96F7 "雷" */
    0xa, 0xff, 0xff, 0xff, 0xff, 0xff, 0xff, 0xff,
    0xa0, 0xa, 0xff, 0xff, 0xff, 0xff, 0xff, 0xff,
    0xff, 0xa0, 0x24, 0x55, 0x55, 0x57, 0xff, 0x75,
    0x55, 0x55, 0x42, 0xef, 0xff, 0xff, 0xff, 0xff,
    0xff, 0xff, 0xff, 0xfe, 0xef, 0xff, 0xff, 0xff,
    0xff, 0xff, 0xff, 0xff, 0xfe, 0xef, 0x97, 0x77,
    0x76, 0xff, 0x67, 0x77, 0x79, 0xfe, 0xef, 0x9f,
    0xff, 0xf9, 0xff, 0x9f, 0xff, 0xf9, 0xfe, 0xef,
    0x98, 0x88, 0x86, 0xff, 0x68, 0x88, 0x89, 0xfe,
    0x78, 0x5f, 0xff, 0xf9, 0xff, 0x9f, 0xff, 0xf5,
    0x87, 0x2, 0x34, 0x44, 0x44, 0x77, 0x44, 0x44,
    0x43, 0x20, 0xa, 0xff, 0xff, 0xff, 0xff, 0xff,
    0xff, 0xff, 0x90, 0xa, 0xff, 0xff, 0xff, 0xff,
    0xff, 0xff, 0xff, 0x90, 0xa, 0xff, 0x0, 0x5,
    0xff, 0x40, 0x0, 0xff, 0x90, 0xa, 0xff, 0xff,
    0xff, 0xff, 0xff, 0xff, 0xff, 0x90, 0xa, 0xff,
    0xcc, 0xcd, 0xff, 0xdc, 0xcc, 0xff, 0x90, 0xa,
    0xff, 0x33, 0x37, 0xff, 0x63, 0x33, 0xff, 0x90,
    0xa, 0xff, 0xff, 0xff, 0xff, 0xff, 0xff, 0xff,
    0x90, 0xa, 0xff, 0xff, 0xff, 0xff, 0xff, 0xff,
    0xff, 0x90,

    /* U+96FE "雾" */
    0xe, 0xff, 0xff, 0xff, 0xff, 0xff, 0xff, 0xff,
    0xe0, 0xb, 0xdd, 0xdd, 0xdd, 0xff, 0xdd, 0xdd,
    0xdd, 0xb0, 0xab, 0xbb, 0xbb, 0xbc, 0xff, 0xcb,
    0xbb, 0xbb, 0xba, 0xff, 0xda, 0xaa, 0xab, 0xff,
    0xba, 0xaa, 0xad, 0xff, 0xff, 0x9f, 0xff, 0xf9,
    0xff, 0x9f, 0xff, 0xf9, 0xff, 0xff, 0x89, 0x99,
    0x96, 0xff, 0x69, 0x99, 0x98, 0xff, 0x56, 0x3b,
    0xbb, 0xb6, 0xbb, 0x6b, 0xbb, 0xb3, 0x65, 0x0,
    0x5, 0xef, 0xff, 0xff, 0xff, 0xff, 0xff, 0x40,
    0x6, 0xdf, 0xff, 0xfc, 0xcc, 0xcf, 0xff, 0xf5,
    0x0, 0xe, 0xfe, 0xdf, 0xfd, 0x77, 0xdf, 0xfc,
    0x20, 0x0, 0x7, 0x42, 0x4c, 0xff, 0xff, 0xff,
    0xc4, 0x10, 0x0, 0xbd, 0xff, 0xff, 0xff, 0xdd,
    0xff, 0xff, 0xff, 0xdb, 0xff, 0xec, 0xa8, 0xeb,
    0x80, 0x14, 0x7a, 0xce, 0xff, 0x2d, 0xff, 0xff,
    0xff, 0xff, 0xff, 0xff, 0xff, 0x72, 0xd, 0xff,
    0xff, 0xff, 0xff, 0xff, 0xff, 0xff, 0x50, 0x2,
    0x3a, 0xff, 0xb3, 0x33, 0x34, 0x48, 0xff, 0x30,
    0x0, 0x8f, 0xfb, 0x0, 0x0, 0x6f, 0xff, 0xff,
    0x10, 0x9, 0xff, 0xc0, 0x0, 0x0, 0x6f, 0xff,
    0xff, 0x0,

    /* U+9700 "需" */
    0xa, 0xff, 0xff, 0xff, 0xff, 0xff, 0xff, 0xff,
    0xb0, 0xa, 0xff, 0xff, 0xff, 0xff, 0xff, 0xff,
    0xff, 0xb0, 0x2, 0x33, 0x33, 0x36, 0xff, 0x63,
    0x33, 0x33, 0x20, 0xef, 0xff, 0xff, 0xff, 0xff,
    0xff, 0xff, 0xff, 0xfe, 0xef, 0xed, 0xdd, 0xde,
    0xff, 0xed, 0xdd, 0xde, 0xfe, 0xef, 0x9a, 0xaa,
    0xa7, 0xff, 0x7a, 0xaa, 0xa9, 0xfe, 0xef, 0x99,
    0x99, 0x97, 0xff, 0x79, 0x99, 0x99, 0xfe, 0xef,
    0x9f, 0xff, 0xf9, 0xff, 0x9f, 0xff, 0xf9, 0xfe,
    0x11, 0x16, 0x66, 0x65, 0xaa, 0x56, 0x66, 0x61,
    0x11, 0x8, 0xff, 0xff, 0xff, 0xff, 0xff, 0xff,
    0xff, 0x80, 0x8, 0xff, 0xff, 0xff, 0xff, 0xff,
    0xff, 0xff, 0x80, 0x2, 0x44, 0x44, 0x4c, 0xfe,
    0x44, 0x44, 0x44, 0x20, 0x7f, 0xff, 0xff, 0xff,
    0xff, 0xff, 0xff, 0xff, 0xf7, 0x8f, 0xff, 0xff,
    0xff, 0xff, 0xff, 0xff, 0xff, 0xf8, 0x8f, 0xf8,
    0x8d, 0xff, 0x88, 0xff, 0xd8, 0x8f, 0xf8, 0x8f,
    0xf1, 0xa, 0xfe, 0x0, 0xef, 0xa0, 0x1f, 0xf8,
    0x8f, 0xf1, 0xa, 0xfe, 0x0, 0xef, 0xa0, 0x1f,
    0xf8, 0x8f, 0xf1, 0x8, 0xdb, 0x0, 0xbd, 0x80,
    0x1f, 0xf8,

    /* U+9759 "静" */
    0x1f, 0xff, 0xff, 0xff, 0xf4, 0xe, 0xff, 0xff,
    0xff, 0x40, 0x1f, 0xff, 0xff, 0xff, 0xf4, 0x8f,
    0xff, 0xff, 0xff, 0x0, 0x0, 0x3, 0xff, 0x60,
    0x3, 0xff, 0xb6, 0x6f, 0xfa, 0x0, 0xa, 0xff,
    0xff, 0xff, 0xd3, 0xff, 0x43, 0x7f, 0xf6, 0x20,
    0xb, 0xff, 0xff, 0xff, 0xe3, 0xff, 0xff, 0xff,
    0xff, 0xe0, 0x3, 0x36, 0xff, 0x83, 0x32, 0xaf,
    0xff, 0xff, 0xff, 0xe0, 0x4f, 0xff, 0xff, 0xff,
    0xf6, 0x13, 0x4f, 0xf7, 0x6f, 0xe0, 0x4f, 0xff,
    0xff, 0xff, 0xf8, 0x66, 0x6f, 0xf9, 0x8f, 0xf4,
    0x4, 0x66, 0x66, 0x66, 0x55, 0xff, 0xff, 0xff,
    0xff, 0xf8, 0xa, 0xff, 0xff, 0xff, 0xd4, 0xff,
    0xff, 0xff, 0xff, 0xf8, 0xa, 0xff, 0xee, 0xff,
    0xd0, 0x0, 0x1f, 0xf6, 0x4f, 0xe1, 0xa, 0xfe,
    0x22, 0xaf, 0xd0, 0xbb, 0xbf, 0xfd, 0xcf, 0xe0,
    0xa, 0xff, 0xff, 0xff, 0xd0, 0xff, 0xff, 0xff,
    0xff, 0xe0, 0xa, 0xff, 0xdd, 0xef, 0xd0, 0xaa,
    0xaf, 0xfc, 0xaa, 0x90, 0xa, 0xfe, 0x33, 0xbf,
    0xd0, 0x0, 0x1f, 0xf6, 0x0, 0x0, 0xa, 0xff,
    0xff, 0xff, 0xd0, 0x5, 0x8f, 0xf6, 0x0, 0x0,
    0xa, 0xff, 0xbb, 0xef, 0xd0, 0xc, 0xff, 0xf6,
    0x0, 0x0, 0xa, 0xfd, 0x0, 0xaf, 0xd0, 0xc,
    0xff, 0xf6, 0x0, 0x0,

    /* U+975E "非" */
    0x0, 0x0, 0x1, 0xff, 0x80, 0x8, 0xff, 0x10,
    0x0, 0x0, 0x6, 0x88, 0x88, 0xff, 0x80, 0x8,
    0xff, 0x88, 0x88, 0x60, 0xc, 0xff, 0xff, 0xff,
    0x80, 0x8, 0xff, 0xff, 0xff, 0xc0, 0xc, 0xff,
    0xff, 0xff, 0x80, 0x8, 0xff, 0xff, 0xff, 0xc0,
    0x0, 0x0, 0x1, 0xff, 0x80, 0x8, 0xff, 0x10,
    0x0, 0x0, 0x0, 0x0, 0x1, 0xff, 0x80, 0x8,
    0xff, 0x10, 0x0, 0x0, 0x0, 0x0, 0x1, 0xff,
    0x80, 0x8, 0xff, 0x10, 0x0, 0x0, 0x4, 0xff,
    0xff, 0xff, 0x80, 0x8, 0xff, 0xff, 0xff, 0x40,
    0x4, 0xff, 0xff, 0xff, 0x80, 0x8, 0xff, 0xff,
    0xff, 0x40, 0x2, 0x77, 0x78, 0xff, 0x80, 0x8,
    0xff, 0x87, 0x77, 0x20, 0x0, 0x0, 0x1, 0xff,
    0x80, 0x8, 0xff, 0x10, 0x0, 0x0, 0x0, 0x0,
    0x1, 0xff, 0x80, 0x8, 0xff, 0x10, 0x0, 0x0,
    0x2f, 0xff, 0xff, 0xff, 0x80, 0x8, 0xff, 0xff,
    0xff, 0xf2, 0x3f, 0xff, 0xff, 0xff, 0x80, 0x8,
    0xff, 0xff, 0xff, 0xf3, 0x19, 0x99, 0x9a, 0xff,
    0x80, 0x8, 0xff, 0xa9, 0x99, 0x91, 0x0, 0x0,
    0x1, 0xff, 0x80, 0x8, 0xff, 0x10, 0x0, 0x0,
    0x0, 0x0, 0x1, 0xff, 0x80, 0x8, 0xff, 0x10,
    0x0, 0x0, 0x0, 0x0, 0x1, 0xff, 0x80, 0x8,
    0xff, 0x10, 0x0, 0x0,

    /* U+9762 "面" */
    0x2f, 0xff, 0xff, 0xff, 0xff, 0xff, 0xff, 0xff,
    0xff, 0xf2, 0x2f, 0xff, 0xff, 0xff, 0xff, 0xff,
    0xff, 0xff, 0xff, 0xf2, 0x19, 0x99, 0x99, 0x99,
    0xcf, 0xfa, 0x99, 0x99, 0x99, 0x91, 0x0, 0x0,
    0x0, 0x0, 0xaf, 0xf0, 0x0, 0x0, 0x0, 0x0,
    0x3, 0x88, 0x88, 0x88, 0xef, 0xf8, 0x88, 0x88,
    0x88, 0x30, 0x6, 0xff, 0xff, 0xff, 0xff, 0xff,
    0xff, 0xff, 0xff, 0x60, 0x6, 0xff, 0xff, 0xff,
    0xff, 0xff, 0xff, 0xff, 0xff, 0x60, 0x6, 0xff,
    0x32, 0xff, 0x70, 0x7, 0xff, 0x23, 0xff, 0x60,
    0x6, 0xff, 0x21, 0xff, 0xec, 0xce, 0xff, 0x12,
    0xff, 0x60, 0x6, 0xff, 0x21, 0xff, 0xff, 0xff,
    0xff, 0x12, 0xff, 0x60, 0x6, 0xff, 0x21, 0xff,
    0x83, 0x38, 0xff, 0x12, 0xff, 0x60, 0x6, 0xff,
    0x21, 0xff, 0x70, 0x7, 0xff, 0x12, 0xff, 0x60,
    0x6, 0xff, 0x21, 0xff, 0xff, 0xff, 0xff, 0x12,
    0xff, 0x60, 0x6, 0xff, 0x21, 0xff, 0xff, 0xff,
    0xff, 0x12, 0xff, 0x60, 0x6, 0xff, 0x21, 0xff,
    0x60, 0x6, 0xff, 0x12, 0xff, 0x60, 0x6, 0xff,
    0x98, 0xff, 0xb8, 0x8b, 0xff, 0x89, 0xff, 0x60,
    0x6, 0xff, 0xff, 0xff, 0xff, 0xff, 0xff, 0xff,
    0xff, 0x60, 0x6, 0xff, 0xff, 0xff, 0xff, 0xff,
    0xff, 0xff, 0xff, 0x60,

    /* U+97F3 "音" */
    0xf, 0xff, 0xff, 0xff, 0xff, 0xff, 0xff, 0xff,
    0xf0, 0xf, 0xff, 0xff, 0xff, 0xff, 0xff, 0xff,
    0xff, 0xf0, 0x8, 0x8c, 0xff, 0xa8, 0x88, 0x8a,
    0xff, 0xb8, 0x80, 0x0, 0x3, 0xff, 0x90, 0x0,
    0x9, 0xff, 0x30, 0x0, 0x0, 0x0, 0xdf, 0xe0,
    0x0, 0xf, 0xfc, 0x0, 0x0, 0xff, 0xff, 0xff,
    0xff, 0xff, 0xff, 0xff, 0xff, 0xff, 0xff, 0xff,
    0xff, 0xff, 0xff, 0xff, 0xff, 0xff, 0xff, 0x88,
    0x88, 0x88, 0x88, 0x88, 0x88, 0x88, 0x88, 0x88,
    0x0, 0x44, 0x44, 0x44, 0x44, 0x44, 0x44, 0x44,
    0x0, 0x3, 0xff, 0xff, 0xff, 0xff, 0xff, 0xff,
    0xff, 0x30, 0x3, 0xff, 0xff, 0xff, 0xff, 0xff,
    0xff, 0xff, 0x30, 0x3, 0xff, 0x50, 0x0, 0x0,
    0x0, 0x5, 0xff, 0x30, 0x3, 0xff, 0xfe, 0xee,
    0xee, 0xee, 0xef, 0xff, 0x30, 0x3, 0xff, 0xff,
    0xff, 0xff, 0xff, 0xff, 0xff, 0x30, 0x3, 0xff,
    0x73, 0x33, 0x33, 0x33, 0x37, 0xff, 0x30, 0x3,
    0xff, 0x95, 0x55, 0x55, 0x55, 0x59, 0xff, 0x30,
    0x3, 0xff, 0xff, 0xff, 0xff, 0xff, 0xff, 0xff,
    0x30, 0x3, 0xff, 0xff, 0xff, 0xff, 0xff, 0xff,
    0xff, 0x30,

    /* U+9875 "页" */
    0xf, 0xff, 0xff, 0xff, 0xff, 0xff, 0xff, 0xff,
    0xff, 0xf0, 0xff, 0xff, 0xff, 0xff, 0xff, 0xff,
    0xff, 0xff, 0xff, 0x8, 0x88, 0x88, 0x88, 0xaf,
    0xfa, 0x88, 0x88, 0x88, 0x80, 0x0, 0x0, 0x0,
    0x5, 0xff, 0x50, 0x0, 0x0, 0x0, 0x0, 0x69,
    0x99, 0x99, 0xbf, 0xfb, 0x99, 0x99, 0x96, 0x0,
    0xa, 0xff, 0xff, 0xff, 0xff, 0xff, 0xff, 0xff,
    0xa0, 0x0, 0xaf, 0xff, 0xff, 0xff, 0xff, 0xff,
    0xff, 0xfa, 0x0, 0xa, 0xfe, 0x0, 0x0, 0x0,
    0x0, 0x0, 0xef, 0xa0, 0x0, 0xaf, 0xe0, 0x0,
    0x2f, 0xf6, 0x0, 0xe, 0xfa, 0x0, 0xa, 0xfe,
    0x0, 0x4, 0xff, 0x50, 0x0, 0xef, 0xa0, 0x0,
    0xaf, 0xe0, 0x0, 0x8f, 0xf2, 0x0, 0xe, 0xfa,
    0x0, 0xa, 0xfe, 0x0, 0xe, 0xfd, 0x0, 0x0,
    0xef, 0xa0, 0x0, 0xaf, 0xe0, 0x9, 0xff, 0x60,
    0x0, 0xe, 0xfa, 0x0, 0x5, 0x87, 0xa, 0xff,
    0xd8, 0xb6, 0x10, 0x78, 0x50, 0x0, 0x0, 0x6e,
    0xff, 0xe2, 0x8f, 0xff, 0xb6, 0x10, 0x0, 0x6a,
    0xff, 0xff, 0xc1, 0x5, 0xef, 0xff, 0xff, 0xb6,
    0xf, 0xff, 0xfe, 0x60, 0x0, 0x0, 0x38, 0xef,
    0xff, 0xf0, 0xff, 0xb5, 0x0, 0x0, 0x0, 0x0,
    0x0, 0x38, 0xdf, 0x3, 0x0, 0x0, 0x0, 0x0,
    0x0, 0x0, 0x0, 0x0, 0x30,

    /* U+9876 "顶" */
    0x1f, 0xff, 0xff, 0xfb, 0xff, 0xff, 0xff, 0xff,
    0xff, 0xf2, 0x1f, 0xff, 0xff, 0xfb, 0xff, 0xff,
    0xff, 0xff, 0xff, 0xf2, 0x19, 0xaf, 0xfc, 0x95,
    0x66, 0x67, 0xff, 0x96, 0x66, 0x60, 0x0, 0x1f,
    0xf7, 0x0, 0x11, 0x14, 0xff, 0x31, 0x11, 0x0,
    0x0, 0x1f, 0xf7, 0x1, 0xff, 0xff, 0xff, 0xff,
    0xff, 0x40, 0x0, 0x1f, 0xf7, 0x1, 0xff, 0xff,
    0xff, 0xff, 0xff, 0x40, 0x0, 0x1f, 0xf7, 0x1,
    0xff, 0x83, 0x33, 0x36, 0xff, 0x40, 0x0, 0x1f,
    0xf7, 0x1, 0xff, 0x62, 0xcc, 0x33, 0xff, 0x40,
    0x0, 0x1f, 0xf7, 0x1, 0xff, 0x63, 0xff, 0x43,
    0xff, 0x40, 0x0, 0x1f, 0xf7, 0x1, 0xff, 0x63,
    0xff, 0x43, 0xff, 0x40, 0x0, 0x1f, 0xf7, 0x1,
    0xff, 0x63, 0xff, 0x33, 0xff, 0x40, 0x0, 0x1f,
    0xf7, 0x1, 0xff, 0x65, 0xff, 0x23, 0xff, 0x40,
    0x0, 0x1f, 0xf7, 0x1, 0xff, 0x69, 0xff, 0xb5,
    0xff, 0x40, 0x0, 0x1f, 0xf7, 0x0, 0x44, 0x4f,
    0xff, 0xff, 0x84, 0x10, 0x0, 0x1f, 0xf7, 0x0,
    0x4, 0xef, 0xf5, 0xdf, 0xf2, 0x0, 0x4, 0xaf,
    0xf7, 0x6, 0xcf, 0xff, 0x60, 0x1d, 0xfc, 0x0,
    0x7, 0xff, 0xf7, 0xc, 0xff, 0xf5, 0x0, 0x4,
    0xff, 0x50, 0x7, 0xff, 0xf7, 0xb, 0xd8, 0x10,
    0x0, 0x0, 0xdf, 0xb0, 0x0, 0x0, 0x0, 0x1,
    0x0, 0x0, 0x0, 0x0, 0x0, 0x0,

    /* U+9879 "项" */
    0x3, 0x44, 0x44, 0x48, 0xff, 0xff, 0xff, 0xff,
    0xff, 0xf1, 0xf, 0xff, 0xff, 0xfb, 0xff, 0xff,
    0xff, 0xff, 0xff, 0xf1, 0xf, 0xff, 0xff, 0xf7,
    0x66, 0x66, 0xef, 0xb6, 0x66, 0x60, 0x7, 0x7f,
    0xfc, 0x72, 0x1, 0x11, 0xff, 0x71, 0x11, 0x0,
    0x0, 0xf, 0xf9, 0x0, 0x9f, 0xff, 0xff, 0xff,
    0xff, 0x40, 0x0, 0xf, 0xf9, 0x0, 0x9f, 0xff,
    0xff, 0xff, 0xff, 0x40, 0x0, 0xf, 0xf9, 0x0,
    0x9f, 0xe3, 0x33, 0x36, 0xff, 0x40, 0x0, 0xf,
    0xf9, 0x0, 0x9f, 0xe0, 0xbc, 0x53, 0xff, 0x40,
    0x0, 0xf, 0xf9, 0x0, 0x9f, 0xe0, 0xef, 0x73,
    0xff, 0x40, 0x0, 0xf, 0xf9, 0x0, 0x9f, 0xe0,
    0xef, 0x73, 0xff, 0x40, 0x0, 0xf, 0xf9, 0x0,
    0x9f, 0xe0, 0xff, 0x73, 0xff, 0x40, 0x0, 0xf,
    0xf9, 0x1, 0x9f, 0xe0, 0xff, 0x63, 0xff, 0x40,
    0x1, 0x4f, 0xfe, 0xef, 0x9f, 0xe4, 0xff, 0xd7,
    0xff, 0x40, 0x3f, 0xff, 0xff, 0xff, 0x24, 0x4c,
    0xff, 0xff, 0xa4, 0x10, 0x3f, 0xff, 0xff, 0xda,
    0x2, 0xcf, 0xf7, 0xbf, 0xf4, 0x0, 0x2b, 0x85,
    0x30, 0x2, 0xcf, 0xff, 0xb0, 0xb, 0xfd, 0x0,
    0x0, 0x0, 0x0, 0x4, 0xff, 0xf9, 0x0, 0x1,
    0xff, 0x50, 0x0, 0x0, 0x0, 0x4, 0xfa, 0x30,
    0x0, 0x0, 0xbf, 0xb0, 0x0, 0x0, 0x0, 0x0,
    0x0, 0x0, 0x0, 0x0, 0x0, 0x0,

    /* U+987F "顿" */
    0x0, 0x0, 0xff, 0x90, 0x0, 0xef, 0xff, 0xff,
    0xff, 0xf6, 0x1e, 0xee, 0xff, 0xfe, 0xe7, 0xef,
    0xff, 0xff, 0xff, 0xf6, 0x1f, 0xff, 0xff, 0xff,
    0xf8, 0x67, 0x7b, 0xff, 0x77, 0x72, 0x1e, 0xee,
    0xff, 0xfe, 0xe7, 0x13, 0x3b, 0xff, 0x33, 0x30,
    0x0, 0x0, 0xcf, 0x60, 0x0, 0x8f, 0xff, 0xff,
    0xff, 0xf2, 0xa, 0xe6, 0xcf, 0x6b, 0xe5, 0x8f,
    0xff, 0xff, 0xff, 0xf2, 0xb, 0xf7, 0xcf, 0x6d,
    0xf5, 0x8f, 0xe3, 0x33, 0x5f, 0xf2, 0xb, 0xf7,
    0xcf, 0x6d, 0xf5, 0x8f, 0xe2, 0xcb, 0x3f, 0xf2,
    0xb, 0xf7, 0xcf, 0x6d, 0xf5, 0x8f, 0xe2, 0xfe,
    0x3f, 0xf2, 0xb, 0xf7, 0xcf, 0x6d, 0xf5, 0x8f,
    0xe2, 0xfe, 0x3f, 0xf2, 0xb, 0xfc, 0xef, 0xce,
    0xf5, 0x8f, 0xe2, 0xfe, 0x3f, 0xf2, 0xb, 0xff,
    0xff, 0xff, 0xf5, 0x8f, 0xe3, 0xfe, 0x3f, 0xf2,
    0xb, 0xff, 0xff, 0xff, 0xf5, 0x8f, 0xe5, 0xfe,
    0x4f, 0xf2, 0x0, 0x0, 0xef, 0x90, 0x0, 0x13,
    0x3c, 0xff, 0xe5, 0x30, 0x0, 0x0, 0xef, 0x93,
    0x67, 0x0, 0x9f, 0xff, 0xfd, 0x10, 0x0, 0x0,
    0xef, 0xff, 0xfc, 0x7e, 0xff, 0xb2, 0xef, 0x90,
    0x0, 0x0, 0xef, 0xff, 0xfc, 0xcf, 0xfc, 0x10,
    0x5f, 0xf1, 0x0, 0x0, 0xed, 0xa6, 0x30, 0xbd,
    0x60, 0x0, 0xe, 0xf7, 0x0, 0x0, 0x10, 0x0,
    0x0, 0x0, 0x0, 0x0, 0x0, 0x0,

    /* U+9884 "预" */
    0x1, 0x11, 0x11, 0x10, 0x0, 0x0, 0x0, 0x0,
    0x0, 0x3, 0xff, 0xff, 0xff, 0xaf, 0xff, 0xff,
    0xff, 0xff, 0xff, 0x3f, 0xff, 0xff, 0xf7, 0xff,
    0xff, 0xff, 0xff, 0xff, 0xf1, 0x77, 0x7b, 0xff,
    0x26, 0x66, 0x6f, 0xfa, 0x66, 0x66, 0x3d, 0xd0,
    0xaf, 0xc0, 0x35, 0x56, 0xff, 0x75, 0x55, 0x10,
    0xef, 0x5d, 0xf8, 0xb, 0xff, 0xff, 0xff, 0xff,
    0xf3, 0x9, 0xfb, 0xff, 0x50, 0xbf, 0xff, 0xff,
    0xff, 0xff, 0x36, 0xff, 0xff, 0xff, 0xcb, 0xfb,
    0x0, 0x0, 0x3f, 0xf3, 0x7f, 0xff, 0xff, 0xfd,
    0xbf, 0xb0, 0xff, 0x53, 0xff, 0x34, 0xac, 0xff,
    0xbf, 0xdb, 0xfb, 0xf, 0xf5, 0x3f, 0xf3, 0x0,
    0x7f, 0xf4, 0xfd, 0xbf, 0xb0, 0xff, 0x53, 0xff,
    0x30, 0x7, 0xff, 0x13, 0x2b, 0xfb, 0xf, 0xf5,
    0x3f, 0xf3, 0x0, 0x7f, 0xf1, 0x0, 0xbf, 0xb2,
    0xff, 0x43, 0xff, 0x30, 0x7, 0xff, 0x10, 0xb,
    0xfb, 0x6f, 0xfd, 0x6f, 0xf3, 0x0, 0x7f, 0xf1,
    0x0, 0x34, 0x4e, 0xff, 0xff, 0x84, 0x0, 0x7,
    0xff, 0x10, 0x0, 0x2c, 0xff, 0x7d, 0xff, 0x20,
    0x9, 0xcf, 0xf1, 0x2, 0xbf, 0xff, 0x90, 0x1d,
    0xfb, 0x0, 0xff, 0xff, 0x10, 0x5f, 0xff, 0x70,
    0x0, 0x3f, 0xf3, 0xf, 0xff, 0xf0, 0x5, 0xea,
    0x20, 0x0, 0x0, 0xdf, 0x90, 0x0, 0x0, 0x0,
    0x0, 0x0, 0x0, 0x0, 0x0, 0x0,

    /* U+9891 "频" */
    0x1, 0x33, 0x4f, 0xf2, 0x4, 0xff, 0xff, 0xff,
    0xff, 0xf6, 0x7, 0xfd, 0x4f, 0xff, 0xf8, 0xff,
    0xff, 0xff, 0xff, 0xf6, 0x7, 0xfd, 0x4f, 0xff,
    0xf6, 0x77, 0x7f, 0xfb, 0x77, 0x72, 0x7, 0xfd,
    0x4f, 0xf7, 0x61, 0x11, 0x3f, 0xf5, 0x11, 0x10,
    0x9, 0xfd, 0x7f, 0xf5, 0x32, 0xff, 0xff, 0xff,
    0xff, 0xe0, 0x1f, 0xff, 0xff, 0xff, 0xfa, 0xff,
    0xff, 0xff, 0xff, 0xe0, 0x1f, 0xff, 0xff, 0xff,
    0xfa, 0xff, 0x52, 0x22, 0x8f, 0xe0, 0x6, 0x66,
    0x67, 0x66, 0x63, 0xff, 0x48, 0x93, 0x7f, 0xe0,
    0x1, 0x32, 0xdf, 0x91, 0x32, 0xff, 0x4d, 0xf5,
    0x7f, 0xe0, 0x8, 0xf9, 0xdf, 0x9a, 0xfb, 0xff,
    0x4d, 0xf5, 0x7f, 0xe0, 0xb, 0xf7, 0xdf, 0x9d,
    0xf8, 0xff, 0x4d, 0xf5, 0x7f, 0xe0, 0xd, 0xf4,
    0xdf, 0xaf, 0xf5, 0xff, 0x4d, 0xf5, 0x7f, 0xe0,
    0xf, 0xf2, 0xdf, 0xff, 0xf0, 0xff, 0x4f, 0xf5,
    0x7f, 0xe0, 0x7, 0x70, 0x6b, 0xff, 0x90, 0x44,
    0x4f, 0xff, 0x94, 0x40, 0x0, 0x0, 0x6f, 0xfe,
    0x10, 0x0, 0xbf, 0xff, 0xf9, 0x0, 0x5, 0x9e,
    0xff, 0xf4, 0x0, 0x6d, 0xff, 0x6a, 0xff, 0x50,
    0x1f, 0xff, 0xfd, 0x20, 0x3, 0xff, 0xf7, 0x0,
    0xbf, 0xe0, 0x1f, 0xea, 0x40, 0x0, 0x3, 0xfb,
    0x30, 0x0, 0x3f, 0xf6, 0x1, 0x0, 0x0, 0x0,
    0x0, 0x0, 0x0, 0x0, 0x0, 0x0,

    /* U+9898 "题" */
    0x0, 0x0, 0x0, 0x0, 0x0, 0x0, 0x0, 0x0,
    0x0, 0x0, 0x6, 0xff, 0xff, 0xff, 0xf6, 0xdf,
    0xff, 0xff, 0xff, 0xf5, 0x6, 0xff, 0xff, 0xff,
    0xf6, 0xdf, 0xff, 0xff, 0xff, 0xf5, 0x6, 0xff,
    0x0, 0xf, 0xf6, 0x56, 0x6b, 0xff, 0x66, 0x62,
    0x6, 0xff, 0xff, 0xff, 0xf6, 0x37, 0x7c, 0xfe,
    0x77, 0x70, 0x6, 0xff, 0xcc, 0xcf, 0xf6, 0x8f,
    0xff, 0xff, 0xff, 0xf0, 0x6, 0xff, 0x55, 0x5f,
    0xf6, 0x8f, 0xff, 0xff, 0xff, 0xf0, 0x6, 0xff,
    0xff, 0xff, 0xf6, 0x8f, 0xe1, 0x76, 0x5f, 0xf0,
    0x2, 0x77, 0x77, 0x77, 0x73, 0x8f, 0xe4, 0xfe,
    0x5f, 0xf0, 0xf, 0xff, 0xff, 0xff, 0xfb, 0x8f,
    0xe4, 0xfd, 0x5f, 0xf0, 0xf, 0xff, 0xff, 0xff,
    0xfc, 0x8f, 0xe5, 0xfe, 0x8f, 0xf0, 0x4, 0x44,
    0x4e, 0xfb, 0x43, 0x48, 0x7a, 0xff, 0xf8, 0x40,
    0x2, 0xbb, 0x2d, 0xfb, 0x21, 0x0, 0x7f, 0xff,
    0xfe, 0x10, 0x3, 0xff, 0x2d, 0xff, 0xfb, 0x9e,
    0xff, 0xc2, 0xff, 0x90, 0x4, 0xff, 0x1d, 0xff,
    0xfb, 0xdf, 0xfb, 0x10, 0x6f, 0xf1, 0x6, 0xff,
    0x6d, 0xfa, 0x10, 0xcb, 0x40, 0x0, 0xd, 0xd4,
    0x9, 0xff, 0xff, 0xfc, 0x66, 0x66, 0x66, 0x66,
    0x66, 0x62, 0xc, 0xff, 0xff, 0xff, 0xff, 0xff,
    0xff, 0xff, 0xff, 0xf6, 0x2f, 0xf5, 0x5a, 0xdf,
    0xff, 0xff, 0xff, 0xff, 0xff, 0xf6, 0x13, 0x30,
    0x0, 0x0, 0x0, 0x0, 0x0, 0x0, 0x0, 0x0,

    /* U+989C "颜" */
    0x3, 0x33, 0xef, 0xb3, 0x33, 0xff, 0xff, 0xff,
    0xff, 0xe0, 0xf, 0xff, 0xff, 0xff, 0xfb, 0xff,
    0xff, 0xff, 0xff, 0xe0, 0xf, 0xff, 0xff, 0xff,
    0xfb, 0xcc, 0xcf, 0xfe, 0xcc, 0xb0, 0x6, 0xdf,
    0xb6, 0xdf, 0xb4, 0x0, 0x1f, 0xf6, 0x0, 0x0,
    0x0, 0x8f, 0xa0, 0xef, 0x40, 0xcf, 0xff, 0xff,
    0xff, 0x70, 0xe, 0xff, 0xff, 0xff, 0xfa, 0xdf,
    0xff, 0xff, 0xff, 0x70, 0xe, 0xff, 0xff, 0xff,
    0xfa, 0xdf, 0x72, 0x22, 0xdf, 0x70, 0xe, 0xfb,
    0x55, 0x57, 0xe4, 0xdf, 0x6a, 0xb3, 0xdf, 0x70,
    0xe, 0xf8, 0x47, 0xbf, 0xf0, 0xdf, 0x6d, 0xf5,
    0xdf, 0x70, 0xe, 0xf9, 0xff, 0xff, 0xd0, 0xdf,
    0x6d, 0xf5, 0xdf, 0x70, 0xf, 0xf9, 0xfe, 0xa4,
    0x12, 0xdf, 0x6d, 0xf5, 0xdf, 0x70, 0xf, 0xf8,
    0x20, 0x39, 0xf6, 0xdf, 0x6d, 0xf4, 0xdf, 0x70,
    0xf, 0xf7, 0xcf, 0xff, 0xf6, 0xdf, 0x6f, 0xf5,
    0xdf, 0x70, 0x1f, 0xf6, 0xff, 0xfd, 0x60, 0x34,
    0x5f, 0xff, 0x71, 0x0, 0x3f, 0xf4, 0x97, 0x32,
    0x9a, 0x0, 0xcf, 0xff, 0xf6, 0x0, 0x6f, 0xf2,
    0x58, 0xcf, 0xfa, 0x6d, 0xff, 0x4b, 0xff, 0x10,
    0x9f, 0xe5, 0xff, 0xff, 0xf6, 0xff, 0xf6, 0x0,
    0xef, 0x90, 0xdf, 0xb5, 0xff, 0xc7, 0x10, 0xfb,
    0x30, 0x0, 0x8f, 0xe0, 0x0, 0x1, 0x20, 0x0,
    0x0, 0x10, 0x0, 0x0, 0x0, 0x0,

    /* U+98CE "风" */
    0x0, 0xaf, 0xff, 0xff, 0xff, 0xff, 0xff, 0xff,
    0xfe, 0x0, 0x0, 0xaf, 0xff, 0xff, 0xff, 0xff,
    0xff, 0xff, 0xfe, 0x0, 0x0, 0xaf, 0xf9, 0x99,
    0x99, 0x99, 0x99, 0x9d, 0xfe, 0x0, 0x0, 0xaf,
    0xe0, 0xab, 0x70, 0x3, 0xbb, 0x1a, 0xfe, 0x0,
    0x0, 0xaf, 0xe0, 0xcf, 0xc0, 0x6, 0xff, 0xa,
    0xfe, 0x0, 0x0, 0xaf, 0xe0, 0x9f, 0xe0, 0xa,
    0xfd, 0xa, 0xfe, 0x0, 0x0, 0xaf, 0xe0, 0x5f,
    0xf2, 0xe, 0xf9, 0xa, 0xfe, 0x0, 0x0, 0xaf,
    0xe0, 0x1f, 0xf7, 0x4f, 0xf5, 0xa, 0xfe, 0x0,
    0x0, 0xaf, 0xe0, 0xa, 0xfe, 0xbf, 0xe0, 0xa,
    0xfe, 0x0, 0x0, 0xbf, 0xe0, 0x3, 0xff, 0xff,
    0x80, 0xa, 0xff, 0x0, 0x0, 0xbf, 0xd0, 0x0,
    0xbf, 0xfe, 0x0, 0x9, 0xff, 0x0, 0x0, 0xcf,
    0xd0, 0x2, 0xef, 0xff, 0x50, 0x8, 0xff, 0x0,
    0x0, 0xef, 0xb0, 0x4e, 0xff, 0xff, 0xf7, 0x7,
    0xff, 0x20, 0x0, 0xff, 0xa7, 0xff, 0xf7, 0x4f,
    0xff, 0xc6, 0xff, 0x40, 0x3, 0xff, 0x7b, 0xff,
    0x50, 0x3, 0xef, 0xf3, 0xff, 0x70, 0x6, 0xff,
    0x5b, 0xb2, 0x0, 0x0, 0x19, 0xf1, 0xff, 0xa0,
    0xa, 0xff, 0x13, 0x0, 0x0, 0x0, 0x0, 0x30,
    0xdf, 0xe0, 0xf, 0xfd, 0x0, 0x0, 0x0, 0x0,
    0x0, 0x0, 0x9f, 0xf4,

    /* U+98D8 "飘" */
    0xf, 0xff, 0xff, 0xff, 0xfc, 0x8f, 0xff, 0xff,
    0xff, 0xe0, 0xf, 0xff, 0xff, 0xff, 0xfc, 0x9f,
    0xff, 0xff, 0xff, 0xe0, 0x5, 0x5e, 0xf8, 0xfc,
    0x54, 0x9f, 0xd7, 0x77, 0x9f, 0xe0, 0x9, 0xbf,
    0xfc, 0xfe, 0xb7, 0x9f, 0xd6, 0x2, 0x9f, 0xe0,
    0xc, 0xff, 0xff, 0xff, 0xfa, 0x9f, 0xff, 0x28,
    0xff, 0xe0, 0xc, 0xe7, 0xf6, 0xf6, 0xfa, 0x9f,
    0xff, 0x7c, 0xff, 0xe0, 0xc, 0xfd, 0xfd, 0xfd,
    0xfa, 0x9f, 0xbf, 0xdf, 0xcf, 0xe0, 0xc, 0xff,
    0xff, 0xff, 0xfa, 0x9f, 0xab, 0xff, 0x7f, 0xe0,
    0x3, 0x66, 0x66, 0x66, 0x62, 0x9f, 0xa6, 0xfe,
    0x4f, 0xe0, 0x7, 0xff, 0xff, 0xff, 0xf4, 0x9f,
    0xa6, 0xfd, 0x4f, 0xe0, 0x5, 0xcc, 0xcc, 0xcc,
    0xc3, 0x9f, 0xaa, 0xff, 0x5f, 0xe0, 0xa, 0xaa,
    0xaa, 0xaa, 0xa9, 0xaf, 0x9f, 0xff, 0xaf, 0xe0,
    0x1f, 0xff, 0xff, 0xff, 0xfe, 0xbf, 0xdf, 0x9f,
    0xef, 0xe0, 0x9, 0x99, 0xef, 0xb9, 0x97, 0xbf,
    0xff, 0x3c, 0xff, 0xe0, 0x8, 0xf5, 0xdf, 0x7b,
    0xf2, 0xdf, 0xff, 0x8, 0xff, 0xe0, 0xa, 0xf4,
    0xdf, 0x7a, 0xf4, 0xff, 0xfa, 0x3, 0xff, 0xf5,
    0xe, 0xf1, 0xdf, 0x77, 0xf9, 0xff, 0x30, 0x0,
    0x4f, 0xf9, 0x2f, 0xe0, 0xdf, 0x74, 0xff, 0xff,
    0x10, 0x0, 0x4f, 0xf9, 0x0, 0x0, 0x11, 0x0,
    0x0, 0x11, 0x0, 0x0, 0x0, 0x0,

    /* U+9AD8 "高" */
    0xef, 0xff, 0xff, 0xff, 0xff, 0xff, 0xff, 0xff,
    0xf8, 0xef, 0xff, 0xff, 0xff, 0xff, 0xff, 0xff,
    0xff, 0xf8, 0x67, 0x77, 0x77, 0x77, 0x77, 0x77,
    0x77, 0x77, 0x73, 0x0, 0x11, 0x11, 0x11, 0x11,
    0x11, 0x11, 0x10, 0x0, 0x0, 0xdf, 0xff, 0xff,
    0xff, 0xff, 0xff, 0xf7, 0x0, 0x0, 0xdf, 0xff,
    0xff, 0xff, 0xff, 0xff, 0xf7, 0x0, 0x0, 0xdf,
    0xc1, 0x11, 0x11, 0x11, 0x3f, 0xf7, 0x0, 0x0,
    0xdf, 0xff, 0xff, 0xff, 0xff, 0xff, 0xf7, 0x0,
    0x0, 0xac, 0xcc, 0xcc, 0xcc, 0xcc, 0xcc, 0xc6,
    0x0, 0x57, 0x77, 0x77, 0x77, 0x77, 0x77, 0x77,
    0x77, 0x72, 0xcf, 0xff, 0xff, 0xff, 0xff, 0xff,
    0xff, 0xff, 0xf6, 0xcf, 0xff, 0xff, 0xff, 0xff,
    0xff, 0xff, 0xff, 0xf6, 0xcf, 0xc0, 0x34, 0x44,
    0x44, 0x44, 0x41, 0x2f, 0xf6, 0xcf, 0xc0, 0xbf,
    0xff, 0xff, 0xff, 0xf5, 0x2f, 0xf6, 0xcf, 0xc0,
    0xbf, 0xe6, 0x66, 0x8f, 0xf5, 0x2f, 0xf6, 0xcf,
    0xc0, 0xbf, 0xfb, 0xbb, 0xcf, 0xf5, 0x2f, 0xf6,
    0xcf, 0xc0, 0xbf, 0xff, 0xff, 0xff, 0xf5, 0x2f,
    0xf6, 0xcf, 0xc0, 0x11, 0x11, 0x11, 0x11, 0x10,
    0x2f, 0xf6,

    /* U+9EA6 "麦" */
    0x3, 0xff, 0xff, 0xff, 0xff, 0xff, 0xff, 0xff,
    0xff, 0x30, 0x3, 0xff, 0xff, 0xff, 0xff, 0xff,
    0xff, 0xff, 0xff, 0x30, 0x0, 0x22, 0x22, 0x22,
    0x6f, 0xf6, 0x22, 0x22, 0x22, 0x0, 0x0, 0x23,
    0x33, 0x33, 0x7f, 0xf7, 0x33, 0x33, 0x32, 0x0,
    0x0, 0x9f, 0xff, 0xff, 0xff, 0xff, 0xff, 0xff,
    0xf9, 0x0, 0x0, 0x7d, 0xdd, 0xdd, 0xef, 0xfe,
    0xdd, 0xdd, 0xd7, 0x0, 0x3, 0x33, 0x33, 0x33,
    0x7f, 0xf7, 0x33, 0x33, 0x33, 0x30, 0xf, 0xff,
    0xff, 0xff, 0xff, 0xff, 0xff, 0xff, 0xff, 0xf0,
    0xf, 0xff, 0xff, 0xff, 0xff, 0xff, 0xff, 0xff,
    0xff, 0xf0, 0x0, 0x0, 0x14, 0x44, 0x44, 0x44,
    0x44, 0x44, 0x42, 0x0, 0x0, 0x2, 0xdf, 0xff,
    0xff, 0xff, 0xff, 0xff, 0xf2, 0x0, 0x2, 0x8f,
    0xff, 0xff, 0xff, 0xff, 0xff, 0xff, 0x70, 0x0,
    0x9, 0xff, 0xff, 0xfe, 0x40, 0x4, 0xef, 0xf9,
    0x0, 0x0, 0x9, 0xfa, 0x28, 0xff, 0xfb, 0xbf,
    0xff, 0x90, 0x0, 0x0, 0x1, 0x0, 0x0, 0x8f,
    0xff, 0xff, 0xf8, 0x0, 0x0, 0x0, 0x3, 0x58,
    0xbf, 0xff, 0xff, 0xff, 0xff, 0xfb, 0x85, 0x20,
    0x1f, 0xff, 0xff, 0xff, 0xa5, 0x5a, 0xff, 0xff,
    0xff, 0xf1, 0x1f, 0xfe, 0xa7, 0x30, 0x0, 0x0,
    0x3, 0x7a, 0xef, 0xf1, 0x2, 0x0, 0x0, 0x0,
    0x0, 0x0, 0x0, 0x0, 0x0, 0x20,

    /* U+9ED1 "黑" */
    0x0, 0xff, 0xff, 0xff, 0xff, 0xff, 0xff, 0xff,
    0xff, 0x0, 0x0, 0xff, 0xff, 0xff, 0xff, 0xff,
    0xff, 0xff, 0xff, 0x0, 0x0, 0xff, 0x99, 0x63,
    0x6f, 0xf6, 0x36, 0x99, 0xff, 0x0, 0x0, 0xff,
    0x8f, 0xff, 0x7f, 0xf7, 0xff, 0xf8, 0xff, 0x0,
    0x0, 0xff, 0x8c, 0xff, 0x8f, 0xf8, 0xff, 0xc8,
    0xff, 0x0, 0x0, 0xff, 0xa4, 0x48, 0x9f, 0xf9,
    0x84, 0x4a, 0xff, 0x0, 0x0, 0xff, 0xff, 0xff,
    0xff, 0xff, 0xff, 0xff, 0xff, 0x0, 0x0, 0xbb,
    0xbb, 0xbb, 0xcf, 0xfc, 0xbb, 0xbb, 0xbb, 0x0,
    0x2, 0x88, 0x88, 0x88, 0xaf, 0xfa, 0x88, 0x88,
    0x88, 0x20, 0x5, 0xff, 0xff, 0xff, 0xff, 0xff,
    0xff, 0xff, 0xff, 0x50, 0x3, 0xcc, 0xcc, 0xcc,
    0xdf, 0xfd, 0xcc, 0xcc, 0xcc, 0x30, 0x7, 0x77,
    0x77, 0x77, 0xaf, 0xfa, 0x77, 0x77, 0x77, 0x70,
    0x1f, 0xff, 0xff, 0xff, 0xff, 0xff, 0xff, 0xff,
    0xff, 0xf1, 0x1f, 0xff, 0xff, 0xff, 0xff, 0xff,
    0xff, 0xff, 0xff, 0xf1, 0x0, 0x33, 0x30, 0x13,
    0x31, 0x13, 0x31, 0x3, 0x33, 0x0, 0x2, 0xff,
    0xd0, 0x7f, 0xf4, 0x4f, 0xf7, 0xd, 0xff, 0x20,
    0x9, 0xff, 0x50, 0xbf, 0xf0, 0xf, 0xfb, 0x5,
    0xff, 0x90, 0x1f, 0xfd, 0x0, 0xef, 0xc0, 0xc,
    0xfe, 0x0, 0xdf, 0xf1,

    /* U+9ED8 "默" */
    0x9, 0xcc, 0xcc, 0xcc, 0xcb, 0x0, 0x8, 0xfe,
    0x2a, 0x60, 0xd, 0xff, 0xff, 0xff, 0xff, 0x0,
    0x8, 0xfe, 0x1f, 0xb0, 0xd, 0xf9, 0x8f, 0xb7,
    0xff, 0x0, 0x8, 0xfe, 0xe, 0xe0, 0xd, 0xfc,
    0x8f, 0xad, 0xff, 0x2a, 0xad, 0xff, 0x98, 0x82,
    0xd, 0xfa, 0xbf, 0xcb, 0xff, 0x4f, 0xff, 0xff,
    0xff, 0xf3, 0xd, 0xf6, 0x7f, 0xa5, 0xff, 0x4f,
    0xff, 0xff, 0xff, 0xf3, 0xd, 0xff, 0xff, 0xff,
    0xff, 0x0, 0x8, 0xfe, 0x0, 0x0, 0xd, 0xff,
    0xff, 0xff, 0xff, 0x0, 0x8, 0xff, 0xd0, 0x0,
    0x2, 0x44, 0xbf, 0xe4, 0x43, 0x0, 0x9, 0xff,
    0xf2, 0x0, 0xa, 0xff, 0xff, 0xff, 0xfb, 0x0,
    0xb, 0xff, 0xf6, 0x0, 0xa, 0xff, 0xff, 0xff,
    0xfa, 0x0, 0xd, 0xff, 0xfa, 0x0, 0x3, 0x33,
    0xaf, 0xe3, 0x33, 0x0, 0xf, 0xff, 0xfe, 0x0,
    0xf, 0xff, 0xff, 0xff, 0xff, 0x0, 0x4f, 0xf8,
    0xff, 0x20, 0xf, 0xff, 0xff, 0xff, 0xff, 0x0,
    0x9f, 0xf1, 0xff, 0x60, 0x7, 0x65, 0x84, 0x84,
    0x76, 0x0, 0xff, 0xc0, 0xbf, 0xa0, 0xf, 0xca,
    0xf6, 0xf8, 0xee, 0x7, 0xff, 0x60, 0x7f, 0xe0,
    0x1f, 0xba, 0xf6, 0xf9, 0xdf, 0x1f, 0xff, 0x0,
    0x3f, 0xf2, 0x1e, 0x99, 0xe5, 0xe8, 0xbe, 0xaf,
    0xf8, 0x0, 0xf, 0xf6, 0x0, 0x0, 0x0, 0x0,
    0x0, 0x0, 0x0, 0x0, 0x0, 0x0,

    /* U+FF0C "，" */
    0x0, 0x1, 0x10, 0x0, 0xff, 0xf0, 0x5, 0xff,
    0x90, 0x9, 0xff, 0x20, 0xe, 0xfb, 0x0, 0x3f,
    0xf4, 0x0, 0x6d, 0xc0, 0x0
};


/*---------------------
 *  GLYPH DESCRIPTION
 *--------------------*/

static const lv_font_fmt_txt_glyph_dsc_t glyph_dsc[] = {
    {.bitmap_index = 0, .adv_w = 0, .box_w = 0, .box_h = 0, .ofs_x = 0, .ofs_y = 0} /* id = 0 reserved */,
    {.bitmap_index = 0, .adv_w = 83, .box_w = 0, .box_h = 0, .ofs_x = 0, .ofs_y = 0},
    {.bitmap_index = 0, .adv_w = 119, .box_w = 4, .box_h = 14, .ofs_x = 2, .ofs_y = 0},
    {.bitmap_index = 28, .adv_w = 133, .box_w = 8, .box_h = 6, .ofs_x = 0, .ofs_y = 8},
    {.bitmap_index = 52, .adv_w = 192, .box_w = 12, .box_h = 14, .ofs_x = 0, .ofs_y = 0},
    {.bitmap_index = 136, .adv_w = 189, .box_w = 10, .box_h = 19, .ofs_x = 1, .ofs_y = -3},
    {.bitmap_index = 231, .adv_w = 266, .box_w = 15, .box_h = 14, .ofs_x = 1, .ofs_y = 0},
    {.bitmap_index = 336, .adv_w = 211, .box_w = 13, .box_h = 14, .ofs_x = 0, .ofs_y = 0},
    {.bitmap_index = 427, .adv_w = 73, .box_w = 4, .box_h = 6, .ofs_x = 0, .ofs_y = 8},
    {.bitmap_index = 439, .adv_w = 127, .box_w = 7, .box_h = 20, .ofs_x = 1, .ofs_y = -5},
    {.bitmap_index = 509, .adv_w = 127, .box_w = 7, .box_h = 20, .ofs_x = 0, .ofs_y = -5},
    {.bitmap_index = 579, .adv_w = 148, .box_w = 9, .box_h = 8, .ofs_x = 0, .ofs_y = 7},
    {.bitmap_index = 615, .adv_w = 185, .box_w = 11, .box_h = 11, .ofs_x = 0, .ofs_y = 0},
    {.bitmap_index = 676, .adv_w = 105, .box_w = 6, .box_h = 6, .ofs_x = 0, .ofs_y = -3},
    {.bitmap_index = 694, .adv_w = 141, .box_w = 7, .box_h = 3, .ofs_x = 1, .ofs_y = 5},
    {.bitmap_index = 705, .adv_w = 105, .box_w = 4, .box_h = 4, .ofs_x = 1, .ofs_y = 0},
    {.bitmap_index = 713, .adv_w = 160, .box_w = 8, .box_h = 15, .ofs_x = 1, .ofs_y = -1},
    {.bitmap_index = 773, .adv_w = 189, .box_w = 11, .box_h = 14, .ofs_x = 0, .ofs_y = 0},
    {.bitmap_index = 850, .adv_w = 189, .box_w = 7, .box_h = 14, .ofs_x = 2, .ofs_y = 0},
    {.bitmap_index = 899, .adv_w = 189, .box_w = 10, .box_h = 14, .ofs_x = 1, .ofs_y = 0},
    {.bitmap_index = 969, .adv_w = 189, .box_w = 10, .box_h = 14, .ofs_x = 1, .ofs_y = 0},
    {.bitmap_index = 1039, .adv_w = 189, .box_w = 12, .box_h = 14, .ofs_x = 0, .ofs_y = 0},
    {.bitmap_index = 1123, .adv_w = 189, .box_w = 10, .box_h = 14, .ofs_x = 1, .ofs_y = 0},
    {.bitmap_index = 1193, .adv_w = 189, .box_w = 11, .box_h = 14, .ofs_x = 0, .ofs_y = 0},
    {.bitmap_index = 1270, .adv_w = 189, .box_w = 10, .box_h = 14, .ofs_x = 1, .ofs_y = 0},
    {.bitmap_index = 1340, .adv_w = 189, .box_w = 11, .box_h = 14, .ofs_x = 0, .ofs_y = 0},
    {.bitmap_index = 1417, .adv_w = 189, .box_w = 10, .box_h = 14, .ofs_x = 1, .ofs_y = 0},
    {.bitmap_index = 1487, .adv_w = 129, .box_w = 4, .box_h = 11, .ofs_x = 2, .ofs_y = 0},
    {.bitmap_index = 1509, .adv_w = 129, .box_w = 5, .box_h = 13, .ofs_x = 1, .ofs_y = -2},
    {.bitmap_index = 1542, .adv_w = 185, .box_w = 11, .box_h = 12, .ofs_x = 0, .ofs_y = 0},
    {.bitmap_index = 1608, .adv_w = 185, .box_w = 11, .box_h = 8, .ofs_x = 0, .ofs_y = 2},
    {.bitmap_index = 1652, .adv_w = 185, .box_w = 11, .box_h = 12, .ofs_x = 0, .ofs_y = 0},
    {.bitmap_index = 1718, .adv_w = 144, .box_w = 9, .box_h = 14, .ofs_x = 0, .ofs_y = 0},
    {.bitmap_index = 1781, .adv_w = 273, .box_w = 17, .box_h = 17, .ofs_x = 0, .ofs_y = -3},
    {.bitmap_index = 1926, .adv_w = 232, .box_w = 15, .box_h = 14, .ofs_x = 0, .ofs_y = 0},
    {.bitmap_index = 2031, .adv_w = 216, .box_w = 12, .box_h = 14, .ofs_x = 1, .ofs_y = 0},
    {.bitmap_index = 2115, .adv_w = 219, .box_w = 13, .box_h = 14, .ofs_x = 0, .ofs_y = 0},
    {.bitmap_index = 2206, .adv_w = 225, .box_w = 13, .box_h = 14, .ofs_x = 1, .ofs_y = 0},
    {.bitmap_index = 2297, .adv_w = 186, .box_w = 11, .box_h = 14, .ofs_x = 1, .ofs_y = 0},
    {.bitmap_index = 2374, .adv_w = 177, .box_w = 10, .box_h = 14, .ofs_x = 1, .ofs_y = 0},
    {.bitmap_index = 2444, .adv_w = 225, .box_w = 14, .box_h = 14, .ofs_x = 0, .ofs_y = 0},
    {.bitmap_index = 2542, .adv_w = 230, .box_w = 13, .box_h = 14, .ofs_x = 1, .ofs_y = 0},
    {.bitmap_index = 2633, .adv_w = 93, .box_w = 4, .box_h = 14, .ofs_x = 1, .ofs_y = 0},
    {.bitmap_index = 2661, .adv_w = 106, .box_w = 7, .box_h = 17, .ofs_x = -1, .ofs_y = -3},
    {.bitmap_index = 2721, .adv_w = 215, .box_w = 13, .box_h = 14, .ofs_x = 1, .ofs_y = 0},
    {.bitmap_index = 2812, .adv_w = 167, .box_w = 10, .box_h = 14, .ofs_x = 1, .ofs_y = 0},
    {.bitmap_index = 2882, .adv_w = 284, .box_w = 16, .box_h = 14, .ofs_x = 1, .ofs_y = 0},
    {.bitmap_index = 2994, .adv_w = 232, .box_w = 13, .box_h = 14, .ofs_x = 1, .ofs_y = 0},
    {.bitmap_index = 3085, .adv_w = 254, .box_w = 16, .box_h = 14, .ofs_x = 0, .ofs_y = 0},
    {.bitmap_index = 3197, .adv_w = 212, .box_w = 12, .box_h = 14, .ofs_x = 1, .ofs_y = 0},
    {.bitmap_index = 3281, .adv_w = 256, .box_w = 16, .box_h = 16, .ofs_x = 0, .ofs_y = -2},
    {.bitmap_index = 3409, .adv_w = 211, .box_w = 12, .box_h = 14, .ofs_x = 1, .ofs_y = 0},
    {.bitmap_index = 3493, .adv_w = 182, .box_w = 11, .box_h = 14, .ofs_x = 0, .ofs_y = 0},
    {.bitmap_index = 3570, .adv_w = 179, .box_w = 11, .box_h = 14, .ofs_x = 0, .ofs_y = 0},
    {.bitmap_index = 3647, .adv_w = 235, .box_w = 13, .box_h = 14, .ofs_x = 1, .ofs_y = 0},
    {.bitmap_index = 3738, .adv_w = 230, .box_w = 15, .box_h = 14, .ofs_x = 0, .ofs_y = 0},
    {.bitmap_index = 3843, .adv_w = 299, .box_w = 19, .box_h = 14, .ofs_x = 0, .ofs_y = 0},
    {.bitmap_index = 3976, .adv_w = 234, .box_w = 15, .box_h = 14, .ofs_x = 0, .ofs_y = 0},
    {.bitmap_index = 4081, .adv_w = 207, .box_w = 13, .box_h = 14, .ofs_x = 0, .ofs_y = 0},
    {.bitmap_index = 4172, .adv_w = 209, .box_w = 13, .box_h = 14, .ofs_x = 0, .ofs_y = 0},
    {.bitmap_index = 4263, .adv_w = 106, .box_w = 6, .box_h = 19, .ofs_x = 1, .ofs_y = -4},
    {.bitmap_index = 4320, .adv_w = 162, .box_w = 10, .box_h = 17, .ofs_x = 0, .ofs_y = -2},
    {.bitmap_index = 4405, .adv_w = 106, .box_w = 6, .box_h = 19, .ofs_x = 0, .ofs_y = -4},
    {.bitmap_index = 4462, .adv_w = 185, .box_w = 10, .box_h = 8, .ofs_x = 1, .ofs_y = 6},
    {.bitmap_index = 4502, .adv_w = 160, .box_w = 10, .box_h = 2, .ofs_x = 0, .ofs_y = -4},
    {.bitmap_index = 4512, .adv_w = 139, .box_w = 6, .box_h = 3, .ofs_x = 1, .ofs_y = 13},
    {.bitmap_index = 4521, .adv_w = 198, .box_w = 12, .box_h = 11, .ofs_x = 0, .ofs_y = 0},
    {.bitmap_index = 4587, .adv_w = 198, .box_w = 12, .box_h = 15, .ofs_x = 0, .ofs_y = 0},
    {.bitmap_index = 4677, .adv_w = 170, .box_w = 10, .box_h = 11, .ofs_x = 0, .ofs_y = 0},
    {.bitmap_index = 4732, .adv_w = 198, .box_w = 12, .box_h = 15, .ofs_x = 0, .ofs_y = 0},
    {.bitmap_index = 4822, .adv_w = 194, .box_w = 12, .box_h = 11, .ofs_x = 0, .ofs_y = 0},
    {.bitmap_index = 4888, .adv_w = 128, .box_w = 8, .box_h = 15, .ofs_x = 0, .ofs_y = 0},
    {.bitmap_index = 4948, .adv_w = 196, .box_w = 12, .box_h = 16, .ofs_x = 0, .ofs_y = -5},
    {.bitmap_index = 5044, .adv_w = 191, .box_w = 10, .box_h = 15, .ofs_x = 1, .ofs_y = 0},
    {.bitmap_index = 5119, .adv_w = 92, .box_w = 4, .box_h = 15, .ofs_x = 1, .ofs_y = 0},
    {.bitmap_index = 5149, .adv_w = 101, .box_w = 7, .box_h = 20, .ofs_x = -1, .ofs_y = -5},
    {.bitmap_index = 5219, .adv_w = 176, .box_w = 10, .box_h = 15, .ofs_x = 1, .ofs_y = 0},
    {.bitmap_index = 5294, .adv_w = 102, .box_w = 6, .box_h = 15, .ofs_x = 1, .ofs_y = 0},
    {.bitmap_index = 5339, .adv_w = 284, .box_w = 16, .box_h = 11, .ofs_x = 1, .ofs_y = 0},
    {.bitmap_index = 5427, .adv_w = 194, .box_w = 11, .box_h = 11, .ofs_x = 1, .ofs_y = 0},
    {.bitmap_index = 5488, .adv_w = 201, .box_w = 12, .box_h = 11, .ofs_x = 0, .ofs_y = 0},
    {.bitmap_index = 5554, .adv_w = 203, .box_w = 13, .box_h = 16, .ofs_x = 0, .ofs_y = -5},
    {.bitmap_index = 5658, .adv_w = 204, .box_w = 13, .box_h = 16, .ofs_x = 0, .ofs_y = -5},
    {.bitmap_index = 5762, .adv_w = 131, .box_w = 7, .box_h = 11, .ofs_x = 1, .ofs_y = 0},
    {.bitmap_index = 5801, .adv_w = 153, .box_w = 10, .box_h = 11, .ofs_x = 0, .ofs_y = 0},
    {.bitmap_index = 5856, .adv_w = 117, .box_w = 7, .box_h = 14, .ofs_x = 0, .ofs_y = 0},
    {.bitmap_index = 5905, .adv_w = 194, .box_w = 12, .box_h = 11, .ofs_x = 0, .ofs_y = 0},
    {.bitmap_index = 5971, .adv_w = 191, .box_w = 12, .box_h = 11, .ofs_x = 0, .ofs_y = 0},
    {.bitmap_index = 6037, .adv_w = 282, .box_w = 18, .box_h = 11, .ofs_x = 0, .ofs_y = 0},
    {.bitmap_index = 6136, .adv_w = 194, .box_w = 12, .box_h = 11, .ofs_x = 0, .ofs_y = 0},
    {.bitmap_index = 6202, .adv_w = 186, .box_w = 12, .box_h = 16, .ofs_x = 0, .ofs_y = -5},
    {.bitmap_index = 6298, .adv_w = 165, .box_w = 10, .box_h = 11, .ofs_x = 0, .ofs_y = 0},
    {.bitmap_index = 6353, .adv_w = 112, .box_w = 7, .box_h = 19, .ofs_x = 0, .ofs_y = -4},
    {.bitmap_index = 6420, .adv_w = 72, .box_w = 3, .box_h = 20, .ofs_x = 1, .ofs_y = -3},
    {.bitmap_index = 6450, .adv_w = 112, .box_w = 7, .box_h = 19, .ofs_x = 0, .ofs_y = -4},
    {.bitmap_index = 6517, .adv_w = 185, .box_w = 11, .box_h = 4, .ofs_x = 0, .ofs_y = 5},
    {.bitmap_index = 6539, .adv_w = 320, .box_w = 4, .box_h = 4, .ofs_x = 8, .ofs_y = 5},
    {.bitmap_index = 6547, .adv_w = 320, .box_w = 7, .box_h = 6, .ofs_x = 2, .ofs_y = -2},
    {.bitmap_index = 6568, .adv_w = 320, .box_w = 18, .box_h = 4, .ofs_x = 1, .ofs_y = 6},
    {.bitmap_index = 6604, .adv_w = 320, .box_w = 20, .box_h = 18, .ofs_x = 0, .ofs_y = -2},
    {.bitmap_index = 6784, .adv_w = 320, .box_w = 20, .box_h = 18, .ofs_x = 0, .ofs_y = -2},
    {.bitmap_index = 6964, .adv_w = 320, .box_w = 20, .box_h = 18, .ofs_x = 0, .ofs_y = -2},
    {.bitmap_index = 7144, .adv_w = 320, .box_w = 20, .box_h = 18, .ofs_x = 0, .ofs_y = -2},
    {.bitmap_index = 7324, .adv_w = 320, .box_w = 19, .box_h = 18, .ofs_x = 0, .ofs_y = -2},
    {.bitmap_index = 7495, .adv_w = 320, .box_w = 18, .box_h = 19, .ofs_x = 1, .ofs_y = -3},
    {.bitmap_index = 7666, .adv_w = 320, .box_w = 20, .box_h = 18, .ofs_x = 0, .ofs_y = -2},
    {.bitmap_index = 7846, .adv_w = 320, .box_w = 19, .box_h = 18, .ofs_x = 1, .ofs_y = -2},
    {.bitmap_index = 8017, .adv_w = 320, .box_w = 18, .box_h = 18, .ofs_x = 1, .ofs_y = -2},
    {.bitmap_index = 8179, .adv_w = 320, .box_w = 18, .box_h = 19, .ofs_x = 0, .ofs_y = -3},
    {.bitmap_index = 8350, .adv_w = 320, .box_w = 20, .box_h = 18, .ofs_x = 0, .ofs_y = -2},
    {.bitmap_index = 8530, .adv_w = 320, .box_w = 19, .box_h = 19, .ofs_x = 1, .ofs_y = -3},
    {.bitmap_index = 8711, .adv_w = 320, .box_w = 20, .box_h = 19, .ofs_x = 0, .ofs_y = -3},
    {.bitmap_index = 8901, .adv_w = 320, .box_w = 20, .box_h = 19, .ofs_x = 0, .ofs_y = -2},
    {.bitmap_index = 9091, .adv_w = 320, .box_w = 18, .box_h = 18, .ofs_x = 1, .ofs_y = -2},
    {.bitmap_index = 9253, .adv_w = 320, .box_w = 18, .box_h = 18, .ofs_x = 1, .ofs_y = -2},
    {.bitmap_index = 9415, .adv_w = 320, .box_w = 20, .box_h = 18, .ofs_x = 0, .ofs_y = -2},
    {.bitmap_index = 9595, .adv_w = 320, .box_w = 18, .box_h = 19, .ofs_x = 1, .ofs_y = -3},
    {.bitmap_index = 9766, .adv_w = 320, .box_w = 19, .box_h = 18, .ofs_x = 0, .ofs_y = -2},
    {.bitmap_index = 9937, .adv_w = 320, .box_w = 20, .box_h = 18, .ofs_x = 0, .ofs_y = -2},
    {.bitmap_index = 10117, .adv_w = 320, .box_w = 20, .box_h = 19, .ofs_x = 0, .ofs_y = -3},
    {.bitmap_index = 10307, .adv_w = 320, .box_w = 19, .box_h = 19, .ofs_x = 0, .ofs_y = -2},
    {.bitmap_index = 10488, .adv_w = 320, .box_w = 20, .box_h = 19, .ofs_x = 0, .ofs_y = -3},
    {.bitmap_index = 10678, .adv_w = 320, .box_w = 20, .box_h = 18, .ofs_x = 0, .ofs_y = -2},
    {.bitmap_index = 10858, .adv_w = 320, .box_w = 19, .box_h = 18, .ofs_x = 0, .ofs_y = -2},
    {.bitmap_index = 11029, .adv_w = 320, .box_w = 20, .box_h = 18, .ofs_x = 0, .ofs_y = -2},
    {.bitmap_index = 11209, .adv_w = 320, .box_w = 20, .box_h = 19, .ofs_x = 0, .ofs_y = -3},
    {.bitmap_index = 11399, .adv_w = 320, .box_w = 19, .box_h = 19, .ofs_x = 1, .ofs_y = -3},
    {.bitmap_index = 11580, .adv_w = 320, .box_w = 18, .box_h = 18, .ofs_x = 1, .ofs_y = -2},
    {.bitmap_index = 11742, .adv_w = 320, .box_w = 20, .box_h = 19, .ofs_x = 0, .ofs_y = -2},
    {.bitmap_index = 11932, .adv_w = 320, .box_w = 20, .box_h = 19, .ofs_x = 0, .ofs_y = -3},
    {.bitmap_index = 12122, .adv_w = 320, .box_w = 20, .box_h = 19, .ofs_x = 0, .ofs_y = -3},
    {.bitmap_index = 12312, .adv_w = 320, .box_w = 20, .box_h = 18, .ofs_x = 0, .ofs_y = -2},
    {.bitmap_index = 12492, .adv_w = 320, .box_w = 20, .box_h = 18, .ofs_x = 0, .ofs_y = -2},
    {.bitmap_index = 12672, .adv_w = 320, .box_w = 19, .box_h = 20, .ofs_x = 1, .ofs_y = -3},
    {.bitmap_index = 12862, .adv_w = 320, .box_w = 20, .box_h = 19, .ofs_x = 0, .ofs_y = -2},
    {.bitmap_index = 13052, .adv_w = 320, .box_w = 19, .box_h = 20, .ofs_x = 1, .ofs_y = -3},
    {.bitmap_index = 13242, .adv_w = 320, .box_w = 19, .box_h = 19, .ofs_x = 0, .ofs_y = -2},
    {.bitmap_index = 13423, .adv_w = 320, .box_w = 20, .box_h = 19, .ofs_x = 0, .ofs_y = -2},
    {.bitmap_index = 13613, .adv_w = 320, .box_w = 20, .box_h = 19, .ofs_x = 0, .ofs_y = -3},
    {.bitmap_index = 13803, .adv_w = 320, .box_w = 19, .box_h = 18, .ofs_x = 0, .ofs_y = -2},
    {.bitmap_index = 13974, .adv_w = 320, .box_w = 20, .box_h = 18, .ofs_x = 0, .ofs_y = -2},
    {.bitmap_index = 14154, .adv_w = 320, .box_w = 20, .box_h = 19, .ofs_x = 0, .ofs_y = -3},
    {.bitmap_index = 14344, .adv_w = 320, .box_w = 19, .box_h = 18, .ofs_x = 0, .ofs_y = -2},
    {.bitmap_index = 14515, .adv_w = 320, .box_w = 20, .box_h = 19, .ofs_x = 0, .ofs_y = -3},
    {.bitmap_index = 14705, .adv_w = 320, .box_w = 20, .box_h = 20, .ofs_x = 0, .ofs_y = -3},
    {.bitmap_index = 14905, .adv_w = 320, .box_w = 19, .box_h = 20, .ofs_x = 0, .ofs_y = -3},
    {.bitmap_index = 15095, .adv_w = 320, .box_w = 19, .box_h = 18, .ofs_x = 0, .ofs_y = -2},
    {.bitmap_index = 15266, .adv_w = 320, .box_w = 20, .box_h = 19, .ofs_x = 0, .ofs_y = -2},
    {.bitmap_index = 15456, .adv_w = 320, .box_w = 20, .box_h = 19, .ofs_x = 0, .ofs_y = -2},
    {.bitmap_index = 15646, .adv_w = 320, .box_w = 20, .box_h = 19, .ofs_x = 0, .ofs_y = -3},
    {.bitmap_index = 15836, .adv_w = 320, .box_w = 19, .box_h = 18, .ofs_x = 0, .ofs_y = -2},
    {.bitmap_index = 16007, .adv_w = 320, .box_w = 20, .box_h = 19, .ofs_x = 0, .ofs_y = -3},
    {.bitmap_index = 16197, .adv_w = 320, .box_w = 20, .box_h = 18, .ofs_x = 0, .ofs_y = -2},
    {.bitmap_index = 16377, .adv_w = 320, .box_w = 19, .box_h = 19, .ofs_x = 0, .ofs_y = -3},
    {.bitmap_index = 16558, .adv_w = 320, .box_w = 19, .box_h = 19, .ofs_x = 1, .ofs_y = -3},
    {.bitmap_index = 16739, .adv_w = 320, .box_w = 20, .box_h = 19, .ofs_x = 0, .ofs_y = -3},
    {.bitmap_index = 16929, .adv_w = 320, .box_w = 20, .box_h = 19, .ofs_x = 0, .ofs_y = -3},
    {.bitmap_index = 17119, .adv_w = 320, .box_w = 20, .box_h = 19, .ofs_x = 0, .ofs_y = -3},
    {.bitmap_index = 17309, .adv_w = 320, .box_w = 20, .box_h = 19, .ofs_x = 0, .ofs_y = -3},
    {.bitmap_index = 17499, .adv_w = 320, .box_w = 20, .box_h = 19, .ofs_x = 0, .ofs_y = -3},
    {.bitmap_index = 17689, .adv_w = 320, .box_w = 20, .box_h = 18, .ofs_x = 0, .ofs_y = -2},
    {.bitmap_index = 17869, .adv_w = 320, .box_w = 20, .box_h = 18, .ofs_x = 0, .ofs_y = -2},
    {.bitmap_index = 18049, .adv_w = 320, .box_w = 20, .box_h = 18, .ofs_x = 0, .ofs_y = -2},
    {.bitmap_index = 18229, .adv_w = 320, .box_w = 20, .box_h = 19, .ofs_x = 0, .ofs_y = -3},
    {.bitmap_index = 18419, .adv_w = 320, .box_w = 20, .box_h = 19, .ofs_x = 0, .ofs_y = -3},
    {.bitmap_index = 18609, .adv_w = 320, .box_w = 20, .box_h = 19, .ofs_x = 0, .ofs_y = -3},
    {.bitmap_index = 18799, .adv_w = 320, .box_w = 18, .box_h = 18, .ofs_x = 1, .ofs_y = -2},
    {.bitmap_index = 18961, .adv_w = 320, .box_w = 20, .box_h = 18, .ofs_x = 0, .ofs_y = -2},
    {.bitmap_index = 19141, .adv_w = 320, .box_w = 20, .box_h = 18, .ofs_x = 0, .ofs_y = -2},
    {.bitmap_index = 19321, .adv_w = 320, .box_w = 20, .box_h = 18, .ofs_x = 0, .ofs_y = -2},
    {.bitmap_index = 19501, .adv_w = 320, .box_w = 20, .box_h = 18, .ofs_x = 0, .ofs_y = -2},
    {.bitmap_index = 19681, .adv_w = 320, .box_w = 18, .box_h = 18, .ofs_x = 1, .ofs_y = -2},
    {.bitmap_index = 19843, .adv_w = 320, .box_w = 18, .box_h = 18, .ofs_x = 1, .ofs_y = -2},
    {.bitmap_index = 20005, .adv_w = 320, .box_w = 20, .box_h = 18, .ofs_x = 0, .ofs_y = -2},
    {.bitmap_index = 20185, .adv_w = 320, .box_w = 20, .box_h = 19, .ofs_x = 0, .ofs_y = -3},
    {.bitmap_index = 20375, .adv_w = 320, .box_w = 19, .box_h = 18, .ofs_x = 0, .ofs_y = -2},
    {.bitmap_index = 20546, .adv_w = 320, .box_w = 18, .box_h = 19, .ofs_x = 1, .ofs_y = -3},
    {.bitmap_index = 20717, .adv_w = 320, .box_w = 19, .box_h = 18, .ofs_x = 0, .ofs_y = -2},
    {.bitmap_index = 20888, .adv_w = 320, .box_w = 19, .box_h = 18, .ofs_x = 0, .ofs_y = -2},
    {.bitmap_index = 21059, .adv_w = 320, .box_w = 19, .box_h = 18, .ofs_x = 0, .ofs_y = -2},
    {.bitmap_index = 21230, .adv_w = 320, .box_w = 19, .box_h = 18, .ofs_x = 0, .ofs_y = -2},
    {.bitmap_index = 21401, .adv_w = 320, .box_w = 18, .box_h = 18, .ofs_x = 1, .ofs_y = -2},
    {.bitmap_index = 21563, .adv_w = 320, .box_w = 19, .box_h = 20, .ofs_x = 0, .ofs_y = -3},
    {.bitmap_index = 21753, .adv_w = 320, .box_w = 19, .box_h = 18, .ofs_x = 0, .ofs_y = -2},
    {.bitmap_index = 21924, .adv_w = 320, .box_w = 18, .box_h = 19, .ofs_x = 0, .ofs_y = -3},
    {.bitmap_index = 22095, .adv_w = 320, .box_w = 18, .box_h = 19, .ofs_x = 1, .ofs_y = -3},
    {.bitmap_index = 22266, .adv_w = 320, .box_w = 18, .box_h = 18, .ofs_x = 1, .ofs_y = -2},
    {.bitmap_index = 22428, .adv_w = 320, .box_w = 18, .box_h = 19, .ofs_x = 1, .ofs_y = -3},
    {.bitmap_index = 22599, .adv_w = 320, .box_w = 19, .box_h = 19, .ofs_x = 1, .ofs_y = -3},
    {.bitmap_index = 22780, .adv_w = 320, .box_w = 20, .box_h = 18, .ofs_x = 0, .ofs_y = -2},
    {.bitmap_index = 22960, .adv_w = 320, .box_w = 20, .box_h = 18, .ofs_x = 0, .ofs_y = -2},
    {.bitmap_index = 23140, .adv_w = 320, .box_w = 19, .box_h = 18, .ofs_x = 1, .ofs_y = -2},
    {.bitmap_index = 23311, .adv_w = 320, .box_w = 19, .box_h = 18, .ofs_x = 1, .ofs_y = -2},
    {.bitmap_index = 23482, .adv_w = 320, .box_w = 20, .box_h = 18, .ofs_x = 0, .ofs_y = -2},
    {.bitmap_index = 23662, .adv_w = 320, .box_w = 20, .box_h = 18, .ofs_x = 0, .ofs_y = -2},
    {.bitmap_index = 23842, .adv_w = 320, .box_w = 20, .box_h = 18, .ofs_x = 0, .ofs_y = -2},
    {.bitmap_index = 24022, .adv_w = 320, .box_w = 20, .box_h = 18, .ofs_x = 0, .ofs_y = -2},
    {.bitmap_index = 24202, .adv_w = 320, .box_w = 18, .box_h = 18, .ofs_x = 1, .ofs_y = -2},
    {.bitmap_index = 24364, .adv_w = 320, .box_w = 19, .box_h = 19, .ofs_x = 0, .ofs_y = -3},
    {.bitmap_index = 24545, .adv_w = 320, .box_w = 19, .box_h = 18, .ofs_x = 0, .ofs_y = -2},
    {.bitmap_index = 24716, .adv_w = 320, .box_w = 20, .box_h = 18, .ofs_x = 0, .ofs_y = -2},
    {.bitmap_index = 24896, .adv_w = 320, .box_w = 20, .box_h = 19, .ofs_x = 0, .ofs_y = -3},
    {.bitmap_index = 25086, .adv_w = 320, .box_w = 20, .box_h = 18, .ofs_x = 0, .ofs_y = -2},
    {.bitmap_index = 25266, .adv_w = 320, .box_w = 19, .box_h = 20, .ofs_x = 0, .ofs_y = -3},
    {.bitmap_index = 25456, .adv_w = 320, .box_w = 19, .box_h = 20, .ofs_x = 0, .ofs_y = -3},
    {.bitmap_index = 25646, .adv_w = 320, .box_w = 20, .box_h = 19, .ofs_x = 0, .ofs_y = -3},
    {.bitmap_index = 25836, .adv_w = 320, .box_w = 20, .box_h = 18, .ofs_x = 0, .ofs_y = -2},
    {.bitmap_index = 26016, .adv_w = 320, .box_w = 18, .box_h = 18, .ofs_x = 1, .ofs_y = -2},
    {.bitmap_index = 26178, .adv_w = 320, .box_w = 18, .box_h = 19, .ofs_x = 1, .ofs_y = -3},
    {.bitmap_index = 26349, .adv_w = 320, .box_w = 20, .box_h = 18, .ofs_x = 0, .ofs_y = -2},
    {.bitmap_index = 26529, .adv_w = 320, .box_w = 18, .box_h = 18, .ofs_x = 1, .ofs_y = -2},
    {.bitmap_index = 26691, .adv_w = 320, .box_w = 19, .box_h = 18, .ofs_x = 0, .ofs_y = -2},
    {.bitmap_index = 26862, .adv_w = 320, .box_w = 20, .box_h = 18, .ofs_x = 0, .ofs_y = -2},
    {.bitmap_index = 27042, .adv_w = 320, .box_w = 19, .box_h = 18, .ofs_x = 1, .ofs_y = -2},
    {.bitmap_index = 27213, .adv_w = 320, .box_w = 18, .box_h = 18, .ofs_x = 1, .ofs_y = -2},
    {.bitmap_index = 27375, .adv_w = 320, .box_w = 20, .box_h = 18, .ofs_x = 0, .ofs_y = -2},
    {.bitmap_index = 27555, .adv_w = 320, .box_w = 18, .box_h = 18, .ofs_x = 1, .ofs_y = -2},
    {.bitmap_index = 27717, .adv_w = 320, .box_w = 19, .box_h = 18, .ofs_x = 0, .ofs_y = -2},
    {.bitmap_index = 27888, .adv_w = 320, .box_w = 19, .box_h = 20, .ofs_x = 0, .ofs_y = -3},
    {.bitmap_index = 28078, .adv_w = 320, .box_w = 18, .box_h = 18, .ofs_x = 1, .ofs_y = -2},
    {.bitmap_index = 28240, .adv_w = 320, .box_w = 20, .box_h = 18, .ofs_x = 0, .ofs_y = -2},
    {.bitmap_index = 28420, .adv_w = 320, .box_w = 20, .box_h = 18, .ofs_x = 0, .ofs_y = -2},
    {.bitmap_index = 28600, .adv_w = 320, .box_w = 19, .box_h = 19, .ofs_x = 1, .ofs_y = -2},
    {.bitmap_index = 28781, .adv_w = 320, .box_w = 19, .box_h = 18, .ofs_x = 0, .ofs_y = -2},
    {.bitmap_index = 28952, .adv_w = 320, .box_w = 19, .box_h = 19, .ofs_x = 1, .ofs_y = -3},
    {.bitmap_index = 29133, .adv_w = 320, .box_w = 18, .box_h = 18, .ofs_x = 1, .ofs_y = -2},
    {.bitmap_index = 29295, .adv_w = 320, .box_w = 19, .box_h = 18, .ofs_x = 0, .ofs_y = -2},
    {.bitmap_index = 29466, .adv_w = 320, .box_w = 18, .box_h = 19, .ofs_x = 1, .ofs_y = -2},
    {.bitmap_index = 29637, .adv_w = 320, .box_w = 20, .box_h = 18, .ofs_x = 0, .ofs_y = -2},
    {.bitmap_index = 29817, .adv_w = 320, .box_w = 19, .box_h = 19, .ofs_x = 0, .ofs_y = -2},
    {.bitmap_index = 29998, .adv_w = 320, .box_w = 19, .box_h = 18, .ofs_x = 0, .ofs_y = -2},
    {.bitmap_index = 30169, .adv_w = 320, .box_w = 18, .box_h = 18, .ofs_x = 1, .ofs_y = -2},
    {.bitmap_index = 30331, .adv_w = 320, .box_w = 18, .box_h = 19, .ofs_x = 1, .ofs_y = -3},
    {.bitmap_index = 30502, .adv_w = 320, .box_w = 19, .box_h = 19, .ofs_x = 1, .ofs_y = -2},
    {.bitmap_index = 30683, .adv_w = 320, .box_w = 18, .box_h = 18, .ofs_x = 1, .ofs_y = -2},
    {.bitmap_index = 30845, .adv_w = 320, .box_w = 18, .box_h = 18, .ofs_x = 1, .ofs_y = -2},
    {.bitmap_index = 31007, .adv_w = 320, .box_w = 20, .box_h = 18, .ofs_x = 0, .ofs_y = -2},
    {.bitmap_index = 31187, .adv_w = 320, .box_w = 18, .box_h = 18, .ofs_x = 1, .ofs_y = -2},
    {.bitmap_index = 31349, .adv_w = 320, .box_w = 18, .box_h = 18, .ofs_x = 1, .ofs_y = -2},
    {.bitmap_index = 31511, .adv_w = 320, .box_w = 18, .box_h = 18, .ofs_x = 1, .ofs_y = -2},
    {.bitmap_index = 31673, .adv_w = 320, .box_w = 18, .box_h = 18, .ofs_x = 1, .ofs_y = -2},
    {.bitmap_index = 31835, .adv_w = 320, .box_w = 18, .box_h = 18, .ofs_x = 1, .ofs_y = -2},
    {.bitmap_index = 31997, .adv_w = 320, .box_w = 19, .box_h = 18, .ofs_x = 0, .ofs_y = -2},
    {.bitmap_index = 32168, .adv_w = 320, .box_w = 20, .box_h = 19, .ofs_x = 0, .ofs_y = -2},
    {.bitmap_index = 32358, .adv_w = 320, .box_w = 19, .box_h = 19, .ofs_x = 0, .ofs_y = -2},
    {.bitmap_index = 32539, .adv_w = 320, .box_w = 19, .box_h = 18, .ofs_x = 0, .ofs_y = -2},
    {.bitmap_index = 32710, .adv_w = 320, .box_w = 20, .box_h = 19, .ofs_x = 0, .ofs_y = -2},
    {.bitmap_index = 32900, .adv_w = 320, .box_w = 20, .box_h = 18, .ofs_x = 0, .ofs_y = -2},
    {.bitmap_index = 33080, .adv_w = 320, .box_w = 20, .box_h = 18, .ofs_x = 0, .ofs_y = -2},
    {.bitmap_index = 33260, .adv_w = 320, .box_w = 20, .box_h = 18, .ofs_x = 0, .ofs_y = -2},
    {.bitmap_index = 33440, .adv_w = 320, .box_w = 20, .box_h = 19, .ofs_x = 0, .ofs_y = -3},
    {.bitmap_index = 33630, .adv_w = 320, .box_w = 19, .box_h = 18, .ofs_x = 0, .ofs_y = -2},
    {.bitmap_index = 33801, .adv_w = 320, .box_w = 20, .box_h = 18, .ofs_x = 0, .ofs_y = -2},
    {.bitmap_index = 33981, .adv_w = 320, .box_w = 20, .box_h = 19, .ofs_x = 0, .ofs_y = -3},
    {.bitmap_index = 34171, .adv_w = 320, .box_w = 18, .box_h = 18, .ofs_x = 1, .ofs_y = -2},
    {.bitmap_index = 34333, .adv_w = 320, .box_w = 20, .box_h = 19, .ofs_x = 0, .ofs_y = -3},
    {.bitmap_index = 34523, .adv_w = 320, .box_w = 20, .box_h = 18, .ofs_x = 0, .ofs_y = -2},
    {.bitmap_index = 34703, .adv_w = 320, .box_w = 18, .box_h = 19, .ofs_x = 1, .ofs_y = -3},
    {.bitmap_index = 34874, .adv_w = 320, .box_w = 19, .box_h = 19, .ofs_x = 0, .ofs_y = -3},
    {.bitmap_index = 35055, .adv_w = 320, .box_w = 20, .box_h = 19, .ofs_x = 0, .ofs_y = -3},
    {.bitmap_index = 35245, .adv_w = 320, .box_w = 20, .box_h = 19, .ofs_x = 0, .ofs_y = -3},
    {.bitmap_index = 35435, .adv_w = 320, .box_w = 20, .box_h = 19, .ofs_x = 0, .ofs_y = -3},
    {.bitmap_index = 35625, .adv_w = 320, .box_w = 19, .box_h = 19, .ofs_x = 1, .ofs_y = -3},
    {.bitmap_index = 35806, .adv_w = 320, .box_w = 20, .box_h = 18, .ofs_x = 0, .ofs_y = -2},
    {.bitmap_index = 35986, .adv_w = 320, .box_w = 19, .box_h = 18, .ofs_x = 1, .ofs_y = -2},
    {.bitmap_index = 36157, .adv_w = 320, .box_w = 19, .box_h = 19, .ofs_x = 1, .ofs_y = -2},
    {.bitmap_index = 36338, .adv_w = 320, .box_w = 20, .box_h = 20, .ofs_x = 0, .ofs_y = -3},
    {.bitmap_index = 36538, .adv_w = 320, .box_w = 19, .box_h = 19, .ofs_x = 1, .ofs_y = -2},
    {.bitmap_index = 36719, .adv_w = 320, .box_w = 20, .box_h = 18, .ofs_x = 0, .ofs_y = -2},
    {.bitmap_index = 36899, .adv_w = 320, .box_w = 20, .box_h = 18, .ofs_x = 0, .ofs_y = -2},
    {.bitmap_index = 37079, .adv_w = 320, .box_w = 19, .box_h = 18, .ofs_x = 1, .ofs_y = -2},
    {.bitmap_index = 37250, .adv_w = 320, .box_w = 20, .box_h = 18, .ofs_x = 0, .ofs_y = -2},
    {.bitmap_index = 37430, .adv_w = 320, .box_w = 20, .box_h = 19, .ofs_x = 0, .ofs_y = -3},
    {.bitmap_index = 37620, .adv_w = 320, .box_w = 20, .box_h = 19, .ofs_x = 0, .ofs_y = -3},
    {.bitmap_index = 37810, .adv_w = 320, .box_w = 20, .box_h = 18, .ofs_x = 0, .ofs_y = -2},
    {.bitmap_index = 37990, .adv_w = 320, .box_w = 18, .box_h = 19, .ofs_x = 1, .ofs_y = -3},
    {.bitmap_index = 38161, .adv_w = 320, .box_w = 18, .box_h = 18, .ofs_x = 1, .ofs_y = -2},
    {.bitmap_index = 38323, .adv_w = 320, .box_w = 20, .box_h = 18, .ofs_x = 0, .ofs_y = -2},
    {.bitmap_index = 38503, .adv_w = 320, .box_w = 20, .box_h = 19, .ofs_x = 0, .ofs_y = -3},
    {.bitmap_index = 38693, .adv_w = 320, .box_w = 18, .box_h = 18, .ofs_x = 1, .ofs_y = -2},
    {.bitmap_index = 38855, .adv_w = 320, .box_w = 20, .box_h = 18, .ofs_x = 0, .ofs_y = -2},
    {.bitmap_index = 39035, .adv_w = 320, .box_w = 19, .box_h = 18, .ofs_x = 1, .ofs_y = -2},
    {.bitmap_index = 39206, .adv_w = 320, .box_w = 20, .box_h = 18, .ofs_x = 0, .ofs_y = -2},
    {.bitmap_index = 39386, .adv_w = 320, .box_w = 20, .box_h = 18, .ofs_x = 0, .ofs_y = -2},
    {.bitmap_index = 39566, .adv_w = 320, .box_w = 20, .box_h = 20, .ofs_x = 0, .ofs_y = -3},
    {.bitmap_index = 39766, .adv_w = 320, .box_w = 20, .box_h = 18, .ofs_x = 0, .ofs_y = -2},
    {.bitmap_index = 39946, .adv_w = 320, .box_w = 19, .box_h = 18, .ofs_x = 0, .ofs_y = -2},
    {.bitmap_index = 40117, .adv_w = 320, .box_w = 19, .box_h = 18, .ofs_x = 0, .ofs_y = -2},
    {.bitmap_index = 40288, .adv_w = 320, .box_w = 19, .box_h = 18, .ofs_x = 0, .ofs_y = -2},
    {.bitmap_index = 40459, .adv_w = 320, .box_w = 18, .box_h = 16, .ofs_x = 1, .ofs_y = -1},
    {.bitmap_index = 40603, .adv_w = 320, .box_w = 18, .box_h = 18, .ofs_x = 1, .ofs_y = -2},
    {.bitmap_index = 40765, .adv_w = 320, .box_w = 17, .box_h = 18, .ofs_x = 2, .ofs_y = -2},
    {.bitmap_index = 40918, .adv_w = 320, .box_w = 20, .box_h = 18, .ofs_x = 0, .ofs_y = -2},
    {.bitmap_index = 41098, .adv_w = 320, .box_w = 19, .box_h = 19, .ofs_x = 1, .ofs_y = -3},
    {.bitmap_index = 41279, .adv_w = 320, .box_w = 20, .box_h = 18, .ofs_x = 0, .ofs_y = -2},
    {.bitmap_index = 41459, .adv_w = 320, .box_w = 20, .box_h = 18, .ofs_x = 0, .ofs_y = -2},
    {.bitmap_index = 41639, .adv_w = 320, .box_w = 20, .box_h = 18, .ofs_x = 0, .ofs_y = -2},
    {.bitmap_index = 41819, .adv_w = 320, .box_w = 18, .box_h = 18, .ofs_x = 1, .ofs_y = -2},
    {.bitmap_index = 41981, .adv_w = 320, .box_w = 20, .box_h = 18, .ofs_x = 0, .ofs_y = -2},
    {.bitmap_index = 42161, .adv_w = 320, .box_w = 20, .box_h = 18, .ofs_x = 0, .ofs_y = -2},
    {.bitmap_index = 42341, .adv_w = 320, .box_w = 20, .box_h = 19, .ofs_x = 0, .ofs_y = -3},
    {.bitmap_index = 42531, .adv_w = 320, .box_w = 19, .box_h = 18, .ofs_x = 0, .ofs_y = -2},
    {.bitmap_index = 42702, .adv_w = 320, .box_w = 20, .box_h = 19, .ofs_x = 0, .ofs_y = -2},
    {.bitmap_index = 42892, .adv_w = 320, .box_w = 20, .box_h = 18, .ofs_x = 0, .ofs_y = -2},
    {.bitmap_index = 43072, .adv_w = 320, .box_w = 18, .box_h = 18, .ofs_x = 1, .ofs_y = -2},
    {.bitmap_index = 43234, .adv_w = 320, .box_w = 19, .box_h = 18, .ofs_x = 1, .ofs_y = -2},
    {.bitmap_index = 43405, .adv_w = 320, .box_w = 19, .box_h = 19, .ofs_x = 0, .ofs_y = -2},
    {.bitmap_index = 43586, .adv_w = 320, .box_w = 20, .box_h = 18, .ofs_x = 0, .ofs_y = -2},
    {.bitmap_index = 43766, .adv_w = 320, .box_w = 18, .box_h = 18, .ofs_x = 1, .ofs_y = -2},
    {.bitmap_index = 43928, .adv_w = 320, .box_w = 19, .box_h = 18, .ofs_x = 1, .ofs_y = -2},
    {.bitmap_index = 44099, .adv_w = 320, .box_w = 19, .box_h = 20, .ofs_x = 1, .ofs_y = -3},
    {.bitmap_index = 44289, .adv_w = 320, .box_w = 18, .box_h = 18, .ofs_x = 1, .ofs_y = -2},
    {.bitmap_index = 44451, .adv_w = 320, .box_w = 19, .box_h = 18, .ofs_x = 1, .ofs_y = -2},
    {.bitmap_index = 44622, .adv_w = 320, .box_w = 20, .box_h = 20, .ofs_x = 0, .ofs_y = -3},
    {.bitmap_index = 44822, .adv_w = 320, .box_w = 20, .box_h = 18, .ofs_x = 0, .ofs_y = -2},
    {.bitmap_index = 45002, .adv_w = 320, .box_w = 20, .box_h = 19, .ofs_x = 0, .ofs_y = -2},
    {.bitmap_index = 45192, .adv_w = 320, .box_w = 20, .box_h = 18, .ofs_x = 0, .ofs_y = -2},
    {.bitmap_index = 45372, .adv_w = 320, .box_w = 20, .box_h = 19, .ofs_x = 0, .ofs_y = -2},
    {.bitmap_index = 45562, .adv_w = 320, .box_w = 20, .box_h = 18, .ofs_x = 0, .ofs_y = -2},
    {.bitmap_index = 45742, .adv_w = 320, .box_w = 20, .box_h = 18, .ofs_x = 0, .ofs_y = -2},
    {.bitmap_index = 45922, .adv_w = 320, .box_w = 19, .box_h = 18, .ofs_x = 0, .ofs_y = -2},
    {.bitmap_index = 46093, .adv_w = 320, .box_w = 20, .box_h = 18, .ofs_x = 0, .ofs_y = -2},
    {.bitmap_index = 46273, .adv_w = 320, .box_w = 20, .box_h = 20, .ofs_x = 0, .ofs_y = -3},
    {.bitmap_index = 46473, .adv_w = 320, .box_w = 20, .box_h = 18, .ofs_x = 0, .ofs_y = -2},
    {.bitmap_index = 46653, .adv_w = 320, .box_w = 20, .box_h = 19, .ofs_x = 0, .ofs_y = -2},
    {.bitmap_index = 46843, .adv_w = 320, .box_w = 20, .box_h = 18, .ofs_x = 0, .ofs_y = -2},
    {.bitmap_index = 47023, .adv_w = 320, .box_w = 20, .box_h = 20, .ofs_x = 0, .ofs_y = -3},
    {.bitmap_index = 47223, .adv_w = 320, .box_w = 20, .box_h = 19, .ofs_x = 0, .ofs_y = -2},
    {.bitmap_index = 47413, .adv_w = 320, .box_w = 20, .box_h = 18, .ofs_x = 0, .ofs_y = -2},
    {.bitmap_index = 47593, .adv_w = 320, .box_w = 19, .box_h = 19, .ofs_x = 0, .ofs_y = -3},
    {.bitmap_index = 47774, .adv_w = 320, .box_w = 20, .box_h = 18, .ofs_x = 0, .ofs_y = -2},
    {.bitmap_index = 47954, .adv_w = 320, .box_w = 19, .box_h = 20, .ofs_x = 1, .ofs_y = -3},
    {.bitmap_index = 48144, .adv_w = 320, .box_w = 19, .box_h = 18, .ofs_x = 0, .ofs_y = -2},
    {.bitmap_index = 48315, .adv_w = 320, .box_w = 20, .box_h = 18, .ofs_x = 0, .ofs_y = -2},
    {.bitmap_index = 48495, .adv_w = 320, .box_w = 20, .box_h = 19, .ofs_x = 0, .ofs_y = -2},
    {.bitmap_index = 48685, .adv_w = 320, .box_w = 19, .box_h = 18, .ofs_x = 0, .ofs_y = -2},
    {.bitmap_index = 48856, .adv_w = 320, .box_w = 20, .box_h = 19, .ofs_x = 0, .ofs_y = -2},
    {.bitmap_index = 49046, .adv_w = 320, .box_w = 20, .box_h = 19, .ofs_x = 0, .ofs_y = -2},
    {.bitmap_index = 49236, .adv_w = 320, .box_w = 20, .box_h = 18, .ofs_x = 0, .ofs_y = -2},
    {.bitmap_index = 49416, .adv_w = 320, .box_w = 20, .box_h = 19, .ofs_x = 0, .ofs_y = -2},
    {.bitmap_index = 49606, .adv_w = 320, .box_w = 19, .box_h = 18, .ofs_x = 0, .ofs_y = -2},
    {.bitmap_index = 49777, .adv_w = 320, .box_w = 19, .box_h = 18, .ofs_x = 0, .ofs_y = -2},
    {.bitmap_index = 49948, .adv_w = 320, .box_w = 20, .box_h = 18, .ofs_x = 0, .ofs_y = -2},
    {.bitmap_index = 50128, .adv_w = 320, .box_w = 20, .box_h = 20, .ofs_x = 0, .ofs_y = -3},
    {.bitmap_index = 50328, .adv_w = 320, .box_w = 20, .box_h = 19, .ofs_x = 0, .ofs_y = -2},
    {.bitmap_index = 50518, .adv_w = 320, .box_w = 19, .box_h = 19, .ofs_x = 0, .ofs_y = -3},
    {.bitmap_index = 50699, .adv_w = 320, .box_w = 20, .box_h = 19, .ofs_x = 0, .ofs_y = -2},
    {.bitmap_index = 50889, .adv_w = 320, .box_w = 20, .box_h = 20, .ofs_x = 0, .ofs_y = -3},
    {.bitmap_index = 51089, .adv_w = 320, .box_w = 19, .box_h = 19, .ofs_x = 1, .ofs_y = -2},
    {.bitmap_index = 51270, .adv_w = 320, .box_w = 20, .box_h = 19, .ofs_x = 0, .ofs_y = -2},
    {.bitmap_index = 51460, .adv_w = 320, .box_w = 19, .box_h = 19, .ofs_x = 0, .ofs_y = -3},
    {.bitmap_index = 51641, .adv_w = 320, .box_w = 20, .box_h = 19, .ofs_x = 0, .ofs_y = -3},
    {.bitmap_index = 51831, .adv_w = 320, .box_w = 20, .box_h = 18, .ofs_x = 0, .ofs_y = -2},
    {.bitmap_index = 52011, .adv_w = 320, .box_w = 20, .box_h = 19, .ofs_x = 0, .ofs_y = -3},
    {.bitmap_index = 52201, .adv_w = 320, .box_w = 20, .box_h = 19, .ofs_x = 0, .ofs_y = -2},
    {.bitmap_index = 52391, .adv_w = 320, .box_w = 20, .box_h = 18, .ofs_x = 0, .ofs_y = -2},
    {.bitmap_index = 52571, .adv_w = 320, .box_w = 20, .box_h = 20, .ofs_x = 0, .ofs_y = -3},
    {.bitmap_index = 52771, .adv_w = 320, .box_w = 19, .box_h = 20, .ofs_x = 0, .ofs_y = -3},
    {.bitmap_index = 52961, .adv_w = 320, .box_w = 20, .box_h = 19, .ofs_x = 0, .ofs_y = -3},
    {.bitmap_index = 53151, .adv_w = 320, .box_w = 20, .box_h = 20, .ofs_x = 0, .ofs_y = -3},
    {.bitmap_index = 53351, .adv_w = 320, .box_w = 20, .box_h = 18, .ofs_x = 0, .ofs_y = -2},
    {.bitmap_index = 53531, .adv_w = 320, .box_w = 19, .box_h = 19, .ofs_x = 1, .ofs_y = -2},
    {.bitmap_index = 53712, .adv_w = 320, .box_w = 20, .box_h = 18, .ofs_x = 0, .ofs_y = -2},
    {.bitmap_index = 53892, .adv_w = 320, .box_w = 20, .box_h = 20, .ofs_x = 0, .ofs_y = -3},
    {.bitmap_index = 54092, .adv_w = 320, .box_w = 20, .box_h = 18, .ofs_x = 0, .ofs_y = -2},
    {.bitmap_index = 54272, .adv_w = 320, .box_w = 20, .box_h = 20, .ofs_x = 0, .ofs_y = -3},
    {.bitmap_index = 54472, .adv_w = 320, .box_w = 19, .box_h = 19, .ofs_x = 0, .ofs_y = -2},
    {.bitmap_index = 54653, .adv_w = 320, .box_w = 18, .box_h = 18, .ofs_x = 1, .ofs_y = -2},
    {.bitmap_index = 54815, .adv_w = 320, .box_w = 20, .box_h = 18, .ofs_x = 0, .ofs_y = -2},
    {.bitmap_index = 54995, .adv_w = 320, .box_w = 19, .box_h = 18, .ofs_x = 1, .ofs_y = -2},
    {.bitmap_index = 55166, .adv_w = 320, .box_w = 20, .box_h = 19, .ofs_x = 0, .ofs_y = -2},
    {.bitmap_index = 55356, .adv_w = 320, .box_w = 19, .box_h = 19, .ofs_x = 0, .ofs_y = -3},
    {.bitmap_index = 55537, .adv_w = 320, .box_w = 20, .box_h = 18, .ofs_x = 0, .ofs_y = -2},
    {.bitmap_index = 55717, .adv_w = 320, .box_w = 19, .box_h = 19, .ofs_x = 1, .ofs_y = -3},
    {.bitmap_index = 55898, .adv_w = 320, .box_w = 16, .box_h = 18, .ofs_x = 2, .ofs_y = -2},
    {.bitmap_index = 56042, .adv_w = 320, .box_w = 18, .box_h = 18, .ofs_x = 1, .ofs_y = -2},
    {.bitmap_index = 56204, .adv_w = 320, .box_w = 19, .box_h = 18, .ofs_x = 1, .ofs_y = -2},
    {.bitmap_index = 56375, .adv_w = 320, .box_w = 18, .box_h = 19, .ofs_x = 1, .ofs_y = -2},
    {.bitmap_index = 56546, .adv_w = 320, .box_w = 19, .box_h = 18, .ofs_x = 0, .ofs_y = -2},
    {.bitmap_index = 56717, .adv_w = 320, .box_w = 19, .box_h = 19, .ofs_x = 1, .ofs_y = -3},
    {.bitmap_index = 56898, .adv_w = 320, .box_w = 20, .box_h = 18, .ofs_x = 0, .ofs_y = -2},
    {.bitmap_index = 57078, .adv_w = 320, .box_w = 19, .box_h = 19, .ofs_x = 1, .ofs_y = -3},
    {.bitmap_index = 57259, .adv_w = 320, .box_w = 20, .box_h = 18, .ofs_x = 0, .ofs_y = -2},
    {.bitmap_index = 57439, .adv_w = 320, .box_w = 18, .box_h = 18, .ofs_x = 1, .ofs_y = -2},
    {.bitmap_index = 57601, .adv_w = 320, .box_w = 19, .box_h = 18, .ofs_x = 1, .ofs_y = -2},
    {.bitmap_index = 57772, .adv_w = 320, .box_w = 18, .box_h = 19, .ofs_x = 1, .ofs_y = -2},
    {.bitmap_index = 57943, .adv_w = 320, .box_w = 19, .box_h = 18, .ofs_x = 1, .ofs_y = -2},
    {.bitmap_index = 58114, .adv_w = 320, .box_w = 18, .box_h = 18, .ofs_x = 1, .ofs_y = -2},
    {.bitmap_index = 58276, .adv_w = 320, .box_w = 18, .box_h = 19, .ofs_x = 1, .ofs_y = -3},
    {.bitmap_index = 58447, .adv_w = 320, .box_w = 18, .box_h = 19, .ofs_x = 1, .ofs_y = -3},
    {.bitmap_index = 58618, .adv_w = 320, .box_w = 18, .box_h = 18, .ofs_x = 0, .ofs_y = -2},
    {.bitmap_index = 58780, .adv_w = 320, .box_w = 19, .box_h = 18, .ofs_x = 0, .ofs_y = -2},
    {.bitmap_index = 58951, .adv_w = 320, .box_w = 18, .box_h = 18, .ofs_x = 1, .ofs_y = -2},
    {.bitmap_index = 59113, .adv_w = 320, .box_w = 19, .box_h = 18, .ofs_x = 0, .ofs_y = -2},
    {.bitmap_index = 59284, .adv_w = 320, .box_w = 19, .box_h = 18, .ofs_x = 0, .ofs_y = -2},
    {.bitmap_index = 59455, .adv_w = 320, .box_w = 20, .box_h = 18, .ofs_x = 0, .ofs_y = -2},
    {.bitmap_index = 59635, .adv_w = 320, .box_w = 20, .box_h = 19, .ofs_x = 0, .ofs_y = -3},
    {.bitmap_index = 59825, .adv_w = 320, .box_w = 19, .box_h = 18, .ofs_x = 0, .ofs_y = -2},
    {.bitmap_index = 59996, .adv_w = 320, .box_w = 20, .box_h = 19, .ofs_x = 0, .ofs_y = -3},
    {.bitmap_index = 60186, .adv_w = 320, .box_w = 18, .box_h = 18, .ofs_x = 1, .ofs_y = -2},
    {.bitmap_index = 60348, .adv_w = 320, .box_w = 20, .box_h = 19, .ofs_x = 0, .ofs_y = -3},
    {.bitmap_index = 60538, .adv_w = 320, .box_w = 20, .box_h = 19, .ofs_x = 0, .ofs_y = -2},
    {.bitmap_index = 60728, .adv_w = 320, .box_w = 20, .box_h = 19, .ofs_x = 0, .ofs_y = -3},
    {.bitmap_index = 60918, .adv_w = 320, .box_w = 20, .box_h = 18, .ofs_x = 0, .ofs_y = -2},
    {.bitmap_index = 61098, .adv_w = 320, .box_w = 20, .box_h = 19, .ofs_x = 0, .ofs_y = -2},
    {.bitmap_index = 61288, .adv_w = 320, .box_w = 18, .box_h = 19, .ofs_x = 1, .ofs_y = -3},
    {.bitmap_index = 61459, .adv_w = 320, .box_w = 19, .box_h = 18, .ofs_x = 1, .ofs_y = -2},
    {.bitmap_index = 61630, .adv_w = 320, .box_w = 18, .box_h = 19, .ofs_x = 1, .ofs_y = -3},
    {.bitmap_index = 61801, .adv_w = 320, .box_w = 20, .box_h = 18, .ofs_x = 0, .ofs_y = -2},
    {.bitmap_index = 61981, .adv_w = 320, .box_w = 20, .box_h = 19, .ofs_x = 0, .ofs_y = -3},
    {.bitmap_index = 62171, .adv_w = 320, .box_w = 20, .box_h = 19, .ofs_x = 0, .ofs_y = -3},
    {.bitmap_index = 62361, .adv_w = 320, .box_w = 20, .box_h = 18, .ofs_x = 0, .ofs_y = -2},
    {.bitmap_index = 62541, .adv_w = 320, .box_w = 20, .box_h = 19, .ofs_x = 0, .ofs_y = -2},
    {.bitmap_index = 62731, .adv_w = 320, .box_w = 20, .box_h = 19, .ofs_x = 0, .ofs_y = -3},
    {.bitmap_index = 62921, .adv_w = 320, .box_w = 20, .box_h = 19, .ofs_x = 0, .ofs_y = -3},
    {.bitmap_index = 63111, .adv_w = 320, .box_w = 20, .box_h = 19, .ofs_x = 0, .ofs_y = -3},
    {.bitmap_index = 63301, .adv_w = 320, .box_w = 20, .box_h = 19, .ofs_x = 0, .ofs_y = -2},
    {.bitmap_index = 63491, .adv_w = 320, .box_w = 20, .box_h = 18, .ofs_x = 0, .ofs_y = -2},
    {.bitmap_index = 63671, .adv_w = 320, .box_w = 18, .box_h = 18, .ofs_x = 1, .ofs_y = -2},
    {.bitmap_index = 63833, .adv_w = 320, .box_w = 19, .box_h = 20, .ofs_x = 0, .ofs_y = -3},
    {.bitmap_index = 64023, .adv_w = 320, .box_w = 20, .box_h = 18, .ofs_x = 0, .ofs_y = -2},
    {.bitmap_index = 64203, .adv_w = 320, .box_w = 20, .box_h = 19, .ofs_x = 0, .ofs_y = -3},
    {.bitmap_index = 64393, .adv_w = 320, .box_w = 19, .box_h = 18, .ofs_x = 1, .ofs_y = -2},
    {.bitmap_index = 64564, .adv_w = 320, .box_w = 20, .box_h = 18, .ofs_x = 0, .ofs_y = -2},
    {.bitmap_index = 64744, .adv_w = 320, .box_w = 19, .box_h = 19, .ofs_x = 0, .ofs_y = -3},
    {.bitmap_index = 64925, .adv_w = 320, .box_w = 20, .box_h = 19, .ofs_x = 0, .ofs_y = -3},
    {.bitmap_index = 65115, .adv_w = 320, .box_w = 20, .box_h = 18, .ofs_x = 0, .ofs_y = -2},
    {.bitmap_index = 65295, .adv_w = 320, .box_w = 19, .box_h = 20, .ofs_x = 0, .ofs_y = -3},
    {.bitmap_index = 65485, .adv_w = 320, .box_w = 19, .box_h = 19, .ofs_x = 0, .ofs_y = -3},
    {.bitmap_index = 65666, .adv_w = 320, .box_w = 19, .box_h = 18, .ofs_x = 0, .ofs_y = -2},
    {.bitmap_index = 65837, .adv_w = 320, .box_w = 20, .box_h = 20, .ofs_x = 0, .ofs_y = -3},
    {.bitmap_index = 66037, .adv_w = 320, .box_w = 19, .box_h = 19, .ofs_x = 0, .ofs_y = -3},
    {.bitmap_index = 66218, .adv_w = 320, .box_w = 20, .box_h = 18, .ofs_x = 0, .ofs_y = -2},
    {.bitmap_index = 66398, .adv_w = 320, .box_w = 20, .box_h = 19, .ofs_x = 0, .ofs_y = -2},
    {.bitmap_index = 66588, .adv_w = 320, .box_w = 19, .box_h = 19, .ofs_x = 0, .ofs_y = -3},
    {.bitmap_index = 66769, .adv_w = 320, .box_w = 20, .box_h = 20, .ofs_x = 0, .ofs_y = -3},
    {.bitmap_index = 66969, .adv_w = 320, .box_w = 20, .box_h = 18, .ofs_x = 0, .ofs_y = -2},
    {.bitmap_index = 67149, .adv_w = 320, .box_w = 20, .box_h = 19, .ofs_x = 0, .ofs_y = -2},
    {.bitmap_index = 67339, .adv_w = 320, .box_w = 20, .box_h = 19, .ofs_x = 0, .ofs_y = -2},
    {.bitmap_index = 67529, .adv_w = 320, .box_w = 20, .box_h = 18, .ofs_x = 0, .ofs_y = -2},
    {.bitmap_index = 67709, .adv_w = 320, .box_w = 20, .box_h = 18, .ofs_x = 0, .ofs_y = -2},
    {.bitmap_index = 67889, .adv_w = 320, .box_w = 19, .box_h = 20, .ofs_x = 0, .ofs_y = -3},
    {.bitmap_index = 68079, .adv_w = 320, .box_w = 20, .box_h = 19, .ofs_x = 0, .ofs_y = -2},
    {.bitmap_index = 68269, .adv_w = 320, .box_w = 20, .box_h = 19, .ofs_x = 0, .ofs_y = -3},
    {.bitmap_index = 68459, .adv_w = 320, .box_w = 20, .box_h = 18, .ofs_x = 0, .ofs_y = -2},
    {.bitmap_index = 68639, .adv_w = 320, .box_w = 20, .box_h = 18, .ofs_x = 0, .ofs_y = -2},
    {.bitmap_index = 68819, .adv_w = 320, .box_w = 20, .box_h = 19, .ofs_x = 0, .ofs_y = -2},
    {.bitmap_index = 69009, .adv_w = 320, .box_w = 19, .box_h = 20, .ofs_x = 0, .ofs_y = -3},
    {.bitmap_index = 69199, .adv_w = 320, .box_w = 19, .box_h = 18, .ofs_x = 1, .ofs_y = -2},
    {.bitmap_index = 69370, .adv_w = 320, .box_w = 19, .box_h = 19, .ofs_x = 1, .ofs_y = -2},
    {.bitmap_index = 69551, .adv_w = 320, .box_w = 19, .box_h = 19, .ofs_x = 1, .ofs_y = -3},
    {.bitmap_index = 69732, .adv_w = 320, .box_w = 18, .box_h = 19, .ofs_x = 1, .ofs_y = -2},
    {.bitmap_index = 69903, .adv_w = 320, .box_w = 20, .box_h = 18, .ofs_x = 0, .ofs_y = -2},
    {.bitmap_index = 70083, .adv_w = 320, .box_w = 20, .box_h = 18, .ofs_x = 0, .ofs_y = -2},
    {.bitmap_index = 70263, .adv_w = 320, .box_w = 19, .box_h = 18, .ofs_x = 1, .ofs_y = -2},
    {.bitmap_index = 70434, .adv_w = 320, .box_w = 20, .box_h = 19, .ofs_x = 0, .ofs_y = -3},
    {.bitmap_index = 70624, .adv_w = 320, .box_w = 20, .box_h = 18, .ofs_x = 0, .ofs_y = -2},
    {.bitmap_index = 70804, .adv_w = 320, .box_w = 19, .box_h = 18, .ofs_x = 0, .ofs_y = -2},
    {.bitmap_index = 70975, .adv_w = 320, .box_w = 19, .box_h = 19, .ofs_x = 0, .ofs_y = -3},
    {.bitmap_index = 71156, .adv_w = 320, .box_w = 18, .box_h = 18, .ofs_x = 1, .ofs_y = -2},
    {.bitmap_index = 71318, .adv_w = 320, .box_w = 19, .box_h = 18, .ofs_x = 1, .ofs_y = -2},
    {.bitmap_index = 71489, .adv_w = 320, .box_w = 20, .box_h = 18, .ofs_x = 0, .ofs_y = -2},
    {.bitmap_index = 71669, .adv_w = 320, .box_w = 19, .box_h = 18, .ofs_x = 1, .ofs_y = -2},
    {.bitmap_index = 71840, .adv_w = 320, .box_w = 18, .box_h = 19, .ofs_x = 1, .ofs_y = -2},
    {.bitmap_index = 72011, .adv_w = 320, .box_w = 19, .box_h = 18, .ofs_x = 1, .ofs_y = -2},
    {.bitmap_index = 72182, .adv_w = 320, .box_w = 20, .box_h = 18, .ofs_x = 0, .ofs_y = -2},
    {.bitmap_index = 72362, .adv_w = 320, .box_w = 18, .box_h = 19, .ofs_x = 1, .ofs_y = -2},
    {.bitmap_index = 72533, .adv_w = 320, .box_w = 20, .box_h = 18, .ofs_x = 0, .ofs_y = -2},
    {.bitmap_index = 72713, .adv_w = 320, .box_w = 16, .box_h = 18, .ofs_x = 2, .ofs_y = -2},
    {.bitmap_index = 72857, .adv_w = 320, .box_w = 20, .box_h = 18, .ofs_x = 0, .ofs_y = -2},
    {.bitmap_index = 73037, .adv_w = 320, .box_w = 19, .box_h = 18, .ofs_x = 0, .ofs_y = -2},
    {.bitmap_index = 73208, .adv_w = 320, .box_w = 19, .box_h = 19, .ofs_x = 0, .ofs_y = -2},
    {.bitmap_index = 73389, .adv_w = 320, .box_w = 20, .box_h = 19, .ofs_x = 0, .ofs_y = -3},
    {.bitmap_index = 73579, .adv_w = 320, .box_w = 19, .box_h = 18, .ofs_x = 1, .ofs_y = -2},
    {.bitmap_index = 73750, .adv_w = 320, .box_w = 19, .box_h = 20, .ofs_x = 1, .ofs_y = -3},
    {.bitmap_index = 73940, .adv_w = 320, .box_w = 18, .box_h = 18, .ofs_x = 1, .ofs_y = -2},
    {.bitmap_index = 74102, .adv_w = 320, .box_w = 19, .box_h = 20, .ofs_x = 1, .ofs_y = -3},
    {.bitmap_index = 74292, .adv_w = 320, .box_w = 19, .box_h = 18, .ofs_x = 1, .ofs_y = -2},
    {.bitmap_index = 74463, .adv_w = 320, .box_w = 19, .box_h = 18, .ofs_x = 1, .ofs_y = -2},
    {.bitmap_index = 74634, .adv_w = 320, .box_w = 19, .box_h = 18, .ofs_x = 1, .ofs_y = -2},
    {.bitmap_index = 74805, .adv_w = 320, .box_w = 19, .box_h = 19, .ofs_x = 1, .ofs_y = -2},
    {.bitmap_index = 74986, .adv_w = 320, .box_w = 19, .box_h = 19, .ofs_x = 1, .ofs_y = -2},
    {.bitmap_index = 75167, .adv_w = 320, .box_w = 18, .box_h = 18, .ofs_x = 1, .ofs_y = -2},
    {.bitmap_index = 75329, .adv_w = 320, .box_w = 20, .box_h = 19, .ofs_x = 0, .ofs_y = -3},
    {.bitmap_index = 75519, .adv_w = 320, .box_w = 19, .box_h = 18, .ofs_x = 0, .ofs_y = -2},
    {.bitmap_index = 75690, .adv_w = 320, .box_w = 19, .box_h = 19, .ofs_x = 0, .ofs_y = -3},
    {.bitmap_index = 75871, .adv_w = 320, .box_w = 20, .box_h = 18, .ofs_x = 0, .ofs_y = -2},
    {.bitmap_index = 76051, .adv_w = 320, .box_w = 20, .box_h = 18, .ofs_x = 0, .ofs_y = -2},
    {.bitmap_index = 76231, .adv_w = 320, .box_w = 20, .box_h = 18, .ofs_x = 0, .ofs_y = -2},
    {.bitmap_index = 76411, .adv_w = 320, .box_w = 18, .box_h = 18, .ofs_x = 1, .ofs_y = -2},
    {.bitmap_index = 76573, .adv_w = 320, .box_w = 19, .box_h = 20, .ofs_x = 0, .ofs_y = -3},
    {.bitmap_index = 76763, .adv_w = 320, .box_w = 19, .box_h = 19, .ofs_x = 0, .ofs_y = -3},
    {.bitmap_index = 76944, .adv_w = 320, .box_w = 20, .box_h = 19, .ofs_x = 0, .ofs_y = -2},
    {.bitmap_index = 77134, .adv_w = 320, .box_w = 20, .box_h = 19, .ofs_x = 0, .ofs_y = -2},
    {.bitmap_index = 77324, .adv_w = 320, .box_w = 20, .box_h = 20, .ofs_x = 0, .ofs_y = -3},
    {.bitmap_index = 77524, .adv_w = 320, .box_w = 20, .box_h = 19, .ofs_x = 0, .ofs_y = -2},
    {.bitmap_index = 77714, .adv_w = 320, .box_w = 18, .box_h = 18, .ofs_x = 1, .ofs_y = -2},
    {.bitmap_index = 77876, .adv_w = 320, .box_w = 20, .box_h = 18, .ofs_x = 0, .ofs_y = -2},
    {.bitmap_index = 78056, .adv_w = 320, .box_w = 20, .box_h = 18, .ofs_x = 0, .ofs_y = -2},
    {.bitmap_index = 78236, .adv_w = 320, .box_w = 18, .box_h = 18, .ofs_x = 1, .ofs_y = -2},
    {.bitmap_index = 78398, .adv_w = 320, .box_w = 20, .box_h = 19, .ofs_x = 0, .ofs_y = -2},
    {.bitmap_index = 78588, .adv_w = 320, .box_w = 20, .box_h = 19, .ofs_x = 0, .ofs_y = -3},
    {.bitmap_index = 78778, .adv_w = 320, .box_w = 18, .box_h = 18, .ofs_x = 1, .ofs_y = -2},
    {.bitmap_index = 78940, .adv_w = 320, .box_w = 18, .box_h = 18, .ofs_x = 1, .ofs_y = -2},
    {.bitmap_index = 79102, .adv_w = 320, .box_w = 18, .box_h = 18, .ofs_x = 1, .ofs_y = -2},
    {.bitmap_index = 79264, .adv_w = 320, .box_w = 18, .box_h = 19, .ofs_x = 1, .ofs_y = -3},
    {.bitmap_index = 79435, .adv_w = 320, .box_w = 20, .box_h = 19, .ofs_x = 0, .ofs_y = -2},
    {.bitmap_index = 79625, .adv_w = 320, .box_w = 19, .box_h = 19, .ofs_x = 1, .ofs_y = -2},
    {.bitmap_index = 79806, .adv_w = 320, .box_w = 20, .box_h = 18, .ofs_x = 0, .ofs_y = -2},
    {.bitmap_index = 79986, .adv_w = 320, .box_w = 20, .box_h = 18, .ofs_x = 0, .ofs_y = -2},
    {.bitmap_index = 80166, .adv_w = 320, .box_w = 20, .box_h = 18, .ofs_x = 0, .ofs_y = -2},
    {.bitmap_index = 80346, .adv_w = 320, .box_w = 20, .box_h = 19, .ofs_x = 0, .ofs_y = -2},
    {.bitmap_index = 80536, .adv_w = 320, .box_w = 19, .box_h = 18, .ofs_x = 0, .ofs_y = -2},
    {.bitmap_index = 80707, .adv_w = 320, .box_w = 20, .box_h = 20, .ofs_x = 0, .ofs_y = -3},
    {.bitmap_index = 80907, .adv_w = 320, .box_w = 20, .box_h = 19, .ofs_x = 0, .ofs_y = -2},
    {.bitmap_index = 81097, .adv_w = 320, .box_w = 20, .box_h = 18, .ofs_x = 0, .ofs_y = -2},
    {.bitmap_index = 81277, .adv_w = 320, .box_w = 19, .box_h = 19, .ofs_x = 0, .ofs_y = -3},
    {.bitmap_index = 81458, .adv_w = 320, .box_w = 20, .box_h = 20, .ofs_x = 0, .ofs_y = -3},
    {.bitmap_index = 81658, .adv_w = 320, .box_w = 20, .box_h = 20, .ofs_x = 0, .ofs_y = -3},
    {.bitmap_index = 81858, .adv_w = 320, .box_w = 20, .box_h = 18, .ofs_x = 0, .ofs_y = -2},
    {.bitmap_index = 82038, .adv_w = 320, .box_w = 20, .box_h = 19, .ofs_x = 0, .ofs_y = -3},
    {.bitmap_index = 82228, .adv_w = 320, .box_w = 20, .box_h = 19, .ofs_x = 0, .ofs_y = -3},
    {.bitmap_index = 82418, .adv_w = 320, .box_w = 20, .box_h = 19, .ofs_x = 0, .ofs_y = -2},
    {.bitmap_index = 82608, .adv_w = 320, .box_w = 20, .box_h = 19, .ofs_x = 0, .ofs_y = -3},
    {.bitmap_index = 82798, .adv_w = 320, .box_w = 20, .box_h = 18, .ofs_x = 0, .ofs_y = -2},
    {.bitmap_index = 82978, .adv_w = 320, .box_w = 20, .box_h = 20, .ofs_x = 0, .ofs_y = -3},
    {.bitmap_index = 83178, .adv_w = 320, .box_w = 20, .box_h = 18, .ofs_x = 0, .ofs_y = -2},
    {.bitmap_index = 83358, .adv_w = 320, .box_w = 20, .box_h = 20, .ofs_x = 0, .ofs_y = -3},
    {.bitmap_index = 83558, .adv_w = 320, .box_w = 20, .box_h = 19, .ofs_x = 0, .ofs_y = -3},
    {.bitmap_index = 83748, .adv_w = 320, .box_w = 20, .box_h = 19, .ofs_x = 0, .ofs_y = -3},
    {.bitmap_index = 83938, .adv_w = 320, .box_w = 20, .box_h = 18, .ofs_x = 0, .ofs_y = -2},
    {.bitmap_index = 84118, .adv_w = 320, .box_w = 18, .box_h = 18, .ofs_x = 1, .ofs_y = -2},
    {.bitmap_index = 84280, .adv_w = 320, .box_w = 18, .box_h = 18, .ofs_x = 1, .ofs_y = -2},
    {.bitmap_index = 84442, .adv_w = 320, .box_w = 20, .box_h = 18, .ofs_x = 0, .ofs_y = -2},
    {.bitmap_index = 84622, .adv_w = 320, .box_w = 20, .box_h = 18, .ofs_x = 0, .ofs_y = -2},
    {.bitmap_index = 84802, .adv_w = 320, .box_w = 20, .box_h = 18, .ofs_x = 0, .ofs_y = -2},
    {.bitmap_index = 84982, .adv_w = 320, .box_w = 19, .box_h = 19, .ofs_x = 1, .ofs_y = -3},
    {.bitmap_index = 85163, .adv_w = 320, .box_w = 18, .box_h = 18, .ofs_x = 1, .ofs_y = -2},
    {.bitmap_index = 85325, .adv_w = 320, .box_w = 20, .box_h = 18, .ofs_x = 0, .ofs_y = -2},
    {.bitmap_index = 85505, .adv_w = 320, .box_w = 20, .box_h = 19, .ofs_x = 0, .ofs_y = -3},
    {.bitmap_index = 85695, .adv_w = 320, .box_w = 16, .box_h = 18, .ofs_x = 2, .ofs_y = -2},
    {.bitmap_index = 85839, .adv_w = 320, .box_w = 20, .box_h = 18, .ofs_x = 0, .ofs_y = -2},
    {.bitmap_index = 86019, .adv_w = 320, .box_w = 17, .box_h = 19, .ofs_x = 2, .ofs_y = -3},
    {.bitmap_index = 86181, .adv_w = 320, .box_w = 20, .box_h = 18, .ofs_x = 0, .ofs_y = -2},
    {.bitmap_index = 86361, .adv_w = 320, .box_w = 19, .box_h = 18, .ofs_x = 0, .ofs_y = -2},
    {.bitmap_index = 86532, .adv_w = 320, .box_w = 19, .box_h = 18, .ofs_x = 0, .ofs_y = -2},
    {.bitmap_index = 86703, .adv_w = 320, .box_w = 20, .box_h = 18, .ofs_x = 0, .ofs_y = -2},
    {.bitmap_index = 86883, .adv_w = 320, .box_w = 20, .box_h = 18, .ofs_x = 0, .ofs_y = -2},
    {.bitmap_index = 87063, .adv_w = 320, .box_w = 20, .box_h = 18, .ofs_x = 0, .ofs_y = -2},
    {.bitmap_index = 87243, .adv_w = 320, .box_w = 20, .box_h = 18, .ofs_x = 0, .ofs_y = -2},
    {.bitmap_index = 87423, .adv_w = 320, .box_w = 19, .box_h = 19, .ofs_x = 1, .ofs_y = -3},
    {.bitmap_index = 87604, .adv_w = 320, .box_w = 19, .box_h = 19, .ofs_x = 1, .ofs_y = -3},
    {.bitmap_index = 87785, .adv_w = 320, .box_w = 19, .box_h = 18, .ofs_x = 1, .ofs_y = -2},
    {.bitmap_index = 87956, .adv_w = 320, .box_w = 20, .box_h = 19, .ofs_x = 0, .ofs_y = -2},
    {.bitmap_index = 88146, .adv_w = 320, .box_w = 19, .box_h = 18, .ofs_x = 1, .ofs_y = -2},
    {.bitmap_index = 88317, .adv_w = 320, .box_w = 19, .box_h = 18, .ofs_x = 0, .ofs_y = -2},
    {.bitmap_index = 88488, .adv_w = 320, .box_w = 20, .box_h = 19, .ofs_x = 0, .ofs_y = -2},
    {.bitmap_index = 88678, .adv_w = 320, .box_w = 19, .box_h = 19, .ofs_x = 1, .ofs_y = -3},
    {.bitmap_index = 88859, .adv_w = 320, .box_w = 20, .box_h = 19, .ofs_x = 0, .ofs_y = -3},
    {.bitmap_index = 89049, .adv_w = 320, .box_w = 19, .box_h = 19, .ofs_x = 0, .ofs_y = -3},
    {.bitmap_index = 89230, .adv_w = 320, .box_w = 20, .box_h = 19, .ofs_x = 0, .ofs_y = -3},
    {.bitmap_index = 89420, .adv_w = 320, .box_w = 20, .box_h = 18, .ofs_x = 0, .ofs_y = -2},
    {.bitmap_index = 89600, .adv_w = 320, .box_w = 18, .box_h = 19, .ofs_x = 1, .ofs_y = -3},
    {.bitmap_index = 89771, .adv_w = 320, .box_w = 20, .box_h = 19, .ofs_x = 0, .ofs_y = -3},
    {.bitmap_index = 89961, .adv_w = 320, .box_w = 20, .box_h = 19, .ofs_x = 0, .ofs_y = -3},
    {.bitmap_index = 90151, .adv_w = 320, .box_w = 20, .box_h = 18, .ofs_x = 0, .ofs_y = -2},
    {.bitmap_index = 90331, .adv_w = 320, .box_w = 20, .box_h = 19, .ofs_x = 0, .ofs_y = -3},
    {.bitmap_index = 90521, .adv_w = 320, .box_w = 19, .box_h = 19, .ofs_x = 0, .ofs_y = -3},
    {.bitmap_index = 90702, .adv_w = 320, .box_w = 20, .box_h = 18, .ofs_x = 0, .ofs_y = -2},
    {.bitmap_index = 90882, .adv_w = 320, .box_w = 19, .box_h = 19, .ofs_x = 0, .ofs_y = -3},
    {.bitmap_index = 91063, .adv_w = 320, .box_w = 19, .box_h = 18, .ofs_x = 1, .ofs_y = -2},
    {.bitmap_index = 91234, .adv_w = 320, .box_w = 20, .box_h = 19, .ofs_x = 0, .ofs_y = -3},
    {.bitmap_index = 91424, .adv_w = 320, .box_w = 20, .box_h = 18, .ofs_x = 0, .ofs_y = -2},
    {.bitmap_index = 91604, .adv_w = 320, .box_w = 20, .box_h = 18, .ofs_x = 0, .ofs_y = -2},
    {.bitmap_index = 91784, .adv_w = 320, .box_w = 20, .box_h = 18, .ofs_x = 0, .ofs_y = -2},
    {.bitmap_index = 91964, .adv_w = 320, .box_w = 19, .box_h = 20, .ofs_x = 0, .ofs_y = -3},
    {.bitmap_index = 92154, .adv_w = 320, .box_w = 20, .box_h = 19, .ofs_x = 0, .ofs_y = -3},
    {.bitmap_index = 92344, .adv_w = 320, .box_w = 20, .box_h = 19, .ofs_x = 0, .ofs_y = -3},
    {.bitmap_index = 92534, .adv_w = 320, .box_w = 20, .box_h = 18, .ofs_x = 0, .ofs_y = -2},
    {.bitmap_index = 92714, .adv_w = 320, .box_w = 19, .box_h = 20, .ofs_x = 0, .ofs_y = -3},
    {.bitmap_index = 92904, .adv_w = 320, .box_w = 20, .box_h = 19, .ofs_x = 0, .ofs_y = -3},
    {.bitmap_index = 93094, .adv_w = 320, .box_w = 20, .box_h = 18, .ofs_x = 0, .ofs_y = -2},
    {.bitmap_index = 93274, .adv_w = 320, .box_w = 20, .box_h = 19, .ofs_x = 0, .ofs_y = -3},
    {.bitmap_index = 93464, .adv_w = 320, .box_w = 18, .box_h = 20, .ofs_x = 1, .ofs_y = -3},
    {.bitmap_index = 93644, .adv_w = 320, .box_w = 20, .box_h = 19, .ofs_x = 0, .ofs_y = -3},
    {.bitmap_index = 93834, .adv_w = 320, .box_w = 20, .box_h = 18, .ofs_x = 0, .ofs_y = -2},
    {.bitmap_index = 94014, .adv_w = 320, .box_w = 20, .box_h = 19, .ofs_x = 0, .ofs_y = -3},
    {.bitmap_index = 94204, .adv_w = 320, .box_w = 20, .box_h = 19, .ofs_x = 0, .ofs_y = -3},
    {.bitmap_index = 94394, .adv_w = 320, .box_w = 20, .box_h = 19, .ofs_x = 0, .ofs_y = -2},
    {.bitmap_index = 94584, .adv_w = 320, .box_w = 18, .box_h = 18, .ofs_x = 0, .ofs_y = -2},
    {.bitmap_index = 94746, .adv_w = 320, .box_w = 20, .box_h = 18, .ofs_x = 0, .ofs_y = -2},
    {.bitmap_index = 94926, .adv_w = 320, .box_w = 20, .box_h = 18, .ofs_x = 0, .ofs_y = -2},
    {.bitmap_index = 95106, .adv_w = 320, .box_w = 20, .box_h = 19, .ofs_x = 0, .ofs_y = -3},
    {.bitmap_index = 95296, .adv_w = 320, .box_w = 20, .box_h = 18, .ofs_x = 0, .ofs_y = -2},
    {.bitmap_index = 95476, .adv_w = 320, .box_w = 20, .box_h = 19, .ofs_x = 0, .ofs_y = -3},
    {.bitmap_index = 95666, .adv_w = 320, .box_w = 20, .box_h = 19, .ofs_x = 0, .ofs_y = -3},
    {.bitmap_index = 95856, .adv_w = 320, .box_w = 20, .box_h = 19, .ofs_x = 0, .ofs_y = -3},
    {.bitmap_index = 96046, .adv_w = 320, .box_w = 20, .box_h = 19, .ofs_x = 0, .ofs_y = -3},
    {.bitmap_index = 96236, .adv_w = 320, .box_w = 20, .box_h = 19, .ofs_x = 0, .ofs_y = -3},
    {.bitmap_index = 96426, .adv_w = 320, .box_w = 20, .box_h = 20, .ofs_x = 0, .ofs_y = -3},
    {.bitmap_index = 96626, .adv_w = 320, .box_w = 20, .box_h = 20, .ofs_x = 0, .ofs_y = -3},
    {.bitmap_index = 96826, .adv_w = 320, .box_w = 20, .box_h = 19, .ofs_x = 0, .ofs_y = -3},
    {.bitmap_index = 97016, .adv_w = 320, .box_w = 20, .box_h = 19, .ofs_x = 0, .ofs_y = -3},
    {.bitmap_index = 97206, .adv_w = 320, .box_w = 20, .box_h = 20, .ofs_x = 0, .ofs_y = -3},
    {.bitmap_index = 97406, .adv_w = 320, .box_w = 20, .box_h = 20, .ofs_x = 0, .ofs_y = -3},
    {.bitmap_index = 97606, .adv_w = 320, .box_w = 20, .box_h = 19, .ofs_x = 0, .ofs_y = -3},
    {.bitmap_index = 97796, .adv_w = 320, .box_w = 20, .box_h = 18, .ofs_x = 0, .ofs_y = -2},
    {.bitmap_index = 97976, .adv_w = 320, .box_w = 20, .box_h = 18, .ofs_x = 0, .ofs_y = -2},
    {.bitmap_index = 98156, .adv_w = 320, .box_w = 20, .box_h = 19, .ofs_x = 0, .ofs_y = -3},
    {.bitmap_index = 98346, .adv_w = 320, .box_w = 20, .box_h = 18, .ofs_x = 0, .ofs_y = -2},
    {.bitmap_index = 98526, .adv_w = 320, .box_w = 20, .box_h = 20, .ofs_x = 0, .ofs_y = -3},
    {.bitmap_index = 98726, .adv_w = 320, .box_w = 20, .box_h = 20, .ofs_x = 0, .ofs_y = -3},
    {.bitmap_index = 98926, .adv_w = 320, .box_w = 20, .box_h = 19, .ofs_x = 0, .ofs_y = -3},
    {.bitmap_index = 99116, .adv_w = 320, .box_w = 20, .box_h = 19, .ofs_x = 0, .ofs_y = -3},
    {.bitmap_index = 99306, .adv_w = 320, .box_w = 20, .box_h = 20, .ofs_x = 0, .ofs_y = -3},
    {.bitmap_index = 99506, .adv_w = 320, .box_w = 19, .box_h = 19, .ofs_x = 1, .ofs_y = -3},
    {.bitmap_index = 99687, .adv_w = 320, .box_w = 19, .box_h = 18, .ofs_x = 1, .ofs_y = -2},
    {.bitmap_index = 99858, .adv_w = 320, .box_w = 18, .box_h = 18, .ofs_x = 1, .ofs_y = -2},
    {.bitmap_index = 100020, .adv_w = 320, .box_w = 19, .box_h = 19, .ofs_x = 0, .ofs_y = -2},
    {.bitmap_index = 100201, .adv_w = 320, .box_w = 18, .box_h = 18, .ofs_x = 1, .ofs_y = -2},
    {.bitmap_index = 100363, .adv_w = 320, .box_w = 18, .box_h = 19, .ofs_x = 1, .ofs_y = -2},
    {.bitmap_index = 100534, .adv_w = 320, .box_w = 18, .box_h = 18, .ofs_x = 1, .ofs_y = -2},
    {.bitmap_index = 100696, .adv_w = 320, .box_w = 19, .box_h = 18, .ofs_x = 0, .ofs_y = -2},
    {.bitmap_index = 100867, .adv_w = 320, .box_w = 20, .box_h = 20, .ofs_x = 0, .ofs_y = -3},
    {.bitmap_index = 101067, .adv_w = 320, .box_w = 20, .box_h = 19, .ofs_x = 0, .ofs_y = -3},
    {.bitmap_index = 101257, .adv_w = 320, .box_w = 20, .box_h = 19, .ofs_x = 0, .ofs_y = -3},
    {.bitmap_index = 101447, .adv_w = 320, .box_w = 18, .box_h = 18, .ofs_x = 1, .ofs_y = -2},
    {.bitmap_index = 101609, .adv_w = 320, .box_w = 18, .box_h = 18, .ofs_x = 1, .ofs_y = -2},
    {.bitmap_index = 101771, .adv_w = 320, .box_w = 18, .box_h = 18, .ofs_x = 1, .ofs_y = -2},
    {.bitmap_index = 101933, .adv_w = 320, .box_w = 18, .box_h = 18, .ofs_x = 1, .ofs_y = -2},
    {.bitmap_index = 102095, .adv_w = 320, .box_w = 19, .box_h = 19, .ofs_x = 1, .ofs_y = -3},
    {.bitmap_index = 102276, .adv_w = 320, .box_w = 19, .box_h = 18, .ofs_x = 1, .ofs_y = -2},
    {.bitmap_index = 102447, .adv_w = 320, .box_w = 19, .box_h = 19, .ofs_x = 1, .ofs_y = -3},
    {.bitmap_index = 102628, .adv_w = 320, .box_w = 18, .box_h = 19, .ofs_x = 1, .ofs_y = -3},
    {.bitmap_index = 102799, .adv_w = 320, .box_w = 19, .box_h = 18, .ofs_x = 1, .ofs_y = -2},
    {.bitmap_index = 102970, .adv_w = 320, .box_w = 19, .box_h = 19, .ofs_x = 0, .ofs_y = -3},
    {.bitmap_index = 103151, .adv_w = 320, .box_w = 20, .box_h = 18, .ofs_x = 0, .ofs_y = -2},
    {.bitmap_index = 103331, .adv_w = 320, .box_w = 18, .box_h = 18, .ofs_x = 1, .ofs_y = -2},
    {.bitmap_index = 103493, .adv_w = 320, .box_w = 18, .box_h = 18, .ofs_x = 1, .ofs_y = -2},
    {.bitmap_index = 103655, .adv_w = 320, .box_w = 18, .box_h = 18, .ofs_x = 1, .ofs_y = -2},
    {.bitmap_index = 103817, .adv_w = 320, .box_w = 18, .box_h = 18, .ofs_x = 1, .ofs_y = -2},
    {.bitmap_index = 103979, .adv_w = 320, .box_w = 20, .box_h = 18, .ofs_x = 0, .ofs_y = -2},
    {.bitmap_index = 104159, .adv_w = 320, .box_w = 20, .box_h = 18, .ofs_x = 0, .ofs_y = -2},
    {.bitmap_index = 104339, .adv_w = 320, .box_w = 20, .box_h = 18, .ofs_x = 0, .ofs_y = -2},
    {.bitmap_index = 104519, .adv_w = 320, .box_w = 18, .box_h = 18, .ofs_x = 1, .ofs_y = -2},
    {.bitmap_index = 104681, .adv_w = 320, .box_w = 19, .box_h = 19, .ofs_x = 0, .ofs_y = -3},
    {.bitmap_index = 104862, .adv_w = 320, .box_w = 20, .box_h = 19, .ofs_x = 0, .ofs_y = -3},
    {.bitmap_index = 105052, .adv_w = 320, .box_w = 20, .box_h = 19, .ofs_x = 0, .ofs_y = -3},
    {.bitmap_index = 105242, .adv_w = 320, .box_w = 20, .box_h = 19, .ofs_x = 0, .ofs_y = -3},
    {.bitmap_index = 105432, .adv_w = 320, .box_w = 19, .box_h = 20, .ofs_x = 0, .ofs_y = -3},
    {.bitmap_index = 105622, .adv_w = 320, .box_w = 20, .box_h = 19, .ofs_x = 0, .ofs_y = -3},
    {.bitmap_index = 105812, .adv_w = 320, .box_w = 20, .box_h = 20, .ofs_x = 0, .ofs_y = -3},
    {.bitmap_index = 106012, .adv_w = 320, .box_w = 20, .box_h = 19, .ofs_x = 0, .ofs_y = -3},
    {.bitmap_index = 106202, .adv_w = 320, .box_w = 20, .box_h = 18, .ofs_x = 0, .ofs_y = -2},
    {.bitmap_index = 106382, .adv_w = 320, .box_w = 20, .box_h = 19, .ofs_x = 0, .ofs_y = -3},
    {.bitmap_index = 106572, .adv_w = 320, .box_w = 18, .box_h = 18, .ofs_x = 1, .ofs_y = -2},
    {.bitmap_index = 106734, .adv_w = 320, .box_w = 20, .box_h = 19, .ofs_x = 0, .ofs_y = -3},
    {.bitmap_index = 106924, .adv_w = 320, .box_w = 20, .box_h = 18, .ofs_x = 0, .ofs_y = -2},
    {.bitmap_index = 107104, .adv_w = 320, .box_w = 20, .box_h = 19, .ofs_x = 0, .ofs_y = -3},
    {.bitmap_index = 107294, .adv_w = 320, .box_w = 6, .box_h = 7, .ofs_x = 2, .ofs_y = -3}
};

/*---------------------
 *  CHARACTER MAPPING
 *--------------------*/

static const uint16_t unicode_list_1[] = {
    0x0, 0x2f4b, 0x4d49, 0x4d52, 0x4d53, 0x4d54, 0x4d56, 0x4d57,
    0x4d5c, 0x4d6d, 0x4d73, 0x4d76, 0x4d83, 0x4d84, 0x4d8e, 0x4d92,
    0x4d99, 0x4dd7, 0x4dda, 0x4ddb, 0x4ded, 0x4df0, 0x4df7, 0x4e03,
    0x4e0a, 0x4e0e, 0x4e13, 0x4e16, 0x4e17, 0x4e2d, 0x4e2e, 0x4e3b,
    0x4e44, 0x4e46, 0x4e5a, 0x4e61, 0x4e63, 0x4e7d, 0x4e96, 0x4e97,
    0x4e98, 0x4e9c, 0x4ea2, 0x4ea5, 0x4ea9, 0x4ec8, 0x4ed4, 0x4f08,
    0x4f26, 0x4f2a, 0x4f5b, 0x4f6f, 0x4f85, 0x4f87, 0x4f98, 0x4fa5,
    0x4fbf, 0x5018, 0x508c, 0x508e, 0x5091, 0x5092, 0x5094, 0x5096,
    0x50ae, 0x50b1, 0x50b4, 0x50ba, 0x50bc, 0x50c0, 0x50ce, 0x50d6,
    0x50fc, 0x510f, 0x5118, 0x513f, 0x5143, 0x5144, 0x514f, 0x5150,
    0x5162, 0x5174, 0x5179, 0x517f, 0x5180, 0x5196, 0x51b2, 0x51b3,
    0x51e4, 0x51ea, 0x51f1, 0x51f2, 0x5208, 0x524e, 0x525f, 0x5283,
    0x5284, 0x5291, 0x5293, 0x5298, 0x529e, 0x52bc, 0x52cf, 0x52d4,
    0x52e8, 0x530b, 0x5315, 0x5316, 0x531a, 0x5321, 0x5329, 0x532c,
    0x5333, 0x5338, 0x5339, 0x533c, 0x5340, 0x534c, 0x534d, 0x5351,
    0x5355, 0x5356, 0x5357, 0x535a, 0x536f, 0x5374, 0x5375, 0x5378,
    0x5381, 0x538f, 0x53b1, 0x53c5, 0x53c6, 0x53d5, 0x5409, 0x540a,
    0x5416, 0x54af, 0x54e5, 0x54e6, 0x55b1, 0x5627, 0x5639, 0x5647,
    0x564f, 0x5651, 0x5671, 0x5679, 0x5683, 0x5690, 0x56cb, 0x5728,
    0x5743, 0x57a7, 0x57cc, 0x57e7, 0x5839, 0x584d, 0x5850, 0x5856,
    0x585f, 0x5863, 0x5865, 0x5870, 0x5872, 0x587a, 0x587d, 0x5890,
    0x58c6, 0x5914, 0x591d, 0x59db, 0x5a99, 0x5a9d, 0x5aa0, 0x5aa1,
    0x5ad2, 0x5ad5, 0x5ae3, 0x5ae7, 0x5aea, 0x5b02, 0x5b06, 0x5b42,
    0x5b4d, 0x5b4f, 0x5b58, 0x5b5d, 0x5b7a, 0x5b87, 0x5b89, 0x5b91,
    0x5b98, 0x5d2e, 0x5d2f, 0x5d3b, 0x5d6f, 0x5d70, 0x5d77, 0x5d9e,
    0x5dbc, 0x5dbf, 0x5ddd, 0x5dde, 0x5def, 0x5df0, 0x5e3f, 0x5e49,
    0x5e4b, 0x5e58, 0x5e70, 0x5e78, 0x5e7a, 0x5e82, 0x5e83, 0x5e9c,
    0x5ea0, 0x5eab, 0x5ecd, 0x5ece, 0x5ed4, 0x5ef3, 0x5ef7, 0x5f0c,
    0x5f0f, 0x5f20, 0x5f34, 0x5f4a, 0x5f70, 0x5f84, 0x600e, 0x6013,
    0x6068, 0x60ab, 0x6159, 0x615a, 0x6180, 0x6188, 0x6189, 0x618a,
    0x6194, 0x61a1, 0x61b0, 0x61b2, 0x61b4, 0x61b5, 0x61ee, 0x61f5,
    0x61fe, 0x6206, 0x6212, 0x621f, 0x6228, 0x624a, 0x6250, 0x62ab,
    0x62db, 0x62ee, 0x62f0, 0x6319, 0x631b, 0x6365, 0x638d, 0x63f6,
    0x6416, 0x647f, 0x6487, 0x6491, 0x64ac, 0x64b9, 0x64bd, 0x64d0,
    0x64e2, 0x64e5, 0x64f9, 0x6502, 0x6514, 0x6529, 0x652e, 0x6532,
    0x653f, 0x6557, 0x6568, 0x6578, 0x6587, 0x658c, 0x659e, 0x65b8,
    0x65bd, 0x65cb, 0x65e0, 0x663b, 0x663d, 0x6649, 0x6651, 0x6652,
    0x6660, 0x6666, 0x6668, 0x6675, 0x6683, 0x6698, 0x66a8, 0x66aa,
    0x66ae, 0x66c8, 0x66ca, 0x66cd, 0x66d9, 0x66e5, 0x671c, 0x671d,
    0x6750, 0x676a, 0x6780, 0x6791, 0x6856, 0x696a, 0x6a6a, 0x6a6b,
    0x6a87, 0x6a95, 0x6aac, 0x6afe, 0x6b18, 0x6b1d, 0x6b5d, 0x6b7d,
    0x6b8b, 0x6ba9, 0x6c31, 0x6c33, 0x6c94, 0x6cd1, 0x6ce8, 0x6d2a,
    0x6d4e, 0x6d59, 0x6d6a, 0x6d72, 0x6d7b, 0x6dc8, 0x6dd9, 0x6e27,
    0x6e2a, 0x6e4b, 0x6e73, 0x6fb4, 0x6fb8, 0x7002, 0x707f, 0x717a,
    0x71a2, 0x71c2, 0x71ff, 0x7274, 0x72d0, 0x72f8, 0x72f9, 0x734c,
    0x734f, 0x7468, 0x7471, 0x747a, 0x747e, 0x7484, 0x7495, 0x74a2,
    0x74ae, 0x74e0, 0x75cd, 0x761f, 0x7637, 0x763d, 0x7641, 0x7654,
    0x7668, 0x7669, 0x7671, 0x767f, 0x7685, 0x768a, 0x769a, 0x76a4,
    0x76aa, 0x76f5, 0x76fc, 0x772b, 0x772e, 0x77b7, 0x77d7, 0x780a,
    0x7883, 0x7904, 0x790a, 0x791b, 0x7928, 0x7939, 0x7944, 0x7954,
    0x79c3, 0x79e0, 0x7a14, 0x7a1f, 0x7a38, 0x7a5a, 0x7a92, 0x7ac9,
    0x7ae0, 0x7b70, 0x7bdb, 0x7c44, 0x7c69, 0x7c6b, 0x7c74, 0x7ded,
    0x7def, 0x7df0, 0x7e02, 0x7e08, 0x7e0f, 0x7e18, 0x7e1c, 0x7e1e,
    0x7e21, 0x7e25, 0x7e28, 0x7e30, 0x7e33, 0x7e36, 0x7e3d, 0x7e5c,
    0x7e61, 0x7e66, 0x7e72, 0x7e9a, 0x7eb7, 0x7f4c, 0x7f55, 0x7f7c,
    0x7f8f, 0x8046, 0x805a, 0x80e5, 0x8133, 0x8156, 0x81b8, 0x81bb,
    0x822e, 0x82b8, 0x8386, 0x8426, 0x8518, 0x85a3, 0x85c2, 0x8703,
    0x8795, 0x87aa, 0x87ae, 0x87b1, 0x87b5, 0x880a, 0x88ca, 0x88cf,
    0x890a, 0x890f, 0x8911, 0x8912, 0x892c, 0x8aea, 0x8aed, 0x8af7,
    0x8af8, 0x8af9, 0x8aff, 0x8b07, 0x8b0d, 0x8b0f, 0x8b16, 0x8b26,
    0x8b2e, 0x8b36, 0x8b40, 0x8b44, 0x8b7a, 0x8c66, 0x8c6e, 0x8c8d,
    0x8cc0, 0x8cd4, 0x8cfc, 0x8d28, 0x8d38, 0x8df4, 0x8eb7, 0x8ec4,
    0x8ecc, 0x8edc, 0x8f02, 0x8f10, 0x8f19, 0x8f21, 0x8f22, 0x8f24,
    0x8f27, 0x8f28, 0x8f49, 0x8f4a, 0x8f58, 0x8f59, 0x8f5b, 0x8f5d,
    0x8f60, 0x8f63, 0x8f68, 0x8f69, 0x8f9c, 0x8fb7, 0x8fc8, 0x9031,
    0x9096, 0x90db, 0x9113, 0x9115, 0x9116, 0x9118, 0x93e8, 0x9477,
    0x94a5, 0x94c8, 0x9536, 0x953b, 0x953d, 0x9542, 0x9568, 0x9596,
    0x95b3, 0x95d8, 0x95d9, 0x960f, 0x9631, 0x9633, 0x9640, 0x9647,
    0x9649, 0x96a2, 0x96a7, 0x96ab, 0x973c, 0x97be, 0x97bf, 0x97c2,
    0x97c8, 0x97cd, 0x97da, 0x97e1, 0x97e5, 0x9817, 0x9821, 0x9a21,
    0x9def, 0x9e1a, 0x9e21, 0xfe55
};

/*Collect the unicode lists and glyph_id offsets*/
static const lv_font_fmt_txt_cmap_t cmaps[] =
{
    {
        .range_start = 32, .range_length = 95, .glyph_id_start = 1,
        .unicode_list = NULL, .glyph_id_ofs_list = NULL, .list_length = 0, .type = LV_FONT_FMT_TXT_CMAP_FORMAT0_TINY
    },
    {
        .range_start = 183, .range_length = 65110, .glyph_id_start = 96,
        .unicode_list = unicode_list_1, .glyph_id_ofs_list = NULL, .list_length = 564, .type = LV_FONT_FMT_TXT_CMAP_SPARSE_TINY
    }
};

/*-----------------
 *    KERNING
 *----------------*/


/*Pair left and right glyphs for kerning*/
static const uint16_t kern_pair_glyph_ids[] =
{
    7, 43,
    9, 75,
    13, 18,
    13, 24,
    13, 26,
    15, 18,
    15, 24,
    15, 26,
    18, 13,
    18, 15,
    18, 27,
    18, 28,
    24, 13,
    24, 15,
    24, 27,
    24, 28,
    27, 18,
    27, 24,
    28, 18,
    28, 24,
    34, 43,
    34, 53,
    34, 55,
    34, 56,
    34, 58,
    34, 66,
    34, 68,
    34, 70,
    34, 72,
    34, 80,
    34, 82,
    36, 43,
    37, 55,
    37, 56,
    37, 57,
    38, 43,
    39, 15,
    39, 34,
    39, 66,
    39, 68,
    39, 70,
    39, 72,
    39, 80,
    39, 82,
    40, 43,
    41, 43,
    42, 43,
    44, 43,
    44, 66,
    44, 68,
    44, 70,
    44, 72,
    44, 80,
    44, 82,
    45, 34,
    45, 43,
    45, 53,
    45, 55,
    45, 56,
    45, 58,
    46, 43,
    47, 43,
    48, 55,
    48, 56,
    48, 57,
    49, 15,
    49, 34,
    49, 57,
    50, 55,
    50, 56,
    50, 57,
    51, 43,
    51, 58,
    51, 66,
    51, 68,
    51, 70,
    51, 72,
    51, 80,
    51, 82,
    53, 15,
    53, 34,
    53, 66,
    53, 68,
    53, 70,
    53, 72,
    53, 78,
    53, 79,
    53, 80,
    53, 81,
    53, 82,
    53, 83,
    53, 84,
    53, 86,
    55, 15,
    55, 34,
    55, 66,
    55, 68,
    55, 70,
    55, 72,
    55, 78,
    55, 79,
    55, 80,
    55, 81,
    55, 82,
    55, 83,
    55, 84,
    55, 86,
    56, 15,
    56, 34,
    56, 66,
    56, 68,
    56, 70,
    56, 72,
    56, 78,
    56, 79,
    56, 80,
    56, 81,
    56, 82,
    56, 83,
    56, 84,
    56, 86,
    57, 15,
    57, 43,
    57, 66,
    57, 68,
    57, 70,
    57, 72,
    57, 80,
    57, 82,
    58, 15,
    58, 34,
    58, 66,
    58, 68,
    58, 69,
    58, 70,
    58, 72,
    58, 78,
    58, 79,
    58, 80,
    58, 81,
    58, 82,
    58, 83,
    58, 84,
    58, 85,
    58, 86,
    59, 43,
    60, 43,
    60, 75,
    61, 43,
    61, 75,
    66, 43,
    67, 55,
    67, 56,
    67, 58,
    67, 87,
    67, 88,
    67, 89,
    67, 90,
    68, 43,
    69, 43,
    70, 55,
    70, 56,
    70, 58,
    70, 87,
    70, 88,
    70, 89,
    70, 90,
    72, 43,
    76, 43,
    76, 66,
    76, 68,
    76, 70,
    76, 72,
    76, 80,
    76, 82,
    77, 43,
    79, 43,
    80, 55,
    80, 56,
    80, 57,
    80, 58,
    80, 87,
    80, 88,
    80, 89,
    80, 90,
    81, 55,
    81, 56,
    81, 58,
    81, 87,
    81, 89,
    81, 90,
    82, 43,
    82, 75,
    83, 66,
    83, 68,
    83, 70,
    83, 72,
    83, 80,
    83, 82,
    85, 43,
    86, 43,
    87, 66,
    87, 68,
    87, 70,
    87, 72,
    87, 80,
    87, 82,
    88, 66,
    88, 68,
    88, 70,
    88, 72,
    88, 80,
    88, 82,
    89, 43,
    91, 43,
    92, 43,
    92, 75
};

/* Kerning between the respective left and right glyphs
 * 4.4 format which needs to scaled with `kern_scale`*/
static const int8_t kern_pair_values[] =
{
    16, 13, -45, -6, -6, -45, -10, -6,
    -13, -19, -26, -19, -32, -38, -13, -13,
    -22, -6, -22, -6, 6, -19, -22, -16,
    -19, -6, -6, -6, -6, -6, -6, 6,
    -6, -3, -10, 6, -32, -13, -6, -6,
    -6, -6, -6, -6, 6, 6, 6, 10,
    -13, -13, -13, -13, -13, -13, 3, 10,
    -22, -16, -10, -16, 6, 6, -6, -3,
    -10, -35, -10, -6, -6, -3, -10, 10,
    -3, -3, -3, -3, -3, -3, -3, -38,
    -16, -19, -19, -19, -19, -13, -13, -19,
    -13, -19, -13, -16, -13, -26, -22, -13,
    -13, -13, -10, -6, -6, -13, -6, -13,
    -6, -6, -6, -19, -16, -10, -10, -10,
    -10, -10, -10, -10, -10, -10, -10, -10,
    -10, -6, 10, -10, -10, -10, -10, -10,
    -10, -32, -19, -29, -29, -29, -29, -29,
    -13, -13, -29, -13, -29, -13, -22, -13,
    -13, 10, 16, 13, 16, 13, 6, -10,
    -10, -29, -6, -3, -6, -6, 6, 6,
    -10, -10, -29, -6, -3, -6, -6, 6,
    6, -6, -6, -6, -6, -6, -6, 10,
    3, -13, -10, -10, -29, -6, -3, -6,
    -6, -10, -10, -29, -6, -6, -6, 6,
    13, -6, -6, -6, -6, -6, -6, 6,
    3, -6, -6, -6, -6, -6, -6, -3,
    -3, -3, -3, -3, -3, 6, 6, 16,
    13
};

/*Collect the kern pair's data in one place*/
static const lv_font_fmt_txt_kern_pair_t kern_pairs =
{
    .glyph_ids = kern_pair_glyph_ids,
    .values = kern_pair_values,
    .pair_cnt = 217,
    .glyph_ids_size = 1
};

/*--------------------
 *  ALL CUSTOM DATA
 *--------------------*/

#if LVGL_VERSION_MAJOR == 8
/*Store all the custom data of the font*/
static  lv_font_fmt_txt_glyph_cache_t cache;
#endif

#if LVGL_VERSION_MAJOR >= 8
static const lv_font_fmt_txt_dsc_t font_dsc = {
#else
static lv_font_fmt_txt_dsc_t font_dsc = {
#endif
    .glyph_bitmap = glyph_bitmap,
    .glyph_dsc = glyph_dsc,
    .cmaps = cmaps,
    .kern_dsc = &kern_pairs,
    .kern_scale = 16,
    .cmap_num = 2,
    .bpp = 4,
    .kern_classes = 0,
    .bitmap_format = 0,
#if LVGL_VERSION_MAJOR == 8
    .cache = &cache
#endif
};



/*-----------------
 *  PUBLIC FONT
 *----------------*/

/*Initialize a public general font descriptor*/
#if LVGL_VERSION_MAJOR >= 8
const lv_font_t nyabula_font_title_20 = {
#else
lv_font_t nyabula_font_title_20 = {
#endif
    .get_glyph_dsc = lv_font_get_glyph_dsc_fmt_txt,    /*Function pointer to get glyph's data*/
    .get_glyph_bitmap = lv_font_get_bitmap_fmt_txt,    /*Function pointer to get glyph's bitmap*/
    .line_height = 22,          /*The maximum line height required by the font*/
    .base_line = 5,             /*Baseline measured from the bottom of the line*/
#if !(LVGL_VERSION_MAJOR == 6 && LVGL_VERSION_MINOR == 0)
    .subpx = LV_FONT_SUBPX_NONE,
#endif
#if LV_VERSION_CHECK(7, 4, 0) || LVGL_VERSION_MAJOR >= 8
    .underline_position = -2,
    .underline_thickness = 1,
#endif
    .dsc = &font_dsc,          /*The custom font data. Will be accessed by `get_glyph_bitmap/dsc` */
#if LV_VERSION_CHECK(8, 2, 0) || LVGL_VERSION_MAJOR >= 9
    .fallback = NULL,
#endif
    .user_data = NULL,
};



#endif /*#if NYABULA_FONT_TITLE_20*/
